No.,Trade Test Centre,Accreditation Number,SAQA ID,Trade Title,Physical Address,Contact No,Email Address,Contact Person,Start Date,End Date
,Adcorp Technical Training,QCTOASC00210726-2534,94020,Occupational Certificate: Fitter and Turner,Jan Hofmeyer Road Welkom 9459,051 010 0104,enidb@pmi-sa.co.za,Ricky White,09-Jun-22,08-Jun-27
,Admoglo (Pty) Ltd,09-QCTO/AC-TTC150224121556,91761,Occupational Certificate: Electrician,"22 A Natrium Street, Ladine Polokwane
Limpopo 0699",836486077,ferdinand@thorncastle.co.za info@admoglo.co.za,Ferdinand Landman,15-Feb-24,14-Feb-29
,Admoglo (Pty) Ltd,09-QCTO/AC-TTC070324204704,94100,Occupational Certificate: Welder    ,"22 A Natrium Street, Ladine
Polokwane Limpopo 0699",836486077,ferdinand@thorncastle.co.za info@admoglo.co.za,Ferdinand Landman,07-Mar-24,06-Mar-29
,ADP Electrical and Training (Pty) Ltd,07-QCTO/AC-TTC020324172909,91761,Occupational Certificate: Electrician,"Unit 11, Biz Afrika Park, 217 Fakkel Street
Silverton Gauteng 0184",123359696,info@adptraining.co.za,Muyaya Tshiowa,01-Mar-24,28-Feb-29
,Africa International Training Facilities (Pty) Ltd,07-QCTO/AC-TTC081222153140,91761,Occupational Certificate: Electrician,"234 Second Avenue, Bredell, Kempton Park Gauteng 1619",074 756 7346,admin@aitf.co.za,Belina Baiwa,08-Dec-22,07-Dec-27
,Africa International Training Facilities (Pty) Ltd,AC-TTC140923135028,94022,Occupational Certificate: Carpenter,"No 234 Second Avenue, Bredell
Kempton Park Gauteng 1619",744096391,"jaco@aitf.co.za
admin@aitf.co.za",Jaco Fourie,14-Sep-23,13-Sep-28
,Africa International Training Facilities (Pty) Ltd,AC-TTC140923135028,94100,Occupational Certificate: Welder,"No 234 Second Avenue, Bredell
Kempton Park Gauteng 1619",744096391,"jaco@aitf.co.za
admin@aitf.co.za",Jaco Fourie,14-Sep-23,13-Sep-28
,Africa International Training Facilities (Pty) Ltd,07-QCTO/AC-TTC250124114525,93627,Occupational Certificate: Bricklayer,"No 234 Second Avenue, Bredell
Kempton Park Gauteng 1619",744096391,"admin@aitf.co.za
training@aitf.co.za",Jaco Fourie,25-Jan-24,24-Jan-29
,Africa International Training Facilities (Pty) Ltd,07-QCTO/AC-TTC020324173333,93626,"Occupational Certificate: Boilermaker
","234 Second Avenue, Bredell Kempton Park
Gauteng 1619",744093691,training@aitf.co.za,Jaco Fourie,01-Mar-24,28-Feb-29
,"Africa International
Training Facilities","QCTOASC00210429-
2318",91782,"Occupational Certificate:
Plumber","234 Second Avenue –
Bredell Kempton Park",747567346,admin@aitf.co.za,"Belina
Balwa",30-Apr-21,30-Apr-26
,Africa Skills Village (Training and Management Services) (Pty) Ltd,01-QCTO/AC-TTC260523132926,94022,Occupational Certificate: Carpenter,"Ntaka Street, Thembalethu
George Western Cape 6530",044 884 0789,algenee@africaskills.co.za,Gunther Kietman,26-May-23,25-May-28
,Africa Skills Village Training and Management Services (Pty) Ltd,07-QCTO/AC-TTC191022230212,91761,Occupational Certificate: Electrician   ,"2 Regency Drive, Route 21, Corporate Park Centurion Gauteng 0187",066 479 6987,Janet@africaskills.co.za,Janet Genis,19-Oct-22,18-Oct-27
,Africa Skills Village Training and Management Services (Pty) Ltd,07-QCTO/AC-TTC191022230212,94100,Occupational Certificate: Welder,"2 Regency Drive, Route 21, Corporate Park Centurion Gauteng 0187",066 479 6987,Janet@africaskills.co.za,Janet Genis,19-Oct-22,18-Oct-27
,Akaf Bodyguards CC,06-QCTO/AC-TTC150224142039,91761,Occupational Certificate: Electrician,89A Leyds Street Rustenburg North West 0300,"0145923338
0839770774","training@akaf.co.za
akaf@webmail.co.za",Felix Anougba,15-Feb-24,14-Feb-29
,Akaf Bodyguards CC,06-QCTO/AC-TTC150224142039,91782,Occupational Certificate: Plumber,89A Leyds Street Rustenburg North West 0300,"0145923338
0839770774","training@akaf.co.za
akaf@webmail.co.za",Felix Anougba,15-Feb-24,14-Feb-29
,Akaf Bodyguards CC,06-QCTO/AC-TTC150224142039,93627,Occupational Certificate: Bricklayer,89A Leyds Street Rustenburg North West 0300,"0145923338
0839770774","training@akaf.co.za
akaf@webmail.co.za",Felix Anougba,15-Feb-24,14-Feb-29
,Akaf Bodyguards CC,06-QCTO/AC-TTC150224142039,94022,Occupational Certificate: Carpenter,89A Leyds Street Rustenburg North West 0300,"0145923338
0839770774","training@akaf.co.za
akaf@webmail.co.za",Felix Anougba,15-Feb-24,14-Feb-29
,ALPHA BSV (Pty) Ltd,03-QCTO/AC-TTC150224135130,97592,Occupational Certificate: Diesel Mechanic,"18 Progressus Street, Industrial
Upington Northern Cape 8801",870041471,"pta@attc-pta.co.za
sales@attc-pta.co.za",Eckson Chuma,15-Feb-24,14-Feb-29
,Amos/Kgaphamadi Community Organization NPO,AC-TTC120923145239,94100,Occupational Certificate: Welder,"Stand No: 50154, Ezakheni Kwa-Mhlanga Mpumalanga 1022",833337052,Amoskgaphadi@gmail.com,Nicholas Amos Jiyane,12-Sep-23,11-Sep-28
,Amos/Kgaphamadi Community Organization NPO,AC-TTC120923145239,102497,Occupational Certificate: Hairdresser,"Stand No: 50154, Ezakheni
Kwa-Mhlanga Mpumalanga 1022",833337052,Amoskgaphadi@gmail.com,Nicholas Amos Jiyane,12-Sep-23,11-Sep-28
,Arcelormittal South Africa Ltd,AC-TTC020823212158,94100,Occupational Certificate: Welder,2 Delfos Boulevard Vanderbijlpark Gauteng 1911,168893181,ansie.engelbrecht@arcelormittal.com,Nicolene van Emmenes,02-Aug-23,01-Aug-28
,Arcelormittal South Africa Ltd,AC-TTC020823212158,93626,Occupational Certificate: Boilermaker,2 Delfos Boulevard Vanderbijlpark Gauteng 1911,168893181,ansie.engelbrecht@arcelormittal.com,Nicolene van Emmenes,02-Aug-23,01-Aug-28
,Arcelormittal South Africa Ltd,AC-TTC020823212158,91761,Occupational Certificate: Electrician,2 Delfos Boulevard Vanderbijlpark Gauteng 1911,168893181,ansie.engelbrecht@arcelormittal.com,Nicolene van Emmenes,02-Aug-23,01-Aug-28
,Arcelormittal South Africa Ltd,AC-TTC020823212158,97585,Occupational Certificate: Millwright,2 Delfos Boulevard Vanderbijlpark Gauteng 1911,168893181,ansie.engelbrecht@arcelormittal.com,Nicolene van Emmenes,02-Aug-23,01-Aug-28
,Arcelormittal South Africa Ltd,AC-TTC020823212158,94020,Occupational Certificate: Fitter and Turner,2 Delfos Boulevard Vanderbijlpark Gauteng 1911,168893181,ansie.engelbrecht@arcelormittal.com,Nicolene van Emmenes,02-Aug-23,01-Aug-28
,Arcelormittal South Africa Ltd,AC-TTC020823212158,94021,Occupational Certificate: Mechanical Fitter,2 Delfos Boulevard Vanderbijlpark Gauteng 1911,168893181,ansie.engelbrecht@arcelormittal.com,Nicolene van Emmenes,02-Aug-23,01-Aug-28
,Artisan In Motion (Pty) Ltd,QCTOASC00210726-2514,94100,Occupational Certificate: Welder,"Anchor Industrial Park, Gate 4, Unit C3 Anchor Industrial Park, Cnr Springbok and Taljaard Roads, Bartlett Ext 7, Jet Park,Boksburg 1459",087 230 0329,irene@aimsa.net,Andre Van Greunen,09-Mar-22,08-Mar-27
,Artisan In Motion (Pty) Ltd,QCTOASC00210726-2514,94021,Occupational Certificate: Mechanical Fitter ,"Anchor Industrial Park, Gate 4, Unit C3 Anchor Industrial Park, Cnr Springbok and Taljaard Roads, Bartlett Ext 7, Jet Park,Boksburg 1459",087 230 0329,irene@aimsa.net,Andre Van Greunen,09-Mar-22,08-Mar-27
,Artisan In Motion (Pty) Ltd,QCTOASC00210726-2514,94701,"Occupational Certificate: Instrument
Mechanician","Anchor Industrial Park, Gate 4, Unit C3 Anchor Industrial Park, Cnr Springbok and Taljaard Roads, Bartlett Ext 7, Jet Park,Boksburg 1459",087 230 0329,irene@aimsa.net,Andre Van Greunen,09-Mar-22,08-Mar-27
,Artisan In Motion (Pty) Ltd,QCTOASC00210726-2514,91761,Occupational Certificate: Electrician,"Anchor Industrial Park, Gate 4, Unit C3 Anchor Industrial Park, Cnr Springbok and Taljaard Roads, Bartlett Ext 7, Jet Park,Boksburg 1459",087 230 0329,irene@aimsa.net,Andre Van Greunen,09-Mar-22,08-Mar-27
,Atholl Munday Training Centre,05-QCTO/AC-TTC171122104355,94100,Occupational Certificate: Welder,"1 Dickens Road, Umbongintwini
Durban KwaZulu-Natal 4120",837026421,Happiness@amtckzn.co.za,Happiness Kanofema,17-Nov-22,16-Nov-27
,Baizl Technologies (Pty) Ltd,08-QCTO/AC-TTC260523131250,94100,Occupational Certificate: Welder,"15 Melodies Street, Klarinet
Emalahleni Mpumalanga 1040",013 110 1174,m.mabuza@baziltechnologies.co.za,Mpilo Mabuza,26-May-23,25-May-28
,Belcomec Training (Pty) Ltd,AC-TTC140723121359,97592,Occupational Certificate: Diesel Mechanic,"7 Fabriek Street, George Industries
George Western Cape 6529",448740018,ronel@belcomectraining.co.za,Petronela van Molledorf,14-Jul-23,13-Jul-28
,Belcomec Training (Pty) Ltd,AC-TTC140723121359,97990,Occupational Certificate: Automotive Motor Mechanic,"7 Fabriek Street, George Industries
George Western Cape 6529",448740018,ronel@belcomectraining.co.za,Petronela van Molledorf,14-Jul-23,13-Jul-28
,Belcomec Training (Pty) Ltd,AC-TTC140723121359,91761,Occupational Certificate: Electrician,"7 Fabriek Street, George Industries
George Western Cape 6529",448740018,ronel@belcomectraining.co.za,Petronela van Molledorf,14-Jul-23,13-Jul-28
,Belcomec Training Pty Ltd  ,AC-TTC150922124400,93627,Occupational Certificate: Bricklayer  ,"7 Fabriek Street, George Industries
George 6529",044 874 0018,ronel@belcomectraining.co.za,Petronela van Molledorf,14-Sep-22,13-Sep-27
,Belcomec Training Pty Ltd  ,AC-TTC150922124400,91782,Occupational Certificate: Plumber,"7 Fabriek Street, George Industries
George 6529",044 874 0018,ronel@belcomectraining.co.za,Petronela van Molledorf,14-Sep-22,13-Sep-27
,Blacken Group,07-QCTO/AC-TTC150224143539,91761,Occupational Certificate: Electrician,"96 Major Road, Clayville East Olifantsfontein
Gauteng 1666",112034552,kp@gmail.com,P Khumalo,15-Feb-24,14-Feb-29
,Blue Print Engineering (Pty) Ltd,AC-TTC051223165146,93626,"Occupational Certificate: Boilermaker
",31 Ossewa Street Chloorkop Gauteng 1619,721370128,m@lesetjaledwaba@gmail.com,Lesetja Ledwaba,05-Dec-23,04-Dec-28
,BMW Midrand Pty Ltd ,AC-TTC150922123913,97990,Occupational Certificate: Motor Mechanic,"1 Bavaria Avenue, Randjiespark, Midrand 1682",125222994,Sudeer.singh@bmw.co.za,Sudeer Singh,14-Sep-22,13-Sep-27
,Boland TVET College,01-QCTO/AC-TTC140922110407,94100,Occupational Certificate: Welder,"No 1 Rainier Street, Worcester 6850",021 886 7111 / 072 375 4751,davidc@bolandcollege.com,Derrick Matthee,15-Sep-22,14-Sep-27
,Burgandy Rose Trading 27,QCTOASC00210726-2526,101697,Occupational Certificate: Chef,"7 van Vuuren Avenue, Groenvlei
Bloemfontein 9301",051 451 9122 / 083 456 5623,chef@fbibfn.co.za ,Lesley Jacobs,23-May-22,22-May-27
,Bustque (Pty) Ltd,07-QCTO/AC-TTC130323230818,102497,Occupational Certificate: Hairdresser,"319 Ontdekkers Rd, Ontdekkers
Park Roodepoort Gauteng 1709",117637667,louise@blushacademy.co.za,Van Der Merwe Louise,13-Mar-23,12-Mar-28
,Cape Town Metro PoliceTraining Academy,AC-TTC030823093255,97639,Occupational Certificate: Traffic Officer,"C/O Lower Main and Station Street
Observatory Western Cape 8000",214430978,granny.sebake@rtmc.co.za,Bradley Lackay,02-Aug-23,01-Aug-28
,Cape Town Metro PoliceTraining Academy,AC-TTC030823093255,101875,Occupational Certificate: Road Traffic Safety Officer,"C/O Lower Main and Station Street
Observatory Western Cape 8000",214430978,granny.sebake@rtmc.co.za,Bradley Lackay,02-Aug-23,01-Aug-28
,Centurion Akademie (Pty) Ltd,AC-TTC140723102206,102497,Occupational Certificate: Hairdresser,"48 Charles De Gaulle Crescent, Highveld
Centurion Gauteng 0157",126489700,elise@ca2000.co.za,Elise du Plessis,14-Jul-23,13-Jul-28
,Chefs Training and Innovation Academy (Pty) Ltd,AC-TTC261023143045,102296,Occupational Certificate: Cook,"1003 Saxby Road, Eldoraigne Centurion
Gauteng 0157",126540244,"corlene@ctia.co.za
Chef.ruds@ctia.co.za",Rudolph Van Wyk,26-Oct-23,25-Oct-28
,Churchil Technical College (Pty) Ltd,07-QCTO/AC-TTC081222152110,91761,Occupational Certificate: Electrician,"145 WF Nkomo Street, Pretoria West Pretoria Gauteng 0001",619434954,econyeari@yahoo.co.uk,Emmanuel Onyeari,08-Dec-22,07-Dec-27
,City of Johannesburg Emergency Management Services,07-QCTO/AC-TTC240723094253,98991,Occupational Certificate: Firefighter,Reitfontein Nirvana Rd Lenasia Gauteng,0112228181/ 083 239 2573,jarrodw@joburg.org.za,Webb Jarrod Hilary,24-Aug-23,23-Aug-28
,Clean Heat Academy (Pty) Ltd,07-QCTO/AC-TTC141122111836,94022,"Occupational Certificate: Carpenter
","13 Amelia Lane, Lanseria Corporate Eastate,Lanseria Gauteng 1739",011 708 6158 /                                    071 866 4835,vishailin@cleanheatsolar.com,Vishailin Govender,14-Nov-22,13-Nov-27
,Clean Heat Academy (Pty) Ltd,07-QCTO/AC-TTC141122111836,91782,Occupational Certificate: Plumber ,"13 Amelia Lane, Lanseria Corporate Eastate,Lanseria Gauteng 1739",011 708 6158 /                                    071 866 4835,vishailin@cleanheatsolar.com,Vishailin Govender,14-Nov-22,13-Nov-27
,Clean Heat Academy (Pty) Ltd,07-QCTO/AC-TTC141122111836,93627,Occupational Certificate: Bricklayer,"13 Amelia Lane, Lanseria Corporate Eastate,Lanseria Gauteng 1739",011 708 6158 /                                    071 866 4835,vishailin@cleanheatsolar.com,Vishailin Govender,14-Nov-22,13-Nov-27
,Clover (Pty) Ltd,07-QCTO/AC-TTC240823162044,102918,Occupational Certificate: Fresh Dairy Products Maker,"36 Spanner Road, Clayville Industrial Olifantsfontein
Gauteng 1666",614857038,mareli@fmcgts.co.za,Mareli Prinsloo,24-Aug-23,23-Aug-28
,Clover (Pty) Ltd,05-QCTO/AC-TTC240823162543,102919,"Occupational Certificate: Butter Maker
","100 Richmond Road Queensburgh KwaZulu-Natal
4064",614857038,mareli@fmcgts.co.za,Mareli Prinsloo,24-Aug-23,23-Aug-28
,Clover (Pty) Ltd,05-QCTO/AC-TTC240823162543,103097,Occupational Certificate: Processed Cheese Maker ,"100 Richmond Road Queensburgh KwaZulu-Natal
4064",614857038,mareli@fmcgts.co.za,Mareli Prinsloo,24-Aug-23,23-Aug-28
,Clover (Pty) Ltd,05-QCTO/AC-TTC240823162543,103129,Occupational Certificate: Ripened Cheesemaker,"100 Richmond Road Queensburgh KwaZulu-Natal
4064",614857038,mareli@fmcgts.co.za,Mareli Prinsloo,24-Aug-23,23-Aug-28
,Clover (Pty) Ltd,05-QCTO/AC-TTC240823162543,102917,Occupational Certificate: Fermented Dairy Products Maker,"100 Richmond Road Queensburgh KwaZulu-Natal
4064",614857038,mareli@fmcgts.co.za,Mareli Prinsloo,24-Aug-23,23-Aug-28
,Coastal KZN TVET College,AC-TTC231123180434,102497,Occupational Certificate: Hairdresser,"01 Jameson Crescent, Congella Durban
KwaZulu-Natal",319145143,Mcleodd.ckzcao@kzntvet.edu.za,D McLeod,23-Nov-23,22-Nov-28
,Coega Dairy (Pty) Ltd,02-QCTO/AC-TTC240823162928,103129,Occupational Certificate: Ripened Cheesemaker,"Zone 3, Cable Road, Coega IDZ Port Elizabeth
Eastern Cape 6100",414050000,Portia@coegadairy.com,Portia May,24-Aug-23,23-Aug-28
,Coega Dairy (Pty) Ltd,02-QCTO/AC-TTC240823162928,103097,Occupational Certificate: Processed Cheese Maker ,"Zone 3, Cable Road, Coega IDZ Port Elizabeth
Eastern Cape 6100",414050000,Portia@coegadairy.com,Portia May,,
,Coega Dairy (Pty) Ltd,02-QCTO/AC-TTC240823162928,102919,"Occupational Certificate: Butter Maker
","Zone 3, Cable Road, Coega IDZ Port Elizabeth
Eastern Cape 6100",414050000,Portia@coegadairy.com,Portia May,,
,College of Cape Town,QCTOASC00210429- 2321,94020,"Occupational Certificate:
Fitter and Turner","Corner Cedar and Poplar Road – Thornton Campus, Cape Town",213519124,cbeeming@cct.edu.za,Frikkie O’Connell,30-Apr-21,30-Apr-26
,College of Cape Town,QCTOASC00210429- 2321,94021,"Occupational Certificate:
Mechanical Fitter","Corner Cedar and Poplar Road – Thornton Campus, Cape Town",213519124,cbeeming@cct.edu.za,Frikkie O’Connell,30-Apr-21,30-Apr-26
,College of Cape Town,QCTOASC00210429- 2321,94100,"Occupational Certificate:
Welder","Corner Cedar and Poplar Road – Thornton Campus, Cape Town",213519124,cbeeming@cct.edu.za,Frikkie O’Connell,30-Apr-21,30-Apr-26
,College of Cape Town,QCTOASC00210429- 2320,97990,Occupational Certificate: Automotive Motor Mechanic,Corner Eland and Protea Street – Athlone Cape Town,216379183,cbeeming@cct.edu.za,Alfred Ramahlape,30-Apr-21,30-Apr-26
,College of Cape Town,QCTOASC00210429- 2320,97592,"Occupational Certificate:
Diesel Mechanic",Corner Eland and Protea Street – Athlone Cape Town,216379183,cbeeming@cct.edu.za,Alfred Ramahlape,30-Apr-21,30-Apr-26
,College Of Cape Town (Wynberg Campus),QCTOASC00210726-2524,102497,Occupational Certificate: Hairdresser,"31 Broad Road
Wynberg 7800",021 797 5540,Bmaasdorp@cct.edu.za,Brenda Maasdorp,23-May-22,22-May-27
,College of Cape Town TVET College,QCTOASC00200128- 1897,101697,Occupational Certificate: Chef,"Corner Long Market and Buitenkant Street, Cape Town",214622053,msolomon@cct.edu.ca,Marsha Solomon,16-Feb-21,16-Feb-26
,College of Cape Town,QCTOASC00210429-2319,91761,Occupational Certificate: Electrician,Jan Smuts Avenue – Pinelands Cape Town,215319124,cbeeming@cct.edu.za,"Frikkie
O’Connell",30-Apr-21,30-Apr-26
,Colliery Training Centre (Pty) Ltd,08-QCTO/AC-TTC250124142808,91761,Occupational Certificate: Electrician,"Corner, OR Tambo & Stevenson Street Klipfontein
Emalahleni Mpumalanga 1034",0136923121/237,elijahn@ctctraining.co.za kshoba@ctctraining.co.za,Elijah Nkabinde,25-Jan-24,24-Jan-29
,Colliery Training Centre (Pty) Ltd,08-QCTO/AC-TTC250124142808,97592,Occupational Certificate: Diesel Mechanic,"Corner, OR Tambo & Stevenson Street Klipfontein
Emalahleni Mpumalanga 1034",0136923121/237,elijahn@ctctraining.co.za kshoba@ctctraining.co.za,Elijah Nkabinde,25-Jan-24,24-Jan-29
,Colliery Training Centre (Pty) Ltd,08-QCTO/AC-TTC250124142808,93626,"Occupational Certificate: Boilermaker
","Corner, OR Tambo & Stevenson Street Klipfontein
Emalahleni Mpumalanga 1034",0136923121/237,elijahn@ctctraining.co.za kshoba@ctctraining.co.za,Elijah Nkabinde,25-Jan-24,24-Jan-29
,Colliery Training Centre (Pty) Ltd,08-QCTO/AC-TTC250124142808,94100,Occupational Certificate: Welder    ,"Corner, OR Tambo & Stevenson Street Klipfontein
Emalahleni Mpumalanga 1034",0136923121/237,elijahn@ctctraining.co.za kshoba@ctctraining.co.za,Elijah Nkabinde,25-Jan-24,24-Jan-29
,Colliery Training Centre (Pty) Ltd,08-QCTO/AC-TTC250124142808,97585,Occupational Certificate: Millwright,"Corner, OR Tambo & Stevenson Street Klipfontein
Emalahleni Mpumalanga 1034",0136923121/237,elijahn@ctctraining.co.za kshoba@ctctraining.co.za,Elijah Nkabinde,25-Jan-24,24-Jan-29
,Colliery Training Centre (Pty) Ltd,08-QCTO/AC-TTC250124142808,102856,Occupational Certificate: Rigger,"Corner, OR Tambo & Stevenson Street Klipfontein
Emalahleni Mpumalanga 1034",0136923121/237,elijahn@ctctraining.co.za kshoba@ctctraining.co.za,Elijah Nkabinde,25-Jan-24,24-Jan-29
,Colliery Training Centre (Pty) Ltd,08-QCTO/AC-TTC250124142808,94020,"Occupational Certificate: Fitter and Turner
","Corner, OR Tambo & Stevenson Street Klipfontein
Emalahleni Mpumalanga 1034",0136923121/237,elijahn@ctctraining.co.za kshoba@ctctraining.co.za,Elijah Nkabinde,25-Jan-24,24-Jan-29
,Complete School of Hairdressing Roodepoort (Pty) Ltd,07-QCTO/AC-TTC270223103524,102497,Occupational Certificate: Hairdresser,"Building 1, Ruimsig Office Estate, Hole In One Road, Ruimsig
Roodepoort Gauteng 1724",608359406,Chantellejordaan@mweb.co.za,Chantelle Jordan,20-Feb-23,19-Feb-28
,Construction Resource Development College,QCTOASC00210726-2521,93627,Occupational Certificate: Bricklayer,"2 Surprise Road, Westmead
Pinetown 3610",031 701 6514,cedrich@crdc.co.za,Mr C Hendricks,28-Mar-22,27-Mar-27
,Construction Resource Development College,QCTOASC00210726-2521,91782, Occupational Certificate: Plumber,"2 Surprise Road, Westmead
Pinetown 3610",031 701 6514,cedrich@crdc.co.za,Mr C Hendricks,28-Mar-22,27-Mar-27
,Construction Resource Development College (Pty) Ltd,AC-TTC140723120701,91782,Occupational Certificate: Plumber,"14 Livingstone Road, Unit No 6
Pinetown KwaZulu-Natal 3610",317016514,admin@crdc.co.za,Vernom Hendricks,14-Jul-23,13-Jul-28
,Construction Resource Development College (Pty) Ltd,AC-TTC140723120701,94022,Occupational Certificate: Carpenter,"14 Livingstone Road, Unit No 6
Pinetown KwaZulu-Natal 3610",317016514,admin@crdc.co.za,Vernom Hendricks,14-Jul-23,13-Jul-28
,Construction Resource Development College (Pty) Ltd,AC-TTC140723120701,93627,Occupational Certificate: Bricklayer,"14 Livingstone Road, Unit No 6
Pinetown KwaZulu-Natal 3610",317016514,admin@crdc.co.za,Vernom Hendricks,14-Jul-23,13-Jul-28
,Cookhouse Creamery (Pty) Ltd,02-QCTO/AC-TTC240823163630,103129,Occupational Certificate: Ripened Cheesemaker,"Somerset Road, Cookhouse Newtown Eastern Cape 5820",420070504,facman@cookhousecreamery.co.za,Rasmus Francois Esterhuyse,24-Aug-23,23-Aug-28
,Customised Training Specialists (Pty) Ltd,05-QCTO/AC-TTC250723123528,102580,Occupational Certificate: Production Process Machine Operator and Assembler,"43 Livingstone Road Pinetown
KwaZulu-Natal 3610",0317 013 198,shakti@ctssa.co.za,Singh Shakti,24-Aug-23,23-Aug-28
,Delcom Training Institute NPC,AC-TTC191023182114,91761,Occupational Certificate: Electrician ,Corner of No 22 Joubert and Commissioner Streets Johannesburg Gauteng 2000,118380225,Delcomtraining@gmail.com,Mathieu Ngounou,19-Oct-23,18-Oct-28
,Didinhle Oreatlile Consulting (Pty) Ltd,07-QCTO/AC-TTC191022231951,91761,"Occupational Certificate: Electrician
","Plot 25 Karee Stree, Pumlani AH
Pretoria Gauteng 0001",829980314,Morgan2mo@gmail.com,Morgan Moagi Mampane,14-Nov-22,13-Nov-27
,Didinhle Oreatlile Consulting (Pty) Ltd,07-QCTO/AC-TTC191022231951,93626,Occupational Certificate: Boilermaker,"Plot 25 Karee Stree, Pumlani AH
Pretoria Gauteng 0001",829980314,Morgan2mo@gmail.com,Morgan Moagi Mampane,14-Nov-22,13-Nov-27
,Didinhle Oreatlile Consulting (Pty) Ltd,07-QCTO/AC-TTC191022231951,94100,Occupational Certificate: Welder,"Plot 25 Karee Stree, Pumlani AH
Pretoria Gauteng 0001",829980314,Morgan2mo@gmail.com,Morgan Moagi Mampane,14-Nov-22,13-Nov-27
,Durban Metro Police Department Academy,AC-TTC030823094451,97639,Occupational Certificate: Traffic Officer,"Anderson Road, Lahee Park
Pinetown KwaZulu-Natal 4000",833882624,granny.sebake@rtmc.co.za,Geraldine Stevens,02-Aug-23,01-Aug-28
,Durban Metro Police Department Academy,AC-TTC030823094451,101875,Occupational Certificate: Road Traffic Safety Officer,"Anderson Road, Lahee Park
Pinetown KwaZulu-Natal 4000",833882624,granny.sebake@rtmc.co.za,Geraldine Stevens,02-Aug-23,01-Aug-28
,Durban South Training Centre Trust,QCTOASC00210726-2532,94100,Occupational Certificate: Welder,"50 Prospecton Road, Prospecton
Durban 4133",823483098,Naidooth@sapref.com,Thasigan Naidoo,02-Jun-22,01-Jun-27
,Durnacol Skills Hub (Pty) Ltd,05-QCTO/AC-TTC150323010219,94100,Occupational Certificate: Welder,"1 Willow Street
Durnacol KwaZulu-Natal 3082",034 622 5040,shavind@dsih.co.za,Shavin Dookie,12-Mar-23,11-Mar-28
,Durnacol Skills Hub (Pty) Ltd,05-QCTO/AC-TTC150323010219,94020,Occupational Certificate: Fitter and Turner,"1 Willow Street
Durnacol KwaZulu-Natal 3082",034 622 5040,shavind@dsih.co.za,Shavin Dookie,12-Mar-23,11-Mar-28
,Durnacol Skills Hub (Pty) Ltd,05-QCTO/AC-TTC150323010219,97592,Occupational Certificate: Diesel Mechanic,"1 Willow Street
Durnacol KwaZulu-Natal 3082",034 622 5040,shavind@dsih.co.za,Shavin Dookie,12-Mar-23,11-Mar-28
,Durnacol Skills Hub (Pty) Ltd,05-QCTO/AC-TTC150323010219,94021,Occupational Certificate: Mechanical Fitter,"1 Willow Street
Durnacol KwaZulu-Natal 3082",034 622 5040,shavind@dsih.co.za,Shavin Dookie,12-Mar-23,11-Mar-28
,Durnacol Skills Hub (Pty) Ltd,05-QCTO/AC-TTC150323010219,93626,Occupational Certificate: Boilermaker,"1 Willow Street
Durnacol KwaZulu-Natal 3082",034 622 5040,shavind@dsih.co.za,Shavin Dookie,12-Mar-23,11-Mar-28
,Durnacol Skills Hub (Pty) Ltd,05-QCTO/AC-TTC150323010219,97585,Occupational Certificate: Millwright,"1 Willow Street
Durnacol KwaZulu-Natal 3082",034 622 5040,shavind@dsih.co.za,Shavin Dookie,12-Mar-23,11-Mar-28
,Durnacol Skills Hub (Pty) Ltd,05-QCTO/AC-TTC150323010219,91761,Occupational Certificate: Electrician,"1 Willow Street
Durnacol KwaZulu-Natal 3082",034 622 5040,shavind@dsih.co.za,Shavin Dookie,12-Mar-23,11-Mar-28
,Durnacol Skills Hub (Pty) Ltd,05-QCTO/AC-TTC150323010219,97990,Occupational Certificate: Automotive Motor Mechanic,"1 Willow Street
Durnacol KwaZulu-Natal 3082",034 622 5040,shavind@dsih.co.za,Shavin Dookie,12-Mar-23,11-Mar-28
,Eastcape Midlands TVET College,02-QCTO/AC-TTC260523132405,94100,Occupational Certificate: Welder,"2 Brickfields Road, Uitenhage
Uitenhage Eastern Cape 6230",082 926 3455,danie@emcol.co.za,Danie Burger,26-May-23,25-May-28
,EBS Training Academy (Pty) Ltd,08-QCTO/AC-TTC260523132709,94100,Occupational Certificate: Welder,"6 Laboratory Road, Klipfontein
Witbank Mpumalanga 1035",013 692 3623,Kobus.pieterse@ebs-eduardo.co.za,Kobus Venter,26-May-23,25-May-28
,Eden Hospitality Service and Training Unit (Pty) Ltd,AC-TTC201023171902,101697,Occupational Certificate: Chef,"Farm 208, R 102, Airport Road George Western Cape 6529",(044) 884 0791,ronnelie@uxi-ad.co.za,Ronnelie Nieuwenhuis,20-Oct-23,19-Oct-28
,Eden Hospitality Service and Training Unit (Pty) Ltd,AC-TTC201023171902,102296,Occupational Certificate: Cook,"Farm 208, R 102, Airport Road George Western Cape 6529",(044) 884 0791,ronnelie@uxi-ad.co.za,Ronnelie Nieuwenhuis,20-Oct-23,19-Oct-28
,Eden Hospitality Service and Training Unit (Pty) Ltd,AC-TTC201023171902,110644,Occupational Certificate: Food Handler,"Farm 208, R 102, Airport Road George Western Cape 6529",(044) 884 0791,ronnelie@uxi-ad.co.za,Ronnelie Nieuwenhuis,20-Oct-23,19-Oct-28
,Eden Hospitality Service and Training Unit (Pty) Ltd,AC-TTC201023171902,110354,Occupational Certificate: Kitchen Hand,"Farm 208, R 102, Airport Road George Western Cape 6529",(044) 884 0791,ronnelie@uxi-ad.co.za,Ronnelie Nieuwenhuis,20-Oct-23,19-Oct-28
,Ekurhuleni East TVET College,QCTOASC00210614- 2338,91877,Occupational Certificate: Melter,Sam Mgema Road - Kwa Thema Springs 1560,117306600,errolbeling@gmaill.com,Errol Beling,14-Jun-21,13-Jun-26
,Ekurhuleni East TVET College,07-QCTO/AC-TTC270223104333,93626,Occupational Certificate: Boilermaker,"10 Argon Road - Fulcum Springs
Gauteng",117306600,gugum@eec.edu.za,Gugu Matthews,27-Feb-23,26-Feb-28
,Ekurhuleni Emergency Services Training,07-QCTO/AC-TTC260523133945,98991,Occupational Certificate: Firefighter,"Leon Ferreira Fire Station C/O North Rand & Trichards Roads Boksburg
Gauteng",119995811,Theresa.Geldenhuys@ekurhuleni.gov.za,Theresa Geldenhuys,26-May-23,25-May-28
,Ekurhuleni Metro Police Department Academy,AC-TTC030823094833,97639,Occupational Certificate: Traffic Officer,"3 Habede Street, Kwa Thema
Springs Gauteng 1579",119998531,granny.sebake@rtmc.co.za,Lebo Sebudi,02-Aug-23,01-Aug-28
,Ekurhuleni Metro Police Department Academy,AC-TTC030823094833,101875,Occupational Certificate: Road Traffic Safety Officer,"3 Habede Street, Kwa Thema
Springs Gauteng 1579",119998531,granny.sebake@rtmc.co.za,Lebo Sebudi,02-Aug-23,01-Aug-28
,Elangeni TVET College,05-QCTO/AC-TTC020324164505,91761,Occupational Certificate: Electrician,G384 Ithendele Drive Ntuzuma KwaZulu-Natal 3600,716023409,Thabani.sibiya@elangeni.edu.za,M Zungu,01-Mar-24,28-Feb-29
,Elangeni TVET College,05-QCTO/AC-TTC020324164505,94100,Occupational Certificate: Welder    ,G384 Ithendele Drive Ntuzuma KwaZulu-Natal 3600,716023409,Thabani.sibiya@elangeni.edu.za,M Zungu,01-Mar-24,28-Feb-29
,"Electrical Contractors Association South
Africa",QCTOASC00190516- 1648,91761,Occupational Certificate: Electrician,"91 Newton Road, Meadowdale Ext 2,
Germiston 1401","011 392
0000",angie@ecasa.co.za,Angel Mkhomazi,29-May-19,15-May-24
,Engineering Skills Academy (Pty) Ltd,AC-TTC191023183509,91761,Occupational Certificate: Electrician ,"40 Old Warmbath Road, Hammanskraal
Gauteng 0400","0120230567
0635322227",Fernando.manyisa@eskillsa.co.za,Fernando Manyisa,19-Oct-23,18-Oct-28
,Engineering Skills Academy (Pty) Ltd,AC-TTC191023183509,94020,"Occupational Certificate: Fitter and Turner
","40 Old Warmbath Road, Hammanskraal
Gauteng 0400","0120230567
0635322227",Fernando.manyisa@eskillsa.co.za,Fernando Manyisa,19-Oct-23,18-Oct-28
,Engineering Skills Academy (Pty) Ltd,AC-TTC191023183509,97585,Occupational Certificate: Millwright,"40 Old Warmbath Road, Hammanskraal
Gauteng 0400","0120230567
0635322227",Fernando.manyisa@eskillsa.co.za,Fernando Manyisa,19-Oct-23,18-Oct-28
,Engineering Skills Academy (Pty) Ltd,AC-TTC191023183509,94100,Occupational Certificate: Welder    ,"40 Old Warmbath Road, Hammanskraal
Gauteng 0400","0120230567
0635322227",Fernando.manyisa@eskillsa.co.za,Fernando Manyisa,19-Oct-23,18-Oct-28
,Engineering Skills Academy (Pty) Ltd,AC-TTC191023183509,93627,Occupational Certificate: Bricklayer,"40 Old Warmbath Road, Hammanskraal
Gauteng 0400","0120230567
0635322227",Fernando.manyisa@eskillsa.co.za,Fernando Manyisa,19-Oct-23,18-Oct-28
,Engineering Skills Academy (Pty) Ltd,AC-TTC191023183509,94021,"Occupational Certificate: Mechanical Fitter
","40 Old Warmbath Road, Hammanskraal
Gauteng 0400","0120230567
0635322227",Fernando.manyisa@eskillsa.co.za,Fernando Manyisa,19-Oct-23,18-Oct-28
,Engineering Skills Academy (Pty) Ltd,AC-TTC191023183509,94701,Occupational Certificate: Instrument Mechanician,"40 Old Warmbath Road, Hammanskraal
Gauteng 0400","0120230567
0635322227",Fernando.manyisa@eskillsa.co.za,Fernando Manyisa,19-Oct-23,18-Oct-28
,Engineering Skills Academy (Pty) Ltd,AC-TTC191023184527,91782,Occupational Certificate: Plumber,"40 Old Warmbath Road, Hammanskraal
Gauteng 0400","0120230567
0635322227",Fernando.manyisa@eskillsa.co.za,Fernando Manyisa,19-Oct-23,18-Oct-28
,Enzi Hair Studio,QCTOASC00210726-2507,102497,Occupational Certificate: Hairdresser,"133 Columbine Avenue - Mondeor
Johannesburg 2091",011 680 0223,tom@enzihairstudio.com ,Thomas Monewe,09-Feb-22,08-Feb-27
,Ergo Business Development Academy NPC,07-QCTO/AC-TTC150323010630,97592,Occupational Certificate: Diesel Mechanic,"Cnr Ergo and Vlakfontein Road,
Brakpan Gauteng 1541",011 742 1019/45,tendanim@ebda.co.za,Piet Pistorius,12-Mar-23,11-Mar-28
,Ergo Business Development Academy NPC,07-QCTO/AC-TTC150323010630,94021,Occupational Certificate: Mechanical Fitter,"Cnr Ergo and Vlakfontein Road,
Brakpan Gauteng 1541",011 742 1019/45,tendanim@ebda.co.za,Piet Pistorius,12-Mar-23,11-Mar-28
,Ergo Business Development Academy NPC,07-QCTO/AC-TTC150323010630,93626,Occupational Certificate: Boilermaker,"Cnr Ergo and Vlakfontein Road,
Brakpan Gauteng 1541",011 742 1019/45,tendanim@ebda.co.za,Piet Pistorius,12-Mar-23,11-Mar-28
,Ergo Business Development Academy NPC,07-QCTO/AC-TTC150323010630,97585,Occupational Certificate: Millwright,"Cnr Ergo and Vlakfontein Road,
Brakpan Gauteng 1541",011 742 1019/45,tendanim@ebda.co.za,Piet Pistorius,12-Mar-23,11-Mar-28
,Ergo Business Development Academy NPC,07-QCTO/AC-TTC150323010630,91761,Occupational Certificate: Electrician,"Cnr Ergo and Vlakfontein Road,
Brakpan Gauteng 1541",011 742 1019/45,tendanim@ebda.co.za,Piet Pistorius,12-Mar-23,11-Mar-28
,Ergo Business Development Academy NPC,07-QCTO/AC-TTC150323010630,94100,Occupational Certificate: Welder,"Cnr Ergo and Vlakfontein Road,
Brakpan Gauteng 1541",011 742 1019/45,tendanim@ebda.co.za,Piet Pistorius,12-Mar-23,11-Mar-28
,Ergo Business Development Academy NPC,07-QCTO/AC-TTC150323010630,94020,Occupational Certificate: Fitter and Turner,"Cnr Ergo and Vlakfontein Road,
Brakpan Gauteng 1541",011 742 1019/45,tendanim@ebda.co.za,Piet Pistorius,12-Mar-23,11-Mar-28
,Ergo Business Development Academy NPC,07-QCTO/AC-TTC150323010630,102856,Occupational Certificate: Rigger,"Cnr Ergo and Vlakfontein Road,
Brakpan Gauteng 1541",011 742 1019/45,tendanim@ebda.co.za,Piet Pistorius,12-Mar-23,11-Mar-28
,Esayidi TVET College,AC-TTC170823115542,97990,Occupational Certificate: Automotive Motor Mechanic,"2 Hillside Crescent, Oslo Beach
Port Shepstone KwaZulu-Natal 4240",396854824,Louis.Jooste@gmail.com,Louis Jooste,17-Aug-23,16-Aug-28
,Esayidi TVET College,05-QCTO/AC-TTC020324172307,91782,Occupational Certificate: Plumber,"Corner of R61 and Nzimakwe Roads, Ithongasi Location Port Edward KwaZulu-Natal 4278",393191825,Luvom@live.co.za,Luvo Madizela,01-Mar-24,28-Feb-29
,Eskom Academy of Learning (Brackenfell),01-QCTO/AC-TTC140323224443,91781,Occupational Certificate: Electrical Line Mechanic: Overhead Lines,"Eskom Holdings SOC Limited, Eskom Road Brackenfell Western Cape 7560",0219803090 0725921369,SitoleDJ@eskom.co.za,Dudu Sitole,13-Mar-23,12-Mar-28
,Eskom Holdings Soc Ltd,01-QCTO/AC-TTC231122082212,91761,Occupational Certificate: Electrician,"R27 Off West Coast Trunk Road
Melkbosstrand Western Cape 7441",215505526,SchoolR@eskom.co.za,Kobus De Lange,23-Nov-22,22-Nov-27
,Eskom Holdings Soc Ltd,01-QCTO/AC-TTC231122082212,94701,Occupational Certificate: Instrument Mechanician ,"R27 Off West Coast Trunk Road
Melkbosstrand Western Cape 7441",215505526,SchoolR@eskom.co.za,Kobus De Lange,23-Nov-22,22-Nov-27
,Eskom Holdings Soc Ltd,01-QCTO/AC-TTC231122082212,94020,Occupational Certificate: Fitter and Turner,"R27 Off West Coast Trunk Road
Melkbosstrand Western Cape 7441",215505526,SchoolR@eskom.co.za,Kobus De Lange,23-Nov-22,22-Nov-27
,Eskom Holdings Soc Ltd,01-QCTO/AC-TTC231122082212,94021,Occupational Certificate: Mechanical Fitter,"R27 Off West Coast Trunk Road
Melkbosstrand Western Cape 7441",215505526,SchoolR@eskom.co.za,Kobus De Lange,23-Nov-22,22-Nov-27
,Eskom Holdings SOC Ltd,AC-TTC020823211533,91781,Occupational Certificate: Electrical Line Mechanic: Overhead Lines,"16 Scholand Road, Kruis River, Kariega
Uitenhagen Eastern Cape 6230",437035031,thesenj@eskom.co.za,John Thesen,02-Aug-23,01-Aug-28
,ETS Emergency Training Solutions (Pty) Ltd,07-QCTO/AC-TTC240723095844,98991,Occupational Certificate: Firefighter,"Portion 107 - 67 Waldrift 599 IQ Vereeniging
Gauteng 1931",016 363 0253/ 083 799 6543,info@etsafrica.co.za,Rangwato Jahnelli,24-Aug-23,23-Aug-28
,Exxaro Coal (Pty) Ltd,AC-TTC020823210656,94100,Occupational Certificate: Welder,"4 Ngoako Ramahlodi Road, Onverwacht
Lephalale Limpopo 0557",0147632273/9682,frans.delange@exxaro.com,Frans de Lange,02-Aug-23,01-Aug-28
,Exxaro Coal (Pty) Ltd,AC-TTC020823210656,93626,Occupational Certificate: Boilermaker,"4 Ngoako Ramahlodi Road, Onverwacht
Lephalale Limpopo 0557",0147632273/9682,frans.delange@exxaro.com,Frans de Lange,02-Aug-23,01-Aug-28
,Exxaro Coal (Pty) Ltd,AC-TTC020823210656,91761,Occupational Certificate: Electrician,"4 Ngoako Ramahlodi Road, Onverwacht
Lephalale Limpopo 0557",0147632273/9682,frans.delange@exxaro.com,Frans de Lange,02-Aug-23,01-Aug-28
,Exxaro Coal (Pty) Ltd,AC-TTC020823210656,97592,Occupational Certificate: Diesel Mechanic,"4 Ngoako Ramahlodi Road, Onverwacht
Lephalale Limpopo 0557",0147632273/9682,frans.delange@exxaro.com,Frans de Lange,02-Aug-23,01-Aug-28
,Exxaro Coal (Pty) Ltd,AC-TTC020823210656,97585,Occupational Certificate: Millwright,"4 Ngoako Ramahlodi Road, Onverwacht
Lephalale Limpopo 0557",0147632273/9682,frans.delange@exxaro.com,Frans de Lange,02-Aug-23,01-Aug-28
,Exxaro Coal (Pty) Ltd,AC-TTC020823210656,94020,Occupational Certificate: Fitter and Turner,"4 Ngoako Ramahlodi Road, Onverwacht
Lephalale Limpopo 0557",0147632273/9682,frans.delange@exxaro.com,Frans de Lange,02-Aug-23,01-Aug-28
,Exxaro Coal (Pty) Ltd,AC-TTC020823210656,94021,Occupational Certificate: Mechanical Fitter,"4 Ngoako Ramahlodi Road, Onverwacht
Lephalale Limpopo 0557",0147632273/9682,frans.delange@exxaro.com,Frans de Lange,02-Aug-23,01-Aug-28
,F and O Deliveries (Pty) Ltd,07-QCTO/AC-TTC250124110231,91761,Occupational Certificate: Electrician,"1002 Hanny Street, Claremont Pretoria Gauteng
0082",625175600,marlenerobb@outlook.com,Marlene Robbertse,25-Jan-24,24-Jan-29
,F and O Deliveries (Pty) Ltd,07-QCTO/AC-TTC250124110231,91782,Occupational Certificate: Plumber,"1002 Hanny Street, Claremont Pretoria Gauteng
0082",625175600,marlenerobb@outlook.com,Marlene Robbertse,25-Jan-24,24-Jan-29
,F and O Deliveries (Pty) Ltd,07-QCTO/AC-TTC250124110231,93627,Occupational Certificate: Bricklayer,"1002 Hanny Street, Claremont Pretoria Gauteng
0082",625175600,marlenerobb@outlook.com,Marlene Robbertse,25-Jan-24,24-Jan-29
,Fair Cape Dairies (Pty) Ltd,07-QCTO/AC-TTC240823164820,103092,Occupational Certificate: Liquid Long Life Dairy Products Maker,15 Nywerheidsingel Malmesbury Gauteng 7300,215577600,tanya.reeves@faircape.com,Tanya Reeves,24-Aug-23,23-Aug-28
,Fair Cape Dairies (Pty) Ltd,01-QCTO/AC-TTC240823164425,102917,Occupational Certificate: Fermented Dairy Products Maker,"38 Lauda Road Killarney Gardens Western Cape
7441",021 557 7600,tanya.reeves@faircape.com,Tanya Reeves,24-Aug-23,23-Aug-28
,False Bay TVET College,QCTOASC00210813- 2359,102856,"Occupational Certificate:
Rigger",Corner Morgenster and Swartklip Road Swartklip 7785,217006400,Nasir.solarie@falsebay.or g.za,Nasir Solarie,18-Aug-21,17-Aug-26
,False Bay TVET College,QCTOASC00210726-2508,94573,"Occupational Certificate: Boat Builder
and Repairer (Boat Builder)","Westlake Campus, Westlake Drive
Westlake 7945",021 701 1340,Nasir.Solarie@falsebay.org.za,B G Schrickker,09-Feb-22,08-Feb-27
,False Bay TVET College (Westlake),01-QCTO/AC-TTC150323004419,91761,Occupational Certificate: Electrician,"Westlake Campus, Westlake Drive Westlake Cape Town 7945",0217011340/ 0722277803,ndileka.ndzolo@falsebay.org.za,Ndileka Ndzolo,14-Mar-23,13-Mar-28
,FASAJ FARMS,QCTOASC00210726-2529,102156,Occupational Certificate: Chemical Plant Operator,"166 Gunners Circle
Epping 1 Cape Town 7460","021 534 0433/
083 677 0193 ",Junaine.beckett@fasaj.co.za ,Junaine Beckett,09-Jun-22,08-Jun-27
,FASAJ Farms,01-QCTO/AC-TTC280423141003,102156,Occupational Certificate: Chemical Plant Operator,"166 Gunners Circle, Epping
Cape Town Western Cape 7460",083 677 0193,junaine.beckett@fasaj.co.za,Junaine Beckett,25-Apr-23,24-Apr-28
,FASAJ Farms (Pty) Ltd,01-QCTO/AC-TTC280423141003,111359,Occupational Certificate: Chemical Plant Controller,"166 Gunners Circle - Epping Cape Town
Western Cape 7460",083 677 0193,junaine.beckett@fasaj.co.za,Junaine Beckett,24-Aug-23,23-Aug-28
,FDT Craft Training Centre (Pty) Ltd,08-QCTO/AC-TTC150224124004,91761,Occupational Certificate: Electrician,Kiewiet Street Secunda Mpumalanga 2302,171705010,dnyama@fdttraining.com ebaipane@fdttraining.com,David Nyama,15-Feb-24,14-Feb-29
,FDT Craft Training Centre (Pty) Ltd,08-QCTO/AC-TTC150224124004,93626,"Occupational Certificate: Boilermaker
",Kiewiet Street Secunda Mpumalanga 2302,171705010,dnyama@fdttraining.com ebaipane@fdttraining.com,David Nyama,15-Feb-24,14-Feb-29
,FDT Craft Training Centre (Pty) Ltd,08-QCTO/AC-TTC150224124004,94100,Occupational Certificate: Welder    ,Kiewiet Street Secunda Mpumalanga 2302,171705010,dnyama@fdttraining.com ebaipane@fdttraining.com,David Nyama,15-Feb-24,14-Feb-29
,FDT Craft Training Centre (Pty) Ltd,08-QCTO/AC-TTC150224124004,97585,Occupational Certificate: Millwright,Kiewiet Street Secunda Mpumalanga 2302,171705010,dnyama@fdttraining.com ebaipane@fdttraining.com,David Nyama,15-Feb-24,14-Feb-29
,FDT Craft Training Centre (Pty) Ltd,08-QCTO/AC-TTC150224124004,102856,Occupational Certificate: Rigger,Kiewiet Street Secunda Mpumalanga 2302,171705010,dnyama@fdttraining.com ebaipane@fdttraining.com,David Nyama,15-Feb-24,14-Feb-29
,FDT Craft Training Centre (Pty) Ltd,08-QCTO/AC-TTC150224124004,94021,"Occupational Certificate: Mechanical Fitter
",Kiewiet Street Secunda Mpumalanga 2302,171705010,dnyama@fdttraining.com ebaipane@fdttraining.com,David Nyama,15-Feb-24,14-Feb-29
,Flavius Mareka TVET College,QCTOASC00210726- 2346,91782,Occupational Certificate: Plumber,"Bukes & Reitz Street Kroonstad
9499",562165157,Lourensl@fmtvet.co.za,L Lourens,26-Jul-21,25-Jul-26
,Forek Intitute of Technology Pty Ltd,08-QCTO/AC-TTC140922114913,91761,Occupational Certificate: Electrician,"Factory No 107 Mega Property,
Kabokweni Mpumalanga 1245",013 796 0000,tmanyimo@forekinstitute.co.za,T Manyimo,14-Sep-22,13-Sep-27
,Forek Intitute of Technology Pty Ltd,08-QCTO/AC-TTC140922114913,94100,Occupational Certificate: Welder,"Factory No 107 Mega Property,
Kabokweni Mpumalanga 1245",013 796 0000,tmanyimo@forekinstitute.co.za,T Manyimo,14-Sep-22,13-Sep-27
,Forek Intitute of Technology Pty Ltd,08-QCTO/AC-TTC140922114913,91782,Occupational Certificate: Bricklayer,"Factory No 107 Mega Property,
Kabokweni Mpumalanga 1245",013 796 0000,tmanyimo@forekinstitute.co.za,T Manyimo,14-Sep-22,13-Sep-27
,Forek Intitute of Technology Pty Ltd,08-QCTO/AC-TTC140922114913,94100,Occupational Certificate: Plumber,"Factory No 107 Mega Property,
Kabokweni Mpumalanga 1245",013 796 0000,tmanyimo@forekinstitute.co.za,T Manyimo,14-Sep-22,13-Sep-27
,Gadjeni Trading Enterprise,08-QCTO/AC-TTC260523124746,97992,"Occupational Certificate: Diesel Mechanic
","53 and 55 Wilkens Street, Rocky’s Drift
Mbombela Mpumalang 1200",081 380 5730,selby@kahlesolutions.co.za,Selby Ndlovu,26-May-23,25-May-28
,Gadjeni Trading Enterprise,08-QCTO/AC-TTC260523124746,97990,Occupational Certificate: Automotive Motor Mechanic,"53 and 55 Wilkens Street, Rocky’s Drift
Mbombela Mpumalanga 1200",081 380 5730,selby@kahlesolutions.co.za,Selby Ndlovu,26-May-23,25-May-28
,Gauteng Artisan College (Pty) Ltd,07-QCTO/AC-TTC150224124550,91761,Occupational Certificate: Electrician,"183 South Rand Road, Tulisa Park
Alberton Gauteng",813305914,juriesmall@gmail.com,Jurie Small,15-Feb-24,14-Feb-29
,Gene Louw Traffic Training College,AC-TTC030823092847,97639,Occupational Certificate: Traffic Officer,"Brackenfell Boulevard
Brackenfell Western Cape 7560",219831500,granny.sebake@rtmc.co.za,Jacqueline Tweedie,02-Aug-23,01-Aug-28
,Gene Louw Traffic Training College,AC-TTC030823092847,101875,Occupational Certificate: Road Traffic Safety Officer,"Brackenfell Boulevard
Brackenfell Western Cape 7560",219831500,granny.sebake@rtmc.co.za,Jacqueline Tweedie,02-Aug-23,01-Aug-28
,Gert Sibande TVET College,QCTOASC00210726-2502,91761,Occupational Certificate: Electrician,No 2 Tambourine Avenue Standerton 2430,636974438,dttc.manager@gscollege.edu.za,N Manombe,22-Oct-21,21-Oct-26
,Gert Sibande TVET College,QCTOASC00210726-2502,94021,Occupational Certificate: Mechanical Fitter,No 2 Tambourine Avenue Standerton 2430,636974438,dttc.manager@gscollege.edu.za,N Manombe,22-Oct-21,21-Oct-26
,Gert Sibande TVET College,08-QCTO/AC-TTC150922222758,97585,Occupational Certificate: Millwright,No 2 Tambourine Avenue Standerton 2430,636974438,dttc.manager@gscollege.edu.za,N Manombe,15-Sep-22,14-Sep-27
,Gijima Holding (Pty) Ltd,AC-TTC020823212848,94100,Occupational Certificate: Welder,"C/O Nelson Mandela and Ngwako Ramatlhodi, Onverwacht Lephalale
Limpopo 0557",0149411473/4/7,koos.jacobs@gijima.com,Koos Jacobs,02-Aug-23,01-Aug-28
,Gijima Holding (Pty) Ltd,AC-TTC020823212848,93626,Occupational Certificate: Boilermaker,"C/O Nelson Mandela and Ngwako Ramatlhodi, Onverwacht Lephalale
Limpopo 0557",0149411473/4/7,koos.jacobs@gijima.com,Koos Jacobs,02-Aug-23,01-Aug-28
,Gijima Holding (Pty) Ltd,AC-TTC020823212848,91761,Occupational Certificate: Electrician,"C/O Nelson Mandela and Ngwako Ramatlhodi, Onverwacht Lephalale
Limpopo 0557",0149411473/4/7,koos.jacobs@gijima.com,Koos Jacobs,02-Aug-23,01-Aug-28
,Gijima Holding (Pty) Ltd,AC-TTC020823212848,97585,Occupational Certificate: Millwright,"C/O Nelson Mandela and Ngwako Ramatlhodi, Onverwacht Lephalale
Limpopo 0557",0149411473/4/7,koos.jacobs@gijima.com,Koos Jacobs,02-Aug-23,01-Aug-28
,Gijima Holding (Pty) Ltd,AC-TTC020823212848,102856,Occupational Certificate: Rigger,"C/O Nelson Mandela and Ngwako Ramatlhodi, Onverwacht Lephalale
Limpopo 0557",0149411473/4/7,koos.jacobs@gijima.com,Koos Jacobs,02-Aug-23,01-Aug-28
,Gijima Holding (Pty) Ltd,AC-TTC020823212848,94021,Occupational Certificate: Mechanical Fitter,"C/O Nelson Mandela and Ngwako Ramatlhodi, Onverwacht Lephalale
Limpopo 0557",0149411473/4/7,koos.jacobs@gijima.com,Koos Jacobs,02-Aug-23,01-Aug-28
,Godisang Development,QCTOASC00210818- 2360,91761,"Occupational Certificate:
Electrician",318 Block S - Corner Molefe Makinta and Soutpaan Road Soshanguve 0152,614178528,perfect@godisang.org.za,Perfect Nukeri,18-Aug-21,17-Aug-26
,Godisang Development,QCTOASC00210818- 2360,91782,"Occupational Certificate:
Plumber",318 Block S - Corner Molefe Makinta and Soutpaan Road Soshanguve 0152,614178528,perfect@godisang.org.za,Perfect Nukeri,18-Aug-21,17-Aug-26
,GST Training (Pty) Ltd,QCTOASC00210726-2531,94021,Occupational Certificate: Mechanical Fitter,"Cnr R514 / N4 Highway,
Hartebeespoort, North West 2600",120040744,gary@gstsa.com,Gary Wainwright,02-Jun-22,01-Jun-27
,G-Stuff Trading CC,05-QCTO/AC-TTC150922123140,93627,Occupational Certificate: Bricklayer,"111 – 113 Incubator Building, SEDA Small Business Centre, 127 Johannes Nkosi Street, Durban 4001",031 329 1297,amos@smallbusinessacademy.org.za,Mtshali Mhlaliseni Amos,14-Sep-22,13-Sep-27
,Guvon Academy (Pty) Ltd,QCTOASC00201029- 2190,101697,Occupational Certificate: Chef,"17 Braam Street, Honeydew, Roodepoort",011 568 4967,johann@guvonacademy.c o.za,Johan Oosthuizen,03-Nov-20,03-Nov-25
,Guvon Academy (Pty) Ltd,07-QCTO/AC-TTC250124115123,101697,Occupational Certificate: Chef,"1 Bosbok Road, Randpark Ridge
Randburg Gauteng 2156",115684967,avril@guvonacademy.co.za,Johan Oosthuizen,25-Jan-24,24-Jan-29
,Hamba Nathi Enterprise,07-QCTO/AC-TTC260523122652,94100,Occupational Certificate: Welder,"100 Nagington Road, Wadeville Germiston Gauteng 1401",011 824 0235,joe@hambanathitc.co.za,Joseph Abram Ndhlovu,26-May-23,25-May-28
,Hamba Nathi Enterprise,07-QCTO/AC-TTC260523122652,93626,Occupational Certificate: Boilermaker,"100 Nagington Road, Wadeville Germiston Gauteng 1401",011 824 0235,joe@hambanathitc.co.za,Joseph Abram Ndhlovu,26-May-23,25-May-28
,Hamba Nathi Enterprise,07-QCTO/AC-TTC260523122652,91761,Occupational Certificate: Electrician,"100 Nagington Road, Wadeville Germiston Gauteng 1401",011 824 0235,joe@hambanathitc.co.za,Joseph Abram Ndhlovu,26-May-23,25-May-28
,Hamba Nathi Enterprise,07-QCTO/AC-TTC260523122652,91782,Occupational Certificate: Plumber,"100 Nagington Road, Wadeville Germiston Gauteng 1401",011 824 0235,joe@hambanathitc.co.za,Joseph Abram Ndhlovu,26-May-23,25-May-28
,Hamba Nathi Enterprise,07-QCTO/AC-TTC260523122652,93627,Occupational Certificate: Bricklayer,"100 Nagington Road, Wadeville Germiston Gauteng 1401",011 824 0235,joe@hambanathitc.co.za,Joseph Abram Ndhlovu,26-May-23,25-May-28
,Hatfield Holdings (Pty) Ltd,07-QCTO/AC-TTC071222102338,97990,Occupational Certificate: Automotive Motor Mechanic,"Cnr Witkoppen & Douglas Roads, Fourways Sandton Gauteng 2196",011 658 1599 /     079 015 0144,Janw@fury.co.za,Jan Van Der Walt,07-Dec-22,06-Dec-27
,Headsmart Hair Academy ,07-QCTO/AC-TTC140922114441,102497,Occupational Certificate: Hairdresser,"24 A West Street, Newtown Park
Johannesburg 2001",083 652 9164,lorine@headsmart.co.za,Lorine Smit,15-Sep-22,14-Sep-27
,Highbury College (Pty) Ltd,07-QCTO/AC-TTC250124143804,91761,Occupational Certificate: Electrician,"1st Floor De Villiers Building, 27 Bureau Lane
Pretoria Gauteng 0001",120231923,info@highburycollege.co.za,Oluwayomi Edum,25-Jan-24,24-Jan-29
,HTA Training and Development (Pty) Ltd,AC-TTC261023143448,102296,Occupational Certificate: Cook,128 Brahm Fischer Drive Randburg Gauteng,727356652,kabelo@htatrain.co.za,Kabelo Segone,26-Oct-23,25-Oct-28
,Ilanga Consulting and Trading Logistics,QCTOASC00210726-2541,91761,Occupational Certificate: Electrician,"08 Moller Road, Germiston 1401",0106340830/ 0733941525,baronpfidze@gmail.com,Baron Pfidze,08-Aug-22,07-Aug-27
,In Touch Community Development & Project Managers,AC-TTC231123184325,91782,Occupational Certificate: Plumber,31 Taganashoek Deerpark Tzaneen Limpopo 0850,"0152974511
0834577386","intouch2@mweb.co.za
intouch1@mweb.co.za",Kganya Ramoshaba,23-Nov-23,22-Nov-28
,INDLELA Trade Test Centre,QCTOASC00190620- 1691,91762,Occupational Certificate: Electrician,"Old Pretoria and Kempton Park Road, Olifantsfontein, 1665",429944582,Louw.N@dhet.gov.za,Gerald Hooper,28-Jun-19,28-Jun-24
,Indlela Trade Test Centre,QCTOASC00190620- 1691,94021,Occupational Certificate: Mechanical Fitter                                               ,Old Pretoria Road/ Kempton Park Road Olifantsfontein 1666,112061187,Louw.N@dhet.gov.za,Nic Louw,23-May-22,22-May-27
,Indlela Trade Test Centre,QCTOASC00190620- 1691,94020,Occupational Certificate: Fitter & Turner,Old Pretoria Road/ Kempton Park Road Olifantsfontein 1666,112061187,Louw.N@dhet.gov.za,Nic Louw,23-May-22,22-May-27
,Indlela Trade Test Centre,AC-TTC020823214127,97990,Occupational Certificate: Automotive Motor Mechanic,"Old Pretoria and Kempton Park Road
Olifantsfonten Gauteng 1666",112061187,"Louw.N@dhet.gov.za
Baloyi.A@dhet.gov.za",Nic Louw,02-Aug-23,01-Aug-28
,Indlela Trade Test Centre,AC-TTC020823214127,97592,Occupational Certificate: Diesel Mechanic,"Old Pretoria and Kempton Park Road
Olifantsfonten Gauteng 1666",112061187,"Louw.N@dhet.gov.za
Baloyi.A@dhet.gov.za",Nic Louw,02-Aug-23,01-Aug-28
,Indlela Trade Test Centre,AC-TTC020823214127,102497,Occupational Certificate: Hairdresser,"Old Pretoria and Kempton Park Road
Olifantsfonten Gauteng 1666",112061187,"Louw.N@dhet.gov.za
Baloyi.A@dhet.gov.za",Nic Louw,02-Aug-23,01-Aug-28
,Indlela Trade Test Centre,AC-TTC191023190047,93626,Occupational Certificate: Boilermaker,"Old Pretoria and Kempton Park Road
Olifantsfonten Gauteng 1666",112061187,"Louw.N@dhet.gov.za
Baloyi.A@dhet.gov.za",Nic Louw,19-Oct-23,18-Oct-28
,INDLELA Trade Test Centre ,07-QCTO/AC-TTC140922104028,91782,Occupational Certificate: Plumber,Old Pretoria Road/ Kempton Park Road Olifantsfontein 1666,112061187,Louw.N@dhet.gov.za,Nic Louw,14-Sep-22,13-Sep-27
,Industries Education and Training Institute,02-QCTO/AC-TTC081222152857,91761,Occupational Certificate: Electrician,"Cnr 14, Uitenhage & Some Roads, Sydenham, Gqeberha Eastern Cape 6024",414871545,chendricks@eitisa.co.za,Craig Hendricks,08-Dec-22,07-Dec-27
,Industries Education and Training Institute,AC-TTC231123181230,97585,Occupational Certificate: Millwright,"Corner 20 Voortrekker Road and Townsend Estate, Goodwood Cape Town Western Cape 7405",828204379,msilber@ietisa.co.za,Elsie Harmse,23-Nov-23,22-Nov-28
,Industries Education and Training Institute,AC-TTC231123181230,91761,Occupational Certificate: Electrician ,"Corner 20 Voortrekker Road and Townsend Estate, Goodwood Cape Town Western Cape 7405",828204379,msilber@ietisa.co.za,Elsie Harmse,23-Nov-23,22-Nov-28
,Industries Education and Training Institute,AC-TTC231123181230,94100,Occupational Certificate: Welder    ,"Corner 20 Voortrekker Road and Townsend Estate, Goodwood Cape Town Western Cape 7405",828204379,msilber@ietisa.co.za,Elsie Harmse,23-Nov-23,22-Nov-28
,Industries Education and Training Institute,AC-TTC231123181230,93627,Occupational Certificate: Bricklayer,"Corner 20 Voortrekker Road and Townsend Estate, Goodwood Cape Town Western Cape 7405",828204379,msilber@ietisa.co.za,Elsie Harmse,23-Nov-23,22-Nov-28
,Industries Education and Training Institute,AC-TTC231123181230,91782,Occupational Certificate: Plumber,"Corner 20 Voortrekker Road and Townsend Estate, Goodwood Cape Town Western Cape 7405",828204379,msilber@ietisa.co.za,Elsie Harmse,23-Nov-23,22-Nov-28
,Industries Education and Training Institute,AC-TTC231123181230,94022,Occupational Certificate: Carpenter,"Corner 20 Voortrekker Road and Townsend Estate, Goodwood Cape Town Western Cape 7405",828204379,msilber@ietisa.co.za,Elsie Harmse,23-Nov-23,22-Nov-28
,Industry Training and Consulting for Automotive Body Repairers,07-QCTO/AC-TTC250723120508,99507,Occupational Certificate: Vehicle Damage Quantifier,"541 Welthagen Street Pretoria Gardens
Gauteng 0030",123792093,info@it-c.co.za,Frederick Botha,24-Aug-23,23-Aug-28
,Institute of Business Management of Southern Africa,QCTOASC00210726- 2349,102497,Occupational Certificate: Hairdresser,"Unit 7,8,9 Baycentre, Industrieslot 5 Langebaan Western Cape 7357",226340001,isabel@rainbowpro.co.za,Ms Daleen Stuart,26-Jul-21,25-Jul-26
,Institute of Culinary Arts (Pty) Ltd,QCTOASC00210726-2500,101697,Occupational Certificate: Chef,"Farm Calenick, Zevenrivieren Road, Banhoek Stellenbosch",218851414,admin@icachef.co.za,M Mitrovich,22-Oct-21,21-Oct-26
,"Intouch Community Development &
Project Managers (Pty) Ltd",QCTOASC00210614- 2339,93627,Occupational Certificate: Bricklayer,31 Taganashoek - Deer Park Tzaneen 0850,834577386,Intouch2@mweb.co.za,Kganya Ramoshaba,14-Jun-21,13-Jun-26
,Izibuko the Bridge Investment and Projects (Pty) Ltd,07-QCTO/AC-TTC170922161507,91761,Occupational Certificate: Electrician,40 Corner 5th Avenue and Ruth Avenue Florida Gauteng 1709,114723286,info@izibukothebridge.co.za,Sydwell Zondo,14-Sep-22,13-Sep-27
,Jackie Cameron School of Food and Wine (Pty) Ltd,05-QCTO/AC-TTC231122081707,101697,Occupational Certificate: Chef,241 Old Howick Road Hilton KwaZulu-Natal 3245,722418421,admin@jackiecameron.co.za,Jackie Cameron,23-Nov-22,22-Nov-27
,Johannesburg Metro Police Department Academy,AC-TTC030823101058,97639,Occupational Certificate: Traffic Officer,"1 Stevens Road, Stafford Booysens
Johannesburg Gauteng 2000",829228550,granny.sebake@rtmc.co.za,Abraham Pitso,02-Aug-23,01-Aug-28
,Johannesburg Metro Police Department Academy,AC-TTC030823101058,101875,Occupational Certificate: Road Traffic Safety Officer,"1 Stevens Road, Stafford Booysens
Johannesburg Gauteng 2000",829228550,granny.sebake@rtmc.co.za,Abraham Pitso,02-Aug-23,01-Aug-28
,Johannesburg Pastry School (Pty) Ltd,AC-TTC140723101448,101697,Occupational Certificate: Chef,"85 Commissioner Street, Corner Harrison Johannesburg Gauteng 2001",110245277,rayverne@jcps.co.za,Rayverne Fransman,14-Jul-23,13-Jul-28
,K Boneng Consulting Services CC,AC-TTC051223144737,91761,Occupational Certificate: Electrician ,"Copper Farm, Letsitele Road, Nkowankowa
Tzaneenp Limpopo 0870",102552023,info@kbonengconsulting.co.za nthateng@kbonengconsulting.co.za,Nthabiseng Mogotlane,05-Dec-23,04-Dec-28
,K2012024435 (South Africa),07-QCTO/AC-TTC150323112314,102497,Occupational Certificate: Hairdresser,43 Voortrekker Road Alberton Gauteng 1449,0828873877/ 0716499687,principal@thehairacademy.co.za,Jacquie Skinner,15-Mar-23,14-Mar-28
,Khomanani Business Solutions (Pty) Ltd,AC-TTC231123184828,91782,Occupational Certificate: Welder    ,"Osizweni Educational Science Centre, Embalenhle, Evender Secunda Mpumalanga",175180176,given@kbsartisan.co.za,Given Ngobeni,23-Nov-23,22-Nov-28
,Khosithi Artisan and Skills Training Institute (Pty) Ltd,08-QCTO/AC-TTC150323012629,94020,Occupational Certificate: Fitter and Turner,Plot No. 14 R40 Road Cromdale Nelspruit Mpumalanga 1200,131101731,Khosithi@gmail.com,Fortunate Nkosi,12-Mar-23,11-Mar-28
,Khosithi Artisan and Skills Training Institute (Pty) Ltd,08-QCTO/AC-TTC150323012629,94021,Occupational Certificate: Mechanical Fitter,Plot No. 14 R40 Road Cromdale Nelspruit Mpumalanga 1200,131101731,Khosithi@gmail.com,Fortunate Nkosi,12-Mar-23,11-Mar-28
,Khosithi Artisan and Skills Training Institute (Pty) Ltd,08-QCTO/AC-TTC150323012629,91761,Occupational Certificate: Electrician,Plot No. 14 R40 Road Cromdale Nelspruit Mpumalanga 1200,131101731,Khosithi@gmail.com,Fortunate Nkosi,12-Mar-23,11-Mar-28
,Khosithi Artisan and Skills Training Institute (Pty) Ltd,08-QCTO/AC-TTC150323012629,97585,Occupational Certificate: Millwright,Plot No. 14 R40 Road Cromdale Nelspruit Mpumalanga 1200,131101731,Khosithi@gmail.com,Fortunate Nkosi,12-Mar-23,11-Mar-28
,Khosithi Artisan and Skills Training Institute (Pty) Ltd,08-QCTO/AC-TTC150323012629,94100,Occupational Certificate: Welder,Plot No. 14 R40 Road Cromdale Nelspruit Mpumalanga 1200,131101731,Khosithi@gmail.com,Fortunate Nkosi,12-Mar-23,11-Mar-28
,Khosithi Artisan and Skills Training Institute (Pty) Ltd,08-QCTO/AC-TTC150323012629,91782,Occupational Certificate:  Plumber  ,Plot No. 14 R40 Road Cromdale Nelspruit Mpumalanga 1200,131101731,Khosithi@gmail.com,Fortunate Nkosi,12-Mar-23,11-Mar-28
,Kroonstad Trade Test Centre ,04-QCTO/AC-TTC140922105011,91782,Occupational Certificate: Plumber,"Hoerskool Kroonstad, Landbou Terrein Kroonstad Free State 9499",074 859 4711,daniel@kttcentre.co.za,Daniel Fourie,14-Sep-22,13-Sep-27
,KZN Traffic Training College,AC-TTC030823095214,97639,Occupational Certificate: Traffic Officer,240 Burger Street Pietermaritzburg KwaZulu-Natal 3200,836311285,granny.sebake@rtmc.co.za,Sanjeth Sewlall,02-Aug-23,01-Aug-28
,KZN Traffic Training College,AC-TTC030823095214,101875,Occupational Certificate: Road Traffic Safety Officer,240 Burger Street Pietermaritzburg KwaZulu-Natal 3200,836311285,granny.sebake@rtmc.co.za,Sanjeth Sewlall,02-Aug-23,01-Aug-28
,Lactalis Bonnievale (Pty) Ltd,01-QCTO/AC-TTC240823165231,102961,Occupational Certificate: Dried Dairy Products Maker,"R317 UITSIG, Bonnievale Western Cape 6730",061 485 7038,mareli@fmcgts.co.za,Mareli Prinsloo,24-Aug-23,23-Aug-28
,Lactalis Bonnievale (Pty) Ltd,01-QCTO/AC-TTC240823165231,103129,Occupational Certificate: Ripened Cheesemaker,"R317 UITSIG, Bonnievale Western Cape 6730",061 485 7038,mareli@fmcgts.co.za,Mareli Prinsloo,,
,Lactalis Kyalami (Pty) Ltd,07-QCTO/AC-TTC240823165534,102917,Occupational Certificate: Fermented Dairy Products Maker,"100 Monte Carlo Cres, Kyalami Park Midrand
Gauteng 1684",061 485 7038,mareli@fmcgts.co.za,Mareli Prinsloo,24-Aug-23,23-Aug-28
,Lactalis Ladismith (Pty) Ltd,01-QCTO/AC-TTC240823170118,102916,Occupational Certificate: Condensed Liquid Dairy Products Maker,"Van Riebeeck Street Ladiesmith Western Cape
6655",061 485 7038,mareli@fmcgts.co.za,Mareli Prinsloo,24-Aug-23,23-Aug-28
,Lactalis Ladismith (Pty) Ltd,01-QCTO/AC-TTC240823170118,103129,Occupational Certificate: Ripened Cheesemaker,"Van Riebeeck Street Ladiesmith Western Cape
6655",061 485 7038,mareli@fmcgts.co.za,Mareli Prinsloo,24-Aug-23,23-Aug-28
,Ladismith Cheese Company (Pty) Ltd,01-QCTO/AC-TTC240823170521,102919,"Occupational Certificate: Butter Maker
",Schoongesicht Laan Ladiesmith Western Cape 6655,825619092,eslabberr@ladismithcheese.co.za,Ernest Slabber,24-Aug-23,23-Aug-28
,Ladismith Cheese Company (Pty) Ltd,01-QCTO/AC-TTC240823170521,102961,"Occupational Certificate: Dried Dairy Products Maker
",Schoongesicht Laan Ladiesmith Western Cape 6655,825619092,eslabberr@ladismithcheese.co.za,Ernest Slabber,24-Aug-23,23-Aug-28
,Ladismith Cheese Company (Pty) Ltd,01-QCTO/AC-TTC240823170521,103129,Occupational Certificate: Ripened Cheesemaker,Schoongesicht Laan Ladiesmith Western Cape 6655,825619092,eslabberr@ladismithcheese.co.za,Ernest Slabber,24-Aug-23,23-Aug-28
,Lalumbe Artisan Development Academy (Pty) Ltd,09-QCTO/AC-TTC260523131452,91761,Occupational Certificate: Electrician,76 Mashamba Lada Makhado Limpopo 0942,079 769 5603,tradeofelectrical@gmail.com,Lufuno Mukwena,26-May-23,25-May-28
,Lengau Traffic Training College,AC-TTC030823095611,97639,Occupational Certificate: Traffic Officer,301 Church Street Bloemfontein Free State 9300,514090441,granny.sebake@rtmc.co.za,Percy Moloi,02-Aug-23,01-Aug-28
,Lengau Traffic Training College,AC-TTC030823095611,101875,Occupational Certificate: Road Traffic Safety Officer,301 Church Street Bloemfontein Free State 9300,514090441,granny.sebake@rtmc.co.za,Percy Moloi,02-Aug-23,01-Aug-28
,Lime Investments 23 (Pty) Ltd,07-QCTO/AC-TTC020324174539,91761,Occupational Certificate: Electrician,"435 Straus Crescent Street, wadeville
Germiston Gauteng",834150653,limeacademy23@outlook.com,Logan Pillay,01-Mar-24,28-Feb-29
,Lime Investments 23 (Pty) Ltd,07-QCTO/AC-TTC020324174539,94100,Occupational Certificate: Welder    ,"435 Straus Crescent Street, wadeville
Germiston Gauteng",834150653,limeacademy23@outlook.com,Logan Pillay,01-Mar-24,28-Feb-29
,Lime Investments 23 (Pty) Ltd,07-QCTO/AC-TTC020324174539,97585,Occupational Certificate: Millwright,"435 Straus Crescent Street, wadeville
Germiston Gauteng",834150653,limeacademy23@outlook.com,Logan Pillay,01-Mar-24,28-Feb-29
,Lime Investments 23 (Pty) Ltd,07-QCTO/AC-TTC020324174539,94021,"Occupational Certificate: Mechanical Fitter
","435 Straus Crescent Street, wadeville
Germiston Gauteng",834150653,limeacademy23@outlook.com,Logan Pillay,01-Mar-24,28-Feb-29
,"Limpopo Chefs Academy Pty Ltd (Mokopane
Campus)",ASC00150092020020 301,101697,Occupational Certificate: Chef,"82 Rabie Street, Mokopane",015 292 0102,Tommie@limpopochefs.c o.za,Tommie Hurter,02-Mar-20,02-Mar-25
,"Limpopo Chefs Academy Pty Ltd (Polokwane
Campus)",ASC00149092020020 301,101697,Occupational Certificate: Chef,21 Sapphire Street Superbia Polokwane 0699,071 603 327,Tommie@limpopochefs.c o.za,Tommie Hurter,02-Mar-20,02-Mar-25
,Limpopo Traffic Training College,AC-TTC030823100720,97639,Occupational Certificate: Traffic Officer,"Thengwe Road, Tshilamba Mutale Limpopo",726390344,granny.sebake@rtmc.co.za,Mukondeleli Nthakheni,02-Aug-23,01-Aug-28
,Limpopo Traffic Training College,AC-TTC030823100720,101875,Occupational Certificate: Road Traffic Safety Officer,"Thengwe Road, Tshilamba Mutale Limpopo",726390344,granny.sebake@rtmc.co.za,Mukondeleli Nthakheni,02-Aug-23,01-Aug-28
,Lincoln Lubrication SA (Pty) Ltd,QCTOASC00200908- 2119,94877,Occupational Certificate: Lubrication Equipment Mechanic,"06 Marlin Road, Jet Park, Boksburg",083 253 7759,sales@lincolnsa.com,Michael Mogagabe,14-Sep-20,14-Sep-25
,Lincoln Lubrication SA Pty Ltd,QCTOASC00191203- 1877,94877,Occupational Certificate: Lubrication Equipment Machanic,"17 Indianapolis Boulevard, Raceway Industrial, Gosforth Park, Germiston, 1401","0763921115
011 9071192",training@lincolnsa.com,Michael Mohahabe,05-Dec-19,05-Dec-24
,M5 Academy (Pty) Ltd,QCTOASC00210429- 2323,91761,Occupational Certificate: Electrician,27 Winnie Haveloh Street – Tedstoneville Germiston,"0826908174
0710354690",M5academy@outlook.co m,Margaret Lekganyane,30-Apr-21,30-Apr-26
,Mahube Training and Development CC,09-QCTO/AC-TTC250124145321,91761,Occupational Certificate: Electrician,"24 Pres Paul Kruger Street
Polokwane Limpopo 0699",152914105,wilypako@gmail.com,Wily Pako,25-Jan-24,24-Jan-29
,Mahube Training and Development CC,09-QCTO/AC-TTC150224122604,91782,Occupational Certificate: Plumber,"24 Pres Paul Kruger Street Polokwane Limpopo
0699",152914105,wilypako@gmail.com,Wily Pako,15-Feb-24,14-Feb-29
,Majuba TVET College,QCTOASC00210125- 2298,94100,"Occupational Certificate:
Welder","Corner of Allen and HJ Van Eck Drive, Barry Hetzog Park, Newcastle","0343182021
0648707787",Thami46@gmail.com,"TD
Ngwenya",16-Feb-21,16-Feb-26
,Majuba TVET College,QCTOASC00210125- 2298,93626,"Occupational Certificate:
Boilermaker","Corner of Allen and HJ Van Eck Drive, Barry Hetzog Park, Newcastle","0343182021
0648707787",Thami46@gmail.com,"TD
Ngwenya",16-Feb-21,16-Feb-26
,Majuba TVET College,QCTOASC00210726-2508,94021,Occupational Certificate: Mechanical Fitter ,"Corner of Allen and HJ Van Eck Drive, Barry Hetzog Park, Newcastle",034 318 2021,thami46@gmail.com,T D Ngwenya,09-Feb-22,08-Feb-27
,Majuba TVET College,QCTOASC00210726-2508,94020,Occupational Certificate: Fitter & Turner,"Corner of Allen and HJ Van Eck Drive, Barry Hetzog Park, Newcastle",034 318 2021,thami46@gmail.com,T D Ngwenya,09-Feb-22,08-Feb-27
,Majuba TVET College,QCTOASC00210726-2508,91761,Occupational Certificate: Electrician,"Corner of Allen and HJ Van Eck Drive, Barry Hetzog Park, Newcastle",034 318 2021,thami46@gmail.com,T D Ngwenya,09-Feb-22,08-Feb-27
,Majuba TVET College,QCTOASC00210726-2508,97592,Occupational Certificate: Diesel Mechanic,"Corner of Allen and HJ Van Eck Drive, Barry Hetzog Park, Newcastle",034 318 2021,thami46@gmail.com,T D Ngwenya,09-Feb-22,08-Feb-27
,Majuba TVET College,QCTOASC00210726-2508,97388,Occupational Certificate: Automotive Motor Mechanic  ,"Corner of Allen and HJ Van Eck Drive, Barry Hetzog Park, Newcastle",034 318 2021,thami46@gmail.com,T D Ngwenya,09-Feb-22,08-Feb-27
,Majuba TVET College,05-QCTO/AC-TTC280423134712,94701,Occupational Certificate: Instrument Mechanician,"2 HJ Van Eck Drive, Barryhertzog Park
Newcastle KwaZulu-Natal 2940",034 318 2021 / 064 870 7787,Thami.ngwenya@majuba.edu.za,Thami Ngwenya,25-Apr-23,24-Apr-28
,Majuba TVET College,05-QCTO/AC-TTC280423134712,102856,Occupational Certificate: Rigger ,"2 HJ Van Eck Drive, Barryhertzog Park
Newcastle KwaZulu-Natal 2940",034 318 2021 / 064 870 7787,Thami.ngwenya@majuba.edu.za,Thami Ngwenya,25-Apr-23,24-Apr-28
,Majuba TVET College,05-QCTO/AC-TTC280423134712,94021,Occupational Certificate: Mechanical Fitter ,"2 HJ Van Eck Drive, Barryhertzog Park
Newcastle KwaZulu-Natal 2940","034 318 2021
064 870 7787",Thami.ngwenya@majuba.edu.za,Thami Ngwenya,25-Apr-23,24-Apr-28
,Majuba TVET College,05-QCTO/AC-TTC280423134712,91761,Occupational Certificate: Electrician ,"2 HJ Van Eck Drive, Barryhertzog Park
Newcastle KwaZulu-Natal 2940",034 318 2021 / 064 870 7787,Thami.ngwenya@majuba.edu.za,Thami Ngwenya,25-Apr-23,24-Apr-28
,Majuba TVET College,05-QCTO/AC-TTC280423134712,93627,Occupational Certificate: Bricklayer ,"2 HJ Van Eck Drive, Barryhertzog Park
Newcastle KwaZulu-Natal 2940",034 318 2021 / 064 870 7787,Thami.ngwenya@majuba.edu.za,Thami Ngwenya,25-Apr-23,24-Apr-28
,Majuba TVET College,05-QCTO/AC-TTC280423134712,94020,Occupational Certificate: Fitter and Turner,"2 HJ Van Eck Drive, Barryhertzog Park
Newcastle KwaZulu-Natal 2940",034 318 2021 / 064 870 7787,Thami.ngwenya@majuba.edu.za,Thami Ngwenya,25-Apr-23,24-Apr-28
,Majuba TVET College,AC-TTC191023190904,91782,Occupational Certificate: Plumber,"2HJ Van Eck Drive, Barryhertzog Park
Newcastle KwaZulu-Natal 2940",343182021,thami.ngwenya@majuba.edu.za,TD Ngwenya,19-Oct-23,18-Oct-28
,Majuba TVET College,AC-TTC191023190904,97585,Occupational Certificate: Millwright,"2HJ Van Eck Drive, Barryhertzog Park
Newcastle KwaZulu-Natal 2940",343182021,thami.ngwenya@majuba.edu.za,TD Ngwenya,19-Oct-23,18-Oct-28
,Majuba TVET College,AC-TTC191023190904,94022,Occupational Certificate: Carpenter,"2HJ Van Eck Drive, Barryhertzog Park
Newcastle KwaZulu-Natal 2940",343182021,thami.ngwenya@majuba.edu.za,TD Ngwenya,19-Oct-23,18-Oct-28
,Mangaung Traffic Training College,AC-TTC030823095933,97639,Occupational Certificate: Traffic Officer,"C/o Charlotte Maxeke and President Brand
Bloemfontein Free State 9300",514128100,granny.sebake@rtmc.co.za,Sabata Nyareli,02-Aug-23,01-Aug-28
,Mangaung Traffic Training College,AC-TTC030823095933,101875,Occupational Certificate: Road Traffic Safety Officer,"C/o Charlotte Maxeke and President Brand
Bloemfontein Free State 9300",514128100,granny.sebake@rtmc.co.za,Sabata Nyareli,02-Aug-23,01-Aug-28
,Matimba Rigging and Training,AC-TTC231123185449,102856,Occupational Certificate: Rigger,8 Charl Botch Street Secunda Mpumalanga,711965764,Sam.siboyi@matimbarigging.co.za,Sam Moskien Siboyi,23-Nov-23,22-Nov-28
,Matjhabeng Traffic Training College,AC-TTC030823100321,97639,Occupational Certificate: Traffic Officer,2 Kwartz street Welkom Free State 9460,573551257,granny.sebake@rtmc.co.za,Solomon Mokoena,02-Aug-23,01-Aug-28
,Matjhabeng Traffic Training College,AC-TTC030823100321,101875,Occupational Certificate: Road Traffic Safety Officer,2 Kwartz street Welkom Free State 9460,573551257,granny.sebake@rtmc.co.za,Solomon Mokoena,02-Aug-23,01-Aug-28
,MCD Training Centre (Pty) Ltd,07-QCTO/AC-TTC150323103519,94021,Occupational Certificate: Mechanical Fitter,"Farm Kookfontein, Premises of Samancor, Lion Avenure Meyerton Gauteng 1960",0160180339/0765715633,gerhard@mcdtraining.co.za,Gerhard Nagel,15-Mar-23,14-Mar-28
,MCD Training Centre (Pty) Ltd,07-QCTO/AC-TTC150323103519,91761,Occupational Certificate: Electrician,"Farm Kookfontein, Premises of Samancor, Lion Avenure Meyerton Gauteng 1960",0160180339/0765715633,gerhard@mcdtraining.co.za,Gerhard Nagel,15-Mar-23,14-Mar-28
,MCD Training Centre (Pty) Ltd,07-QCTO/AC-TTC150323103519,94020,Occupational Certificate: Fitter and Turner,"Farm Kookfontein, Premises of Samancor, Lion Avenure Meyerton Gauteng 1960",0160180339/0765715633,gerhard@mcdtraining.co.za,Gerhard Nagel,15-Mar-23,14-Mar-28
,MCD Training Centre (Pty) Ltd,07-QCTO/AC-TTC150323103519,93626,Occupational Certificate: Boilermaker,"Farm Kookfontein, Premises of Samancor, Lion Avenure Meyerton Gauteng 1960",0160180339/0765715633,gerhard@mcdtraining.co.za,Gerhard Nagel,15-Mar-23,14-Mar-28
,MCD Training Centre (Pty) Ltd,07-QCTO/AC-TTC150323103519,102856,Occupational Certificate: Rigger,"Farm Kookfontein, Premises of Samancor, Lion Avenure Meyerton Gauteng 1960",0160180339/0765715633,gerhard@mcdtraining.co.za,Gerhard Nagel,15-Mar-23,14-Mar-28
,MCD Training Centre (Pty) Ltd,07-QCTO/AC-TTC150323103519,94701,Occupational Certificate: Instrument Mechanician ,"Farm Kookfontein, Premises of Samancor, Lion Avenure Meyerton Gauteng 1960",0160180339/0765715633,gerhard@mcdtraining.co.za,Gerhard Nagel,15-Mar-23,14-Mar-28
,MCD Training Centre (Pty) Ltd,07-QCTO/AC-TTC150323103519,97585,Occupational Certificate: Millwright,"Farm Kookfontein, Premises of Samancor, Lion Avenure Meyerton Gauteng 1960",0160180339/0765715633,gerhard@mcdtraining.co.za,Gerhard Nagel,15-Mar-23,14-Mar-28
,MCD Training Centre (Pty) Ltd,07-QCTO/AC-TTC150323103519,94100,Occupational Certificate: Welder,"Farm Kookfontein, Premises of Samancor, Lion Avenure Meyerton Gauteng 1960",0160180339/0765715633,gerhard@mcdtraining.co.za,Gerhard Nagel,15-Mar-23,14-Mar-28
,Mchana Tech (Pty) Ltd,07-QCTO/AC-TTC250124113133,91761,Occupational Certificate: Electrician,"214 Block G, Soshanguve
Pretoria Gauteng 0152",796381002,Lele.mchanatech.com,Mary-Ann Lechelele,25-Jan-24,24-Jan-29
,Mechatronics Development Academy (Pty) Ltd,AC-TTC191023192342,91761,Occupational Certificate: Electrician ,"376 Steve Biko Road, Arcadia
Pretoria Gauteng 0083",120230532,Info@mechatronicsdevacademy.co.za Mineva.fon@gmail.com,Mineva Zie Fon,19-Oct-23,18-Oct-28
,Mectom Skills Development and Training (Pty) Ltd,09-QCTO/AC-TTC140922112817,91761,Occupational Certificate: Electrician,"33 Plantation Road, Old Industrial
Tzaneen Limpopo 0850",015 004 0390,Kedibone.mectom@gmail.com,Kedibone Ramabina,14-Sep-22,13-Sep-27
,Melco Elevator SA (Pty) Ltd,QCTOASC00210726- 2350,94874,Occupational Certificate: Lift Mechanic,"15 Belgrade Avenue, Spartan Ext 2 Kempton Park 1619",113923330,Graeme.millward@melco sa.co.za,Graeme Millward,26-Jul-21,25-Jul-26
,Mercedes-Benz South Africa,02-QCTO/AC-TTC280423135759,97990,Occupational Certificate: Automotive Motor Mechanic,"7 Settlers Way, Gately Industrial, West Brook East London Eastern Cape 5201",043 706 2311,serisha.piyaray@mercedes-benz.com,Darian Hendricks,25-Apr-23,24-Apr-28
,Mercedes-Benz South Africa,02-QCTO/AC-TTC280423135759,91761,Occupational Certificate: Electrician ,"7 Settlers Way, Gately Industrial, West Brook East London Eastern Cape 5201",043 706 2311,serisha.piyaray@mercedes-benz.com,Darian Hendricks,25-Apr-23,24-Apr-28
,Mercedes-Benz South Africa,02-QCTO/AC-TTC280423135759,97585,Occupational Certificate: Millwright,"7 Settlers Way, Gately Industrial, West Brook East London Eastern Cape 5201",043 706 2311,serisha.piyaray@mercedes-benz.com,Darian Hendricks,25-Apr-23,24-Apr-28
,Mercedes-Benz South Africa,02-QCTO/AC-TTC280423135759,94020,Occupational Certificate: Fitter and Turner,"7 Settlers Way, Gately Industrial, West Brook East London Eastern Cape 5201",043 706 2311,serisha.piyaray@mercedes-benz.com,Darian Hendricks,25-Apr-23,24-Apr-28
,Mercedes-Benz South Africa,02-QCTO/AC-TTC280423135759,94021,Occupational Certificate: Mechanical Fitter ,"7 Settlers Way, Gately Industrial, West Brook East London Eastern Cape 5201",043 706 2311,serisha.piyaray@mercedes-benz.com,Darian Hendricks,25-Apr-23,24-Apr-28
,Michelangelo School of Hair,01-QCTO/AC-TTC280423140556,102497,Occupational Certificate: Hairdresser,76 York Street George Western Cape 6530,044 884 0791,lsie@africaskills.co.za,Elsie Harmse,25-Apr-23,24-Apr-28
,Michelangelo School of Hair,01-QCTO/AC-TTC280423140212,102497,Occupational Certificate: Hairdresser,"91 Long Street, Great Brak River George Western Cape 6525",044 884 0791,elsie@africaskills.co.za,Elsie Harmse,25-Apr-23,24-Apr-28
,Milnex Training Pty Ltd,QCTOASC00190510- 1631,91761,Occupational Certificate: Electrician,"243 Jan Neethling Street,Riversdale, Meyerton",084 703 7932   016 364 1853,evertopperman@milnext raining.co.za,"Evert Philippus
Opperman",15-May-19,15-May-24
,Mlangeni Mechanical Engineering (Pty) Ltd,AC-TTC231123182457,97990,Occupational Certificate: Automotive Motor Mechanic,"1 Wigford Road, Masons Mill Pietermaritzburg
KwaZulu-Natal",659041540,info@mlamecengineering.co.za,Thembekile Mbhele,23-Nov-23,22-Nov-28
,Mlangeni Mechanical Engineering (Pty) Ltd,AC-TTC231123182457,97592,Occupational Certificate: Diesel Mechanic,"1 Wigford Road, Masons Mill Pietermaritzburg
KwaZulu-Natal",659041540,info@mlamecengineering.co.za,Thembekile Mbhele,23-Nov-23,22-Nov-28
,Mlangeni Mechanical Engineering Pty Ltd ,QCTOASC00210726-2513,97592,Occupational Certificate: Diesel Mechanic,113 2nd Street Wynberg 2090,065 904 1540,admin@mlamecengineering.co.za,Thembekile Mbhele,09-Mar-22,08-Mar-27
,Mlangeni Mechanical Engineering Pty Ltd ,QCTOASC00210726-2513,97388,Occupational Certificate: Automotive Motor Mechanic  ,113 2nd Street Wynberg 2090,065 904 1540,admin@mlamecengineering.co.za,Thembekile Mbhele,09-Mar-22,08-Mar-27
,Moolmans South Africa,03-QCTO/AC-TTC071222095152,97592,Occupational Certificate: Diesel Mechanic,"Portion Farm A, Deben Road Kathu Northern Cape 8446",082 571 0331,David.mulaudzi@moolmans.com,David Mulaudzi,07-Dec-22,06-Dec-27
,Mopani TVET College,QCTOASC00210726-2510,99255,Occupational Certificate: Pipe Fitter,Corner Tambo & Calvin Ngobeni Streets Namakgale 1391,157691529,rikskho@gmail.com,AC Rikhotso,09-Feb-22,08-Mar-27
,Mopani TVET College,QCTOASC00210726-2510,97592,Occupational Certificate: Diesel Mechanic,Corner Tambo & Calvin Ngobeni Streets Namakgale 1391,157691529,rikskho@gmail.com,AC Rikhotso,09-Feb-22,08-Mar-27
,Motus Group,07-QCTO/AC-TTC260523133348,97992,Occupational Certificate: Diesel Mechanic,"16 Dakota Crescent, Airport Park, Extension 4 Germiston Gauteng 1408",011 824 4290,jcorreia@motusacademy.co.za,Jan Corriea,26-May-23,25-May-28
,Motus Group Ltd,QCTOASC00210726- 2347,97990,Occupational Certificate: Automotive Motor Mechanic,Cnr Dekema and Osborn Roads - Wadeville Germiston 1428,112554000,ldesousa@motusacademy.co.za,Lee de Sousa,26-Jul-21,25-Jul-26
,Motus Group Ltd,QCTOASC00210726- 2347,97592,"Occupational Certificate:
Diesel Mechanic",Cnr Dekema and Osborn Roads - Wadeville Germiston 1428,112554000,ldesousa@motusacademy.co.za,Lee de Sousa,26-Jul-21,25-Jul-26
,Motus Technical Academy,AC-TTC231123182100,97990,Occupational Certificate: Automotive Motor Mechanic,"16 Dakota Crescent, Airport Park Ext 4
Germiston Gauteng",118244290,jcorreia@motusacademy.co.za,Jan Correia,23-Nov-23,22-Nov-28
,MPK Electrical,QCTOASC00210614-2339,91761,Occupational Certificate:Electrician,74 Victoria Street Germiston 1400,117493284,kabongompk@gmail.com,"Patient
Kabongo",14-Jun-21,13-Jun-26
,MPK Electrical and Projects,QCTOASC00210726-2543,91761,Occupational Certificate:Electrician,34/36 Petit Street Germiston 1401,117493284,kabongompk@gmail.com,"Patient
Kabongo",08-Aug-22,07-Aug-27
,MPK Electrical and Projects ,09-QCTO/AC-TTC071222094944,91761,Occupational Certificate: Electrician,"Unit 16, No : 42 Lood Street, Ladana
Polokwane Limpopo 0700",011 749 3284/54,kabongompk@gmail.com,Patient Kabongo,07-Dec-22,06-Dec-27
,MPK Electrical and Projects (Pty) Ltd,07-QCTO/AC-TTC260523130727,91782,Occupational Certificate: Plumber,34/36 Pettit Street Germiston Gauteng 1401,117493284,kabongompk@gmail.com,Mulombo kabongo,26-May-23,25-May-28
,MPK Electrical and Projects (Pty) Ltd,07-QCTO/AC-TTC250124105317,94100,Occupational Certificate: Welder    ,34/36 Pettit Street Germiston Gauteng 1401,117493284,admin@mpkelectrical.co.za kabongo.p@gmail.com,Patient Kabongo,25-Jan-24,24-Jan-29
,MPK Electrical and Projects (Pty) Ltd,07-QCTO/AC-TTC250124105317,93626,"Occupational Certificate: Boilermaker
",34/36 Pettit Street Germiston Gauteng 1401,117493284,admin@mpkelectrical.co.za kabongo.p@gmail.com,Patient Kabongo,25-Jan-24,24-Jan-29
,Mpumalanga Traffic Training College,AC-TTC030823094046,97639,Occupational Certificate: Traffic Officer,"R536 Road (Kruger Gate Road), Mkhuhlu
Hazyview Mpumalanga 1280",137667262,granny.sebake@rtmc.co.za,Nhlanhla Maphanga,02-Aug-23,01-Aug-28
,Mpumalanga Traffic Training College,AC-TTC030823094046,101875,Occupational Certificate: Road Traffic Safety Officer,"R536 Road (Kruger Gate Road), Mkhuhlu
Hazyview Mpumalanga 1280",137667262,granny.sebake@rtmc.co.za,Nhlanhla Maphanga,02-Aug-23,01-Aug-28
,Mpumelelo Artisan Training Centre,08-QCTO/AC-TTC151122230445,94100,Occupational Certificate: Welder,"141 B Sabelo Street, Kamaqhekeza Mpumalanga 1346",013 010 1530,tmntuli@hotmail.com,Thabo Ntuli,14-Nov-22,13-Nov-27
,MSC Artisan Academy (Pty) Ltd,QCTOASC00210614- 2340,91761,Occupational Certificate: Electrician,John Knox Campus - Mfaxa Street Nul – Mdantsane 5219,"0437261842
0827726963",willie@maasa.com,Willie Gresse,14-Jun-21,13-Jun-26
,MSC Artisan Academy (Pty) Ltd,QCTOASC00210614- 2340,94020,Occupational Certificate: Fitter & Turner,John Knox Campus - Mfaxa Street Nul – Mdantsane 5219,"0437261842
0827726963",willie@maasa.com,Willie Gresse,14-Jun-21,13-Jun-26
,MSC Artisan Academy (Pty) Ltd,QCTOASC00210614- 2340,91761,Occupational Certificate: Electrician,John Knox Campus - Mfaxa Street Nul –Mdantsane 5219,"0437261842
0827726963",willie@maasa.com,Willie Gresse,14-Jun-21,13-Jun-26
,MSC Artisan Academy (Pty) Ltd,AC-TTC170823120452,97585,Occupational Certificate: Millwright,"Unit 40, Frame Park, Phillip Frame Road, Chiselhurst East London Eastern Cape 5247",437261842,willie@maasa.com,Willie Gresse,17-Aug-23,16-Aug-28
,MSC Artisan Academy (Pty) Ltd,02-QCTO/AC-TTC150224131903,94021,"Occupational Certificate: Mechanical Fitter
","Unit 40, Frame Park, Phillip Frame Road, Chiselhurst East London Eastern Cape 5247",437261842,willie@maasa.com,Willie Gresse,15-Feb-24,14-Feb-29
,MSC Artisan Academy (Pty) Ltd,02-QCTO/AC-TTC150224131903,94020,"Occupational Certificate: Fitter and Turner
","Unit 40, Frame Park, Phillip Frame Road, Chiselhurst East London Eastern Cape 5247",437261842,willie@maasa.com,Willie Gresse,15-Feb-24,14-Feb-29
,MSC Artisan Academy Pty(Ltd),QCTOASC00210727- 2353,94100,Occupational Certificate:Welder,"John Knox Campus, Mfaxa Street, Nul Mdantsane","0437261842
082772963",Willie@maasa.com,Willie Gresse,26-Jul-21,25-Jul-26
,MSC Artisan Academy Pty(Ltd),QCTOASC00210727- 2353,91761,Occupational Certificate:Electrician,"John Knox Campus, Mfaxa Street, Nul Mdantsane","0437261842
082772963",Willie@maasa.com,Willie Gresse,26-Jul-21,25-Jul-26
,MSC Artisan Academy Pty(Ltd),QCTOASC00210727- 2353,91782,Occupational Certificate: Plumber,"John Knox Campus, Mfaxa Street, Nul Mdantsane","0437261842
082772963",Willie@maasa.com,Willie Gresse,26-Jul-21,25-Jul-26
,MSC Artisan Academy Pty(Ltd),QCTOASC00210614-2340,94020,"Occupational Certificate:
Fitter and Turner","Unit 40, Frame Park, Phillip Frame Road - Chiselhurst, East London 0247","0437261842
0827726963",Willie@maasa.com,"Willie
Gresse",26-Jul-21,25-Jul-26
,MSC Artisan Academy Pty(Ltd),QCTOASC00210614-2340,94021,Occupational Certificate: Mechanical Fitter,"Unit 40, Frame Park, Phillip Frame Road - Chiselhurst, East Londonr 0247","0437261842
0827726963",Willie@maasa.com,"Willie
Gresse",26-Jul-21,25-Jul-26
,Mthetana Trading and Construction Cc,AC-TTC231123183003,94022,Occupational Certificate: Carpenter,"252 Chamberlain Road, Jacobs Durban KwaZulu-Natal",722515066,multyskillt@gmail.com,Membrey Mtembu,23-Nov-23,22-Nov-28
,Mthetana Trading and Construction Cc,AC-TTC231123183003,94100,Occupational Certificate: Welder    ,"252 Chamberlain Road, Jacobs Durban KwaZulu-Natal",722515066,multyskillt@gmail.com,Membrey Mtembu,23-Nov-23,22-Nov-28
,Mthetana Trading and Construction Cc,AC-TTC231123183003,94021,"Occupational Certificate: Mechanical Fitter
","252 Chamberlain Road, Jacobs Durban KwaZulu-Natal",722515066,multyskillt@gmail.com,Membrey Mtembu,23-Nov-23,22-Nov-28
,Mthetana Trading and Construction Cc,AC-TTC231123183003,97585,Occupational Certificate: Millwright,"252 Chamberlain Road, Jacobs Durban KwaZulu-Natal",722515066,multyskillt@gmail.com,Membrey Mtembu,23-Nov-23,22-Nov-28
,Mthetana Trading and Construction Cc,AC-TTC231123183003,93627,Occupational Certificate: Bricklayer,"252 Chamberlain Road, Jacobs Durban KwaZulu-Natal",722515066,multyskillt@gmail.com,Membrey Mtembu,23-Nov-23,22-Nov-28
,Mthetana Trading and Construction Cc,AC-TTC231123183003,91761,Occupational Certificate: Electrician ,"252 Chamberlain Road, Jacobs Durban KwaZulu-Natal",722515066,multyskillt@gmail.com,Membrey Mtembu,23-Nov-23,22-Nov-28
,Mthetana Trading and Construction Cc,AC-TTC231123183003,93626,"Occupational Certificate: Boilermaker
","252 Chamberlain Road, Jacobs Durban KwaZulu-Natal",722515066,multyskillt@gmail.com,Membrey Mtembu,23-Nov-23,22-Nov-28
,Mthetana Trading and Construction Cc,AC-TTC231123183325,91782,Occupational Certificate: Plumber,"252 Chamberlain Road, Jacobs Durban KwaZulu-Natal",722515066,multyskillt@gmail.com,Membrey Mtembu,23-Nov-23,22-Nov-28
,MTL Training and Projects,QCTOASC00210726-2542,91782,Occupational Certificate: Plumber,"Top Floor, Endalini – Corner Underwood & Cavershem Pinetown 3600",0827662299/ 0861122919,mbali@mtltrainingandprojects.co.za,Siphumelele Vikilahle,08-Aug-22,07-Aug-27
,MTL Training and Projects (Pty) Ltd,08-QCTO/AC-TTC250124145949,91782,Occupational Certificate: Plumber,"Malekutu, Lasanda 1 Malekutu Mpumalanga 1242",767208793,mtl.leeut@gmail.com,Mbali Majola,25-Jan-24,24-Jan-29
,MTL Training and Projects (Pty) Ltd,05-QCTO/AC-TTC250124150733,91782,Occupational Certificate: Plumber,"Inkosi-SH Gumede Street, B North
Ulundi KwaZulu-Natal 3838",767208793,mtl.leeut@gmail.com,Mbali Majola,25-Jan-24,24-Jan-29
,Myganet (Pty) Ltd,QCTOASC00210726-2506,91761,"Occupational Certificate: Electrician
","47 Commercial Road, Acardia East London",437222578,myganet01@gmail.com,Vincet Khumalo,06-Dec-21,05-Dec-26
,Nandzu Trade Test and General Projects CC,09-QCTO/AC-TTC250124115725,91761,Occupational Certificate: Electrician,37 Park Street Phalaborwa Limpopo 1390,"0152977806
0734043132",caroline@ncngroup.co.za nandzutraining@ncngroup.co.za,Nkhensani Caroline Sibiya,25-Jan-24,24-Jan-29
,National Technologies Implementation Platform (Pty) Ltd (NTIP) - Cape Town,QCTOASC00210726-2538,91796,Occupational Certificate: Toolmaker,"Unit D9, Entrance 2 Connaught, Corner McGregor and Riley Streets Beaconvale Parow 7500",628131301,andred@ptsa.co.za,Andre Davies,06-Jul-22,05-Jul-27
,National Technologies Implementation Platform (Pty) Ltd (NTIP) - Gauteng,QCTOASC00200228- 1917,91796,Occupational Certificate: Toolmaker,"Unit A4, Hermanstad Industrial Park, Corner Es’kia Mphahlele & Moot Street, Pretoria",015 292 0102/,bothamcd@gmail.com,Martin Botha,20-Mar-20,20-Mar-25
,Ndikhoya Dinaledi Services (Pty) Ltd,QCTOASC00210212- 2301,101697,Occupational Certificate: Chef,"Maccauvlei Golf Club, 121 Viljoensdrift Road, Vereeniging","0870041310
0837098794",Lebogangl@ndsacademy. co.za,"Queen Lebogang
Lekotoko",16-Feb-21,16-Feb-26
,Ndlovu Madical Trust,QCTOASC00210726-2544,91782, Occupational Certificate:  Plumber,R25 Uitspanning B Bloempoort 0465,0132629037/26,rmabotja@ndlovu.com,Reason Katsangu,08-Aug-22,07-Aug-27
,Ndlovu Madical Trust,QCTOASC00210726-2544,93627,Occupational Certificate: Bricklayer ,R25 Uitspanning B Bloempoort 0465,0132629037/26,rmabotja@ndlovu.com,Reason Katsangu,08-Aug-22,07-Aug-27
,NG Skills Development Centre,05-QCTO/AC-TTC140922113755,102497,Occupational Certificate: Hairdresser,"119 Snell Parade, John Mantjie, North Beach Durban KwaZulu-Natal 4001",604105090,admin@ngsd.org.za,Nina Eckersley,15-Sep-22,14-Sep-27
,NG Skills Development Centre,07-QCTO/AC-TTC231122081321,102497,Occupational Certificate: Hairdresser,214 Willie Swart Street Pretoria Gauteng 0001,611382660,admin@ngsd.org.za,Nonhlanhla Abegail Mokoroane,23-Nov-22,22-Nov-27
,NG Skills Development Centre,07-QCTO/AC-TTC231122081321,97226,Occupational Certificate: Hairdresser,214 Willie Swart Stree Pretoria Gauteng 0001,611382660,admin@ngsd.org.za,Nonhlanhla Abegail Mokoroane,23-Nov-22,22-Nov-27
,NG Skills Development Centre NPC,05-QCTO/AC-TTC150224145603,102497,Occupational Certificate: Hairdresser,"46 Prince Street, Shop 4 South Beach
Durban KwaZulu-Natal",604105090,admin@ngsdc.org.za,Zakiah Bux,15-Feb-24,14-Feb-29
,NG Skills Development Centre NPC,05-QCTO/AC-TTC150224161242,102497,Occupational Certificate: Hairdresser,"34 Turnbull Street, Empangeni KwaZulu-Natal",845809566,admin@ngsdc.org.za,Maureen Muller,15-Feb-24,14-Feb-29
,NG Skills Development Centre NPC,05-QCTO/AC-TTC150224161836,102497,Occupational Certificate: Hairdresser,"10 Douglous Crowe Drive, Fiest Floor, Suite 5
Silvertone Way KwaZulu-Natal",828801141,admin@ngsdc.org.za,Vakash Chitradow,15-Feb-24,14-Feb-29
,NID Training NPC,AC-TTC241123141428,102296,Occupational Certificate: Cook,"Unit G 35, Millenium Park 42 Stellenberg Road, Parow Industrial Cape Town Western Cape","0876302438
0733840450",astridsmith@nidtraining.org.za,Astrid Smith,24-Nov-23,23-Nov-28
,Nkangala TVET College,08-QCTO/AC-TTC150224130839,91761,Occupational Certificate: Electrician,3 Van der Byl Emalahleni Mpumalanga 1035,834354194,Mzimela.s@nkangalafet.edu.za,S.P Mzimela,15-Feb-24,14-Feb-29
,Nkangala TVET College,08-QCTO/AC-TTC150224130839,93626,"Occupational Certificate: Boilermaker
",3 Van der Byl Emalahleni Mpumalanga 1035,834354194,Mzimela.s@nkangalafet.edu.za,S.P Mzimela,15-Feb-24,14-Feb-29
,Nkangala TVET College,08-QCTO/AC-TTC150224130839,94021,"Occupational Certificate: Mechanical Fitter
",3 Van der Byl Emalahleni Mpumalanga 1035,834354194,Mzimela.s@nkangalafet.edu.za,S.P Mzimela,15-Feb-24,14-Feb-29
,Nkangala TVET College,08-QCTO/AC-TTC150224130839,94100,Occupational Certificate: Welder    ,3 Van der Byl Emalahleni Mpumalanga 1035,834354194,Mzimela.s@nkangalafet.edu.za,S.P Mzimela,15-Feb-24,14-Feb-29
,Nkangala TVET College,08-QCTO/AC-TTC150224130839,97585,Occupational Certificate: Millwright,3 Van der Byl Emalahleni Mpumalanga 1035,834354194,Mzimela.s@nkangalafet.edu.za,S.P Mzimela,15-Feb-24,14-Feb-29
,Nkangala TVET College,08-QCTO/AC-TTC150224130839,94020,"Occupational Certificate: Fitter and Turner
",3 Van der Byl Emalahleni Mpumalanga 1035,834354194,Mzimela.s@nkangalafet.edu.za,S.P Mzimela,15-Feb-24,14-Feb-29
,North West Training Centre,AC-TTC231123183709,91761,Occupational Certificate: Electrician ,9 Berg Street Ventersdorpp North West,678640956,mark@ntctraining.co.za,Jaquelene Lourens,23-Nov-23,22-Nov-28
,Northern Cape Urban TVET College,03-QCTO/AC-TTC191022225936,94022,Occupational Certificate: Carpenter,"777 Nobengula Street, Mankurwane
Kimberley Northern Cape 8345",053 802 4700,thete@ncutvet.edu.za,Vinolia Thete,19-Oct-22,18-Oct-27
,Northern Technical College,QCTOASC00210727- 2350,91761,Occupational Certificate: Electrician,"Stand 150, Industrial Area,
Thohoyandou 0950",159644101,collins@northerntech.co. za,Nthangeni Collins,26-Jul-21,25-Jul-26
,Northern Technical College NPC,AC-TTC030823101813,91782,Occupational Certificate: Plumber,"Stand No 150, Industrial Area, Muledane
Thohoyandou Limpopo 0950",159644101,collins@northerntech.co.za accreditationsmichael@gmail.com,Nthangeni Collins,02-Aug-23,01-Aug-28
,Northern Technical College NPC,AC-TTC030823101813,94022,Occupational Certificate: Carpenter,"Stand No 150, Industrial Area, Muledane
Thohoyandou Limpopo 0950",159644101,collins@northerntech.co.za accreditationsmichael@gmail.com,Nthangeni Collins,02-Aug-23,01-Aug-28
,Northern Technical College NPC,AC-TTC030823101813,93627,Occupational Certificate: Bricklayer,"Stand No 150, Industrial Area, Muledane
Thohoyandou Limpopo 0950",159644101,collins@northerntech.co.za accreditationsmichael@gmail.com,Nthangeni Collins,02-Aug-23,01-Aug-28
,Northlink TVET College,QCTOASC00210429- 2324,94020,Occupational Certificate: Fitter and Turner,Jakes Gerwel Drive SAS Naval Base – Goodwood Wingfield,"0215919207
0215915147",henri.mafoumba@northli nk.co.za,Henri Mafoumba,30-Apr-21,30-Apr-26
,Northlink TVET College (Belhar Campus),01-QCTO/AC-TTC260523123931,93626,Occupational Certificate: Boilermaker,"1 Proton Street, Belhar
Cape Town Western Cape 7493",021 952 2113,pat.lawrence@northlink.co.za,Pat Lawrence,26-May-23,25-May-28
,Northlink TVET College (Belhar Campus),01-QCTO/AC-TTC260523123931,91761,Occupational Certificate: Electrician,"1 Proton Street, Belhar
Cape Town Western Cape 7493",021 952 2113,pat.lawrence@northlink.co.za,Pat Lawrence,18-Aug-23,25-May-28
,Northlink TVET College (Bellville Campus),01-QCTO/AC-TTC260523124234,91761,Occupational Certificate: Electrician,"Sackson Street, Bellville South
Cape Town Western Cape 7530",021 951 2231,cebisa.manyela@northlink.co.za,Pat Lawrence,26-May-23,25-May-28
,NTC North West Training Centre (Pty) Ltd,QCTOASC00210726-2515,91782,Occupational Certificate: Plumber,9 Berg Street Ventersdorp 2710,018 264 4798,Mark@ntctraining.co.za,Mark Jansen Van Vuren,09-Mar-22,08-Mar-27
,Opportunity Learning Centre (Pty) Ltd,09-QCTO/AC-TTC150224123245,91761,Occupational Certificate: Electrician,"3825 Zone 2, Seshego Polokwane Limpopo",721085346,pheladimg@yahoo.com,Pheladi Gwangwa,15-Feb-24,14-Feb-29
,Optimum Engineering Training,QCTOASC00210726-2516,94020,Occupational Certificate: Fitter & Turner,"39 Kelly Road, Jet Park Boksburg 1459",010 005 3860,tonyr@otimumlearn.com,Tony Reddy,09-Mar-22,08-Mar-27
,Optimum Engineering Training,QCTOASC00210726-2516,91761,Occupational Certificate: Electrician,"39 Kelly Road, Jet Park Boksburg 1459",010 005 3860,tonyr@otimumlearn.com,Tony Reddy,09-Mar-22,08-Mar-27
,Optimum Engineering Training (Pty) Ltd,AC-TTC231123190434,91761,Occupational Certificate: Electrician ,"39 Kelly Road, Jet Park, Unit D2, Pelisades, Business Park Boksburg Gauteng 1459",100053860,,Tony Reddy,23-Nov-23,22-Nov-28
,Optimum Engineering Training (Pty) Ltd,AC-TTC231123190434,94021,"Occupational Certificate: Mechanical Fitter
","39 Kelly Road, Jet Park, Unit D2, Pelisades, Business Park Boksburg Gauteng 1459",100053860,,Tony Reddy,23-Nov-23,22-Nov-28
,Optimum Engineering Training (Pty) Ltd,AC-TTC231123190434,97585,Occupational Certificate: Millwright,"39 Kelly Road, Jet Park, Unit D2, Pelisades, Business Park Boksburg Gauteng 1459",100053860,,Tony Reddy,23-Nov-23,22-Nov-28
,Optimum Engineering Training (Pty) Ltd,AC-TTC231123190434,94020,"Occupational Certificate: Fitter and Turner
","39 Kelly Road, Jet Park, Unit D2, Pelisades, Business Park Boksburg Gauteng 1459",100053860,,Tony Reddy,23-Nov-23,22-Nov-28
,Orbit TVET College,QCTOASC00210726-2533,117237,Occupational Certificate: Diesel Mechanic,Mabele A Pudi Mogwase 0314,"0125552950
0722931921",pmatlou@orbitcollege.co.za,Malope Peter Matlou,02-Jun-22,01-Jun-27
,P and A Sheet metal Training Academy,05-QCTO/AC-TTC260523130358,93626,"Occupational Certificate: Boilermaker
","15 Pineside Road, New Germany
Durban KwaZulu-Natal 03610",071 884 1778,leigh@pinionadams.co.za account@pinionadams.co.za,Leigh Madurai,26-May-23,25-May-28
,P and A Sheet metal Training Academy,05-QCTO/AC-TTC260523130358,94100,Occupational Certificate: Welder,"15 Pineside Road, New Germany
Durban KwaZulu-Natal 03610",071 884 1778,leigh@pinionadams.co.za account@pinionadams.co.za,Leigh Madurai,26-May-23,25-May-28
,P and T Technology (Pty) Ltd,AC-TTC120923160336,91761,Occupational Certificate: Electrician,"141 Lamp Road, Wadeville Germiston Gauteng",0118274113/6,paul@pandttechnology.co.za,Paul Van Eeden,12-Sep-23,11-Sep-28
,P and T Technology (PTY) Ltd,QCTOASC00190509-1626,91761,Occupational Certificate: Electrician,"141 Lamp Road, Wadeville, Germiston",011 827 4113/6,info@pandttechnology.co.za,"Nick du
Plessis",15-May-19,15-May-24
,P&A Fabricators (Pty) Ltd,AC-TTC140723103805,94100,Occupational Certificate: Welder,"15 Pineside Road , New Germay
Pinetown KwaZulu-Natal 3620",718841778,leigh@pinionadams.co.za,Leigh Madurai,14-Jul-23,13-Jul-28
,P&A Fabricators (Pty) Ltd,AC-TTC140723103805,93626,Occupational Certificate: Boilermaker,"15 Pineside Road , New Germay
Pinetown KwaZulu-Natal 3620",718841778,leigh@pinionadams.co.za,Leigh Madurai,14-Jul-23,13-Jul-28
,PCD College (Pty) Ltd,QCTOASC00210727- 2352,91782,Occupational Certificate: Plumber,651 Veronica Street Montana 0182,123355793,kb@pcd.co.za,Karin Buchling,26-Jul-21,25-Jul-26
,PCD College (Pty) Ltd,QCTOASC00210727- 2352,91761,Occupational Certificate: Electrician,651 Veronica Street Montana 0182,123355793,kb@pcd.co.za,Karin Buchling,26-Jul-21,25-Jul-26
,Phemphetse Trading and Projects,08-QCTO/AC-TTC250124111611,91761,Occupational Certificate: Electrician,"Klarinet Woskshop, No: 3 Sonate Street
Emalahleni Mpumalanga 1039",832943236,info@phemphetsegroup.co.za compliance@phemphetsegroup.co.za,Michael Mlotshwa,25-Jan-24,24-Jan-29
,Phemphetse Trading and Projects,08-QCTO/AC-TTC150224122133,94100,Occupational Certificate: Welder    ,"Klarinet Woskshop, No: 3 Sonate Street
Emalahleni Mpumalanga 1039",832943236,info@phemphetsegroup.co.za compliance@phemphetsegroup.co.za,Michael Mlotshwa,15-Feb-24,14-Feb-29
,PMT Construction and Engineers (Pty) Ltd,07-QCTO/AC-TTC020324173841,91761,Occupational Certificate: Electrician,520 Main Reef Road Denver Gauteng,114750721,sheriff@teeselectrical.co.za,Sheriff Nkomo,01-Mar-24,28-Feb-29
,Polyoak Business School Pty Ltd ,QCTOASC00210726-2512,93598,Occupational Certificate: Plastics Manufacturing Machine Setter,90 Waterford Road Diepriver 7800,021 710 9222,deon.cupido.polyoak.co.za,Deon Cupido,09-Mar-22,08-Mar-27
,Port Elizabeth Traffic Training College,AC-TTC030823093709,97639,Occupational Certificate: Traffic Officer,"Lakeside Road, Green Bushes
Port Elizabeth Eastern Cape 6001",413904500,granny.sebake@rtmc.co.za,S Vencencie,02-Aug-23,01-Aug-28
,Port Elizabeth Traffic Training College,AC-TTC030823093709,101875,Occupational Certificate: Road Traffic Safety Officer,"Lakeside Road, Green Bushes
Port Elizabeth Eastern Cape 6001",413904500,granny.sebake@rtmc.co.za,S Vencencie,02-Aug-23,01-Aug-28
,Port Elizabeth TVET College,QCTOASC00210726-2533,91782,Occupational Certificate:  Plumber                                      ,Struanway Struandale Gqeberha (Port Elizabeth) 6024,041 509 64897,gerhardusp@pec.edu.za,Gerhard Pretorius,09-Jun-22,08-Jun-27
,Port Elizabeth TVET College,QCTOASC00210726-2533,117237,Occupational Certificate: Diesel Mechanic                     ,Struanway Struandale Gqeberha (Port Elizabeth) 6024,041 509 64897,gerhardusp@pec.edu.za,Gerhard Pretorius,09-Jun-22,08-Jun-27
,Port Elizabeth TVET College,QCTOASC00210726-2533,91782,Occupational Certificate: Automotive Motor Mechanic,Struanway Struandale Gqeberha (Port Elizabeth) 6024,041 509 64897,gerhardusp@pec.edu.za,Gerhard Pretorius,09-Jun-22,08-Jun-27
,Power Pro Technologies ,07-QCTO/AC-TTC140922104611,91761,Occupational Certificate: Electrician,40 Standard Street Nigel Gauteng 1491,011 739 4200,christa@powerpro.co.za,Christa Rheeders,14-Sep-22,13-Sep-27
,Prestige International Academy of Hair and Beauty,07-QCTO/AC-TTC150323090224,102497,Occupational Certificate: Hairdresser,5 Sailor Malan Road Edenvale Gauteng 1609,0114532223/ 0837659023,vania@pita.co.za,Vania Pereira,13-Mar-23,12-Mar-28
,Protech Training (Pty) Ltd,QCTOASC00210726-2501,91761,Occupational Certificate: Electrician,07 MA Du Plessis Street Rosylyn 0182,123476414,thapelo@protechtraining.co.za,Thapelo Mokgonyana,22-Oct-21,21-Oct-26
,Prue Leith Chefs Academy Pty Ltd,AC-TTC201023164850,101697,Occupational Certificate: Chef,"262 Rhino Avenue, Hennopspork, Centre
Centurion Gauteng",126545203,adeles@prueleith.co.za,Adele Sriehler van der Westhuizen,20-Oct-23,19-Oct-28
,PTSA Management Services (Pty) Ltd,AC-TTC201023165431,91796,Occupational Certificate: Toolmaker,"19 Baaken Street, Entrance at: 3 Produce Street, Central Port Elizabeth Eastern Cape 6065",825623087,"theovr@ptsa.coza
martinb@ptsa.co.za",Theo van Rooyen,20-Oct-23,19-Oct-28
,QT Worx (Pty) Ltd,01-QCTO/AC-TTC150224133530,97990,Occupational Certificate: Automotive Motor Mechanic,"44 B Jones Street, Parow Cape Town Western Cape",797354909,bilaladamgee@yahoo.com,Bilal Adamgee,15-Feb-24,14-Feb-29
,QT Worx (Pty) Ltd,01-QCTO/AC-TTC150224133530,97592,Occupational Certificate: Diesel Mechanic,"44 B Jones Street, Parow Cape Town Western Cape",797354909,bilaladamgee@yahoo.com,Bilal Adamgee,15-Feb-24,14-Feb-29
,Qualitas Career Academy,AC-TTC111023125716,102497,Occupational Certificate: Hairdresser,74 West Burger Street Bloemfontein,514475412,Sital@qualitasworld.co.za,Sita Lombard,30-Apr-21,30-Apr-26
,Ri A Fhata Civils,QCTOASC00210726-2530,91782,Occupational Certificate: Plumber,"Site 33, Dumasi, Thohoyandou 0950",081 274 6823,admin@riafhatacivils.co.za,Malelelo Tshifhiwa,09-Jun-22,08-Jun-27
,Ri A Fhata Civils,QCTOASC00210726-2530,93627,Occupational Certificate: Bricklayer,"Site 33, Dumasi, Thohoyandou 0950",081 274 6823,admin@riafhatacivils.co.za,Malelelo Tshifhiwa,09-Jun-22,08-Jun-27
,Ri A Fhata Civils,09-QCTO/AC-TTC280423140741,91761,Occupational Certificate: Electrician,"Site 33, Dumasi Village Thohoyandou Limpopo 0950",081 274 6823,admin@riafhatacivils.co.za,Malelelo Tshifhiwa,25-Apr-23,24-Apr-28
,Rigging Academy of South Africa,05-QCTO/AC-TTC140922111340,102856,Occupational Certificate: Rigger,20 Clubhouse Place Westmead Pinetown KwaZulu-Natal 3610,317008744,rasa1@mmekzn.co.za,Andre Van Kerkhof,14-Sep-22,13-Sep-27
,Route Managemenmt (Pty) Ltd,04-QCTO/AC-TTC171122104714,94100,Occupational Certificate: Welder,40 Piet Human Hamilton Bloemfontein Free State 9301,514076903,frikb@salb.co.za,Frik Burger,17-Nov-22,16-Nov-27
,Sappi Southern Africa Pty. Ltd,08-QCTO/AC-TTC230323133239,91761,Occupational Certificate: Electrician,"N4 Highway, Ngodwana Ngodwana Mpumalanga 1209",013 734 6746,Thys.lubbe@sappi.com,Thys Lubbe,23-Mar-23,22-Mar-28
,Sappi Southern Africa Pty. Ltd,08-QCTO/AC-TTC230323133239,94020,Occupational Certificate: Fitter and Turner,"N4 Highway, Ngodwana Ngodwanaw Mpumalanga 1209",013 734 6746,Thys.lubbe@sappi.com,Thys Lubbe,23-Mar-23,22-Mar-28
,Sappi Southern Africa Pty. Ltd,08-QCTO/AC-TTC230323133239,94021,Occupational Certificate: Mechanical Fitter,"N4 Highway, Ngodwana Ngodwana Mpumalanga 1209",013 734 6746,Thys.lubbe@sappi.com,Thys Lubbe,23-Mar-23,22-Mar-28
,SASOL (Sasolburg),04-CHIETA/AC-TTC280423132101,102156,Occupational Certificate: Chemical Plant Operator,"1 Bergius Road, Midland Site
Sasolburg Free State 1947",073 159 0398,nthabuseng.gole@sasol.com,Jabulile Gole,25-Apr-23,24-Apr-28
,SASOL (Secunda),08-QCTO/AC-TTC280423132804,102156,Occupational Certificate: Chemical Plant Operator,"1 PDP Kruger Street, Secunda Site
Secunda Mpumalanga 2302",066 210 6498,rudi.joubert@sasol.com,Rudi Joubert,25-Apr-23,24-Apr-28
,Sekhukhune Artisan Academy,AC-TTC051223143105,91761,Occupational Certificate: Electrician ,"Stand No. 10001, Sekhukhune TVET College (Apel Campus) Ga-Nchabeleng Limpopo 0741","0761370316
0794296981",Evansshaku@gmail.com,Evans Shaku,05-Dec-23,04-Dec-28
,Sekhukhune TVET College,QCTOASC00210726-2535,94022,Occupational Certificate: Carpenter,Stand 676 Motetema Groblersdal 0473,0132690278/ 0728443872,percymokowa@gmail.com,MP Mabooa,09-Jun-22,08-Jun-27
,Seriti Industrial Assessment Centre (Pty) Ltd,07-QCTO/AC-TTC150224163131,115466,Occupational Certificate: Apparel Pattern Designer Assistant,"1 Wol Street Homelake Extension
Ranfontein Gauteng 1759",105933200,francois@aranda.co.za collegeadmin4@aranda.co.za,Francois Paul Barnard,15-Feb-24,14-Feb-29
,Seriti Industrial Assessment Centre (Pty) Ltd,07-QCTO/AC-TTC150224163131,115455,Occupational Certificate: Apparel Pattern Maker and Grader,"1 Wol Street Homelake Extension
Ranfontein Gauteng 1759",105933200,francois@aranda.co.za collegeadmin4@aranda.co.za,Francois Paul Barnard,15-Feb-24,14-Feb-29
,Seriti Industrial Assessment Centre (Pty) Ltd,07-QCTO/AC-TTC150224163131,103181,Occupational Certificate: Beaming and Sizing Machine Operator,"1 Wol Street Homelake Extension
Ranfontein Gauteng 1759",105933200,francois@aranda.co.za collegeadmin4@aranda.co.za,Francois Paul Barnard,15-Feb-24,14-Feb-29
,Seriti Industrial Assessment Centre (Pty) Ltd,07-QCTO/AC-TTC150224163131,115461,Occupational Certificate: Garment Pattern Development Assistant,"1 Wol Street Homelake Extension
Ranfontein Gauteng 1759",105933200,francois@aranda.co.za collegeadmin4@aranda.co.za,Francois Paul Barnard,15-Feb-24,14-Feb-29
,Seriti Industrial Assessment Centre (Pty) Ltd,07-QCTO/AC-TTC150224163131,103143,Occupational Certificate: Man-made Fibre Texturing Production Machine Operator,"1 Wol Street Homelake Extension
Ranfontein Gauteng 1759",105933200,francois@aranda.co.za collegeadmin4@aranda.co.za,Francois Paul Barnard,15-Feb-24,14-Feb-29
,Seriti Industrial Assessment Centre (Pty) Ltd,07-QCTO/AC-TTC150224163131,103146,Occupational Certificate: Man-made Fibre Extrusion Machine Operator,"1 Wol Street Homelake Extension
Ranfontein Gauteng 1759",105933200,francois@aranda.co.za collegeadmin4@aranda.co.za,Francois Paul Barnard,15-Feb-24,14-Feb-29
,Seriti Industrial Assessment Centre (Pty) Ltd,07-QCTO/AC-TTC150224163131,103183,Occupational Certificate: Creeling and Warping Machine Operator,"1 Wol Street Homelake Extension
Ranfontein Gauteng 1759",105933200,francois@aranda.co.za collegeadmin4@aranda.co.za,Francois Paul Barnard,15-Feb-24,14-Feb-29
,Seriti Industrial Assessment Centre (Pty) Ltd,07-QCTO/AC-TTC150224163907,103149,Occupational Certificate: Non-woven Thermo-Bonding Textile Production Machine Operator,"1 Wol Street Homelake Extension
Ranfontein Gauteng 1759",105933200,francois@aranda.co.za collegeadmin4@aranda.co.za,Francois Paul Barnard,15-Feb-24,14-Feb-29
,Seriti Industrial Assessment Centre (Pty) Ltd,07-QCTO/AC-TTC150224163907,103179,Occupational Certificate: Ringframe Spinning and Yarn Packaging Machine Operator,"1 Wol Street Homelake Extension
Ranfontein Gauteng 1759",105933200,francois@aranda.co.za collegeadmin4@aranda.co.za,Francois Paul Barnard,15-Feb-24,14-Feb-29
,Seriti Industrial Assessment Centre (Pty) Ltd,07-QCTO/AC-TTC150224163907,103152,Occupational Certificate: Rotor Spinning and Yarn Packaging Machine Operator,"1 Wol Street Homelake Extension
Ranfontein Gauteng 1759",105933200,francois@aranda.co.za collegeadmin4@aranda.co.za,Francois Paul Barnard,15-Feb-24,14-Feb-29
,Seriti Industrial Assessment Centre (Pty) Ltd,07-QCTO/AC-TTC150224163907,97238,Occupational Certificate: Sewing Machine Operator,"1 Wol Street Homelake Extension
Ranfontein Gauteng 1759",105933200,francois@aranda.co.za collegeadmin4@aranda.co.za,Francois Paul Barnard,15-Feb-24,14-Feb-29
,Seriti Industrial Assessment Centre (Pty) Ltd,07-QCTO/AC-TTC150224163907,118099,Occupational Certificate: Sewing Machine Mechanic Repairer,"1 Wol Street Homelake Extension
Ranfontein Gauteng 1759",105933200,francois@aranda.co.za collegeadmin4@aranda.co.za,Francois Paul Barnard,15-Feb-24,14-Feb-29
,Seriti Industrial Assessment Centre (Pty) Ltd,07-QCTO/AC-TTC150224163907,103180,Occupational Certificate: Speciality Yarn Assembly Machine Operator,"1 Wol Street Homelake Extension
Ranfontein Gauteng 1759",105933200,francois@aranda.co.za collegeadmin4@aranda.co.za,Francois Paul Barnard,15-Feb-24,14-Feb-29
,Seriti Industrial Assessment Centre (Pty) Ltd,07-QCTO/AC-TTC150224163907,103154,Occupational Certificate: Textile Blowroom and Carding Machine Operator,"1 Wol Street Homelake Extension
Ranfontein Gauteng 1759",105933200,francois@aranda.co.za collegeadmin4@aranda.co.za,Francois Paul Barnard,15-Feb-24,14-Feb-29
,Seriti Industrial Assessment Centre (Pty) Ltd,07-QCTO/AC-TTC150224164909,103184,Occupational Certificate: Textile Dry Fringing Machine Operator,"1 Wol Street Homelake Extension
Ranfontein Gauteng 1759",105933200,francois@aranda.co.za collegeadmin4@aranda.co.za,Francois Paul Barnard,15-Feb-24,14-Feb-29
,Seriti Industrial Assessment Centre (Pty) Ltd,07-QCTO/AC-TTC150224164909,103188,Occupational Certificate: Textile Wet Product Finishing Machine Operator,"1 Wol Street Homelake Extension
Ranfontein Gauteng 1759",105933200,francois@aranda.co.za collegeadmin4@aranda.co.za,Francois Paul Barnard,15-Feb-24,14-Feb-29
,Seriti Industrial Assessment Centre (Pty) Ltd,07-QCTO/AC-TTC150224164909,103182,Occupational Certificate: Textile Carding and Drawframe Machine Operator,"1 Wol Street Homelake Extension
Ranfontein Gauteng 1759",105933200,francois@aranda.co.za collegeadmin4@aranda.co.za,Francois Paul Barnard,15-Feb-24,14-Feb-29
,Seriti Industrial Assessment Centre (Pty) Ltd,07-QCTO/AC-TTC150224164909,103147,Occupational Certificate: Textile Dry Product Surface Preparation Machine,"1 Wol Street Homelake Extension
Ranfontein Gauteng 1759",105933200,francois@aranda.co.za collegeadmin4@aranda.co.za,Francois Paul Barnard,15-Feb-24,14-Feb-29
,Seriti Industrial Assessment Centre (Pty) Ltd,07-QCTO/AC-TTC150224164909,103148,Occupational Certificate: Textile Dry Finishing and Heat Setting Machine Operator,"1 Wol Street Homelake Extension
Ranfontein Gauteng 1759",105933200,francois@aranda.co.za collegeadmin4@aranda.co.za,Francois Paul Barnard,15-Feb-24,14-Feb-29
,Seriti Industrial Assessment Centre (Pty) Ltd,07-QCTO/AC-TTC150224164909,103153,"Occupational Certificate: Textile Sliver Lap, Combing and Drawframe Machine Operator","1 Wol Street Homelake Extension
Ranfontein Gauteng 1759",105933200,francois@aranda.co.za collegeadmin4@aranda.co.za,Francois Paul Barnard,15-Feb-24,14-Feb-29
,Seriti Industrial Assessment Centre (Pty) Ltd,07-QCTO/AC-TTC150224164909,103221,Occupational Certificate: Textile Drawframe and Speedframe Machine Operator,"1 Wol Street Homelake Extension
Ranfontein Gauteng 1759",105933200,francois@aranda.co.za collegeadmin4@aranda.co.za,Francois Paul Barnard,15-Feb-24,14-Feb-29
,Seriti Industrial Assessment Centre (Pty) Ltd,07-QCTO/AC-TTC150224165447,103186,Occupational Certificate: Textile Wet Process Coating Machine Operator,"1 Wol Street Homelake Extension
Ranfontein Gauteng 1759",105933200,francois@aranda.co.za collegeadmin4@aranda.co.za,Francois Paul Barnard,15-Feb-24,14-Feb-29
,Seriti Industrial Assessment Centre (Pty) Ltd,07-QCTO/AC-TTC150224165447,103144,Occupational Certificate: Textile Wet Process Preparation Machine Operator,"1 Wol Street Homelake Extension
Ranfontein Gauteng 1759",105933200,francois@aranda.co.za collegeadmin4@aranda.co.za,Francois Paul Barnard,15-Feb-24,14-Feb-29
,Seriti Industrial Assessment Centre (Pty) Ltd,07-QCTO/AC-TTC150224165447,101367,Occupational Certificate: Textile Wet Process Printing Machine Operator,"1 Wol Street Homelake Extension
Ranfontein Gauteng 1759",105933200,francois@aranda.co.za collegeadmin4@aranda.co.za,Francois Paul Barnard,15-Feb-24,14-Feb-29
,Seriti Industrial Assessment Centre (Pty) Ltd,07-QCTO/AC-TTC150224165447,101278,Occupational Certificate: Textile Wet Process Dyeing Machine Operator,"1 Wol Street Homelake Extension
Ranfontein Gauteng 1759",105933200,francois@aranda.co.za collegeadmin4@aranda.co.za,Francois Paul Barnard,15-Feb-24,14-Feb-29
,Seriti Industrial Assessment Centre (Pty) Ltd,07-QCTO/AC-TTC150224165447,101404,Occupational Certificate: Tufting Machine Operator,"1 Wol Street Homelake Extension
Ranfontein Gauteng 1759",105933200,francois@aranda.co.za collegeadmin4@aranda.co.za,Francois Paul Barnard,15-Feb-24,14-Feb-29
,Seriti Industrial Assessment Centre (Pty) Ltd,07-QCTO/AC-TTC150224165447,101371,Occupational Certificate: Warp Knitting Machine Operator,"1 Wol Street Homelake Extension
Ranfontein Gauteng 1759",105933200,francois@aranda.co.za collegeadmin4@aranda.co.za,Francois Paul Barnard,15-Feb-24,14-Feb-29
,Seriti Industrial Assessment Centre (Pty) Ltd,07-QCTO/AC-TTC150224165447,101384,Occupational Certificate: Weaving Machine Operator,"1 Wol Street Homelake Extension
Ranfontein Gauteng 1759",105933200,francois@aranda.co.za collegeadmin4@aranda.co.za,Francois Paul Barnard,15-Feb-24,14-Feb-29
,Seriti Industrial Assessment Centre (Pty) Ltd,07-QCTO/AC-TTC150224170010,101325,Occupational Certificate: Braiding Machine Operator,"1 Wol Street Homelake Extension
Ranfontein Gauteng 1759",105933200,francois@aranda.co.za collegeadmin4@aranda.co.za,Francois Paul Barnard,15-Feb-24,14-Feb-29
,Seriti Industrial Assessment Centre (Pty) Ltd,07-QCTO/AC-TTC150224170010,101374,Occupational Certificate: Weft Knitting Machine Operator,"1 Wol Street Homelake Extension
Ranfontein Gauteng 1759",105933200,francois@aranda.co.za collegeadmin4@aranda.co.za,Francois Paul Barnard,15-Feb-24,14-Feb-29
,Shukela Training centre (Pty) Ltd,AC-TTC241123124921,97585,Occupational Certificate: Millwright,"31 Sugarmill Way Mount Edgecombe Durban
KwaZulu-Natal 4001",315087728,Bronwyn.govender@sasa.org.za,Bronwyn Govender,23-Nov-23,22-Nov-28
,Silver Dune Trading 103 Pty.Ltd,QCTOASC00210726-2511,102497,Occupational Certificate: Hairdresser,Mc Rode Avenue Potchefstroom 2531,"073 207 4321
071 241 2542",Elsabe@thasa.org.za,Maria Elizabeth Sheppard,09-Feb-22,08-Mar-27
,Silver Solutions 1273 CC,AC-TTC120923155517,91782,Occupational Certificate: Plumber,Lot 44 Marburg SettlementsmPort Shepstone KwaZulu-Natal,"0813014803
0845557743",vishnurajam8@gmail.com,Mehendra Sewpersadh,12-Sep-23,11-Sep-28
,Silwood Kitchens CC,QCTOASC00190402- 1623,101697,Occupational Certificate: Chef,40 Riverton Road (Corner Silwood and Riverton Road),021 686 4894,Sukey2@Silwood.co.za,Carianne Wilkinson,29-Mar-19,29-Mar-24
,Sivuyile Skills Training Centre (Pty) Ltd,05-QCTO/AC-TTC250124152308,94100,Occupational Certificate: Welder    ,"184 Gate Street, Congella Durban KwaZulu-Natal",314000653,info@sivuyile.co.za,Dennis Suthu,25-Jan-24,24-Jan-29
,SKAWR (Pty) Ltd,09-QCTO/AC-TTC270223110106,94021,Occupational Certificate: Mechanical Fitter,2 President Steyn Street Phalaborwa Limpopo 1390,626677893,wilson.shilowa@gmail.com,Wilson Shilowa,20-Feb-23,19-Feb-28
,SKAWR (Pty) Ltd,09-QCTO/AC-TTC270223110106,97592,Occupational Certificate: Diesel Mechanic,2 President Steyn Street Phalaborwa Limpopo 1390,626677893,wilson.shilowa@gmail.com,Wilson Shilowa,20-Feb-23,19-Feb-28
,SKF South Africa (Pty) Ltd,AC-TTC241123125635,94021,"Occupational Certificate: Mechanical Fitter
","06 Marling Road, Jet Park Boksburg Gauteng",119071192,michael@tdsconsultancy.com,Michael Mogagabe,24-Nov-23,23-Nov-28
,Skills Proficiency Training Solutions (Pty) Ltd,02-QCTO/AC-TTC250124153828,91781,Occupational Certificate: Electrical Line Mechanic: Overhead Lines,"Bowvest Industrial Park, Unit 18, Gonubie
East London Eastern Cape",827106575,Ktanner.spts@gmail.com,Ken Tanner,25-Jan-24,24-Jan-29
,Sol Platje Emergency Services Training,03-QCTO/AC-TTC240823160617,98991,Occupational Certificate: Firefighter,"Emergency Fire Station 21 Lyndhurst Road
Kimberley Northern Cape 8301",0538324211/ 0764136443,nsephiri@solplatje.org.za,Ntati John Sephiri,24-Aug-23,23-Aug-28
,Sol Tech Opleidingsentrum,07-QCTO/AC-TTC250723124531,102004,Occupational Certificate: Mechatronics Technician,"16 Duinlewerik Street, Monumentpark
Pretoria Gauteng 0105",066 236 7169,vanessa@sol-tech.co.za,Verster Vanessa,25-Jul-23,24-Jul-28
,Sol-Tech Opleidingsentrum (Pty) Ltd,07-QCTO/AC-TTC250124112325,91796,Occupational Certificate: Toolmaker,"16 Duinlewerikstraat, Monumentpark, Sol-Tech College Pretoria Gauteng 0105",861999880,"vanessa@sol-tech.co.za
paul@sol-tech.co.za",Vanessa Verster,25-Jan-24,24-Jan-29
,Sondela Academy (Pty) Ltd,QCTOASC00210726-2505,101697,Occupational Certificate: Chef,"Sondela Nature Reserve & Spa, Farm Tweefontein 462kr, Bela-Bela 0480",760918096,qaman@sondelaacademy.net,Gerbrecht Hendrina,06-Dec-21,05-Dec-26
,South African Academy for Hair and Skincare Technology,06-QCTO/AC-TTC151122230020,102497,Occupational Certificate: Hairdresser,55 James Moroka Ave Potchefstroom North West 2531,182949012,lechair1@saahst.co.za,Maarilise Van Wyk,14-Nov-22,13-Nov-27
,South African Academy for Hair and Skincare Technology,06-QCTO/AC-TTC151122230020,97226,Occupational Certificate: Hairdresser,55 James Moroka Ave Potchefstroom North West 2531,182949012,lechair1@saahst.co.za,Maarilise Van Wyk,14-Nov-22,13-Nov-27
,"South African Academy for Hair
and Skincare Technology",QCTOASC00210726-2525,102497,Occupational Certificate: Hairdresser,55 James Moroka Ave Potchefstroom North West 2531,018 294 9000,lechair1@saahst.co.za,Maarilise Van Wyk,23-May-22,22-May-27
,South West Gauteng TVET College,QCTOASC00210726-2530,91761,Occupational Certificate: Electrician,No. 1 Hinda and Lawson Street Roodepoort 1724,101415049,sebea@swgc.co.za,Aubrey Sebe,09-Jun-22,08-Jun-27
,South West Gauteng TVET College,AC-TTC241123130256,94100,Occupational Certificate: Welder    ,"1822a Molele Street, Cnr Koma Road and Molele Street, Molapo, Soweto Soweto Gauteng 1801",101418090,sebea@swgc.co.za,Aubrey Sebe,24-Nov-23,23-Nov-28
,Steel and Engineering Industry Federation of Southern Africa NPC,AC-TTC051223134635,91761,Occupational Certificate: Electrician ,"16 Lancastor Road, Secure poplar Business Park, Actonville Benoni Gauteng 1501",827566568,"emile.stc@seifsa.co.za
ezel.stc@seifsa.co.za",Emile Jacobs,05-Dec-23,04-Dec-28
,Steel and Engineering Industry Federation of Southern Africa NPC,AC-TTC051223134635,94021,"Occupational Certificate: Mechanical Fitter
","16 Lancastor Road, Secure poplar Business Park, Actonville Benoni Gauteng 1501",827566568,"emile.stc@seifsa.co.za
ezel.stc@seifsa.co.za",Emile Jacobs,05-Dec-23,04-Dec-28
,Steel and Engineering Industry Federation of Southern Africa NPC,AC-TTC051223134635,97585,Occupational Certificate: Millwright,"16 Lancastor Road, Secure poplar Business Park, Actonville Benoni Gauteng 1501",827566568,"emile.stc@seifsa.co.za
ezel.stc@seifsa.co.za",Emile Jacobs,05-Dec-23,04-Dec-28
,Steel and Engineering Industry Federation of Southern Africa NPC,AC-TTC051223134635,94020,"Occupational Certificate: Fitter and Turner
","16 Lancastor Road, Secure poplar Business Park, Actonville Benoni Gauteng 1501",827566568,"emile.stc@seifsa.co.za
ezel.stc@seifsa.co.za",Emile Jacobs,05-Dec-23,04-Dec-28
,Steel and Engineering Industry Federation of Southern Africa NPC,AC-TTC051223134635,94100,Occupational Certificate: Welder    ,"16 Lancastor Road, Secure poplar Business Park, Actonville Benoni Gauteng 1501",827566568,"emile.stc@seifsa.co.za
ezel.stc@seifsa.co.za",Emile Jacobs,05-Dec-23,04-Dec-28
,Steel and Engineering Industry Federation of Southern Africa NPC,AC-TTC051223134635,99255,Occupational Certificate: Pipe fitter,"16 Lancastor Road, Secure poplar Business Park, Actonville Benoni Gauteng 1501",827566568,"emile.stc@seifsa.co.za
ezel.stc@seifsa.co.za",Emile Jacobs,05-Dec-23,04-Dec-28
,Steel and Engineering Industry Federation of Southern Africa NPC,07-QCTO/AC-TTC020324171346,93626,"Occupational Certificate: Boilermaker
","16 Lancastor Road, Secure poplar Business Park, Actonville Benoni Gauteng 1501","0827566568
0114222500",emile.stc@seifsa.co.za ezel.stc@seifsa.co.za,Emile Jacobs,01-Mar-24,28-Feb-29
,Steel and Engineering Industry Federation of Southern Africa NPC,07-QCTO/AC-TTC020324171346,94701,Occupational Certificate: Instrument Mechanician,"16 Lancastor Road, Secure poplar Business Park, Actonville Benoni Gauteng 1501","0827566568
0114222500",emile.stc@seifsa.co.za ezel.stc@seifsa.co.za,Emile Jacobs,01-Mar-24,28-Feb-29
,Steyns Culinary School (Pty) Ltd,AC-TTC261023142601,102296,Occupational Certificate: Cook,"345 Gyln Street, Hatfield, Pretoria Gauteng 0083",123625340,accounts@steynsculinaryschool.co.za,David Steyn,26-Oct-23,25-Oct-28
,Steyns Culinary School (Pty) Ltd,AC-TTC261023142601,110644,Occupational Certificate: Food Handler,"345 Gyln Street, Hatfield, Pretoria Gauteng 0083",123625340,accounts@steynsculinaryschool.co.za,David Steyn,26-Oct-23,25-Oct-28
,Supplier Park Development Company SOC LTD,07-QCTO/AC-TTC250723124133,102004,Occupational Certificate: Mechatronics Technician,"30 Helium Road, Rosslyn Pretoria
Gauteng 0122",012 5645295,vndletyana@aidc.co.za,Ndletyana Vuyo,24-Aug-23,23-Aug-28
,Tavera Solutions (Pty) Ltd,07-QCTO/AC-TTC071222095829,91761,Occupational Certificate: Electrician,"166 Watt Road, New Era Springs Gauteng 1559",072 153 3618,Trrjeche24@gmail.com,"Indren Veeragaloo,",07-Dec-22,06-Dec-27
,Technopro Trading Enterprise,QCTOASC00210726-2503,101697,Occupational Certificate: Chef,"No 32 Corgi Place, Austin View Midrand",102237155,citrum@chef-khumalo.info,Citrum Bonginkosi Khumalo,22-Oct-21,21-Oct-26
,Technotrain (Pty) Ltd,07-QCTO/AC-TTC290523222802,94020,"Occupational Certificate: Fitter and Turner
","32A Spartan Road, Spartan Kempton Park Gauteng 1619",011 392 2058,jonathant@technotrain.co.za nozibele@technotrain.co.za,Jonathan Trollip,26-May-23,25-May-28
,Technotrain (Pty) Ltd,07-QCTO/AC-TTC290523222802,94021,Occupational Certificate: Mechanical Fitter ,"32A Spartan Road, Spartan Kempton Park Gauteng 1619",011 392 2058,jonathant@technotrain.co.za nozibele@technotrain.co.za,Jonathan Trollip,26-May-23,25-May-28
,Technotrain (Pty) Ltd,07-QCTO/AC-TTC290523222802,97585,Occupational Certificate: Millwright ,"32A Spartan Road, Spartan Kempton Park Gauteng 1619",011 392 2058,jonathant@technotrain.co.za nozibele@technotrain.co.za,Jonathan Trollip,26-May-23,25-May-28
,Technotrain (Pty) Ltd,07-QCTO/AC-TTC290523222802,94100,Occupational Certificate: Welder,"32A Spartan Road, Spartan Kempton Park Gauteng 1619",011 392 2058,jonathant@technotrain.co.za nozibele@technotrain.co.za,Jonathan Trollip,26-May-23,25-May-28
,Technotrain (Pty) Ltd,AC-TTC030823102355,91761,Occupational Certificate: Electrician,"32A Spartan Road, Spartan Kempton Park Gauteng 1619",113922058,jonathant@technotrain.co.za nozibele@technotrain.co.za,Jonathan Trollip,02-Aug-23,01-Aug-28
,Technotrain (Pty) Ltd,AC-TTC201023170908,97585,Occupational Certificate: Millwright,"37 Circuit Road, Pinetown Durban KwaZulu-Natal",317001051,jonathant@technotrain.co.za,Jonathan Trollip,20-Oct-23,19-Oct-28
,Technotrain (Pty) Ltd,AC-TTC201023170908,91761,Occupational Certificate: Electrician ,"37 Circuit Road, Pinetown Durban KwaZulu-Natal",317001051,jonathant@technotrain.co.za,Jonathan Trollip,20-Oct-23,19-Oct-28
,Technotrain (Pty) Ltd,AC-TTC201023170908,94021,"Occupational Certificate: Mechanical Fitter
","37 Circuit Road, Pinetown Durban KwaZulu-Natal",317001051,jonathant@technotrain.co.za,Jonathan Trollip,20-Oct-23,19-Oct-28
,Thandeka Vocational Education Trust Assessment Centre,AC-TTC241123140728,97238,Occupational Certificate: Sewing Machine Operator,"13 Sydow Street, Maitland Cape Town
Western Cape 7405",723580580,theresa@tvetsa.org.za,Theresa Otto,24-Nov-23,23-Nov-28
,The Automobile Association of South Africa,07-QCTO/AC-TTC020324163859,91761,Occupational Certificate: Electrician,"338 George Road, Unit A Alphen Square West
Midrand Gauteng 1683","0117991053
0813574818",Daveen.Chabalala@aasa.co.za,Daveen Chabalala,01-Mar-24,28-Feb-29
,The Automobile Association of South Africa,07-QCTO/AC-TTC020324163859,93626,"Occupational Certificate: Boilermaker
","338 George Road, Unit A Alphen Square West
Midrand Gauteng 1683","0117991053
0813574818",Daveen.Chabalala@aasa.co.za,Daveen Chabalala,01-Mar-24,28-Feb-29
,The Capital Hotel School and Training Academy,AC-TTC241023094824,102296,Occupational Certificate: Cook,"919 Stanza Bopape Street Arcadia Pretoria
Gauteng 0083",124305539,Suzanne@capitalhotelschool.co.za,Suzanne Crozier,24-Oct-23,23-Oct-28
,The Capital Hotel School and Training Academy,AC-TTC241023094824,110644,Occupational Certificate: Food Handler,"919 Stanza Bopape Street Arcadia Pretoria
Gauteng 0083",124305539,Suzanne@capitalhotelschool.co.za,Suzanne Crozier,24-Oct-23,23-Oct-28
,"The Capital Hotel School and Training
Academy (Pty) Ltd",QCTOASC00201210- 2289,101697,Occupational Certificate: Chef,"919 Stanza Bopape Street, Arcadia, Pretoria",012 4305539,simone@capitalhotelscho ol.co.za,"Ronel Bezuidenho
ut",14-Dec-20,14-Dec-25
,The Golden Scissors Academy Pty (Ltd),QCTOASC00210726-2532,102497,Occupational Certificate: Hairdresser,177 Silverton Road Musgrave 4001,031 206 2906,goldenscissors@ananzi.co.za,Sharlene Singh,09-Jun-22,08-Jun-27
,The Hair College : Image One (Pty) Ltd,02-QCTO/AC-TTC260523133134,102497,Occupational Certificate: Hairdresser,43 Newton Street Port Elizabeth Eastern Cape 6045,041 365 1491,imagaes1hairacademy@gmail.com,Anny Britz,26-May-23,25-May-28
,The Hair Trade Test Centre,07-QCTO/AC-TTC150323131621,102497,Occupational Certificate: Hairdresser,"29 May Avenue, Arcon Park Vereeniging Gauteng 1939",073 554 5263,56817074@mweb.co.za,Renier Maritz,15-Mar-23,14-Mar-28
,The Master Chef Culinary Academy,QCTOASC00200309- 1948,101697,Occupational Certificate: Chef,"55 Grays Inn Road, Bluff","071 603 3271""",fatimastanley@webmail.c o.za,Fatima Stanley,24-Mar-20,24-Mar-25
,The SAJ Competency Training Institute (Pty) Ltd,AC-TTC140723104524,91761,Occupational Certificate: Electrician,"Corner Dekema and 286 Dekema Road, Wadeville Germiston Gauteng 1401",0118275710 0105905523,phillip@saj.co.za,Clifford Mashau,14-Jul-23,13-Jul-28
,The SAJ Competency Training Institute (Pty) Ltd,AC-TTC140723104524,97585,Occupational Certificate: Millwright,"Corner Dekema and 286 Dekema Road, Wadeville Germiston Gauteng 1401",0118275710 0105905523,phillip@saj.co.za,Clifford Mashau,14-Jul-23,13-Jul-28
,The SAJ Competency Training Institute (Pty) Ltd,AC-TTC140723104524,94021,Occupational Certificate: Mechanical Fitter,"Corner Dekema and 286 Dekema Road, Wadeville Germiston Gauteng 1401",0118275710 0105905523,phillip@saj.co.za,Clifford Mashau,14-Jul-23,13-Jul-28
,The SAJ Competency Training Institute (Pty) Ltd,AC-TTC140723104524,94020,Occupational Certificate: Fitter and Turner,"Corner Dekema and 286 Dekema Road, Wadeville Germiston Gauteng 1401",0118275710 0105905523,phillip@saj.co.za,Clifford Mashau,14-Jul-23,13-Jul-28
,The SAJ Competency Training Institute (Pty) Ltd,AC-TTC140723104524,94100,Occupational Certificate: Welder,"Corner Dekema and 286 Dekema Road, Wadeville Germiston Gauteng 1401",0118275710 0105905523,phillip@saj.co.za,Clifford Mashau,14-Jul-23,13-Jul-28
,The SAJ Competency Training Institute (Pty) Ltd,AC-TTC140723104524,93626,Occupational Certificate: Boilermaker,"Corner Dekema and 286 Dekema Road, Wadeville Germiston Gauteng 1401",0118275710 0105905523,phillip@saj.co.za,Clifford Mashau,14-Jul-23,13-Jul-28
,The South African Nuclear Energy Corporation Ltd,06-QCTO/AC-TTC150224125435,91761,Occupational Certificate: Electrician,"Elias Motsoaledi Extension (Church Street West), R104 Pelindaba, Brits Magisterial District, Madibeng Municipality Pelindaba North West 0240",123053453,Thabo.July@necsa.co.za,C.A Mokoena,15-Feb-24,14-Feb-29
,The South African Nuclear Energy Corporation Ltd,06-QCTO/AC-TTC150224125435,93626,"Occupational Certificate: Boilermaker
","Elias Motsoaledi Extension (Church Street West), R104 Pelindaba, Brits Magisterial District, Madibeng Municipality Pelindaba North West 0240",123053453,Thabo.July@necsa.co.za,C.A Mokoena,15-Feb-24,14-Feb-29
,The South African Nuclear Energy Corporation Ltd,06-QCTO/AC-TTC150224125435,94100,Occupational Certificate: Welder    ,"Elias Motsoaledi Extension (Church Street West), R104 Pelindaba, Brits Magisterial District, Madibeng Municipality Pelindaba North West 0240",123053453,Thabo.July@necsa.co.za,C.A Mokoena,15-Feb-24,14-Feb-29
,The South African Nuclear Energy Corporation Ltd,06-QCTO/AC-TTC150224125435,97585,Occupational Certificate: Millwright,"Elias Motsoaledi Extension (Church Street West), R104 Pelindaba, Brits Magisterial District, Madibeng Municipality Pelindaba North West 0240",123053453,Thabo.July@necsa.co.za,C.A Mokoena,15-Feb-24,14-Feb-29
,The South African Nuclear Energy Corporation Ltd,06-QCTO/AC-TTC150224125435,94020,"Occupational Certificate: Fitter and Turner
","Elias Motsoaledi Extension (Church Street West), R104 Pelindaba, Brits Magisterial District, Madibeng Municipality Pelindaba North West 0240",123053453,Thabo.July@necsa.co.za,C.A Mokoena,15-Feb-24,14-Feb-29
,The South African Nuclear Energy Corporation Ltd,06-QCTO/AC-TTC150224125435,94701,Occupational Certificate: Instrument Mechanician,"Elias Motsoaledi Extension (Church Street West), R104 Pelindaba, Brits Magisterial District, Madibeng Municipality Pelindaba North West 0240",123053453,Thabo.July@necsa.co.za,C.A Mokoena,15-Feb-24,14-Feb-29
,The South African Nuclear Energy Corporation Ltd,06-QCTO/AC-TTC150224125435,99255,Occupational Certificate: Pipe fitter,"Elias Motsoaledi Extension (Church Street West), R104 Pelindaba, Brits Magisterial District, Madibeng Municipality Pelindaba North West 0240",123053453,Thabo.July@necsa.co.za,C.A Mokoena,15-Feb-24,14-Feb-29
,The South African Nuclear Energy Corporation Ltd,06-QCTO/AC-TTC150224125731,94021,"Occupational Certificate: Mechanical Fitter
","Elias Motsoaledi Extension (Church Street West), R104 Pelindaba, Brits Magisterial District, Madibeng Municipality Pelindaba North West 0240",123053453,Thabo.July@necsa.co.za,C.A Mokoena,15-Feb-24,14-Feb-29
,Tiespro 51 (Pty) Ltd,05-QCTO/AC-TTC250124162532,96396,Occupational Certificate: Freight Handler,"1 Mirika, 63 Eighth Avenue, Windermere
Durban KwaZulu-Natal 4001",656826615,Natalie@tiespro.co.za,Natalie Ann,25-Jan-24,24-Jan-29
,Tiespro 51 (Pty) Ltd,05-QCTO/AC-TTC250124162532,96368,Occupational Certificate: Clearing and Forwarding Agent,"1 Mirika, 63 Eighth Avenue, Windermere
Durban KwaZulu-Natal 4001",656826615,Natalie@tiespro.co.za,Natalie Ann,25-Jan-24,24-Jan-29
,Tiespro 51 (Pty) Ltd,05-QCTO/AC-TTC250124162532,94025,Occupational Certificate: Transport Clerk,"1 Mirika, 63 Eighth Avenue, Windermere
Durban KwaZulu-Natal 4001",656826615,Natalie@tiespro.co.za,Natalie Ann,25-Jan-24,24-Jan-29
,Tim Brown Electrical Works,QCTOASC00210726-2517,91761,Occupational Certificate: Electrician,228 Soutter Street Pretoria West 0183,012 755 0300,info.timbrownelectrical@gmail.com,Nafti Paul,09-Mar-22,08-Mar-27
,Tim Brown Electrical Works,QCTOASC00210429-2324,91761,Occupational Certificate: Electrician,12 WF Nkomo Street Pretoria 0001,127550300,info@timbrownelectrical.co.za,Paul L Nafti,30-Apr-21,30-Apr-26
,Tjantjello Training Solutions (Pty) Ltd,AC-TTC020823213451,91761,Occupational Certificate: Electrician,"108 Columbine Avenue, Mondeor Johannesburg Gauteng 2091",100100840,qa@tjantjello.co.za,Puleng Pelembe,02-Aug-23,01-Aug-28
,Tjeka Training Matters,QCTOASC00210726-2527,93627,Occupational Certificate:  Bricklayer                           ,"No 10 Toyota Street, Aureus Industrial Site Randfontein 1759",011 605 2777 / 082 807 4783,florah@tjeka.co.za,Frans Toua,23-May-22,22-May-27
,Tjeka Training Matters,QCTOASC00210726-2527,91782,Occupational Certificate: Plumber,"No 10 Toyota Street, Aureus Industrial Site Randfontein 1759",011 605 2777 / 082 807 4783,florah@tjeka.co.za,Frans Toua,23-May-22,22-May-27
,Toyota South Africa Motors (Pty) Ltd,AC-TTC201023170351,97585,Occupational Certificate: Millwright,"24 Prospecton Road, Isipingo Beach
Durban KwaZulu-Natal",319102969,kgovender7@toyota.co.za,Kercey Govender,20-Oct-23,19-Oct-28
,Toyota South Africa Motors (Pty) Ltd,AC-TTC201023170351,91761,Occupational Certificate: Electrician ,"24 Prospecton Road, Isipingo Beach
Durban KwaZulu-Natal",319102969,kgovender7@toyota.co.za,Kercey Govender,20-Oct-23,19-Oct-28
,Toyota South Africa Motors (Pty) Ltd,AC-TTC201023170351,94021,"Occupational Certificate: Mechanical Fitter
","24 Prospecton Road, Isipingo Beach
Durban KwaZulu-Natal",319102969,kgovender7@toyota.co.za,Kercey Govender,20-Oct-23,19-Oct-28
,Toyota South Africa Motors (Pty) Ltd,AC-TTC201023170351,94020,"Occupational Certificate: Fitter and Turner
","24 Prospecton Road, Isipingo Beach
Durban KwaZulu-Natal",319102969,kgovender7@toyota.co.za,Kercey Govender,20-Oct-23,19-Oct-28
,Trade Test Training Centre (Pty) Ltd,AC-TTC140723105756,97592,Occupational Certificate: Diesel Mechanic,"45 Tienie Steet, Andeon Pretoria Gauteng 0002",614775115,ansa@tradetesttrainingcentre.co.za,Anna Sophia Venter,14-Jul-23,13-Jul-28
,Tradesman Skills and Training (Pty) Ltd,09-QCTO/AC-TTC150922223543,94100,Occupational Certificate: Welder    ,"Factory 63, Freedom Drive, Industrial Park Seshego Limpopo 0741",083 735 6620,admin3@tstplk.co.za,083 735 6620,15-Sep-22,14-Sep-27
,Tradesman Skills and Training (Pty) Ltd,09-QCTO/AC-TTC150922223543,91782,Occupational Certificate:  Plumber  ,"Factory 63, Freedom Drive, Industrial Park Seshego Limpopo 0741",083 735 6620,admin3@tstplk.co.za,083 735 6620,15-Sep-22,14-Sep-27
,Tradesman Skills and Training (Pty) Ltd,09-QCTO/AC-TTC150922223543,94021,Occupational Certificate: Mechanical Fitter,"Factory 63, Freedom Drive, Industrial Park Seshego Limpopo 0741",083 735 6620,admin3@tstplk.co.za,083 735 6620,15-Sep-22,14-Sep-27
,Tradesman Skills and Training (Pty) Ltd,09-QCTO/AC-TTC150224134156,97585,Occupational Certificate: Millwright,"Factory 63, Zone 6 Freedom Drive, Industrial Park
Seshego Limpopo 0741",837356620,admin2@tstplk.co.za,Ciska Prinsloo,15-Feb-24,14-Feb-29
,Tradesman Skills and Training (Pty) Ltd,09-QCTO/AC-TTC150224134156,91761,Occupational Certificate: Electrician,"Factory 63, Zone 6 Freedom Drive, Industrial Park
Seshego Limpopo 0741",837356620,admin2@tstplk.co.za,Ciska Prinsloo,15-Feb-24,14-Feb-29
,Try Easy Electrical Solutions (pty) Ltd,07-QCTO/AC-TTC140922113146,94100,Occupational Certificate: Welder,06 Moshoeshoe Road Sebokeng Gauteng 1983,067 024 1104,Bonginkosi@teeselectrical.co.za,Bonginkosi Ngobeni,14-Sep-22,13-Sep-27
,Tshwane South TVET College,QCTOASC00210726-2539,94021,"Occupational Certificate: Mechanical Fitter
",1 College Avenue – Tek Base Lyttleton 0140,126608535,sigwilil@tsc.edu.za,Luyolo Sigwili,06-Jul-22,05-Jul-27
,Tshwane South TVET College,QCTOASC00210726-2539,94020,"Occupational Certificate: Fitter and Turner
",1 College Avenue – Tek Base Lyttleton 0140,126608535,sigwilil@tsc.edu.za,Luyolo Sigwili,06-Jul-22,05-Jul-27
,Tshwane South TVET College,QCTOASC00210726-2539,97592,"Occupational Certificate: Diesel Mechanic
",1 College Avenue – Tek Base Lyttleton 0140,126608535,sigwilil@tsc.edu.za,Luyolo Sigwili,06-Jul-22,05-Jul-27
,Tshwane South TVET College,QCTOASC00210726-2539,97990,Occupational Certificate: Automotive Motor Mechanic,1 College Avenue – Tek Base Lyttleton 0140,126608535,sigwilil@tsc.edu.za,Luyolo Sigwili,06-Jul-22,05-Jul-27
,Tshwane South TVET College,AC-TTC020823211124,91761,Occupational Certificate: Electrician,"1 College Avenue, Tek Base, Lyttleton
Centurion Gauteng 0140",126608535,sigwilil@tsc.edu.za,Luyolo Sigwili,02-Aug-23,01-Aug-28
,Tshwane South TVET College,AC-TTC020823211124,94100,Occupational Certificate: Welder,"1 College Avenue, Tek Base, Lyttleton Centurion Gauteng 0140",126608535,sigwilil@tsc.edu.za,Luyolo Sigwili,02-Aug-23,01-Aug-28
,Umbilo Skills Training Centre,QCTOASC00210726-2528,91761,Occupational Certificate: Electrician,"27 Ely Road, Umbilo Durban 4001",031 206 0063,afisher@umbiloskillscentre.co.za,Angie Fisher,23-May-22,22-May-27
,Umbilo Skills Training Centre (Pty) Ltd,05-QCTO/AC-TTC151122230906,94020,Occupational Certificate: Fitter and Turner,"28 Ely Road, Umbilo Durban KwaZulu-Natal 4001",031 206 0063,pglendon@umbiloskillscentre.co.za,Patrick Glendon,14-Nov-22,13-Nov-27
,Umfolozi TVET College,QCTOASC00210726-2536,102856,Occupational Certificate: Rigger,"Corner Via Ricardia and Naboomnek, Aboretum",359022527,Wimpie.Britz@umfolozi.edu.za,Wimpie Britz,06-Jul-22,05-Jul-27
,Umfolozi TVET College,QCTOASC00210726-2537,94021,Occupational Certificate: Mechanical Fitter,51 Ohara Road Mandeni 4490,359022527,Wimpie.Britz@umfolozi.edu.za,Wimpie Britz,06-Jul-22,05-Jul-27
,Umfolozi TVET College,05-QCTO/AC-TTC150323011530,91782,Occupational Certificate: Plumber,"Lot No. 11 Esikhawini Highway,
Richards Bay KwaZulu-Natal 3887",035 902 9552 / 060 567 3223,wimpie.britz@umfolozi.edu.za,Talon Pillay,13-Mar-23,12-Mar-28
,Umfolozi TVET College,05-QCTO/AC-TTC270223122923,94020,"Occupational Certificate: Fitter and Turner
",End of Anderson Road Mandeni KwaZulu-Natal 4490,060 567 3155,Nasasivayam.perumal@umfolozi.edu.za,N Perumal,27-Feb-23,26-Feb-28
,Umfolozi TVET College,05-QCTO/AC-TTC270223122923,97585,Occupational Certificate: Millwright,End of Anderson Road Mandeni KwaZulu-Natal 4490,060 567 3155,Nasasivayam.perumal@umfolozi.edu.za,N Perumal,27-Feb-23,26-Feb-28
,Value Logistics (Pty) Ltd,07-QCTO/AC-TTC250124160212,96396,Occupational Certificate: Freight Handler,"10 Essex Street, Elandsfontein
Germiston Gauteng 1401",011929 6700,"irenet@value.co.za
natashat@value.co.za",Irene Tliana,25-Jan-24,24-Jan-29
,Vhembe TVET College,AC-TTC140723110808,94100,Occupational Certificate: Welder,"Thengwe Road, Makwarela Sibasa Limpopo 0970",0159633490/7000,malima.tp@vhembecollege.onmicrosoft.com,N E Netshandama,14-Jul-23,13-Jul-28
,Vision Automotive Training and Repairs (Pty) Ltd,09-QCTO/AC-TTC250124124753,97990,Occupational Certificate: Automotive Motor Mechanic,"New Industrial Site, Venn Street No2, Loretto Park
Tzaneen Limpopo 0850",832448305,info@visionautotraining.co.za,Mukhale Pieter Pilusa,25-Jan-24,24-Jan-29
,Vision Automotive Training and Repairs (Pty) Ltd,09-QCTO/AC-TTC250124124753,97592,Occupational Certificate: Diesel Mechanic,"New Industrial Site, Venn Street No2, Loretto Park
Tzaneen Limpopo 0850",832448305,info@visionautotraining.co.za,Mukhale Pieter Pilusa,25-Jan-24,24-Jan-29
,VNS Training and Construction,08-QCTO/AC-TTC140922113434,102856,Occupational Certificate: Rigger,"18 Melodie Street, Klarinet Witbank 1034",720976837,vntprojects@gmail.com,Vedesh Sewpersad,14-Sep-22,13-Sep-27
,Volkswagen of South Africa Pty Ltd,QCTOASC00190604-1673,91761,Occupational Certificate: Electrician,"VWSA B-Plant, Kelvin Street, Uitenhage",041 994 4582,hooperg@vwsa.co.za,"Gerald
Hooper",06-Jun-19,06-Jun-24
,Vuselela TVET College,QCTOASC00210726-2504,93627,Occupational Certificate: Bricklayer,11th Street Joberton,822982755,moremoholo@vuselelacollege.co.za,Masemola Theo,06-Dec-21,05-Dec-26
,West Coast TVET College,QCTOASC00210726-2520,99255,Occupational Certificate: Pipe Fitter,"1 Academie Street - Louwville
Vredenburg Western Cape 7380",022 482 1143,amuller@westcoastcollege.co.za,Mr A Muller,28-Mar-22,27-Mar-27
,White River Technical College (Pty) Ltd,AC-TTC120923154728,91761,Occupational Certificate: Electrician,"No 4 William Lynn street, White River, Kingsview White River Mpumalanga 1240",137151477,khozamp@whiterivertech.co.za,Elliot Chivanga,12-Sep-23,11-Sep-28
,Woodlands Dairy (Pty) Ltd,02-QCTO/AC-TTC240823170837,103097,Occupational Certificate: Processed Cheese Maker ,"Boog Street, Humansdorp Eastern Cape 6300",828700586,RHutton@woodlandsdairy.co.za,Richard Hutton,24-Aug-23,23-Aug-28
,Woodlands Dairy (Pty) Ltd,02-QCTO/AC-TTC240823170837,103129,Occupational Certificate: Ripened Cheesemaker,"Boog Street, Humansdorp Eastern Cape 6300",828700586,RHutton@woodlandsdairy.co.za,Richard Hutton,24-Aug-23,23-Aug-28
,Xilembeni Projects NPO,AC-TTC140723102814,91782,Occupational Certificate: Plumber,"Plot 96 Nestardt Road, Babsfontein
Ekurhuleni Gauteng 1510",814723786,xilembeniprojects@yahoo.com,Sandile Dweba,14-Jul-23,13-Jul-28
,Xilembeni Projects NPO,AC-TTC140723102814,91761,Occupational Certificate: Electrician ,"Plot 96 Nestardt Road, Babsfontein
Ekurhuleni Gauteng 1510",814723786,xilembeniprojects@yahoo.com,Sandile Dweba,14-Jul-23,13-Jul-28
,Xilembeni Projects NPO,AC-TTC140723102814,94100,Occupational Certificate: Welder    ,"Plot 96 Nestardt Road, Babsfontein
Ekurhuleni Gauteng 1510",814723786,xilembeniprojects@yahoo.com,Sandile Dweba,14-Jul-23,13-Jul-28
,Zama Training and Development CC,05-QCTO/AC-TTC250124113754,91782,Occupational Certificate: Plumber,"Corner Booth Road & Ridgeview Road, Cato Manor
Durban KwaZulu-Natal 4026","0314615735
0837845225","kelvinp@xis.co.za
zamatraining@xis.co.za",Kelvin Perimal,25-Jan-24,24-Jan-29
,Zama Training and Development CC,05-QCTO/AC-TTC250124113754,93627,Occupational Certificate: Bricklayer,"Corner Booth Road & Ridgeview Road, Cato Manor
Durban KwaZulu-Natal 4026","0314615735
0837845225","kelvinp@xis.co.za
zamatraining@xis.co.za",Kelvin Perimal,25-Jan-24,24-Jan-29
,Zurel Private College (Pty) Ltd,AC-TTC150922223153,91761,Occupational Certificate: Electrician,"120 River Street, Ladine
Polokwane Limpopo 0699",015 293 2358,Shikara@zurel.co.za,Shikara Maharaj,15-Sep-22,14-Sep-27
,Zurel Private College (Pty) Ltd,AC-TTC231123181623,97585,Occupational Certificate: Millwright,"120 River Street, Ladanna Polokwane Limpopo
0749",152932306,Shakira@zurel.co.za,Shakira Maharaj,23-Nov-23,22-Nov-28
,Zurel Private College (Pty) Ltd,AC-TTC231123181623,94100,Occupational Certificate: Welder    ,"120 River Street, Ladanna Polokwane Limpopo
0749",152932306,Shakira@zurel.co.za,Shakira Maharaj,23-Nov-23,22-Nov-28
,Zurel Private College (Pty) Ltd,AC-TTC231123181623,94021,"Occupational Certificate: Mechanical Fitter
","120 River Street, Ladanna Polokwane Limpopo
0749",152932306,Shakira@zurel.co.za,Shakira Maharaj,23-Nov-23,22-Nov-28