SAQA Qual ID,QUALIFICATION TITLE,QUALIFICATION TYPE,SAQA LINK,NQF LEVEL,CREDITS,QUALITY PARTNER ,ATTACHMENTS
104798,Aalim,Occupational Certificate,https://allqs.saqa.org.za/showQualification.php?id=104798,NQF Level 6,549,HW SETA,"Assessment Specifications Document.pdf (https://v5.airtableusercontent.com/v3/u/48/48/1766800800000/lLsa0QFQaoD_-zS0KZLqnA/oRi7TQ1huXylbsYi_4GmGquAkq6wK1wmU5RhWdfQ1w5GbUG17NMZoAh3LH1XgiQh2nT3OePDy8uwW7R2MAs0HDHBE3hhFUzDzYMmYN66w6q3HHMEpCGjqd2S8ngqDtFcYr2q9mZiGVFfhQfzcQ0uY4fE9MhiOG8iWUFqNgWHvrg/s1ZvW63JFU0aB8i1XBSZAZwqyPFO2yVOGbUaoMwpEnw),Curriculum Document.pdf (https://v5.airtableusercontent.com/v3/u/48/48/1766800800000/4eGUZD5uO5zBJTIF0gEQjA/nZ6Z8_g55-pXIKrSb_t7j16plyS2bTVfTyp4YWbHkHGQlB1ZUmC3539GyT8JElJhdbxJAp-_dNE2-u8RiFrPc-uPe18oEvh4i17WRcGp3uqAjLNdiTRoFi-OU3UEWVoYxsAvkzLTrmX3w8AGTfjO4Wiq0bI-qNjaEjozZ5OTVpI/YgoNzopswYy7EKidnlmOvRnxQHtquvwrBELK76IHTK4)"
118695,Abattoir Foreman,Occupational Certificate,https://allqs.saqa.org.za/showQualification.php?id=118695,NQF Level 4,165,AgriSETA,"Abattoir Foreman-External Assessment Specification Document.pdf (https://v5.airtableusercontent.com/v3/u/48/48/1766800800000/ltsFOQhuK5Ei4IsMwxQ68g/mnfWZjt1ztnEujfpOAlenTfk7pg5TNMIQZL7EQgBWyIO6oMCmQS1cUp0qhRgb37ATOlIbOc4fqbdfLr3ywYws7PcoDsW2mWsfe88prxR92VVEK2PTBwhIC80MwjNZJhCW3tE3X0JVZpvF_OUGRRDlTcXJqdmwMUXh2jWuQDrr5tTz6xH83yjkR4QtbC16X9AvQfAiWY5Im2CggSmVWsvkA/7fjdlofItYrsy0RWpR3PrLJ4ZW3js6TYyfZsiBbHRkU),Abattoir Foreman-Curriculum Document.pdf (https://v5.airtableusercontent.com/v3/u/48/48/1766800800000/U7ZasPFxGP2BDiW6BnuCmQ/sLZ2E9EA3S675Ec0SkMlZZm1vIsX-kKGG-3go81xbOwjT69uWWvlBqgpQGgbyA1HIYW4yD7vpwk0KOIGnd6gMV5RFr5y8BFVDVCd182zlg9F6defjPZ5fDhUyeasOHbc3o5et0KD1y4tDZizDr4Q9yUcXK5JREV9W1zHLkEHQj8tGop7MhdPOQUhzer4HAUd/xXt9C-QjlCJzt9e-elrH0TqTFPgaUsoSSNALYHnhUrw),OC- Abattoir Foreman.pdf (https://v5.airtableusercontent.com/v3/u/48/48/1766800800000/_rXbG9eaTxO_G-WRbpvkVA/3BTdm72LXcvyx2xyMK_AAn2NR1C3mb1jaBb1GhpY7h9EzS8IKMxLlEph9cpUcYB4ke_ibd85H0vIYNOoMorTposAZd0l_efDDj1upW8zQQC9dMXpyRrO_bvsZz9dtTbPwAXkNHYXlgiISJYe-uor8TF3_oogv0q08TA-1uspoTs/996goKka94KviNru4uK9dtf1fV2zcwV35XJ_LiNznck)"
118696,Abattoir Supervisor ,Occupational Certificate,https://allqs.saqa.org.za/showQualification.php?id=118696,NQF Level 3 ,64,AGRISETA,"Abattoir Foreman-External Assessment Specification Document.pdf (https://v5.airtableusercontent.com/v3/u/48/48/1766800800000/4TxMa0Bn3tZQJ-2fjkfGug/gkboCN2nQ75BvBAW0PSWdMXqPWkytiMyfIhkeuV0mDic6gjvhJYXpDAbAninfXAJHcOJbxvi025WwUykR8XKZOYUzvE2U5MQQ04lzWzVD085-aqV9Rmyw6QZe8yXLIxa2DguuOIbddmCDix0vuV4s6Zryy24pnblovTe6JrQ5fE6pEgnGAgCE0BVKgShfNmXdfdFnoEj1hXX3oO-HDkpEA/AixEs3RvquDwcW-BPv1GDSq4uas0128B-ZbUdj2aKu4),Abattoir Foreman-Curriculum Document.pdf (https://v5.airtableusercontent.com/v3/u/48/48/1766800800000/g238XlPbXei5MKyU0V4stw/5NL-4Uvf8OpX5FJEyG82VSlD0OhgnTBTM5kFPVVtsXZlwkevnisNod8VhPL0pfySlsKlPdqS2kd_Aqu5HcyWG2_uaPS3nwlO1lFcvEqC960ikEZES8LrKDk5zu5cZVDFIRX0na0e6hvY2rZ1eAf3Q3AMoFxuMN6gqP7cRp9inPQxxBV8IHkqwfadH5XxFFny/l6bxMJ9eQemCIUdAHVgrFBWo5ot_2qi-GJfLcy-V3mw),OC- Abattoir Supervisor.pdf (https://v5.airtableusercontent.com/v3/u/48/48/1766800800000/ztkoxX83QdR78z2bj_8PqQ/eLRDHnKB_-96EvT3PI7lHKQbxntVsX3pRg6B5ZyZvc_mI9IRwnNGerC8CGBopX6uxL9-uVdDtuerRnRW9gZYOg80ljFWBcnoeqQFREJWOEJ9chu4ZRGjisHhZ4h-YtHsls2FU3F4Kezdox9thSoD-BE8gpE0slLY08XoDqmMvDU/b1IFa8ek_SW0eNfCQ44uutsjgc1Z-JgI5vYa2-fzPhM)"
118712,Above Surface Cleaner ,Occupational Certificate,https://allqs.saqa.org.za/showQualification.php?id=118712,NQF Level 1 ,46,SERVICES SETA,"Commercial Cleaner-External Assessment Specifications Document.pdf (https://v5.airtableusercontent.com/v3/u/48/48/1766800800000/4oAtttdUGhX3a5jzfp1USQ/grKMbTo_WYYS6nsWGhBMN-ry1E0E3bRvZcZkKkhjh_-Z2Z9igHSPw6ZWDFmr1fyOf9IMdNsRwKrQuaT5ZPcC9E4664fTTq66SB6J8kGRlRgB82H87_zAbn-OlqxZk1jQmTul6Zs0fnOTbBgdRN-N7qM1HjFPO6Tu-tzeii9h-1sjSa2fOm2DOotavXCrwRQgPgsxnhtS3XipR8AQ5VpQMw/Cq45i5AtdhWDO8k7iSNpf6nfN2pDEN6pJd_eAYAIWw8),Commercial Cleaner-Curriculum Document.pdf (https://v5.airtableusercontent.com/v3/u/48/48/1766800800000/IQph4KDpJFgJvpg4paDB2A/iiYBTA0_pWbQ41sKkkO85FuNqQFXKjwSgpvMOcZzJRsZdUCL6UsQPRGXk_uhSrm_NRNDOUicUFZm2_xR7eKpk1Fv-FLCP3otv5Uchnlm0sQXCHaDZnXWkNmuU9CRMFUYjG8kbJNcSZOLEcE8HtjsLhz-Zl7R-vmp0zKVKxpuTT9jFZ2Jq2Bo3R709iIHm_Qg/KHhz-WJXQRPyeeQcsNn_wTc9GE_OVdWMgXvxEY3K4HA),Learnership-OC- Above Surface Cleaner NQF Level 1.pdf (https://v5.airtableusercontent.com/v3/u/48/48/1766800800000/tNjbCCl5RZaaM5BodvMsmg/geW8dsyHd5bl7g65hrUmIBj54jFy8BFjrkuRqb0wrPZD7CylWyQO6kebCAtgWFnTTI8M2EvTDd98IWuQZ7RFCrs3-eDBXJ-nzx4ADe25uS-peDvCz7vmM3UDmSvnii46IpNeX9PRPHEdeu9_3f97-0yghnIIaQSoVmegwpwWSur2F-XR-f5RkOiBzfOju_h5/-b1gtYMZ7OL0aFGVpLmHxtOwU6Zek3ru6S6NFC4KSBA)"
110903,Access Control Officer,Occupational Certificate,https://allqs.saqa.org.za/showQualification.php?id=110903,NQF Level 3 ,25,SASSETA,"Curriculum Docment.pdf (https://v5.airtableusercontent.com/v3/u/48/48/1766800800000/mMbmaB16kt5ws7ctjfVOrA/if2M2ck1XyXi-GJQS9AByB4R-kWMwiR53surQ6ps5sGHfrJ_OczMxiSDF9bbjXu-Ne3SszfhQPc88MviFtoaykWCtlJrl0tgMZu90ah1_hUJx9e1rLXsHhPMJNqYfc2KO7yhdv9m_T0tGsniKEewpkP0aJK5Ov7RcINJ9PRaOz8/kXUxYvAeJe0eqIBgYUgViQf_KVpSvdDKt9C951SWkE4),External Integrated Summative Assessment Specification Document.pdf (https://v5.airtableusercontent.com/v3/u/48/48/1766800800000/70yiRWtHVpQbzkgx5jRA3w/v0gU7TwKHITpTetI4ILghL7R7Ou9hzPKiEOjGEM4RmTTpQRulQxgmAbcNNbBPGwkpc5M3Ur01CQS6NB2gauOiogd9wgLbLWULozXJjFeuW2jPMOG_OLS9O9oyQPDqHE7TL73J-yh1V6eCfERONtJXclGNNWiUHZNYgv6GZQpHSeozgL8_Bay9Pbw_Rwy5vgxXcrw8dEC0S8ahCpjUUiXyA/I4TaNv5aVWRDnlZ6Ydiu-u2-KjK45GmdF9ulTBdxb_8)"
118867,Access the Bars Practitioner ,Occupational Certificate,https://allqs.saqa.org.za/showQualification.php?id=118867,NQF Level 5,56,HWSETA,"Assessment Specifications Document.pdf (https://v5.airtableusercontent.com/v3/u/48/48/1766800800000/_V_8AsvEaZmatU011Zxp9Q/WVuuBe0CZYXHuuFFH0qTt2sbmJwECkATi4PXBJh1kL-yxhzRrriPp4JyJ7zwCe-vVx-pZuDi3cUksXO7TJXUhTnpoptXuVDWD_iTnZHkdWTBBM5TB7eniBUcrSm35Mi_7vUkVVOsfrK9QNq8_3W-jlNOv2ZTnYpQOqoc47XRazw/YRtGf5STQPCYvLsvV1iZD9NqGMXXrORgJq1aRbxr3Sc),Curriculum Document- Access the bars practitioner-Access the bars practitioner .pdf (https://v5.airtableusercontent.com/v3/u/48/48/1766800800000/iXZd_0cWxbJcewpVjT-PQg/S37kghMuIN9Jg29y317UsYfwJ5936R4u4EbBthN2InFBCSWNh9Yxd_9eo4i3tBvCx6S0cTl4UVQsK8y_v3h2OsTw2EXkSr4GMPU6dDPjFgC2pjbS5IeHZ6lvifW8adimpbtmJqjy90q7DfbZWEYDzrjbPw8dl8fOuDgVm3Pf-dLnFDUnmYJKYzKKmuzZfW37SfDTodveiGz1pVr4xeRpMUax2kjW95O_FBYcRaWhi5Q/GSNhrDSWDtDFCYGPRKaS8Osd8l0Yw4Rccj81-eqXZdo)"
118119,Adhesive Binding Machine Operator ,Occupational Certificate,https://allqs.saqa.org.za/showQualification.php?id=118119,NQF Level 3 ,115,Printing SA            FP&MSETA,"Assessment Specifications Document.pdf (https://v5.airtableusercontent.com/v3/u/48/48/1766800800000/Sh-r6BLlcwbgEdm2hjkvHg/3E4DvPAiJb9D4LoIGHj1uBONhxp4BRDx3EccK5Bqr3DDkS6wvaU8GZseZ9OjIFGOWvCrHLly1qpaFFuBd3NW5OhSKl94Uk8DkLciysEFHj6DwLdZZcWb9icQc1KNMcwThd_VcihEHYM5E7il76IkZPKqIvPsJDBkXMYDfjqpQv8/nVjo2ya3w_M4_Fu0BP_jkTbvyDeHaogqSg5--dwZqFs),Curriculum Document.pdf (https://v5.airtableusercontent.com/v3/u/48/48/1766800800000/dt2Upgt1NhzvcTYVuEmXfA/Ik4HLMACPi2Hwro8yZrTifhgxC-LvYQYcMmnEskTUJK_VZoAPVAfcD466VnjuyT6AkAVwXpbzSsHOjPjwPFYovDX8KW_j3lvMhDBDJM6E2BZeg1SbcqCUMZV1dghJMGFZ5gSOVyR71HGQU5mDpXsdSwNpu2zCcejGhfy7wwopA4/5GlHEPFkdEADp8ifadB2Kx84Jrsl7voiHwudaeZo2bo)"
120683,Administrative Attaché,Higher Occupational Certificate,https://regqs.saqa.org.za/viewQualification.php?id=120683,NQF Level 5,130,PSETA,"Administrative Attache-Assessment Specs.pdf (https://v5.airtableusercontent.com/v3/u/48/48/1766800800000/c9MvK7XHvhfTWhrzMePk1Q/plylxlmheG8Ew104Z1EGjxMwFiJpaawxVNy1_GNfKgRMTvubBsWbSwjCfEfGjNvm7RuSOPA2v3X8T6dY6eqXyH8EX3aWPO8uSWPeNAHy9i9XY_1rPoofy2BT3XZEUY6IyKggWowACGM9vqXRaPVGQ3wM7UWlmHkk6vO1gavmzVcqQPryYRe7Gox_k_HFMf4Y/nxj_mz1t_k_a9UBUWLXxl7WqOPSOAi6K464u9mPEuhI),Administrative Attache_Curriculum.pdf (https://v5.airtableusercontent.com/v3/u/48/48/1766800800000/o1l3L2Q9WB5ae1FrAwvpwg/Vr8N7JMGOsCSBXadbMn9AMiW2vFUQ6TYZ3cvSB1B4UZE7rhceeg1lDVnHi-xs3ThNIFT4WkscEDNWRubIE61culosKM1hx98u4Pz2Zs-KEq8bmbUXY5C2Jg7PBUygyqQXxC3w1KISi5yDUI-M7Xv72UsgsxnR6ycrCQOZaFkzB4/FsDHJZyZufQO79tb9ktw8MlGWdzv7Z7giwk5cVJJSfI)"
101709,Adult Literacy Teacher,Occupational Certificate,https://allqs.saqa.org.za/showQualification.php?id=101709,NQF Level 5,198,ETDP SETA,"Assessment Specifications Document.pdf (https://v5.airtableusercontent.com/v3/u/48/48/1766800800000/Su-3VJWHPAcVCKtuJPd8bg/qYBVTTZ2CzB_AprW3z6iKe2yt0NRsBQO6yANttX9UByU0wxmU2TjvQGEukuBilaHDKL9l5lQ4DR7U0_9ExfqnzcuVX8so2TjGuElYZ4p6-pEGOotzcLMyuI_kdlsYE2MvFY5jRpC86TvIEc5LR18wTDTVcGLXGJfXJ_32olyDxE/X0FztOcfxoSvFQDQ4V7sNcrKSzAyNBfiQsm4Oz8H7BA),Curriculum Document.pdf (https://v5.airtableusercontent.com/v3/u/48/48/1766800800000/3Es7NVI3mzKRyr_HmEzq3Q/AF4QxuwyjsjjkwAAVC2cCEQBg4XX1CtCcmkLIQGYWwtm_JYFKXUzNMINs4vucsncYvCFRnL-lM8WfXnJPoEgPivFFzAFcMHf7S1jd4-cVRNgKwMefssPKeUZqJGQyfI-t9n5WxStlGhYJbXeOXnzV6ODmJvca5Ami5A8lSp2e-0/zykMLvPvRKSjVoX6a8-qRAGBS0_SoIK9xhL0ssUPASQ),OC Adult Literacy Teacher L5 198.pdf (https://v5.airtableusercontent.com/v3/u/48/48/1766800800000/hTw0QTDW8qQ46HQsbIF4Tw/0J-jEEBQyl9Tvl_5-r83fWTRTZvX2ItJv9dLDjCDsPusk33x1_gbcHLJqnwZpcDlN_LMrsMLDd0X0Q4S7WBVhNGqPrkZ6iqS47BRfpJU5ESexbUzHKFl7SqcOaT7uC5rqu6EBXbi6-m2MZZRy5xBDlfBoGfSbJnxIaNFk0gXdJ37yA7E7ZTrtMOvNA0EvG5d/LEbd31UpkG48e_Tqp959VQ8U6EtQwW1wAbHBVggLg8g)"
121447,Advertiser,Higher Occupational Certificate,https://regqs.saqa.org.za/viewQualification.php?id=121447,NQF Level 5,120,MICT ,"Assessment Specification Document Advertiser.pdf (https://v5.airtableusercontent.com/v3/u/48/48/1766800800000/xKfkZoL7tIKprJUuHizs0Q/cU29EqAD5iyfYFOnitDYPIxYu9JMPEtehhcXyISu3H7oO-N747uuwCCHoIzBpuiHe_bm0qzy29oMmocwD0eqAoyz4-9H-xxAkhRCR8xTXbykdQATnnp8E-S4jNpvwZ-G3x-r7UVQGMhnFKgYByKABjDL_tVN_KiuzfHAolIGaHcOtt_EVdlAUO9yq6JDNLFS0XYbA9uzDvY7FGPhIZiH5w/QCb8nR4quCE3ww-pCNshWOaWLJ6tMgUzd39cvwSrRrI),Curriculum Document Advertiser.pdf (https://v5.airtableusercontent.com/v3/u/48/48/1766800800000/esaBwv8RnDgEYM-Tg2mcqQ/SM2Dvq_6tGRAMRo1HKdIEKx0o3ckNV7vjEx9ZaYrxzqtbCzdHwwmZVCJh86rKGuD2TJit1kuUTUSJ1KIsBIcGBe-yZZsvJiC7dseNuW_tO5VQ7g0odiQAFdWR4Mc8_HUVH7C_VVul6LM_hXm7bQrJdJDVjNKJxOrgBuJRkURtBDVVnn78hrfyXizy576XZ6z/k9IL4HJwB2jIQ0scf_hspA7wOYob2rDFAq9QOG6qC84)"
112825,Aids to Navigation Technician,Occupational Certificate,https://allqs.saqa.org.za/showQualification.php?id=112825,NQF Level 4,55,TETA,"Assessment Specification Document.pdf (https://v5.airtableusercontent.com/v3/u/48/48/1766800800000/-dj25VZ2D9pIUAFL1atxdg/wsXaQipBSrGyrnxMKZq96zrHAGOpie7HGL00MdmKe9zFzKmEF7lXu9_3F5V88MERAupVz2rCK92YUmVMsVtULx7PYqbTANcClKmFi1ubU1XbrZ8erHQ89zYpasoT7ZwcZAA-j0_GjJQ5URyJvXKFEVOkfXEjJ-BcOkkENwPUKNE/X1Q9KgF9vMjgqp3OYCWwWGdcDumcYlpljwYyTh0Qj1E),Curriculum Summary Document.pdf (https://v5.airtableusercontent.com/v3/u/48/48/1766800800000/i1CnKmnT8notVCcuC_IF7w/_0f3sZ0WtFluzcglW_eE8sRMPeIV6JeEVoswAzi5ZXLSB0vFIIw-H3vjxIIsoXUk0wGAIDPvLPL_5ZmvdFv1TjwVq8tUqsZTocbp-q2RXzZfm3V5t_eBy6t8_5OxWMFnnFBYv3uSO3IUMV75CbSCZ75dadgUPMdxsasLIx3-SK4/73NmBp_7nTmSJUBrpnJeaxqDCV8nI2vl_aqltSk0S5s)"
103272,Air Conditioning and Refrigeration Certificate of Conformity Verifier,Occupational Certificate,https://allqs.saqa.org.za/showQualification.php?id=103272,NQF Level 4,142,MERSETA ,"External Assessment Specifications.pdf (https://v5.airtableusercontent.com/v3/u/48/48/1766800800000/3iaWCdyNuEJlvB_krx5SXg/QGyuMUumDv1rLshuwA0wC64Kk6IbPgX-z4cnMdBswOqSmUYN0E4yUihtnjV2izP2Lx-jMt7qJXf2raWFrm89gGDGSiwBSuqR5gSZtBD2OnXdvTu8uDQWR7y7RrbqYtyNcA05rPQaEsD-ecQV2gTn7vuumTxyjRDjLaq7v9QYY_A/KchjUH_hah_KzTjsXzT_eoM0w5czRIDtMPLepIZz0kk),Curriculum Document.pdf (https://v5.airtableusercontent.com/v3/u/48/48/1766800800000/EGuhRe-9zTw2BpS--AqCVg/vvz4F32_etqIDOswUib1Qo85Hp90NJ2ol8PueNPaV2i184O64ZH5Kujaq225VX36Yt8eVuGEZmPhGNdNKVb8LFJu3yGaY9oEEA5NmvNWjACclDtQrlS-xzllvEs8ClMj-2EssSETJiOouWsl12MMvmhwYNWlp3rzlKnj8DoaOBg/-wJfzKCmRSSvDuPB8qEZ3RDXva_Iz9-2aT3TU5YdYr4)"
103276,Air Conditioning and Refrigeration Compliance Verifier,Occupational Certificate,https://allqs.saqa.org.za/showQualification.php?id=103276,NQF Level 4,146,MERSETA ,"External Assessment Specifications.pdf (https://v5.airtableusercontent.com/v3/u/48/48/1766800800000/ZuLo9VDtFzuxu17t6lHqYg/xbXhDg9vygMl21ngP1fGJHsVMlkkm4dZ9HFUW36pN-O5ULGWbfSDDI12-aCu9qRIHg8SVI_9P-SYgJBEju690Ep_taTs4UEg7oUNYIqoyF2LIfhyjGsvxhBN1lKCRbexVERmuU0V_CpRWjBNWNC5C5iD3ueQNmknvSzuA--1QW0/bIDW5QJDjkWFFiK-6BBU7SltCCpTs9lfPBakISj0b3g),Air Conditioning and Refrigeration Compliance Verifier-Curriculum Document .pdf (https://v5.airtableusercontent.com/v3/u/48/48/1766800800000/NPMLwHHe6sOzNxq2RQnLAQ/Q5q6392rnYdjrTVd52Yxh5ybdsvKyWqDFmhwjlb6kaaeqwb5RrBe43UIL68CIQHHcncUTkjWIVD83a2zki8LUSn_WrAPkc0XJwT5nGhwkNIu6P5Lo6NDh2EdzsHANlBWJEsgTNiah_Y26sPH8bWRnk8rZVO-804ba3NTM370K-tqGgGK-S9tWX4qZOnRBXyJ6mNhk36N6a--yukLAQYLh5as1UOA4U7dlRuf2QYlHrg/Hemv1PSkw5xq0OOfANuaryZDJSqHVQSusBNJL5ztKgg)"
103277,Air Conditioning and Refrigeration Mechanic,Occupational Certificate,https://allqs.saqa.org.za/showQualification.php?id=103277,NQF Level 4,641,NAMB,"Assessment Specifications Document.pdf (https://v5.airtableusercontent.com/v3/u/48/48/1766800800000/aLDer8T_TQdjA4ThWves8Q/RznMBClkj8zHQsGBUfH1UF-j0DQhEWUOoCN_N1aJEIJxUnLw_QkmhbxmKHoWjNjjD4etkNZCu2k3Cyl-ENBhdf1GXs2ITpfSR2_Pc_Y4yEi4qjvCSVQrYN-KwZhlOMB-S6FCugt4AGUz2F38FGziUW8OViZwJIdEpWLa-xj2bqs/WthF2Hm8NxaKnOLFvAJJ5TSGKMtJbhq8jhoC5fxd6pc),Curriculum Document.pdf (https://v5.airtableusercontent.com/v3/u/48/48/1766800800000/m6b0cf2x7N2Sk0tyL-LUtw/BWfrXleSfBhxcH1JjZW6YQmNOIveZ3ymRMsbSsASA_1cQEgXzBTwvRFl0HHAlrhex9d74gdAUbZ3eQo-8cZWgUR6xvf91NWmQ2GzMzc4ei2qPeKRYBmyM5E9wqs9Qy2kin92CW3Ec7kOr1gZBXY7TPy75hqcsE-L0Ixd2i-fUGU/9z1JJQEk9E8XDN-BauaMBa0yknAep6uwfgAqn_HzMfc)"
103278,Air Conditioning and Refrigeration Systems Pipework Installer,Occupational Certificate,https://qspe.saqa.org.za/viewQualification.php?id=103278,NQF Level 2,83,MERSETA,"EAS - Air Condidtioning.pdf (https://v5.airtableusercontent.com/v3/u/48/48/1766800800000/66W-7TDJjbxnWj_nAsP0wQ/_MM5AzTtVkXZvLv7BMeFY_uQYk3U3zQrPHHnp99ChgE0vT9dSbG_-8TIvfQdilhzhAuFef5Ut5QDh_Bib7grHtzlk8rtSPjvYKGjf3j56RDC2IifMPJs8PjRvBNiJRhFgUv753Ww3GaHkxMlLrfWEpHf_xkNWdSGtiBFCb1bROk/AO9JTTh83gbmhvRVEBYK3ulsOVWSQciUFsBWjNX7HZU),Curriculum Document.pdf (https://v5.airtableusercontent.com/v3/u/48/48/1766800800000/okBm8Ea2u8Lwwx3wuiKtlg/kkPMRpcY6adCm9Dv1U-2kKjynDqFtVYjKnKU_Doww_kXg_R-kI17rw8ixcd9jTGxJ6CEzSnqe7wlBT_oAUuTSqkqUwf7Qr26cokKUtN2rO5qRQEL7dMO9YYsOj9lERMQgax-DqcG1V1p8ZttDlk7VrFcyVbtfxfzkBXzBRKCVMY/dZUhQbBcU2ZW_Qob_3tzWUR2iAvPgqbr5Hr3wsirw_s)"
104618,Air Conditioning Filtration Equipment Worker,Occupational Certificate,https://qspe.saqa.org.za/viewQualification.php?id=104618,NQF Level 3,61,MERSETA ,
122010,"Air Quality
  Authorisation and Management Specialist","Occupational
  Certificate",https://allqs.saqa.org.za/showQualification.php?id=122010,NQF Level 7,88,LGSETA ,"EASDocument.pdf (https://v5.airtableusercontent.com/v3/u/48/48/1766800800000/Rvkcfc2WRQjaJc4IJnaFRw/zUESFovFaVglJf8VoKlPcVmGDVl8E5CMq7ztIuuIuliyzdNA3Zierue2NT1Jyq2fQAwYYlWlRNyQtRaQjAgnP5oikUH_ZyKiPIB9v72dKrk9RVrFFKUb5LPQaemeIpK01_xfCs-Qtf4OLZGqbbJcHyPx5CH_R7_HVyycDRz0t5A/9Q3QEkjsS8DJV5S4i3wdvrSgN1P6ok_orMGfql4oM1Q),CurriculumDocumentwithsignedcoverpage.pdf (https://v5.airtableusercontent.com/v3/u/48/48/1766800800000/-WbGLbyzB773TBoT8gMbGA/l5us2Udgz-BvJr7_Z4WjFrw4YqzKYI-Hy1xFyf4k9XDb1gMfVq0Jsx-tn-bHJwFIsAA9vK2s0ePqg8gddgUBPBDvefw_GqOUtwYEiWOY7tXzKHSSUS3S8DEkATfsv-TbLJ00QwHgj6gNohyZOQALjE0YfkIjfBueSI9aye0qQU9tWk89WfUTsQEHmNkZwmKM/Xl-eLuJ1iU9oWZndONQbpDVgc4P1jfNWrD09upbMnnM)"
122009,"Air Quality
  Policy and Planning Specialist","Occupational
  Certificate",https://allqs.saqa.org.za/showQualification.php?id=122009,NQF Level 7,28,LGSETA ,"EASDocument.pdf (https://v5.airtableusercontent.com/v3/u/48/48/1766800800000/Y56yeainbIXE3S544JZwww/wS-F6dC-Vuy8BigclHpspwOhBZLpAptZGdLywfvn3saIBdZIe2gSEXzbY5ljaBJ0-z5Sglv2W8mu2_DFs5YHM215E-0SHIIDj9p2Ug5ufvu1QHZvIj-cvLlKJCGQU1qdzvQKsIPQ8pmOJaTzJDo_pKK4Y7HGe43BmZEXwz7Merc/cxkPLqxM01kIxfuGHRfi1TGiG9YgiWxnOVouL0ZZnv4),CurriculumDocumentwithsignedcoverpage.pdf (https://v5.airtableusercontent.com/v3/u/48/48/1766800800000/Y9HBh5a2_EQep0BzT0oMmQ/T5zb2c0cAPsqGbLp-3_usBMgWt7x6aUbp7mIH42TbXBGAE7T7dL_vlUMkMZkVGPHOA013fZsyTihsef4s5NU5SaMEbBlxnZyO6yg5te4PcqAI0f3qsJMmsvNG2Zmt8o5qV17Vq3fpZkJbpvsjaEPHaRrYLOcLn8HIjHdd2vrsD9aPz4CWZaDQm0BOj0rmkIQ/hnMD_d-t5pK_gGmAKLHsM-QR3cYg0X_xRE_i7EQvl2g)"
122008,Air Quality Analyst,Occupational Certificate,https://regqs.saqa.org.za/viewQualification.php?id=122008,NQF Level 7,120,LGSETA ,"EAS Document.pdf (https://v5.airtableusercontent.com/v3/u/48/48/1766800800000/ENAJkQL3k7s4NLhKRLUwlA/1faPgpWx3-5zZVmlULBU3fNrpHPhXwkEwwIrqz-u9YbZG1Wxl7BBrqWDCiu9iZnhtaNgH1uo_-HbLBd2MdZy-odueq-Y1tjRyPnPuG6Rm0SpCC0sGb4pF5ryZIqRGMAg60d8m8w0AC8UXTqTsJELVWXO19QQfuy1eyMiJQQLdW8/ZPpT7D5cnClWH2qZ5_7tyJqMmUMAqjtV1BM_m8sCYoE),Curriculum Document with signed cover page.pdf (https://v5.airtableusercontent.com/v3/u/48/48/1766800800000/26pz6pUl3asPsEENXPAcKw/5VMOkhtZGlHGZyQzB0Eoi6hAtQEIE_Il8mvXfIvCrZ1Hz0r1q63QRqjHYET2YJ7ZDllNvjTBk-DDCzpFJkKiw5pL0uk60job226cPauerQjNF3UslEQM97_4a6rFrwYqQwnwuJp6CbyWSpOjP9ip7lm9325t1hCP-TmOfMuN4jeMZZa18n8SbN5KNxspAs87/gcdeOxr_sqeAb3xI4GWirqQNEaA5yNM5CSptp_8_RMg)"
122011,Air Quality Monitoring and Information Management Specialist,Occupational Certificate,https://allqs.saqa.org.za/showQualification.php?id=122011,NQF Level 7,92,LGSETA ,"EASDocument.pdf (https://v5.airtableusercontent.com/v3/u/48/48/1766800800000/HLEw3OS9Dd1bGnvXxfsrlg/hR-5uFQSg7mFcy4TxBTIlqTl3DRLqx1M3ZOhk-gLrlKsicn_RGH_A1K3j5KspvS4H_4-QQZYTRxGAXAso3dXO8DZdk9DCsuBrzxmNbHajHQRXvDuptrqs-9DUw72TggPRTyxRdP-na7SbeaWcNb3G3QJLbMP2xoORls7lcv-z9A/vmKBOJgr4Gf0jIr4LWXt4HJpHqGlx8FwU3Vl7y7-jVs),CurriculumDocumentwithsignedcoverpage.pdf (https://v5.airtableusercontent.com/v3/u/48/48/1766800800000/cr7EgDBSNvV08lelizMGYQ/P4_r_kMvqO74sjkEgcj0A2TQuywlpecg77uqdrdNOQAe6zU7WgRUNH-rv9Y1cLLSe3ZSTauylV6bVEIwsJU5Iz2zgogdVogDvNQue4ta2yM5nc1SYPj69ZoikzYyONVo77nVx2G-fTUt00NgnI-BNY1937bjbc6kOznq2RWrbiJf060h1uWMug7fsboUZI8T/I4bVUpVAeqCdAmI0kJkQLPPhaURbx9akLtGORdxmc2o)"
104457,Aircraft Component Maintenance Mechanic,Occupational Certificate,https://allqs.saqa.org.za/showQualification.php?id=104457,NQF Level 5,307,MERSETA ,"Assessment Specifications Document.pdf (https://v5.airtableusercontent.com/v3/u/48/48/1766800800000/2jd8qtz5BE_3dGfoNYHzAA/JSddFhhJSX5Aibk8-HC6C2C3jtN-FK3EquBuskw7sqhfwn29w27M6abFW1P5HnfF822jrho7-WOtiESCDo9HBNYl6xrBXz23o9xRl26V3KKJttUS1ucxjpY5j_qPNjulFf42PrMAhOD6q-P1K7Djz54WZAc7hzymNsVcnKLBcMU/ueCQW7nBwQjsPapkOvAQ8MdT7pjRyZzLrwYkhb5VMyM),Curriculum Document.pdf (https://v5.airtableusercontent.com/v3/u/48/48/1766800800000/OTShA32ACrjI8stqoJqLug/7m6RVL4_q82ta3ciwN3SjE64k5vA91Bcdm9lIuH1SQaPsc6WKozWTLfXGlnqNhX1wSC0RsinN40AEGz2DuYcFcYZN-4l_X27HcW4ZNYNVVjLx1kivx2ARB-O459gfU0jy8GsUKdeYrbxEXKbw3cERLxGYntFGfSzDDCja5OE6zM/Zr86rYysFQXEvL7oTLB7Mg2p7CROWMPc6asOZGkIZm4)"
103219,Aircraft Maintenance Mechanic,Occupational Certificate,https://allqs.saqa.org.za/showQualification.php?id=103219,NQF Level 5,553,NAMB,"Assessment Specifications Document.pdf (https://v5.airtableusercontent.com/v3/u/48/48/1766800800000/yicTFMr15KDsG4OILfBD1w/09HjwdZUDuRr6NeLqM0PZiMgYg-nNdC0-9ANpte2v-hFCYfq6_C-5IRwOTyHbC4D0jwV5qNoz8DTceVl9XTyHQd0bvQeHMPUF3sMC4WihuoedGj-QkzEfMRR_WJlJSjs6k3UBSp6XIcK3Fj1SZN1u4wJVuDamwqQH9Lgj4DPWgM/IJm_OzaOqIVnEgg9YnBhbd8kqWuRQ_CkaLptr8b4GHI),Curriculum Document.pdf (https://v5.airtableusercontent.com/v3/u/48/48/1766800800000/U5ja-EqDCN9cMgsGKxdeOQ/E18B9mCFhD0uarZcdEi8MPiwIReYaxMVRGFTC5ExUWe0sFzjcQCe1ov0bBLj0O30mLJtgLFXahizEdk5mycJO-vAXmaL0lkePRMYmsg14r80FrSPKojrxXNTFAwWw0M1q1f7GL8GdLQUv0mD6QqPNo1EnYcLlbFrbk31_YGmSC0/SgT0bHWetrcYlkfUfiNJLwna28ExtZITaf866i_Ut7w)"
122660,Aircraft Maintenance Mechanic,Higher Occupational Certificate,https://allqs.saqa.org.za/showQualification.php?id=122660,NQF Level 5,540,TETA,"QAS - Aircraft Maintenance Mechanic.pdf (https://v5.airtableusercontent.com/v3/u/48/48/1766800800000/xhO7UxfKaOzU-PX7BTYVnA/4R-waFQuW7XoaTuioYBMcxo0mz2KcdJilYcc-higNwJFTa4FrIhFZ2qSAKnhJBNTviLWt8XsftnxboFa-NFR8lZvGGi3K18aAl8xIIGv5EXZ8pBACBwqWAlHZ4Nh9WjzvAQwlq_9OzsyHl3sFFcVWUVVOm9YoiCx3l_0EA2_p6fLzlXrcUmCCM5-p7KIDmFA/AdspqW2c59M48Qx_G-6J8rAa7-aeDQSwmao6urUcL3g),Curriculum - Aircraft Maintenance Mechanic.pdf (https://v5.airtableusercontent.com/v3/u/48/48/1766800800000/knVy1k4XUnOjrKyLksms7Q/zqxBWpA2FSI5HjwyCd3ZAO_YHTUC4EcEnF9J5LbJT6R2ZCVa1o-wDqhBeRqTDL2uUymI-h4QTPcobljrAweJhHsSonN5dRopBj_dUpyEy-ZZmP-QCVKqk2DEWUY476xROgkVk4f--ie97aPRFJu0iZ3B50lxew72EveRJxEiR3ZQQ6D-OqERG0EdlFWuj4OwzBoHnIaLhZosbSbUrVQtfw/i7E19660hF5NwwKcUjB6Zac33cAs1_YquwSXapoMGdA)"
122660,Aircraft Maintenance Mechanic,Higher Occupational Certificate,https://allqs.saqa.org.za/showQualification.php?id=122660,NQF Level 5,540,,"QAS - Aircraft Maintenance Mechanic.pdf (https://v5.airtableusercontent.com/v3/u/48/48/1766800800000/9eSl-c09EchMH1jf6ZSa0w/V5tdmoWm6PU6IISfrPD89YBib2PJT3GBEZokn8vreHV3V-p388N1tCJHp5l2v-ojdX2ZNAhh3ZcikW95I6DAZ8V8RQY_7jVXqrr-kpTYmtiEDilOxW5phY4Il_SsoXvMtLn1jbKhf_XEtIXQLF7NI09-YWBNDZmqSYq6EckVwQKiccnD53oeAgj53jCGcA8N/ZLpcBwtkep6LyanS2Q-LFkZSymWmq_hc6lglVRXB1rs),Curriculum - Aircraft Maintenance Mechanic.pdf (https://v5.airtableusercontent.com/v3/u/48/48/1766800800000/4JoLwlslILfN0g9jTyM4kQ/LgGkenm-cwHxL20uUH_s480vUHNZmXfrtqbkU-RnFyBrhWbTsIwGapXhRaTAv4BJ6WA42X-1t5_zv5LzWM6zZuGnQa3z2Gb6KAQmxj2-XFGzBipwibrJjJofEPqEotphxlL0O0ztUVHzdM4BcGDu3fcUkVMC5f238Pzt73WnxbioAXzUcNT-OyQU1JUU8CaLAUCtwbF9chu22y4O4H6cEA/vy-hIIvFOhwTouSAl5bj2hbcfV3WaBswvTBSuSyOZac)"
102498,Aircraft Structures Technician,Occupational Certificate,https://allqs.saqa.org.za/showQualification.php?id=102498,NQF Level 4,546,NAMB,"Assessment Specification Document.pdf (https://v5.airtableusercontent.com/v3/u/48/48/1766800800000/9v01R6Mkb5nJ7rztrG4vHQ/cqKWqFYgWYOpm3xmMQKE1zaV-jLONBsrKpnWTh00DeBaBtn3b43aMehASAMHjZplE6eo2ElXkylsfhKs1qP_9SXuJFRuXti10Uy6Ea0dRv4E2_FQNjGqGzg1MuSxjWhhRifwT43JNRpcHgeMCCUzj0V0mPikUSwLrUb_AOYjN6o/YC9330VdWTcCfMOKD3RhnAnR7eUVuQw3LlUKklIYIBI),Curriculum Summary Document.pdf (https://v5.airtableusercontent.com/v3/u/48/48/1766800800000/LyjvnB9IJjx2q5aF2CtI5A/RKaMgjXSheBErdI2d34iBEXgTscTXSim6pvMWJOG6TV6pV_R588c08fLhUGfLhxhN5Ua4BpvtEPfDtm7ZE8Kp5KNCCdN-vvmwhrP0Fy7O5fuNmMBFfE7PQj1TtUFy4LK1_8twajeak_mOAiyzFDQsD_R5ZluIG6LbK_AEl4rmMY/DH7DJJx6QZcUAsN2IluYqqUDbdzz83AHtgEk60c1uic)"
93791,Airline Ground Crew,Occupational Certificate,https://allqs.saqa.org.za/showQualification.php?id=93791,NQF Level 4,125,TETA,"OC-Airline Ground Crew - Ext Assessment Specs.pdf (https://v5.airtableusercontent.com/v3/u/48/48/1766800800000/ME_Myj2CPwNqjr013r2CWg/1rhne923HUl0xSQvRMIvhiiWPeO9T9DdftL9Epu8uWRmc19tytoIMJv3kqUamSGDz-h8DK4cM76ImqtkxBm0XjXZ34kBfEp-04_Gc4aDqTJkpQ02iK-2vePdQGGbdwVv2twmEE8K-spzk9db7qed6LZRe_KqO3G951_l1H_p4wtOPiAMq_PnQ389YZiSha5W/0CbACq3L0MeLfHtdU804sQPe1xxu9pkmWBqMdI_7NU4),Airline Ground Crew -Curriculum document.pdf (https://v5.airtableusercontent.com/v3/u/48/48/1766800800000/6WXK4dzF_l_L8Q-iSa33qg/_eYL_M69f7pmO2pp69iTSFkm8xaFT_icyg7Ieo-F4lJjQnajR-P4MZ3Hbt8bcTr_PhYDkZluGdYto5A_vzmPcxythuPTpEod8QlsdhCmX3giZIb44Lv1-IZqMIC4vM2i8NHr6TzXj0Sr5I9odeK-5d1JnuNCBIDcg6Yjq48-ykHFWsnzc5KL_AuNKWG9ezA7/UQZiLV7FlrJgg_jYSCr9WYA-kBsGHASbZ-qcTrGZK4c)"
118103,Ancillary Machine Maintenance Assistant,Occupational Certificate,https://allqs.saqa.org.za/showQualification.php?id=118103,NQF Level 4,104,FP&M SETA,"External Assessment Specification Document.pdf (https://v5.airtableusercontent.com/v3/u/48/48/1766800800000/jtp0ISsfQghGXRto955h1Q/ReP4lbOv56LWZwh-OtXHKfTejuVKkHV5ljT2nHaVrOpr6SN4hqwoxhGn9yOCfWI-elWy3DYjSOycC3b4GKG95RTkF_P8LhHB0vgG16m7AaH57imCQvXztlExeroXtrIR3vgJ95yTq55U0yvuL4z_XAK7LYpgKT43mrihq9nWVz2ZgIG2E6a6wzxH28os70Rv/80mTcDUN00uvqnAImk_oni72xKfIvr4GF--iyok8lQI),Curriculum  Document.pdf (https://v5.airtableusercontent.com/v3/u/48/48/1766800800000/44Fnvvxgcd-y2YdZONI7Hw/rO_U7FdgXw3UGpf1qpPr_0Hs3JzXs6vEhpNtawmx4hH2mumB05V__ykJhcrD9yFr7RVGkMC8ubxV0SXGg7C_WCaZIc3pGC6MBQwIVlKmxDrLyhBI0iHcguverA86-TmMkd7C8y2sIQIi5cpM2VbZpvM6sXZDqS1zbMb1Svfv0bM/T1dHFCZvh5R-gW8XWwMlWuTSCrsjLsa5etMgzpHHjPM)"
122662,Animation Artist,Higher Occupational Certificate,https://allqs.saqa.org.za/showQualification.php?id=122662,NQF Level 5,229,MICT SETA,"QAS - Higher OC Animation Artist.pdf (https://v5.airtableusercontent.com/v3/u/48/48/1766800800000/P5G5v-jpsFKOokeslwk9mw/6pa543y3mAU8AK-jzzlbQJiBd85HseuNVdntvgcLLqEQsUaZ1q5oTJ0FxDNwqDi-29iGQx1pvTJYfW1FmpUuDRKo-gZrA5Txz07ZJgUc8q_n88SFqiDTApSfXdDs-8wlab_AylMetfFRIfrSu3NHEIwCGnffhLzAu6gF0y50zd5Qx6OEgqqPTZmbvhU7k2dA/xmhr8uHv00uQ_O5wPtTd7Yj0rk5pZ5AJCoTtfwoWSmw),CURRICULUM - Higher Occupational Certificate Animation Artist.pdf (https://v5.airtableusercontent.com/v3/u/48/48/1766800800000/TMaoVTmZ8fhkECTSwbCv2A/W-1Xuu66aYnIvhKgIK76EKS7CpcCAs1O2Ea0LcII871EtVyTzgbMz0l_TVAqsTxkZjbegIP9BfSerkUbLvQqNk4Z0yGmJ7zkB21XmQijfCBnmWmzi2pawb-0WDR1uhL-L0g19gs6v4HVYKF_uiBZsXpcfyzSqlGRlJuY_5aDbnUhBNwG9CV89NahGVTl8pHzV6xbYqkEM22XSSq7QMMVZTvU-x3v5N9QdN71XzdVkow/WUD4CE0J6JL74IF_oRxqspKbS4U1lMW5W2oMVaMim4g)"
105013,Annealing Operator,Occupational Certificate,https://allqs.saqa.org.za/showQualification.php?id=105013,NQF Level 2,116,CHIETA,"Curriculum Document.pdf (https://v5.airtableusercontent.com/v3/u/48/48/1766800800000/mNq5nJ3G1iOrhQr0fJClOw/wPg9UQlSGqorKtzxWaGd91JmOkU7S4Ypx_P1Tvs2Nz3-zoiKkx3uyor8ayIDNYp-vNPAZofSGAxFZj95Dm9Q5Vm93ITLluJ0QsooZhleGczTFOk56Dlond0TASVWCFhm2GkOsLNEK7CA2cVv90jKJl464h0qRFg990fmD-YQkqI/nsytAi4OturBB6wJeu5izpGBmOLOBtYxHbdEnPHQEjU),Assessment Specifications Document.pdf (https://v5.airtableusercontent.com/v3/u/48/48/1766800800000/aR-VhbKeVlzcXfNCI0SIXQ/8OEr7Fr2xnUjpn5EvOn_XqXDbSCZiYAU8MYqT0GeL7VjZOmzMegSUUCJDE8RqmQ2mv_OyNKMoAB37n40DSdciVYSvhf9XEkyYuzc3HSg1fsCOW4Af3YO4s8kyBAODUlyhn4H2rw3yV1x-kfw-pvIOYVI2vs-IZDYNBhNVLEIkc4/fG2jWgtl5yvSw3ZgmKK1U6kqcaPgIoLiOnn9TnUao_Y)"
123686,Annealing Operator,Occupational Certificate,https://allqs.saqa.org.za/showQualification.php?id=123686,NQF Level 2,71,CHIETA,"QAS - Annealing Operator.pdf (https://v5.airtableusercontent.com/v3/u/48/48/1766800800000/Lpj01p_DrTLuN1TZUgGu4Q/5m109f2r_q1JdbTyOJmwNieB99SG3QgQp73LdyllyAUI6LAgbyC4__NO9Nm-WpeeJOEHzmSl8w2AhPWIxiqMhzmbNuHdUC69-nDMhbR16wOqxLewj1a54A8nhen5hMGHkWY5GfmGdMxTh3kq1SsbMr_xrwzv4NG82ucvADa-ReY/NIKOIxB8WR0eogXZ5cuDhLBVRs5MAOtvTYrkdszelUU),Curriculum - Annealing Operator.pdf (https://v5.airtableusercontent.com/v3/u/48/48/1766800800000/jAMpgsnVi2FY-PT1CMI0dw/WAhmFvPotCKRtZvXgE7orbjfWUHar6FyQnO34I67CUseDHNIa4uj0PpfRe6WuuSgvNsBBjE-b2Cu-QXh4ppbuHnaXZp0qqh5Cp_--ii_vqbZ0Z9X8cWA0srKMpLy3FUu5wEpEZPgUTK8gImfNX0_JES9ATvV3pgX5Pa4cxJ0MUvOydt57dCPiOOVLEl0t0Vz/Vy9eOntHKbBrjo1gt9lgsodF8b-58cZOnUVvVIISpl4)"
118250,Anti Money Laundering Analyst,Occupational Certificate,https://allqs.saqa.org.za/showQualification.php?id=118250,NQF Level 6,353,BANKSETA      ,"External Assessment Specification Document- Anti-money laundering .pdf (https://v5.airtableusercontent.com/v3/u/48/48/1766800800000/23u9B48qODBejGM4XB6BJQ/QH0MeaLeHOMIP6MY4UN99FwJxPvEVkHwOFA4zU4ZBj8XMysOF66FEjKI2-pLQnE-XBXRnMxJS_7N9FY3maiAlApuKWM68TB0oCn8cSTyxKci6dH-ctN4yE4F4pAMbO89J-Pe-Onrs8PT_n0IrL0cf-a722Aa5sJBeZAgnX7o_jjVnZSqfUBHI3BrQ2REfFQKG3cdy8P5bKeI0OfZhhptBA/IWjKjd3mMVGTpjS633YW5BqAHBn6aruv2kfg7rtQ1Y0),Curriculum Document- Anti Money Laundering Analyst .pdf (https://v5.airtableusercontent.com/v3/u/48/48/1766800800000/9tWOW95M7-DYm_N-VoK50A/DSPFxCg8mOoK5_FqKQ9jgPT9AzrrSJrSuvGqqPFtEWgCLOZfZoCTq-ZfYEGH-QCC454wuEQWqTi4KxxjgI5pKqXVKFxrKZhNx1lpYTDPWJhvjXQVlBUiUnC_CFvLCSiJyQs1EU8AjU_FvnU9Weru6_FJzjutluI6osa8hvejKeFqS-gHZN9MeaVbSzbY2e78/mGhTv49_r2czBoMJhBfGsHKXv2wIORpjRMHIRqfcZaU)"
121827,Anti-Poaching Ranger,Occupational Certificate,https://regqs.saqa.org.za/viewQualification.php?id=121827,NQF Level 5,105,CATH SETA,"Anti-Poaching Ranger - External Assessment Specifications.pdf (https://v5.airtableusercontent.com/v3/u/48/48/1766800800000/k-CfsLCOquPZzPaJrf_mxQ/vZKUCV2CgadT1ceh-VP-9xBDlgUOl1VlFuUqjfmNSol1r5sbkh3QIH7asqrxqB6uLenppv1I_94jLA2pwa4aYWVHs5kIfq8IZ3Zb4m-gxb2lIzynpreSnptrt7-6nM_Wltz41mdyjd-RVwDpd7OKp60INUTLZChIFWfzhEuOfGZJkYOKLYptwsGIGSgYkknNmH5XNcBvd4Cqbc99PQ-Opg/hdE0j3qelCNTXxHh4ZjAY4VNKcJUrzHRmpdghnK04Z4),Anti-Poaching Ranger - Curriculum Document.pdf (https://v5.airtableusercontent.com/v3/u/48/48/1766800800000/VhTXnsfzlxywp_kELswdeQ/LjxWFpVcxznLX-IkZJXsJ-XmTsAVKirt80YM39UjXKGFobUdtFZW5-4jaTBfIaaQUYVhF_EIVaMAtRjtajwWPzbBPIEcFaB8J0IFnrA8UCFj0LZhUUoHBbSXcnmE-MAaaVj7umm6qCPOPZQ9o13PgmbZC21ZTQnXpnt5Vzl3paLXU-40eRqPXhQnFf1G-EtM0vjjfs3pbqwkYAB1i57klQ/F47h3Qd88X0-RC889S5FRGYnWRovQJGwN1ubfN-BUsQ)"
102582,Apparel and Related Manufacturing Machine Mechanic,Occupational Certificate,https://allqs.saqa.org.za/showQualification.php?id=102582,NQF Level 4,576,NAMB         FP&MSETA,"External Assessment Specification Document.pdf (https://v5.airtableusercontent.com/v3/u/48/48/1766800800000/C5OylPi4uzbgtINqhBecCw/HToryIzec2tMWU3iSzFiVjjMItJx6j0KYAcM0_xvY3zo_IzpJjOWnMPVHw0bSw7PlSbeJHoaf3VIDKN5QLnkNwMLS38lD6y5fpOhmvZ0aJ7dTaJzviCwz9VXbGyDdOwxdEGahg19u2eA0HG7VqncH5K9MtpC9MdjZOtSZCXxidW9yC5bjr-hdQALdx_cLCKy/6wgD2GilnQ9zjO3CnQqr4ThqS1ez7HRe5GUVzuuiQjc),Curriculum  Document.pdf (https://v5.airtableusercontent.com/v3/u/48/48/1766800800000/h14nzgBRoW0pZrzI8LI0pA/kO-tkv5pXI64KoZEN6kTixLuwlBQaFIG5VUKMRBb-IVU15b1eaI3LFCLhFK8E7xAOhi5gSnF7SqFtYDzV472EZh0sBJJ6R0PHOwC0vQiP0HxhT97J_srepl0F93yb0OTIuA3gZ-wekrIk8meMhEF6JN_oyRMa8ZTnGXoTTYH25g/eZDqDXt8tSxaUkgUKNs8NeUe16ZzlTdLP2TvIrIZr9Q)"
115466,Apparel Pattern Designer Assistant,Occupational Certificate,https://allqs.saqa.org.za/showQualification.php?id=115466,NQF Level 5,43,FP&M SETA,"Assessment Specifications Document-Apparel Pattern Designer Assistant.pdf (https://v5.airtableusercontent.com/v3/u/48/48/1766800800000/D7vVDIa0xuGVJbq2fDEJ5A/gBe5xrBF6C194FgaxA2B7uqyN-ZlmB8oyW4nSBa8Y6Gg5yialQ8rAFPKlna0wMrbqPhijuQiLqztZ0YzJPrWANY9ct25TsGCTYex4K_TbQ8b55aYgsHfe9pYiiC2xXR5FfBxcBsUWFNVjJecAV0ZTIDABVHTFkUtClbkFZdssmD36_mi9l8ZYPvBB0Nu2yBFShuYWltrjPABM9WKXICguA/PGRj1xE3fejWQp3X4zCRnEITG_Tg-MM8BrHIx6eNMWM),Curriculum Document- Apparel Pattern Designer Assistant .pdf (https://v5.airtableusercontent.com/v3/u/48/48/1766800800000/FJdHJbx0xwl-NqAPGsD6lA/POTuUQUSDXqGRmJNq0oBTASAiMX49u_b-EnVWyaM37ixDv1eEfXZkvbABGMBUlefedXNm5f9AOxDWv_587tnng3pTxCNuv-F0anGq9a3tMiHNsmTcnPGCUl7B6HP8uPqnWEoWtkJEp2AmedNdvD7D-jv_KWJM1TtG-oN5TTht1_9873AOPQp6IlUnTD3aWTdIp96T5W3g4uzAbBG38a0lQ/gDRbnxkmIp51lfXv9CkjUwgMd4QiiJMZkJ2IhxDGmAQ)"
115455,Apparel Pattern Maker and Grader,Occupational Certificate,https://allqs.saqa.org.za/showQualification.php?id=115455,NQF Level 5,291,FP&M SETA,"Assessment Specifications Document-Apparel pattern Maker and Grader .pdf (https://v5.airtableusercontent.com/v3/u/48/48/1766800800000/755DVaZELspCRvprIKV96A/h0IVYmnrtZqVjf5LiQ7we71MTyUXXTNdNaWZF0nVRUILo6z7TSLHDap6W6a2lxnQimW03abHFsiPrkke4uLZHtc_OhZrwfFLHDCZGmkejS-lIghSnaCSglt5u6gA9YWnVt1fvW42VX2u87K6JbropFBG2_WJdPCAwpASZuAvODIPnzMhrunGE2ZqL4PiXJ3a2IA5ERKTBHLtTpMJiwjyyQ/vi2dBiJqQLaoS3fDuZXy6JCYKBo0jGiuX49Z4gLQWNQ),Curriculum Document- Apparel Pattern Maker and Grader .pdf (https://v5.airtableusercontent.com/v3/u/48/48/1766800800000/qtqIAGGkjiRmdU7qa5ds3Q/WGUs4aKy_Lu-vDBB7btae_S2TVtzNjBZ00kU-q-nU4fEOZNQUhGQGcpbyBCeynCj-i2I5MFVkSYHeu2g5INLZivM0uT_aH37d3BCuoy4GHJ1n7DA-qykeQyDIBceowcComIFVCtbvfinqu9FQKeSvzy72qvgsjXMzddd1NbWAItGi_Y8osdzmYmA8sVjHLUX/lq0Z5-TaxOqjgbYl7KdRrRlQyzuyAEMryCsvKdh46IY)"
104904,Aquaculture Farm Worker,Occupational Certificate,https://allqs.saqa.org.za/showQualification.php?id=104904,NQF Level 2,71,AGRISETA,"External Assessment Specifications Document.pdf (https://v5.airtableusercontent.com/v3/u/48/48/1766800800000/P1mOlN26xmwoBF1q_hJlLg/6GA-HOwncU6stSS29nLX3pRMKRz5fWg1xKCKhNy55jpIqPXBgbxYTbJqEaCuLbFSGCxhz0JaFs9yFarvaRMABYDDgsDhgKqBbhqNwTp0MHtdL4GBgHRSFJD_xQY84me4H94cfYKBcQNHBDNb9n7E0Npj2YicCj3EnjXFJXfz-s-4Dx7eQl5XVmreEDaN9duU/_dhTz2DttvXUOlVme3sUVMZalQ3UXJqo9UIX0z1OpJA),Curriculum Document .pdf (https://v5.airtableusercontent.com/v3/u/48/48/1766800800000/2C62Ub-cyMLC1xJ_X51vbw/_0MfUuJAq2pmz5fTCAb6oLiqIB4Yd9-g2KodpZovL5Cd0f-MR_TEuFtcRVihMAT2s2MJiH0wDw7Ac5sfr67ugRXwa4VbXGS1A5nPO2fYas2eSeoQpak_bFnvRYbqCmh3hA8lYjXPuhIW8ZNsGS4z2iwWkd94wJirFr_Fk_TUuOs/JuyIUaTB4d488oIp5rtHTVq0VcucTB-sNs39fyD1sVM),OC- Aquaculture Farm Worker.pdf (https://v5.airtableusercontent.com/v3/u/48/48/1766800800000/E6OO0qcMi1aZZpEPOTDdew/cSjEoK8Dbx0nv4Gu_VPHbJzz_b0GMj6Numhpdmh5ILi5eQfUNY06IGABbedS61RyD_UIz_2UwuPsFl3oTGHYvVymwCbXJNkU1g2jlwmYB7AiW3QMNUMjgUhRy9pRisLratsL_EshjYChLI9Lxk4jGU1f9eu9b5ojBtNyw0rngHc/JHrQekTtlDDy2i0oOmvHrmzQ3PWB3EbVmlo45vxtf50)"
104912,Aquaculture Farmer,Occupational Certificate,https://allqs.saqa.org.za/showQualification.php?id=104912,NQF Level 4,176,AGRISETA,"External Assessment Specifications Document.pdf (https://v5.airtableusercontent.com/v3/u/48/48/1766800800000/Bs9E6FCsTVAjy_GiWQSnDA/ln6p0W5BPZ5E0mTBDHjOfOBKO0IZfkHsQP3b2dseKJkmjtKgEuwpt_BY-4CjZf0QYHYyKrPJoWmHRJkjHVaH4SB-L5KlrX7_ZInLkh4FyiuoAqge2B1cOUwt7wt87ukdqHaEVIC5xm8qbKYW9w-Tm_ucyW7lnKzOzyyEMdiuDHIf-AZxZF9KQpC6u5SiFqDy/Xss6UkE66BWkrfuVM3Mvb_aubDJmozCDUbamWJQsMLQ),Curriculum Document .pdf (https://v5.airtableusercontent.com/v3/u/48/48/1766800800000/E6FhrYz4kwakBgG6rrWvWA/WX6Hb4ZerBcdFLv9ZZaFQjwk2wcIqRaz4VaB73K7HPl01qVmdc0SpZLVJvXK6xNHJB8HUCjkL1R9GcqpIiEO7ikhtUm2pyX3y2GGQWm-Ke7ysnZnkHtthVSMPjbyyCUmg_mvJfVQAxmOCqYjt79gUYh02d1CvsB_H0oj7UURCsM/kJ85tpxIbzUGrUtLZKnkec2jpWkmW2CbijImrA5U1Mk),OC- Aquaculture Farmer.pdf (https://v5.airtableusercontent.com/v3/u/48/48/1766800800000/DAF7oBQ7UGZtAm-NAW_u4Q/aiJC8aAchQDYERGAjzltBWMrCN50LWLGl2qkOAwJ1JOwQtemDvlG_xrJ58_ueKnZASpqm13DVopHOZmfjhS3BbjQfMtusF3GcmS_Ky8riDCw22xefY53l6vJ1IIq7Gl4HwgS5O0wJiH4oeZQ9cPbZCTyoULzirr_fnMymL_TaH0/xD38rlfkZjghpyPl9_t3RsqXFcOgdfvAe8wPGawHPuc)"
94019,Armature Winder,Occupational Certificate,https://allqs.saqa.org.za/showQualification.php?id=94019,NQF Level 4,607,NAMB,"67120700 External Assessment Specifications Occupational Certificate Armature Winder.pdf (https://v5.airtableusercontent.com/v3/u/48/48/1766800800000/jwlgZHqF4OsbAV-ymrgZRw/jKjVBnlOTkPNeRRKR14MLpqKU8jBtxxiLTPMgXAQjv3oj-h_M0VX6gULgUXGgigYijlpqIMRp0YYEVBOwtpalcMO_aLha5axCe3vmtU1j7A4P4EsEXA130V3kMzKAGeVlviFCgGspg3vQ-m-N3FD90bV6TdD0t7cSEPj_98bdNK-06S_DKe5MBEU1g5BcQ041BOekt6OJaAgNrL5s6opOFeJ70Tuxfh1070KkZQN8ME/P_5MzubuvBnykU6wGbm5boF418NZ204MqLquVHieJqI),67120700 Curriculum Document Armature Winder.pdf (https://v5.airtableusercontent.com/v3/u/48/48/1766800800000/b9mdQ_pf0H_ym-luDQs7ug/0dbY_W_F7Kl2Hfzn_VrCzbYcSvVd5GAlgbTsmYmK4hqB4NI9gkVDTa_dLlXe5lWKqLTnOnCmQWv4AOk-TMfrB3HVWob6kR2QWsYbreMSWtm1OllnNBiKrZGznkm5frYe6PApRRAm1XBsnj5H6fmBPiBQUJqKb9fsu_Mv9cdMpvHwN_-pJGbd7AJ0_tDz-n1Z/g2DDiS6AU9-SIMkkrcKZGGTblLpoX4hKn8wNB0N7GSI)"
99254,Armature Winder (Heavy Coil Winder),Occupational Certificate,https://allqs.saqa.org.za/showQualification.php?id=99254,NQF Level 4,540,NAMB,"External Assessment Specifications Document.pdf (https://v5.airtableusercontent.com/v3/u/48/48/1766800800000/cx96ioC2X2YSe3tyY5Vu3Q/KAMjFaOUuBSoROM8l3_MsjN_w029BzqJLbkbqL9AJWjC28vKVTxvBz5R15w_wVP-MNMoUv4d0nY9sGBUv9joqdHUWghVszGiw2hayPrKAQmV-gePsb73AIdMz3T6bclfQgpVrgsYd-WIXtL6TkXiYqPiNSJNUQkj3bkQ-I1OOxxlJUGsIh0owB4gm9UXrJVl/Wgv1tI2IdaBb8j6y3_i6vkpjHuAIA87F3VogYd6xFic),Curriculum Document.pdf (https://v5.airtableusercontent.com/v3/u/48/48/1766800800000/WNJbUwJL5ibvT1hVXmTxAg/R67c0kIcL4qZxXthCxGLkBRM5Uk5KtklQeWXX3zXHSxBh7exR1YN9K2XqfgSKrccGxw_oRjzIDVty5k6qlm5e6T3Hut3Y3Ww50ptwAx-7e0swXAprSGIQII61GrAytgnpe_lUKfJE7XzHcuHht55YSAIsW2SweJgaUNpIyk2484/V8J_NEHTTo9FvT3z233D5XXTbxDdSFzvR7hRZrWPWAE)"
118792,Artificial Intelligence Software Developer,Occupational Certificate,https://allqs.saqa.org.za/showQualification.php?id=118792,NQF Level 5,209, MICT SETA,"Artificial Intelligence Software Developer- External Assessment Specification Document .pdf (https://v5.airtableusercontent.com/v3/u/48/48/1766800800000/MZl5WuD3m2qOuABNAFG2Aw/QvXxzHVFdl4kys6kaVZ5aZgyQQXXwkqAT07-vjEjH3YlhnfSCwoEoxiUAFw1DA_fTvfR_jys2z7TjLMRDJaJ-vwWxO0pQQA-Dt6spTQxWd0TNcgjiWTG3KtlXhw1xKY1plEz-Zoh5MvluR87b_h_IRRKILjQ60cHD4UmezJ9szJxd2Q85gL-6QZb5DH-2QoyWl4f-wHEqCiQHQcjh_0lKbfhFeSyOWnAAINl84mbREo/0ahkZSOgtWLMr1dzxPdXyoZYIj9l4CWkBQXigyU33Ew),Artificial Intelligence Software Developer-Curriculum Document .pdf (https://v5.airtableusercontent.com/v3/u/48/48/1766800800000/tzg4FSVJgnj-_W8RMQpPoQ/qPxwB1U3Cg0qDkGHz7_FfRctuo11z9GP_6v5MOwG_YIYom3ZtnFLu2VVR1vM4UAZBr_l5YHVUvNvS6dXamXZpyYDUav4MxLZ6NaCrvoayTL9EDTfADHR1BKas7ZJ1U47exbfiiQsoaZJG6SpXtJAcmJIdJW4_UizpX8AHYKMoXb6JOE_ZbMvxpvsf-UrbblPpgSuYXJ3H0-tgGmDBP-kLg/FDqyMDjz5BpGkl2t7usKCEXTeGsR0i1pIVPTJ_36_rg),Learnership-OC- Artificial Intellegence Software Developer NQF Level 5.pdf (https://v5.airtableusercontent.com/v3/u/48/48/1766800800000/22xEhEsG8AN8vyTnwvAymw/a5JOVbgjA7oB1rLDBN6bYk__CXu9xCw1HsDnII8q3uQ_77HuBWVzrx8kOBiQSKw_X25z43h90LPODcnbO1QWF0xnfjSTSfyfvbeVueMxDqvRR1sdv0VuZjQuNi4R6cFBWkPaEDLfim6M5HtH9Yy-0vxPXPuQ3WgFz9J5TBzb47Vt06rFT-DryQwbEArA1rXtrFf0Gb4k3C3KgWV2u59LPA/w0SuBJgoHSlgyRZfXtLBrG7VN2gaCoSisciV11N2ya8)"
112827,Asphalt Tester,Occupational Certificate,https://allqs.saqa.org.za/showQualification.php?id=112827,NQF Level 4,136,CONSTRUCTION SETA,"External Assessment Specifications Document.pdf (https://v5.airtableusercontent.com/v3/u/48/48/1766800800000/vIXNvLhXDBoXGooxN2kvmA/SSmtbqmyWlUQsh55O_0KV_3UUwUUm1oyOrKcAET0NMtdOMG0AGevaVeU41UVmEz9J8waOJs3WNTvhsRvz06fKBhMzKAitzU_jFsvx-y0dtIxMZEGN9LyCkQIb6UjxwOIW8Z2aQv4PDrE3Q-N46tgF4BYoWW5neD5_DP31KYrwi35ywbwyDPcJZ4ffZWHduEH/6vgAbxtapSoJyXM446XZLK9v6O_TYx52IQRhxxvlJZk),Curriculum Document.pdf (https://v5.airtableusercontent.com/v3/u/48/48/1766800800000/kF05Wqla96U03ymn1dtnXg/-SIYeZIWrpstmRDeZ72FrhH5SCJUoigzHRe0x7exFMhMOAxJHGgLy3Ufdt7UjZT7uNGLKaPFjhVdMZYhHJizZneRrG9O6LnaltiUqWi_GjMqZ7wjRO9br_5DLuyLjzZSb_Dd826qJCnc67qBkRAfiGW8MDe0deEBbie8_UJZ77w/ThLZ8um9o87yImVMEMMDzw5A0nKDz2PYzJAlhu3_N-k)"
110904,Asset Protection Officer,Occupational Certificate,https://allqs.saqa.org.za/showQualification.php?id=110904,NQF Level 3 ,25,SASSETA,"External Integrated Summative Assessment Specification Document.pdf (https://v5.airtableusercontent.com/v3/u/48/48/1766800800000/17A4N1WdNskZKBCQxf5YUA/Ip_cgvxtG1R2jr31wUNb-GwLDkQvDHy1D4aE1e2TOo8z-6lyPvQ94EVV5n0fB3uZtp_x11HHfGh5VcOLjpTDgTlpRr-NUPS4hkn9SE8pWZZwCu42HbfOEaCc8mS5zYJrmr1PAwCr5iUaHrmkpTiNoyZorzmj4Psh_JS1sgKG0e6-Wseu1K0Br6lky4JXGyAuAIbZrpYBppTvyUCJxAX--w/5P6hKG7mBH8_75RgGmkiA5PZ7yIOapy38y1lykaxPPk),Curriculum Docment.pdf (https://v5.airtableusercontent.com/v3/u/48/48/1766800800000/3Y40hwO2iVZmLIz3K3WxDQ/3scVvL88rzIg7zUL6p_xpqEVrRaJcDVxXzpp8VKnVLSsWOvvyRq6oazEC7EKKFkWwo-XMjPGwTAWWzhYoaUjOJTQhKxcw_U-EeJWrwqq9dwKBr0hQwedjSwbvydsv40fdkYWRMWupWNI3DBMvzrZMJms15LZ0kAg9Ydm67dttb0/EOmSi7cKTNFgjh0rTBjm-k-ba0koFn80yJL0O1Q-e8s)"
112284,Assistant Painter,Occupational Certificate,https://allqs.saqa.org.za/showQualification.php?id=112284,NQF Level 3 ,154,CONSTRUCTION SETA,"Assessment Specification.pdf (https://v5.airtableusercontent.com/v3/u/48/48/1766800800000/RFFIXiH8mGaolCzca9Kf1g/vS1bjTe_apWPnUE79oeavZvTEs-iXv9I5X6l3HAfviQBFaaQSGfiRw419RZNrVhs8X6QjSXLk-7BqfocFiTxG_nM3sdvYdaPJTC1oGiVtdmXpS6hZbjF7yH6fTzlt_nTad6T8F5V5HsAEamhfgNbaBWqZiGDaclPW4Brp7ACas4/0KsyILZQSMu9S8ow5w9BBRDosm3LlNrvZw_g551CvAU),Curriculum Document.pdf (https://v5.airtableusercontent.com/v3/u/48/48/1766800800000/LJq4UubVL84XPJ7fCJzUrg/bsKfqcaMKOZ9v2NTOOxPzSCT410JuhKfBAP-Lq0jJgvzrFKvRaMzrcY5UA_R3evERSmeGiemFsDsYtjzeR1vXC3FKVDYde1SoHsK1sk-N22ZiyrQSnXrd9LgQ2o7LSC10_rZuNWginHNubSG_37mxQBdG0gdF92R7SxjYE3ZQGo/w81D-zSaEnWIAip7CV6AjR354y9c95XOOV6UfdQytcU)"
120670,Auctioneer,National Occupational Certificate,https://regqs.saqa.org.za/viewQualification.php?id=120670,NQF Level 4,180,SERVICES SETA,"EAS Auctioneer.pdf (https://v5.airtableusercontent.com/v3/u/48/48/1766800800000/rCyhafIthUTm0iLhybCupA/0XLJOBLoLL6Z2EIZFSfSPqWk06D7KyPPWVMf_wWTjkkhrB7iz6RaZz3cSl5PLL3SOGBUYL1Kx1VgyU3YoIpGkZazYcO0itCqGtsutqY3AiNUUd6BopFjwO8PN_Qsou28qAEWxHDoyHNcY0ahYVYKUQ/dqWg1znptYIjHTq6MCJnxIvjYckq0hvuy4ipS6menj4),Curriculum Doc Auctioneer.pdf (https://v5.airtableusercontent.com/v3/u/48/48/1766800800000/WLf42Xhb7u28gqwvJX2Puw/Q5z7qay9b9fDSRzjstLpxrOhnhElTMpvWgeh7t2MXIMX8LTtYw17r1f5A39dMwxi6RCM1whCWL-8lMFyrx0T6OfswOnk4IcGd72Kt0EXnnYE1kwvQaW52BFArFRwvxrvkjMViEu_sD2KnFv-4M8A5p5iMISy-kRmkZ202oqUgO8/y3B1AzoZSJ3ZmRHtIIWeWWWDHd_Xah-UCsy-Nt5lNjY)"
123382,"Automated Chemical
Packaging Operator",Intermediate Occupational Certificate,https://regqs.saqa.org.za/viewQualification.php?id=123382,NQF Level 3 ,158,CHIETA,"QAS - Automated Chemical Packaging Operator.pdf (https://v5.airtableusercontent.com/v3/u/48/48/1766800800000/KPkd3X1bWqu8UGfnPAUtsg/MsHY7i51lI2l9LDv1jNIq08hwcIO2SgROaSuj8ur-t9eB8dmtJx-9_vYU8m66EQsIANAnJpHie575fZoPd34B5-QsMSrMA7Rx-Qq9rzutwRPtudOBnotcspcFG15VXl9YrEJESKbBriRwFlhuvLC-YyIzFOQMFzDOfdezkztyW7S-hj7c4m9B9dM-8w0Q_t8B9R2xmwbwrkWun4GUNN2Cg/rz8LC0vCi9CcOS6W9HEV7f9LXtLxG0rku-4DI3B-bS4),Curriculum - Automated Chemical Packaging Operator.pdf (https://v5.airtableusercontent.com/v3/u/48/48/1766800800000/Vz4_W3wdSMjUa8SAWiX1cQ/AydApod-GAAsclScs2UgYPO_Na4n3PosLlEcorH6lEYek8PuBzJY9i5MRF9oVy76Gms0D5Uve4mRQylkbZhqTqtD9KzqroudNlTqMe_Gon_6m3fV167IGyiHweA-88xlA766RYs8pTfn9DbMwzjAP3O2NePy5v3NqdaSmbKLYyVdCD0K6-zRv8Gda6RMhiW222oKWyd-gbBkWGhZDQKOFg/7BGGkiEeB9D6B5CiN7mi7AII43-EAmbYpHNIpQLuep4)"
117018,Automotive Battery Fitter and Tester,Occupational Certificate,https://allqs.saqa.org.za/showQualification.php?id=117018,NQF Level 2,49,MERSETA ,"External Assessment Specifications-Automotive Battery Fitter and Tester .pdf (https://v5.airtableusercontent.com/v3/u/48/48/1766800800000/kN3s9qOlsP5frYQFx5lVLw/Kw7-Q2WazD2BN4iuTNF7U5CfbBM1q_QzWDHWT13hL2BHMlxppask7KUCATrOP_z-gOn4xdWSgDwF259Cuxql6ZwpdRnKrIJvD6Irfw6zVKq_-hnI-RnF_S0dk-cTjDSnvPfyaGV76wyDyeix1CzcCOZBLxYfJmcj4WHNFJGWYtNfUq2_gvCglC4M7d6EsqIG9WCCbUu-M-yDaL73JsY_Ab1anQTqAjxZkdmrghjN-bE/QaMwqDr-l3I9NvB5PHCE7eo6lwYS88xiEu-dA1imv9E),Curriculum Document - Automotive Battery Fitter and Tester .pdf (https://v5.airtableusercontent.com/v3/u/48/48/1766800800000/X8Y-eB1QNWD9ARE9tnWKgw/Bn1oQFyw386SlWtKUgpwlL3uXKlD4BIT710c2qX8pC0hnEaJqLuhHUU_kqw9xy2SXWQxv1YAcZaKjjzh9LrSYBxbmMS0EidhH2QZ18eLFVXiM_HysRwXvqN46qHz6-LkkoPrAKaiAKszHF8G0-yu3nMIWDNyerEUbZ_iKxtW8Pe4QD8bDk1OoB0A3PBuc2nZNqs_Frc4p1VcnMpE1-EShQ/_eKvxRb1-LYSx-hgiccBH9nKNlJak9_k8IDy1K2GVu0)"
118729,Automotive Clutch and Brake Repairer,Occupational Certificate,https://allqs.saqa.org.za/showQualification.php?id=118729,NQF Level 2,166,MERSETA ,"Automotive Motor Mechanic-External Assessment Specifications.pdf (https://v5.airtableusercontent.com/v3/u/48/48/1766800800000/bxyuQEdCl75xNEnqbHFhQw/8H2jJLJs2Qnagji_z5755N7N5YY-r9iS_BDNcDhDw9dTZBWjF5Zl8Fsobs-105bUnGjkoFwXxXeVEE4eBIGV-He1cILxQVJ3T6INSuujQHpPiJ5DRTWyqXa5J7Z64RLTUDnwP2yY-Uy6q-UepVC-C0VNahD7dBaUtRjpGfdGTsuDEvsakk0EVHKVBm-D4JiArkTwdOu3SceO3Ad_3MV1OA/UhFfkHti8cc5BYmUe8boP9CyJqjln77_URdwVMYZM54),Automotive Motor Mechanic- Curriculum Document.pdf (https://v5.airtableusercontent.com/v3/u/48/48/1766800800000/lZyaPERJgQZ5MCucRU88Sg/szvst-_rzreP8vw24Ghn4WATfDzITk5jxUE-YAaGm5pFwbd1ThWwn6C-uncKvmll5LIgTHM1emmwgnSRj5TfRo4R8QTO44FW2HKnYjXgnonILmo9Y3PJkh4FWAC7M4_ieUBskGVebBLStTLPZ4AjRz-qmPyddZbiVqRKzmLM7Tw2U7wWzMOJrKB2h--Q_ELM/jZQKFHbxrCKSP3T18ghge_lgDB8BiiQR7leybeD0x5w)"
118727,Automotive Drive Train Repairer,Occupational Certificate,https://allqs.saqa.org.za/showQualification.php?id=118727,NQF Level 2,142,MERSETA ,"Automotive Motor Mechanic-External Assessment Specifications.pdf (https://v5.airtableusercontent.com/v3/u/48/48/1766800800000/852CnhMynn6WzQKZc1yRSA/3tmH-ZZ2cZQJU_k9FhSEOKhSTnBvZ-3StsbMqEOCUwdfjv62pmZpBaMLMsVcA8KQrjVsOqwI28qIAZEdGBoNN5FAQiSuB9rfDjsMGjN7zjo3W2wKySBF6qFtGZMCTrXLInoiO8trT5kTzqjblD1eGPyZPMs7NlPnoCPWOzc_llgcH4YTxSttoJkRzbpXYQeucr-4i7X2t4HA3NDIMYjoYw/6vukSP_r40nHkqWDRumLyKpeuA4uHKyDGdM2JzSX2wQ),Automotive Motor Mechanic- Curriculum Document.pdf (https://v5.airtableusercontent.com/v3/u/48/48/1766800800000/rDO4IVqZoQK_WyZuGVGH-w/Xhxlcl_ExiWrU3AlGE53hnEFBvoa5cIo_lU0qz-az_bf4ObL5-ecS5nZhzOeTg3ObwSLQiFrE8HylwcZO0rts5t6Qf7swFwc1xUIC0EUm68SQcSad0u2IZmUieUE9-X0vIpqesAegH99wp-pBNUQA09qGtDWiEGS4HAIpoA19TxBv1MJPjfmjo4umtVnOFfG/MKrMe4Iw6p2Fn3pJHhilzFvCpZQaqHK4bpCpyoob6Xk)"
119428,Automotive Engine Assembler,Occupational Certificate,https://allqs.saqa.org.za/showQualification.php?id=119428,NQF Level 3 ,93,MERSETA,"Assessment Specification Document.pdf (https://v5.airtableusercontent.com/v3/u/48/48/1766800800000/ejrLtnpUfBV8SKvJ1v968w/EJPuLw61TlEl0JGiA9JbPO4C8TU-X4u2Z2F7qWX96BG3_H-70ZSlB88hkL-CcSTBFivVQmkaHGlsg5UhPHzYMnyP_2EzKdP4eA2EUK5KLhKPl2Tn5f44jpciPpzbjIMhnPIcp0kjgys-72GiWeH5HI5YWq6CMS0JVpVLHsU45jE/bEkNOcIcrhblYsK-UjOTSb3au4t7BvmIC-bTZd0hpbo),Curriculum document.pdf (https://v5.airtableusercontent.com/v3/u/48/48/1766800800000/ImKQ2C0N2aVuhWKRDxD19A/nMdV6pmYncuok_nE0bb9jKtAqCPiC38G_9Ka5D0TTvFqbtXqtDMTMlU0qANu62WwvlPiIZBbNPzDrxP4lggGuzA9BfSxJENu7bkD3XOB9BaJwCQiN5ACVf6Ol-3GfIsePCsLYyh5Z__FppyGMzbLryUglTS-wtwUUgU16-NmoN8/wdiBckgtORpww06vmAU5kieYetklfAeY8Swd2sZwLYE)"
119440,Automotive Engine Dismantler ,Occupational Certificate,https://allqs.saqa.org.za/showQualification.php?id=119440,NQF Level 2,106,MERSETA,"Assessment Specification Document.pdf (https://v5.airtableusercontent.com/v3/u/48/48/1766800800000/Y6LEE-rGS5-Cg4xgOXZnjQ/uT3gS4x5OG4liN58M60mGODDVCukZq0hXkbkQwKMQcBYsVUZ__fOsZ-1XTLGnxtjVPAdvHdYb9fwGRo81l6K3LMnBw93fjOj7b9IXjTFFnwZL3pPGyWhMp6ToTLdryHeNa1q3-umwDELXAUUKkVe-oDTJg7D6bq8nwojsok6C10/GIxAGKgv-oI4SD3ncEEcaodFn97yCMht1B22nBa60Zw),Curriculum document.pdf (https://v5.airtableusercontent.com/v3/u/48/48/1766800800000/0jYl8ECiUunOpIV-HGVkVQ/L-8iZGaoTmvD0_ehu6p-4susqYjTBQ-2qadPYPyx_FgYFyEnaZJovlgbPXxv54KEXvJRWMyRkHD0Dh4YyP3f7muzgtQOUlfyRq3o8UnqBzQiPNSubDap3tQtvugI_JhHo6oiQCuarovg2rHjVxzXQb0d_GHcjCZXNisYl5E0xx4/e6adHKMNUjqxfm6sf29C3g7O3ckAxUY2HyOJZMBBkU4)"
119423,Automotive Engine Fitter,Occupational Certificate,https://allqs.saqa.org.za/showQualification.php?id=119423,NQF Level 4,540,MERSETA,"Assessment Specifications Document.pdf (https://v5.airtableusercontent.com/v3/u/48/48/1766800800000/7QZ187-07w9yYpubkudmEw/9ychl1_A3aa5YDahGR4XpuXOvqM3asyWdWGrsorb0S97y2rr376MTLGm0rcqa2BkpxTo5XT-e3-NVNy8y_FjimKTGDjJe3nW7e4pwGXViSwSYLZ7NvrXBs6EWeQCljfB--diVvdTrl3vFScl5LVv1BMKYeWTCOetWX3j2YT73UA/Er1IRw8t0XOcWowzOAB7lBUpsGOPakmH400a8QKEbRU),Curriculum document.pdf (https://v5.airtableusercontent.com/v3/u/48/48/1766800800000/jEcnXTK3-_l_jZX0MSdIvw/MYwbnNXx6yGEOaliudOaixbSAuyNrQdcX_92Ktaj9D1Vwc81e6Cjda7AvrkJrelZgt7Gu1FPzKYdnUMqv7JDIIlMZv-q5x23lFl2a2Op7l2PwcC24X5uBJW6kA42sj2ATOpN5ik5rmLGRx6KOhyq0rbO-7_Nbw1ErhJN-8mg-MU/f7Z9TZzI14XTZF6hq4yl9IiXCuPfPw527HKlCrMPPhQ)"
118733,Automotive Motor Mechanic,Occupational Certificate,https://allqs.saqa.org.za/showQualification.php?id=118733,NQF Level 4,540,NAMB ,"External Assessment Specifications Document.pdf (https://v5.airtableusercontent.com/v3/u/48/48/1766800800000/LGh3ttYMV0AzTv274uf6Yw/L62SORzSbKNa_p2guWlXRWqsxjpU8GLihOViE12nAHPlyZlCmEWLSwJ5SN15u0Q0cTnmLxzePaLT3NXd_iwoY2uGv_lAbqETDlpNuBhTwQpvK0T1uDoOoCD6p5XWNZBCmcawg5yV0FQWyokPTBT5HtYyYj863h4gxy9kCqHgf-Z_56JkSfhdJwJ30FCqFDX8/rBArhRP6m-H1uCIGiZj92tovIvpTgRFRZeNFofLhsXQ),Automotive Motor Mechanic -Curriculum Document.pdf (https://v5.airtableusercontent.com/v3/u/48/48/1766800800000/fz4wdTvUbT337vGrpYJRag/_VjT6xi1z5M9o_X8Ic8nI425BGIGOKd1hzgbk3aRYuUbWgYCVKhqU-CO_L_j20_93wwUdq9-tQ0lWWaB2bEVk-ffgDqT_iuJE5oacBPCs0Tr-Zo1oLmVUne60xg-fkNVnCKSOyEUH-ZZ1b_IQkK57b6b_UCASae41QkfufwqQEVvPWnoEQUoynk5OqkcVS2e/yIyVnuaIzqHh-V18OSKM3ISo2o6eIc7GaC3RX6SWCgU)"
97990,Automotive Motor Mechanic,Occupational Certificate,https://allqs.saqa.org.za/showQualification.php?id=97990,NQF Level 4,540,NAMB,"External Assessment Specifications Document.pdf (https://v5.airtableusercontent.com/v3/u/48/48/1766800800000/EkyaY2ZZj7f1-5Xn184lnw/hp7LUqxMKAOJ_UsZ4HrOiwp1ua3dQ5qUR0E8C5g4xK5MhPDn6PvMOXmhtcKKktjl-4GXbnJqa-F_OKgoHT5laED4xeMSQ3EUZ50yLnCxX89YXPyBIGnQKMfHjCjftx2o9O3GmHG-KBre9_ZpdfvBHQoK7Zn3nil4f8hKF1Bm2Qh5UWrQh-PQmIe8anYlcNVP/mjETXtC-Uh12u6VDwS1CtH6WzPtgF1i175gYWQOcxw0),Automotive Motor Mechanic -Curriculum Document.pdf (https://v5.airtableusercontent.com/v3/u/48/48/1766800800000/fc9l6Mf0clIea3e7_W3kAA/OXb33pCTl1GjY8JttF1-HmmHcOlVl7KGr9nrbJSQj-EtBrKT2EuZlZMC6-mRpIyL_BFSVJ0238hvrrgJewiz8CEagl3XTF-1ctUiR6s5tkedDjWLdmLcFzk2AmLpCx5L34l5Ajeu9lQRlJcp9l35hBHLA0FXlN5c6fd1Tww5uNjfsEVX2SCBXC_vLV__zyoN/hGYpjPhf38Z4i6ePnofsByo-Cv6D-eUhjYpptiQCpfc)"
118097,Automotive Sales Advisor,Occupational Certificate,https://allqs.saqa.org.za/showQualification.php?id=118097,NQF Level 4,224,SERVICES SETA,"Automotive Sales Advisor-Curriculum Document version 1.pdf (https://v5.airtableusercontent.com/v3/u/48/48/1766800800000/P3Hi0wKYiQiSP3uuWFR55w/nh-msW81nyi04TijNjNomE-rAemJGcxkp9L4wnQsla3olUnJcdNAvrdsWYxqJH9LKxhGVFOfCpAAgqooEJl8TXyJlD37gzRYJD_b8HyVM2gRY3Ed7I73XTF1c4iemJR8kFNyuduxBsLhRUrd8s2ynqLH3qEIVAkoqWk95S3Us2is-mnVDL2euPGOZUuMEcAlbCaeiigqAr0DbeoLnykmaA/UTWg3mFmglnct7HqB0XyGSZJ7k1wRadVAI35Jcta8HY),Automotive Sales Advisor- External Assessment Specification version 1.pdf (https://v5.airtableusercontent.com/v3/u/48/48/1766800800000/kFmUbzg-GGod6DGhKMEWjQ/vLmY0DnrR5aW7Q3Fv4MdXlc_QD1-OasikafSFz0APCR8O1AWpxJpCRgUzaZaDBGXounu972xw_jp6xOQZktAHwglKuRtT-YRD9FGDfOZnl-D6S6y7xHpeEGzhb_rPYzbEIXwDt8dWTC_m9B7dmyaZAYN2vqeJimEYN3QbrrPA8-eeM_TOClqABE2jkrumn-2aPSWFyHRAQ1bsOWB3fsFkQ/MC4bWjmYVrAI3a95jLf2xMMUepKMrMVPM9yr78TXPqA)"
117471,Automotive Suspension Repairer,Occupational Certificate,https://allqs.saqa.org.za/showQualification.php?id=117471,NQF Level 2,123,MERSETA ,"Automotive Motor Mechanic-External Assessment Specifications.pdf (https://v5.airtableusercontent.com/v3/u/48/48/1766800800000/nsk6P3conDI6B5QXGVTW2g/WjtvQeOpfM9QyPnUc0r9o2UGf3ws2uBy-_5PuxvV6uXvyKwBKtVUqoSHLNNNmNcDArKQVOTLpJ4_hSlJDiA5jBZMygqOmyelcV1h1D2ReKrPWbehXq5apIBLuGOnim2jPT2nsSw_nS-003qDjcnOBNbgpS5ucmvxwKuakaR5MP0pYUU3cwhHZ8uFK-VMe6fD3G8l5y78ksRuVlRU9AqUCg/ixYlxT-qOChvmnvpUFlYWgE8ofOehs0cGyb3vSokcE0),Automotive Motor Mechanic- Curriculum Document.pdf (https://v5.airtableusercontent.com/v3/u/48/48/1766800800000/wGSITvf4w9vmr5UzqM0Epg/SEwkBM77vnj0itwF-f724VwgyuAqdh7Lu9QPbyhGN9WzhWYnfqh5jQQ2AKbQSBXaptSgKBeRLHFqNwPo5XjMfOMhI7WPAHzWUKyZhEdte-oQ6PN5jg4SrRdPvjzUqPgN6VNFJgUtqy7E6rlM9gADMN-cY8-W-nVwpIHuo12qmBrrlEGV_rxR7qEQhFmfJt5B/1fb8ZW0h9gb2IsNoQ1RSHcliIGba4iK00eFPyxrlsDo)"
117475,Automotive Workshop Assistant,Occupational Certificate,https://allqs.saqa.org.za/showQualification.php?id=117475,NQF Level 2,182,MERSETA ,"Automotive Motor Mechanic -Curriculum Document.pdf (https://v5.airtableusercontent.com/v3/u/48/48/1766800800000/EnWelgpQNbRNlC4clSr9GQ/h5aShsrEmmAvz76cHWLdhdVTztwo_pNNyt8cG_hI7ODAB0m0Tm5ESps3iG7Hkc6tmbzpxFPAhvaaMkJU2D0GeKSZGTYHUFXXvkYbz--FeGaBSYrefF3Z1n74um4RuKrEKkfapXhaRs0KP-rj1pSvx9Aqle-d-jDKJwD0ENc5xip9G-gxlKTAVLHStuupXwYp/_8cgfOjLrXAJ6GIyQXX-sRZAM4YJD8H-pk8pT4fpHQc),External Assessment Specifications Document.pdf (https://v5.airtableusercontent.com/v3/u/48/48/1766800800000/XcO_8ItPqJGmtojbtxPN2w/DOYo3zmQkamdfxirGt-uIWizbrM_DDhVcgHz8xlS8ML8-7f3rTDrM3rXSPsSzfMlzUkELxS6DvDzcpDkYa0JApMR9RrrsNMGEW5gZ1xoszdv0vWgMsBX6cYSO8YYUfRDQ4iLM3BTcgkOw6GmjhTT1ORMco--Nl2twKfJB8Ed4xJJHd7JJCA2LGTHaX7K8OT7/iyIatzJqdMxtxQbeJeGYxbdd3o5FdknzVgxUW0NYfgc)"
103263,Auxiliary Fossil Power Plant Operator,Occupational Certificate,https://allqs.saqa.org.za/showQualification.php?id=103263,NQF Level 4,308,EWSETA,"EAS - Auxiliary Fossil Power Plant Operator.pdf (https://v5.airtableusercontent.com/v3/u/48/48/1766800800000/9EESbrE77wbfORV3oL3mJw/Yf1FcsP6ZA5LXO36j0Wzrjr0O8vPw4hBP3gj0hEIimGMLGvziwQFb5vhAFJYA9nJZANscM4XNX2HWLEsCF315kH8PAiPqmgvO_jo_cFfxFQBdQPwhbeUfrO8jGQ9wE_9v_ts6zHM2Jg2thkDRVrvAq449Re03Krhsc4RFwLTXHAprnR68viMq_38NaMcCylT/hFcxtg6xk337_yo0CSlwnI4B2HsfV3TZS4T5DtTrFTQ),Curriculum Document-Auxiliary Fossil Power Plant Operator.pdf (https://v5.airtableusercontent.com/v3/u/48/48/1766800800000/tgBd8tDaT9nh-VtG9y_Xbw/XW0iOtdmWHHLztDDKyi3sHZfXHD4vDg2RmzLTpO2m89iQkD-E4Yk0q60lq26RlF3DELwy3mQh5o3NdJfjQY7O8NKJMQv-_oXIhM9ChU5eFeK2Ue9qCRECmMim4lnt-HjCL5-TWKUjV5r9Uq_h_WpFGAWqH2AkwWE60A7_wDgReYJz7woC-BgC38gVjlfu7yphQNuUyUzciJEijhLcn9YSg/av47QvJGjUR_w-yzhriWiuI2VotiojggWd0CvkZuc70)"
121791,Aviation Meteorological Observer,Occupational Certificate,https://allqs.saqa.org.za/showQualification.php?id=121791,NQF Level 5,53,TETA,"EAS - Aviation Meteorological Observer.pdf (https://v5.airtableusercontent.com/v3/u/48/48/1766800800000/NISnSOVhra-lhyORtzh_ag/XOv2JHXU3J_rIMcY631pIsLMBEpiAVtsMFKbvn3UIoh2_eYHSlDdOjQx2J60N6EjV1ixCCwglFLzr--BcRD3c0oJBL7o6Gg1zWRjOsWNXyGLr3sWy0mpBIFEyxVGG_9DTsLDkrUuaY1S48mY4DJdrNb9ovSQObjLV-UY6aLy26ZcKoJiWCv3-frPFUSmHX_A/eM9yLEevYrX66nnYJw6y7TwIzs2gUfUreS8vRNUgvy4),Curriculum - Aviation Meteorological Observer.pdf (https://v5.airtableusercontent.com/v3/u/48/48/1766800800000/Vcvhq1p02d_xYR8S59fKwg/kbzdGY8qJgCqnME8ZfhBJqjNd8KKSj_EEQfZQC04HTMdmMVHVabv7mgVZMBHHceuVnqh-3LWUHpdQVC7pLO3M3Dv0E_O5DttpJa6wk1x67mvF4bGRvHmIdEjH8HkkrqpEK124Uotos92D22Z6f2LuQK-JTYuMg-kB8yJC6ecjxryfs2v0G0sYiV3TZUR9tvIUUU-vq0GQckqztn6aGZeig/qBrjeJD8a5iZBifaA_TmQ4z3Px40r7ADV-HU6xoWgUU)"
105024,Avionics Mechanic,Occupational Certificate,https://allqs.saqa.org.za/showQualification.php?id=105024,NQF Level 5,538,NAMB,"Avionics Mechanic- External Assessment Specifications Document.pdf (https://v5.airtableusercontent.com/v3/u/48/48/1766800800000/mLfvM53ht5-bveJ8bDZrFw/6TOAx5enu3jUF8Khi3ZTOctbDTBreMQ17FS9UnTOaeWuN921aMtxindLBGBfW8lF1ys-ofx75YRv3Dum_z-IBCiqywGkY8BPCaKvgG8qSyZyb3YQ3jcoVG2f3_6P-lp2GPlX0wnsGBJL64j4Kd6HO_j1ruNS_qqMBQzpOMobpopsXosNo6zpi6moma2viLeQn6DOKo2Pzg99Uxi-EzDK6Q/MWDYejVlHKdfy06PDbxJKg3FDwab4m-QNTr5L8VRGjw),Avionics Mechanic -Curriculum Document.pdf (https://v5.airtableusercontent.com/v3/u/48/48/1766800800000/wBncU9LLzoKd1gEmdKjNqA/s_ExrnlU7o2eXKM8r-PpsudDDgojQdO4Fi3DO5rGMt7HhJBWwDw_FgbBEwzCMyA_6fBvMyK0hp8xy8UN0QhjqUCFLO8JeVvJJ2n8CgpdBLpG1EMT_jJ2i3QFdTHxRwN7kBLyVBAK5DiO3dI4iZNeM0wQPuj-wN6zsk_5IsE1b1bPvZHaNaR3v4q7am1G6EZt/E3qUQt0MgNQlAJuXjpDj_GYwBp1EJsbgFDxhRWdvgDU)"
121147,Baking and Confectionery Operator,Intermediate Occupational Certificate,https://regqs.saqa.org.za/viewQualification.php?id=121147,NQF Level 3 ,123,FOODBEV,"Baking & Confectionery Operator Curriculum.pdf (https://v5.airtableusercontent.com/v3/u/48/48/1766800800000/h5ta8Z879SgKd9aS361TsQ/mYr9WqsdycrevZp3ax2vaQ0ydIgxritT4rUl2uEkE0s5nE8ruKHVr48xkjAnJ-E31V06v915Kqp-vggfW3a4VbKlZlCDeNxdPfuCjyiQqKJqwVFvxgmGtQq_4HGq9a2mles8YKlTpba1eRVhbxv29rdAXkHKl5_ezIBBXTS8iwacPz9DmeUVHYZFtlZRXW0G/g0r25_JBHhGZDWHY21EbY25fBsPg1zdBhpAsfhLIkIU),Assessment_specifications.pdf (https://v5.airtableusercontent.com/v3/u/48/48/1766800800000/vo15FCUMXJhJHJJ0Mpk8Sg/3L_8RA4LfsQ2ZZZ9qQqLxScSMFOsggea-8TELnZCtBLDjbMgkxdSN31PH5Dg28t5qW9Iebh0-AGqamC_ifpan_9s7NoKejpxQKBDYBYjaT-rLxPTL9xdiyGUQYNQCzgdfm3jBo7Kz0ExDnJMsZosEl9AAdZAGMcNZ-8gqFOhXQY/nlDN4dPwAA0c2SktJTFODn81FRhW-v30JwSyLTbEmCg)"
117230,Bamboo Floor Finisher,Occupational Certificate,https://allqs.saqa.org.za/showQualification.php?id=117230,NQF Level 3 ,141,CONSTRUCTION SETA,"Bamboo Floor Finisher-External Assessment Specifications  V3.pdf (https://v5.airtableusercontent.com/v3/u/48/48/1766800800000/C4LFNpJA61NMW9-mvI29Mw/ulTf9sCzgIcVTDBJNfHmco0M30Rh_C1n3_61BRkiWPtZtxsuQvacbRuRlmRP9ZxqcACp5fOBbjfg9EwrNTVGkUtmS8gz4ejztwNakWxZOzRQJuNtcCXvhvPDbITQZmrNEpstW8EzgOe2kxy3r29ErELzT4-DRCqSHoShZ6Jzfga06WuXbNVjwDDQENd3QfGmQzc3UvpnKCkFmEi_p4JayQ/RGdVMQLKfAc26jXjvpige2q7YyFJkpV5rS6XwIkay8A),Bamboo Floor Finisher -Curriculum Document  Version 3.pdf (https://v5.airtableusercontent.com/v3/u/48/48/1766800800000/FYdYjYolvDa7WVjxM0Q-0Q/zSMSxQLVGnrk2ZgSPDI4bX2QMNG6oCCa7WbueDPkJKF2-8bn3bsgvRQmplJcrVseF5-fIidYxURaNAABhnyKbdcHbk4nzRt-gsVkpDAVJR0FKg6uLU5Ip-iH-XkLt4U3a91UFoI7CjcuspbVZm6N4fbw7OCp3_VGtJfnGh6DTZKL_ZtNo7pH0DiyNrTACkas/Z2-aX6yHlcYyQkdYuG_r8wHsdisJbip1rm8NSAxTBXU)"
101710,Bank Customer Services Clerk,Occupational Certificate,https://allqs.saqa.org.za/showQualification.php?id=101710,NQF Level 4,51,BANKSETA      ,"Assessment Specifications Document.pdf (https://v5.airtableusercontent.com/v3/u/48/48/1766800800000/lAJAeR2NbWOWRz-EHJrjIA/klj1bmfTScgXPJZ-bVydCZ2zKlDsBP9JbTiNwrwU8lQiXZEHbjkOE2Pk1BOjiRbmQEIzdaozmRka5m1ZQxXBJXJQ8WVBIdp0yh7_18fEJHUTJLBDRprC-HkMEhO8B0cWA1qZcMvcbd0rP_R8-DWayqgm58C6HtAG1bd8jf1qf8Y/xAP-c-xp_rVcMiP5feERPGlWK2tVHOqVoxDQ0U4il4k),Curriculum Document.pdf (https://v5.airtableusercontent.com/v3/u/48/48/1766800800000/On_IdFs3Hbe2DPH9zmVp6A/CpdQFFUTqDZjxpAESpG6kilkG67x7-2cn7pcaE-nPX6y4FbFnNAykIIMWPQ35BAB9NLfTL_h8lT3sgdNH4gayED2fdqDzXyrIj3nKH7WCpo9Ja7xsBevystBzQPBsbgTJLKZM5g1JcnsNzByHcT_00mHgAng8RhAfgdje1xo3d0/h8BFD1VV8N3fDNsaYRij2VAaUI_QnHnbV2o1mfPsJQY)"
101673,Bank Teller,Occupational Certificate,https://allqs.saqa.org.za/showQualification.php?id=101673,NQF Level 4,49,BANKSETA      ,"Assessment Specifications Document.pdf (https://v5.airtableusercontent.com/v3/u/48/48/1766800800000/0pNbrvlS3a9NtiUIZhvkgg/Bh14MkNSrnReEmDzGwspy92DKY4wJmrLz0PhxtA1sEiIdf1kEo_QGp3sZ-tyEk_8fHfgHLpibv5G4V16skV9H5Qs8-6qL10pUGZzN_Ytoe9mgcaT0ONe9V76HdGv9SbgWSqT-dXoYN-oEVqCEWYWviN7GSnIKuodKAf0t9FrbxQ/i9gQn8z9ldNc-9oykuLcCOC977lrGrnhYvkIV_mhg4E),Curriculum Document.pdf (https://v5.airtableusercontent.com/v3/u/48/48/1766800800000/tWp8paj_yklwa5KK67rLlA/dRKzmjYUGDbJqaZ7qppAjt2040ldEFa8_MGNfiYSwjH2h98Pi-Yza72TKjHCEdSqdY5Sw0qkaYBc_8jj9EgKGEdvNwNTF95yYEYI3EjXouSpexycSDQqCp5mRD8CYTz28VSKgrsulIfsBrDSfsYU5ehL6ziRT75RJyt6XjZcpSw/hYD2qRai9gJ7cjaLi6x8UbhNI5ZYaTPrdsU-_6dlF-M)"
110240,Banknote Processor,Occupational Certificate,https://allqs.saqa.org.za/showQualification.php?id=110240,NQF Level 4,39,BANKSETA      ,"Banknote Processor-External Assessment Specifications Document.pdf (https://v5.airtableusercontent.com/v3/u/48/48/1766800800000/3QlN3Sxw_segpTzQLjbnLQ/KWlRVhYHiUWM-fwQG0UIzkA4vA8tuR0WEqvCVHgj_wYlKCQF4TBYex0DvLKXJY3ahRi-IrJYS4kjBA-diSaiItZ36BSfTTxjFV-2aroSQPNPktWROU2KQ8v7dI-_vTWryFN4-hRx0qFeYNvGmmCEXECHL5iXMJXICIa1r69IN2lOzBoAo3yJTvqvzc2EZ-lPks8EccP_BaG2iQh1eyQWQw/9HTvmU7YkOkTxWOYixEMiSwIPq5VwxYqb6Eek3aeofA),Banknote Processor-Curriculum Document.pdf (https://v5.airtableusercontent.com/v3/u/48/48/1766800800000/dz29zGaz_AuZyqXQjpmR1w/EZ1y4hZEsJJrZSe8p7s8HbqReYY0DdHZ0CC-aYnYYROcBw-CdXUL9RO-rWSspEtr5uu_beObb0p8OvWICLFcZ45Ap1CHdIVeiVNbic1rh4GLCtZbAG3SK10xZfQOwHrmtjQ2KL-Pm--CjdQmQKIwt_EPRzGHKkixSSxwYRW2ACRVJrD4v7iuamnHgOLX7uD3/8_yZiKVPxZ9894VfwTMWKLOvk2N1GCsNIbPEscKKBAs)"
104843,Bath Operator,Occupational Certificate,https://allqs.saqa.org.za/showQualification.php?id=104843,NQF Level 2,68,CHIETA,"QAS -  Bath Operator.pdf (https://v5.airtableusercontent.com/v3/u/48/48/1766800800000/Q4AbP4hcy2TzxSIHjNt6pA/anSMRGxc83nVGtGFCWzRjRS32MPQr916nQR1hXLr87LyjceKVkpgTpdckpA3QyFYrSKdP1Pz4BEmMbowYTeWd22c4kWDShMw9DYw7BUKFCXA22jkN9M7RhPHng9sKMobV2MTYD7DJbc5CJlJfVvvj4rVd5efqV-Yrjdh6tH7-ws/TvJMA-liCJPb7bZmhZlV99jLRvAqvFSp67CWrtMRGy0),Curriculum - Bath Operator.pdf (https://v5.airtableusercontent.com/v3/u/48/48/1766800800000/j2kBxtyl5RQUATi76BtzmQ/MURLWPVdudum_JY-TIGmBbnv0uLT-JXRAGrnLFF4fTKY0UxHiF_W2MF39XMIun0rv6Gre5t9vPy2O_s2eeix2jsvSgh_mmTSdQfKoOtEFivQSRBOBwl_quEmAS29nwSMPx-yrnQzI00ZZ5t-Mu0Jyzl_MQ8dn8ftBuZYIx62IJVZQTNqIk_t0Y2FSCvWSyLq/3ZJFiyMWg3PEY13MQIm4ozq3lEF6_wjPqdVXfN7SS2c)"
123687,Bath Operator ,Occupational Certificate,https://allqs.saqa.org.za/showQualification.php?id=123687,NQF Level 2,71,,
101551,Beam House Machine Operator,Occupational Certificate,https://allqs.saqa.org.za/showQualification.php?id=101551,NQF Level 2,134,FP&M SETA,"Assessment Specifications Document.pdf (https://v5.airtableusercontent.com/v3/u/48/48/1766800800000/5aIh7yx4ZO-xXTwJehAQhw/ADLtKpU4wCyfv3JPepwTQIQNdl5R361R5LgREqb7xBevkLUfCOVGn2q34TMPPbN7mCz-S-LY-Do1OTOBri8N7YcwZtVFhQlE_hM6ZJdieTjbDLrgUhOJChfRS__iquvZFfZ_RTNd4Hqb1P4LX9vSk4yGSg8ZvZuyAFyd1z_QU_8/2dj4bGvZyJMQKr1zVxwq_Nx7V7YtfUbWAOc9fTr8aDw),Curriculum Document.pdf (https://v5.airtableusercontent.com/v3/u/48/48/1766800800000/GrK7fR7WPtY9ZBt43ScoYA/P5vqKBWXm_ohcRrCRGXDxfiPCdOHjsZxmYbqDIXaYxCS9AJHNkw8195QUdQRNNwMxSu53hQ7VusrJAmppYD-BvQTB78Qx3QmQrRl-xN1wKpXnniUxJiI7SyO-PLFMalaM0-zyc-y0VBLY85Z6Vtqk6t8-9RBLqvFPA2qOeyrd6c/Dlj6YPUcOhGGksdD9XArfJBH8RfxE7L-7C4PJlapJ9s)"
103181,Beaming and Sizing Machine Operator,Occupational Certificate,https://allqs.saqa.org.za/showQualification.php?id=103181,NQF Level 2,150,FP&M SETA,"Beaming and Sizing Machine Operator -External Assessment Specifications Document.pdf (https://v5.airtableusercontent.com/v3/u/48/48/1766800800000/iH_G2rSeiAFtPYDnZc6KkQ/WfmIR0qLnQYy5BEnG6X9RJ98UxiM61AoPLjYcy_hALD7j3uXe9SE9We7lwa1zJf6fhYMEf3vzx6B8gtpheYAyRtxSuswtWUndASssbG1v_bjkw_pq4SycPOZk-YlHVuiJwZ8h5AQFx98_uVgywPgOkrhpRCe7e3D2jSEZObA33TsBN9H5w_J2d1m7-CqkndH08Y0LFB10M_7Zn_DRXTgtunADKwj03beggSMJgN-qoQ/X_EOvl6039efIBvykox1txaqKyeIziqiqXNy-wFE1tA),Beaming and Sizing Machine Operator-Curriculum Document.pdf (https://v5.airtableusercontent.com/v3/u/48/48/1766800800000/oA9uCZyE__S0U9TprMmSVw/3gTqLZRizxj-SMPOhkjWc3ewXPEFMvyOnUFyqOz9Od_ingbf_V_V-5QExQMbw-GSfJHBjZtX8YXrb_V_o3i7BbngajyRfkaYTpYmc-rCMrDMqvdGPxSv4gERALi8v9HvKZv7T1_qKvlJIeGx_qFCPHoexQMxGez0RnsMKRFglyPi8Z4gB9pOWeOfFxJeZPl23ygCzl957AeXGnh3C7gUaw/YMxuHHxE6knQHyyyE_9r2sJ5Ctw9gCZHSC5SkGKK55c)"
121627,Beauty Practitioner,Occupational Certificate,https://regqs.saqa.org.za/viewQualification.php?id=121627,NQF Level 4,112,SERVICES SETA,"Beauty Practitioner Curriculum.docx (https://v5.airtableusercontent.com/v3/u/48/48/1766800800000/pcb7Rb_5WSYNPM3eEbIdyA/7KFye_nlnn77eLwPx1pRIAzGN7k_DmdDCArPZE8Qlyeja2aP83HrFpjr7ZpY-4wOBqv5Deul55RM4CYleB7-J_agGXbbNd9byGK4ScnyKcpHWo_jUTqp03Pf2GZJAeKxXIssnyyer5lIA9BNghEUQhyi5RqZXhS0zqH6FLePBlZ0_Nag2um2sqx5nQqSh9rp/L7vXCfigty19VcyxJG5EgCr3M9OhfANF42EN7d46C4Y),Beauty Practitioner -EAS.docx (https://v5.airtableusercontent.com/v3/u/48/48/1766800800000/OUjJhwornxXL2xO42UQB1A/-3T1QB_Hl_iDSYKEDnyH1PTgIEL-NqzIzCXNg_ZFLNx_L55XUmu5UVyq0O_6bsSQkZw7m2BFD8SerfZoXeBcpVdLzwbq7UPmj-iZkDO94_dwuiJkNost1dSED_dZbahQOSUskdTuduc7OUyuBpqmZzrV1Cljnm7qD83si06_p_Xh6vaV1QcPgH1Z17C1OlJa/1QHTzEL8OSkIapvohmScQC4nns4q7SfSWdIIf3QEko0)"
121607,Beauty Therapist,National Occupational Certificate,https://regqs.saqa.org.za/viewQualification.php?id=121607,NQF Level 4,158,SERVICES SETA,"Beauty Therapist Curriculum.docx (https://v5.airtableusercontent.com/v3/u/48/48/1766800800000/MGjsq7ElsbfUfFVeIQmvUA/ju6Kdh0c-kMYO0iHlw4ed_MThHLBygBrjIMtCYAtFKYyQKTZHlsYApn2Oe66Ir8x712HyioOcsO366XvN60ZxWzbYBMsFXEiuGXLGxS1L00tVwReRw7x8YycZx7rPc-E9DUWdcavqslPnSR3zirYCzpXuM-7CA4L-mYmaHGQ2MAWMCH8KMIzjgX0GD1ceZBV/HKRJDBm9YTF3VrRxaQwvd1IHHaYV2PWv2wiGNRKJu5w),Beauty Therapist- EAS.docx (https://v5.airtableusercontent.com/v3/u/48/48/1766800800000/ZHCMWnk6K0JYf8GJWbeSSA/Cm4uQsaAZLQ7wxpaMFqGKNbHJLyqI_BL67c7E1r9cBSYU86e48126dbveoFWJCbfA4c8gqMvZPyo1HET_bGV9DeI6WpJcXxO6voq6GjVX8xSxQjaoyGd_YHnA1WzW1NjKeTCJCx6atz5cDmDXQf0EbmrMG1vZXs5RMa9Mj0EBjo/AeN30MJgRyUxYjhqay47_IaQ0f8saiBwBnGKE5IPyNU)"
122012,Beef Slaughterer,Elementary Occupational Certificate,https://allqs.saqa.org.za/showQualification.php?id=122012,NQF Level 2,140,AGRISETA,"EAS - Beef Slaughterer.pdf (https://v5.airtableusercontent.com/v3/u/48/48/1766800800000/WcJqOexIxrp3dZwOX2KgyA/UAdGNXLo6UGQQqB-zcaaiOvnsw4RFlsZQXfpyLntSa7EpqBHyUNSgwU-PxSnxApTH7rf0yBHysp63bbMfqf1c5UNmsp6swJmxxiPurh4EsI7jJ7fWNAbiWkVkkndqhZ6icT0bJOOmV4zSiQXWoDwJsAYAC4YA-7Yg1OvX9ORIKU/hm0iTotmnZZQNx9K5YdqLheWTkiXsHEzFfFItqKoqyg),Curriculum - Beef Slaughterer.pdf (https://v5.airtableusercontent.com/v3/u/48/48/1766800800000/bkJxjRaofFdlw9lfQPdxgg/duZ3zPSdALKV7ll5uk51j0Vdw5h5W9IzBc7GArkMXMtpHirH-_pQgfLFOWOFanE3nGYDLnieKJs4Rk53rbXrMBzbLHasfVK1SM-YH9cNj9yA_el29Quq16CT_PuXrZ6RWfKoXOUUCvObN6AXVv7KznqrQSuufNRxcmjzAAFMCcaqakfFL8FdKXbHjU1JkWI8/4OLup_O4ExM1pQYNmmtn5jRvgl6d1wEFbMmXwsEGsbU)"
117017,Bench Worker,Occupational Certificate,https://allqs.saqa.org.za/showQualification.php?id=117017,NQF Level 4,74,MERSETA ,"External Assessment Specifications.pdf (https://v5.airtableusercontent.com/v3/u/48/48/1766800800000/gYj_cb4eQlKuRXYBPswzgw/7oMNg4Qoc5tX6tG0kXLGd9Kg_a0W8fu4aJ679ufQmedJfAe2xbkxGPJFkNslil9FfS5TGstKWMfGjtIRcaWX9iYKs7ROjB0LWcrE1oHlI0a8_SvHut-wnpAsdzRDSd5AIzefJ-qp0Tw5CMF6qr-HGUcokTOW5DAfY2KINWPjAyk/aiVKQOwuHLiiuzLFQKe1iNFkUGiJgWBZryfIb5BB3jY),Curriculum Document - TAutomotive Electrician.pdf (https://v5.airtableusercontent.com/v3/u/48/48/1766800800000/7sbVl67DfkAl1GUKXFGlyQ/P8MiyZUYQHUxSvZxSkIu21d6Og7-M5uE8hNH-K-txVPJa87qRlddPHQKQDtXf9OD7-el5AYQGEJTlU8VDnm_a8AWj5Wn8SeCM4ni0n0LBTvS3IGfK9OYtJrGtiO0TFRkL-V2RbfE3GcfsOcKhPQR91d2J3JheJhW8wB5CU_tcq7hFEENhQHaf3xf26Ni1JnR/z41CAchhw_deTuRj01369k74wuNh9_S5x8DHh5SnYbI)"
99694,Bicycle Mechanic,Occupational Certificate,https://allqs.saqa.org.za/showQualification.php?id=99694,NQF Level 4,84,MERSETA                        W&R SETA?,"Assessment Specifications Document.pdf (https://v5.airtableusercontent.com/v3/u/48/48/1766800800000/iTjT8k5WYXNIJTryTjDn5A/v5htHXiCbSQlgjBJOQYBAbRfaJQQlja8YHNAjxdiUjDGt8RFs4ZHUrDwz5hGxf53ZoiYLVOZ10qzZGv_3UWBjmMWQIw4n-lSpTWGbghx_YfaqWsG306OAkSTfAPG99TX3JMcOKhAtLUuG-RbSqf98mmqpeFYWju_cXUZ0fDM6Cs/LV8xKfQfx0l7iIQMu0AhpZYLsKGjRa2zYpynk0deIX4),Curriculum Document.pdf (https://v5.airtableusercontent.com/v3/u/48/48/1766800800000/u7rty4gDvjm397VH5ZIWpA/V0f_wZlpBZE7VMVWv9wQ75KOeb1XmwKJo_yg7fn6Dzgsbu8rMUNOnJWjnmfD7vBjLTAcyLJfurqO_MEyA-p8y3Kbtmyk4qbYtZznGsfZINiZwe8CgxlY9I7PYKEXI5xLz2CPUbL4HqWt42r0XT2zgIiJeT_jVzmB9HYkmbEovpU/IpiXZn7fGoGrfPUiiYTLJqf1KYW5kLVvtHNgYBgc_6M)"
103096,Bicycle Repairer,Occupational Certificate,https://allqs.saqa.org.za/showQualification.php?id=103096,NQF Level 3 ,43,MERSETA ,"Assessment Specifications Document- Bicycle repairer.pdf (https://v5.airtableusercontent.com/v3/u/48/48/1766800800000/pjRqWcnNLzGlTA1FbAnd4g/-Ga11zgYD57ICqh6JaYEBAV1y48EsHxVB2XJL_dhWv8RINbO_hxLY9SSDt-VpXSrq3EASxqonWpnnFwP5lCDGNIBRn05GaSc2Zd3j0dGmGPX0aAyVyRFPROmECRMPJK_LKOZO978PQYaubiTPn9yoT3KZhtHbLZwrjHpslps63xm0-Wp5n4Ipn7qAfMtaIcj/l9HZaJEGr9lm0-ckNj7IUhxiO4Khzy81bVavSuiZnjQ),Curriculum Document- Bicycle repairer.pdf (https://v5.airtableusercontent.com/v3/u/48/48/1766800800000/LrD7Dtp4d2zU2LzmHg_KtQ/kIZs6gDvB9R6ZdgPn-lhApB9Adsmq6r-b9DyCodhfr9yK7k7rusEMTJ3h9z4c8lWNvFUiL5icJsHW7hf3ScHkNNv-NdyZGaWWm4HsXUUpFMPb6LsQlLb6_CicHRMwU8FwbVRhOzx-h-j2FMdsooPL5qKa4SyIc-QZzdxHkkSxbvxev0Bi1-gZNfmCzd4Tpab/bvAw1RibWrZgqt6CtcXkJFXMGBtxBDKWlJQakyghmy4)"
103094,Bicycle Special Components Repairer,Occupational Certificate,https://qspe.saqa.org.za/viewQualification.php?id=103094,NQF Level 4,28,MERSETA                  ,
117015,Bitumen Spray Equipment Operator,Occupational Certificate,https://allqs.saqa.org.za/showQualification.php?id=117015,NQF Level 2,45,CONSTRUCTION SETA,"External Assessment Specifications Document.pdf (https://v5.airtableusercontent.com/v3/u/48/48/1766800800000/vzodBPXUA1e6FR8mcKjFog/1-U9gbS1DwpcWdwSVBBCmdDyRGLQ48ycnzfqT9En0jSq_UjzooeItw78SxmJQiRMebS_GtxdkkZSYQvQq--nibq4mG5nTwuD_CkDyeLfqVrS-e21ok2m1iEoqw2F9WH7a75NVQe1TWsZc0QpGlLE1j2i5s4Cx62p_I3MYUG75QIyqS11qefXgwGA9Oswjdcu/jts1EJrlcHrjYSHDIyYZtKbR61y0gE4_mCZ51YQwkY8),Curriculum Document.pdf (https://v5.airtableusercontent.com/v3/u/48/48/1766800800000/L00ydDBdDr1CuNRhDR-hLw/GuQEp6EKIAH5i6PjIAtX26Xjh9nCcpx42JRWTFaConzJg8Sba6fkcQAb8PaW5dwWM5INOiFfxzQVKZcgcHsvtvloEQ2OU2za8kJA-b9saXwDhQm6o5P0zKtNKN1RX4MCEqPqAbRN-AwWM4OpVG9fvJ5-E3vmDZlNzq0ITnWY8EA/QyHOCqaIN5tAnfT12f0_2qJrKVhMVlOJz1fomxsw3bY)"
112826,Bituminous Binders Tester,Occupational Certificate,https://allqs.saqa.org.za/showQualification.php?id=112826,NQF Level 4,163,CONSTRUCTION SETA,"External Assessment Specifications Document.pdf (https://v5.airtableusercontent.com/v3/u/48/48/1766800800000/aIZNoTH2aUV5imkVKL70yg/5WrX_d9F4OULfKTdBYbT0rnmKnNPc5GP3Ew-ULgT9mwS_ZpTfNMosiBsBWXLZE3RhFn8rV0JOEkgrtFsYUHN26Ofpqr8GDF-wvQHoo6h6lAQ75D-0nORiRJEoL-5XgdBhnio0LCTRXfCPKRrZj54jS4kts9soVVPfe6Fej_gyFZGs_Fp_XjTyOBvifXc05Kh/k_FY2-k2jm_5uvyl5vJQpUVdgyWK7wAcjO47iiQbiD0),Curriculum Document.pdf (https://v5.airtableusercontent.com/v3/u/48/48/1766800800000/Nsd73wxZB96ZlKONDSvClw/F4LUJsXNUdxKkK56R0ns1Y4tMl-FGH8NaVuxtvZAuhyrRAUSim7jwQEHlwbeMov9GOA3V0yV5dFUKbmXvyw67pRawVOlqbcr6D4QaHwbK7N6inoD_toJQTj6zhN-kT7iTbXAc1rGPrgkm_HeKmdGRwWkoeshxWJymS2GMnvFhFs/tXIULrFQfvMFrx8YNjLNwe63VeoVZNtUc4h-NECMLqw)"
110313,Blow Moulding Machine Setter,Occupational Certificate,https://allqs.saqa.org.za/showQualification.php?id=110313,NQF Level 5,305,MERSETA ,"External Assessment Specifications Document.pdf (https://v5.airtableusercontent.com/v3/u/48/48/1766800800000/pEPiJ01KmRtg5YAhWeopRw/d4uK1ddRRTC78GYVmM-LFqm4hW3CAL_4Ykw6R7E6Or6MavOki9KFqEty4IE2cEqFXIKZpw4qAlXRzn6-NBgYtp1cSul_qYxnKkOiKFoxZmSB3cORk1PCID9_AkuAX__WMWdjX57pK3Bs_RHG79iBvUNSI4tPAMnavUiFH_O-lVfBAJei6IxzVBlk8UmDdsPL/f-RbnhOGzvO3vSpZUMCUWSMPKCw9DpvI-XrnGN6nerc),Curriculum Document.pdf (https://v5.airtableusercontent.com/v3/u/48/48/1766800800000/PhzWr9Gd0yZLbsHjDKy2Mw/N2h22YY-66JDf5iiyYai8a1qJx4bLSABG_sSUDrmVlTt1aQ8e9sLbsev1KGhUdtIPuMo-Pf7gOZ3K_zZ5xm3BN9K6dI7qM8fB8SK0xgMqqT_2yV1jiLNLzQdIhYH8I1q39tC0qkqbmTgphbXi4WBnecwqvysc1ope3E1PMRMSuI/g-6sjsg_lhZrOwuTymSgxvReihWb_lrJMrLKK0KJOks)"
120017,Blow Moulding Machine Setter,Occupational Certificate,https://allqs.saqa.org.za/showQualification.php?id=120017,NQF Level 4 ,278,MERSETA,"External Assessment Specifications Document.pdf (https://v5.airtableusercontent.com/v3/u/48/48/1766800800000/FAFICvXzrDQmcGsD1HeeLA/fkrhm5BRcjEtZSTtuFqPJ8eUol5DTP6CEXHQc3UwGtJcqqh3ORUA-tFSeX68ILYVoHNrHw16KRK1tyH-MEXLwct6mPoq3TdSYQ3n-LZYk4LiBzS83dpvJPe3WyDaWXz6k9cQrin6-NHifxWFep7xC-3FtDfhpAd0H79QMMtROmtafmaEDEGhiHnRtS9B4pqg/NugEuipNrsrPVTNraMWUscyaA3uf-yFZWJwe8vSQX9s),Curriculum Document.pdf (https://v5.airtableusercontent.com/v3/u/48/48/1766800800000/jiYr3A7UsAqmVRYlb2OL3g/9_wFnJpBT9ll9UbZNmcaF0nf52IJac6UIlAzkEav0ixmkLGkpANkLAuL-vIU0PI2ZGLVScldwH6h0JPtujc7HwMl1V1sttjX9bg0sH_LWV5umiXDFEqnASw3lKc5Jk1pPtwNwGNNjD-yp5XFSvcE1uD8EH5MgTCSdEHcypJcIBA/rT0qBIBlCBpwvgqgvI0XXonouPtrv0J-3slvef0zk-A)"
94573,Boat Builder and Repairer (Boat Builder),Occupational Certificate,https://allqs.saqa.org.za/showQualification.php?id=94573,NQF Level 4,360,NAMB,"EAS - Boat Builder and Repairer BB.pdf (https://v5.airtableusercontent.com/v3/u/48/48/1766800800000/EXklxbP59hht0DfQDIfBiQ/3j4XSAYJXM98RKMsMLoqAhH9hzg-gGWP8KG715dnBnNEyOA4ENS9C67EvtPeJ98VRygl7m72HClTHUGGYaQIXqjxMs97lUmxUnrVwzmnulc4xK6tgFH4AHM5QnqaWL8DXLq3Zzr2QRtijVySh8tii5m2lOHS4CCObvVnUqbjLSs/-cJddScp-fMtTYp3BJ1prTQHh_E5wuMahOWvOjxMPso),Curriculum -Boat Builder and Repairer BB.pdf (https://v5.airtableusercontent.com/v3/u/48/48/1766800800000/mAaELw3uGq38G1bcv52EkA/nHEy2xO5Siwaf_bDAKV8R_pbAv0IgqFviGt3mJn2sunLMeNMLiZyDM0KcgGPcnaduizQJFcLuAHJdKHQ5YsZ4wg_eZ-LGnAznyQiQMf46ZqqA0CSv7ixjg29KWcrMKQ8FVNOHbAdiEjrUxhbOpIVA0J6vVJnGNZRDIGcHMf3rb7pANKnsnyDUCh3VqV9p8QK/EMFocHUBAraercbvnZVo4ue3LFOnC554aSGjV_RYzhs)"
97155,Boat Builder and Repairer (Shipbuilder),Occupational Certificate,https://allqs.saqa.org.za/showQualification.php?id=97155,NQF Level 4,437,NAMB,"684907001 - External Assessment Specifications  Occupational Certificate Boat Builder and Repairer SB.pdf (https://v5.airtableusercontent.com/v3/u/48/48/1766800800000/xjGCJYhN_81qG0q1pBtoCg/A_mOcBxG5QZdvzAuZDmIoxYBImjafQQ2k-n_sL6FI5JovNMfTdHdg2qnT7BQNDFjFUjogTWlvt8TSd-gi9VTchulBlITk1UisV13D9YIrkBIKq4i5Op5zR_yrOhUgKLN8lqUK-1edhBtioujwLUvrWctS3bOGwsr57f0N7ERLw20nDKXDj7erqdXGOKLTiC0M8oFVdkXUMVL9dZR_uCBUUBSU_DTTIzFzLgSQscczqhH9Wbx-ZzDr4RW7B6SVodz/hf0MUCF0pvAP3EPq8DWFKD2C5cf33P5_cbL_jWtADCs),684907001 - Curriculum Document  Boat Builder and Repairer SB.pdf (https://v5.airtableusercontent.com/v3/u/48/48/1766800800000/LeWgO0LBxWWaEu2sZyxPPw/Qu3bjJsNVMsDrDr3_HPIy2XwU_eDFiOYozpBfrtx8TykUrlsFh_mJV2IMFKutOboCz6YE4DlNzZz5Jt2pDpMpC8U5ZotQlmj1LdT5wIFPV6UbQIwtW7uU_PnxE5z-6QtPxmf99H007ijGTgOi_FHTTc4mGRNxo9RjggTry1iza0sfD7Ux5djouRIMoeLpV9aE349DbWOq4e_Et0jgRcneQ/nilAx5LToVIU2Ek2zNB3DwhGMZtKTd7dFjU_2zu6gmo)"
121672,Body Care Therapist,Occupational Certificate,https://regqs.saqa.org.za/viewQualification.php?id=121672,NQF Level 4,50,SERVICES SETA,"Body Care Therapist -EAS.docx (https://v5.airtableusercontent.com/v3/u/48/48/1766800800000/Y-lHSYy05FeGzwIVIeCtmw/RhS6K6MFrIq-kOzF8HPnhKpsmwdKGRYzr7JYKWcdomNRwW4sIiRaS7__jC1YHkTBXu8kiYl0VsG4gxbFNlMudbYGrC093NkvA9hN4UmE0sAmDuIMEXGkoJRCC0DLFDbOSgsT_YTZqR2gh12hAfktJWCDHhrU_inq7RHNLybPWqQP_uYos8s7qns8OwQ35Ba8/Fmi0AY0Tfbzu-my1WzbqUL-67I5nqzEK2XxJSiXH7fE),Body Care Therapist EAS.docx (https://v5.airtableusercontent.com/v3/u/48/48/1766800800000/LfI28_J0KxnxusLxWZ1ohQ/wfcQQ5SxlkPXu3iqBO3U_UCicHHikE11yQdvN9qXgM45TfrS6GAfKCs7K6f0FoSeEy4bqZEQluiRihNfXzsD7V2NCosAlgfrOkLlT0LZQeadkOOehqZHt4jyc0zSQiqWoXhhB9rfeJXqL7R9Ij9VhKwvpVcybQyJVsXCVKmRAis/HxSPZ6BP9_S_aK_k6xm8pVxaRGYXET7djY7fmBtfio4)"
121673,Body Massage Therapist,Occupational Certificate,https://regqs.saqa.org.za/viewQualification.php?id=121673,NQF Level 4,55,SERVICES SETA,"Body Massage Therapist Curriculum.docx (https://v5.airtableusercontent.com/v3/u/48/48/1766800800000/u4uLp0xoTLzi3eyGn1IjVA/7dYnHm1TJPv7FDS65mJWf0eibBwV6vB97aipdsmcX5UUuePIJFJ9TxKRmk-40V63ddqJ0YehyeFtA2HvJ3Ln1_ff-pvJhfxuToaSfmQGuUv6NchjY1jKVhmgM34FQf16cGIJ92F8MYdUXPim4F5i00hFCDPc7IB1s62WYFTopEGcxfwjVsGhFjEGEzsJo937/rfolmjOA_Nq7Ec6ZnP_goZXQwRvcwv0IB4-ohJW9iVs),Body Massage Therapist- EAS.docx (https://v5.airtableusercontent.com/v3/u/48/48/1766800800000/cmFsK3Hvyz2NIo8WlEUxzg/PTYNzo3-tDRYbA8RX0H4aexJAk1BbC9f3Fyw-BIfipsi5Lgu0WVr_i_R_cmb9mqyt_j0WJhzbGpFVV5RJvtNCeoJhPgdOYAgiplr7j1fN8ukcxwY0_r-m2Z_xUxvjyahKmThZQwMBUOI82Tc12iVntOA4XmfiLSSY6NqjESX4D8-6fcLiBmwekm-BJwdfaVG/DTQ9GfSmKgm5-dILyz7mlMgL96IGUPwn_Iucuq-fLUU)"
121647,Body Therapist,Occupational Certificate,https://regqs.saqa.org.za/viewQualification.php?id=121647,NQF Level 4,78,SERVICES SETA,"Body Therapist- Curriculum.docx (https://v5.airtableusercontent.com/v3/u/48/48/1766800800000/vK45cZPSxGaF1mLKwW6tSg/Xr3J6dFy9Yqnsf403tgPGyrmtEhFx981jh4OphZPbqDI2o7LRyxu1haMlbGbXn5Dzpx_Eskhj5Wxo9W07Bv35097cGiUM3x3IP69TsT5BJoviLqEbiOIhg8apK9pi3vJFLNvR_s0qSJd7HKOQA5JuWUp71mOFPvRuzEZPnutyBP91s_aRYh-KC7iXYWMcaq2/3RYSokAzAx5ELNV-Zo9J5n2CYFS9r9DYJsT7FnXf210),Body Therapist EAS.docx (https://v5.airtableusercontent.com/v3/u/48/48/1766800800000/7GxI8XrwRNEEwelEDXloHQ/XZKDsJw023sVEuX1iHTAg5nuqaDSQOHTBLKxDpwyhOj5nvAt9XjKoHlXYtIzULvL2rg8j8PgRnNWJjtKIuUYypj5bLnz2AocdJfC2S7dACtPcXDmlEYASet14zD_eX1zzOjJg8LQgeWtjl8OHpmSX93T-ja80TRlR2x0l-7ER1U/FsPX9YALiqAKB7tdFDSiH8mgoFzlqWoex_X8zpG0Svo)"
118826,BodyTalk Practitioner,Occupational Certificate,https://allqs.saqa.org.za/showQualification.php?id=118826,NQF Level 4,60,HWSETA,"Assessment Specifications Document.pdf (https://v5.airtableusercontent.com/v3/u/48/48/1766800800000/kVY9kNbDJUK5mJUvouL8kQ/ldhyVpgr62H9M22epj9TEmZo7rxm0wOp2vzW_DeOlb2JROwbhC-IfECXHHOENEdaFna2VasZt6cknFVcBtY7kZK0kSck0OJ_3c6y6U8iMNPpxbRIcPLZ1qr7YiumTnFQyOq2piFKjQOotIGpjiacjrQlW4PgI9PqwVNUhBmDLjw/fSZQuCajnzXi7YqVjuakH0hvUFOoVA-tx1wP3hYectI),Curriculum Document- Access the bars practitioner-Access the bars practitioner .pdf (https://v5.airtableusercontent.com/v3/u/48/48/1766800800000/a5XKR94TM5H7L09wKh73IQ/FNbbc_3eFSQAH7sYVNP2q96uYeTLTeiGRqeXEPqmUcN6NZMeeoF96zsDNPc-SXWY6gUk0UTdZRoRkuyfVajvp4oNyawBCl9pfJdLWgYYk7ttS4IpGqCRzTneM9guLRAkQbmICe-hmUWmQFzyROWoRPqdU4XYn0lX41Tl2UFfwRN1FLQ-Wtiu1ReWVEl42wpaDlm4Uev0-UwLWfkGJtIXNTf_JdGAROchpnYz0q5YFKM/MCQKuyMr4r3w0uvz7JD24yRx8qPfJlzM2v6R9FviQEY)"
93626,Boilermaker,Occupational Certificate,https://allqs.saqa.org.za/showQualification.php?id=93626,NQF Level 4,395,NAMB,"651302000 - External Assessment Specifications - Occupational Certificate Boilermaker.pdf (https://v5.airtableusercontent.com/v3/u/48/48/1766800800000/iEsXn70BqsS9Z33KjkoOkA/72r0P3Dykpu5y1Zsp-0lR52k3Ru23JZJuFoNfCDRXtBF1heXO9pztjyCHq-jrLqS88XWBwHh0BZ1GtKnRu5pwEXF9b4j-yKS_514ObMRfj2Y1LuvmG8D2w5vEIRACfkp4Ac8kfpYZdFsQTNM6o41KeBq_N5UEa1w1EN2rgXbn5SJDZmAsb89LqYVJGnm67pStaBUqSCsjBWjMDStDocU4Dm95y0c9EU8VRgVzTzoLgg/FOYVt_urPyAoNN8ucqCZ48CU4ZIQoacVQOJHfp2omjk),651302000 -Curriculum Document Boilermaker.pdf (https://v5.airtableusercontent.com/v3/u/48/48/1766800800000/Fop9Ft7i8mYk6NqvJTaJ5g/Upqh88Cj1utcHeXCkIEgEE0QYF7EE8Eu59DbQymFKdLF853Ff3c9KGzIXDZIyk_FpYjeK4qtJdQ51D8wekPbG4EGadbp_rPgp6B_NuvDpDiy-eXzVVja5FrLUnJ_7U8beSIYQjMHwiaJ7fXKUc2MahDH2jDj03_dYbiF2stMkOnD1dEbbeSm5YqHfRaJNqFW/0A_rBhmaGtuVFHELVTmlLh-A2HEsW2t3H4dgs5bGZOU)"
123381,Boilermaker,National Occupational Certificate,https://regqs.saqa.org.za/viewQualification.php?id=123381,NQF Level 4,540,CHIETA,"QAS - Boilermaker.pdf (https://v5.airtableusercontent.com/v3/u/48/48/1766800800000/wWzC2RSKMs394nHEp4NVzw/uSD64L0MpSvN_05ZhAOQT6ZPfxvj5aNRMFZUsZnU8C_UimAAOfGBhvsaKIaQX4wsvhedP-sOjJkhoP8lKM0gjdbf69ara-h9hyy9_g_5k8gEtQ37t8e60bU-64mK_QzdKkKgAANuGeF-INzWHJ-axUiHxVgqHD4ng_v4iPuV0oc/ew8Z1ZhEQz00LWih9cHPAKt7QM6zeKp99_qc6FqPZow),Curriculum - Boilermaker.pdf (https://v5.airtableusercontent.com/v3/u/48/48/1766800800000/cO4nFcDbu-GRVX6Bv5n3Pg/-TPxCapZSpi7uPEPQebz8Z7BaqrbdVa86OGHMZYXVSQKkgFhjwXdPpr8IXzpbszJK9q_BL2lVsOrJsk20m8ebEkLOFrCB-1iDXtqStLXx5xQG5Fkf37s3yq4Fa5d0miOq8VW1VCWnpaQgjiG06nBJVMvP8LZeIKao_612NvzDu7CmEJJrKnmFbQxaDL39p1a/rx4uON6xpttH7cPmefwkJPXh1seSh2ADY_kclCCWQVM)"
98959,Bookkeeper,Occupational Certificate,https://allqs.saqa.org.za/showQualification.php?id=98959,NQF Level 5,364,FASSET                   (DHET),"20160504_331301_Bookkeeper_assessment_specifications 25 05 2016.pdf (https://v5.airtableusercontent.com/v3/u/48/48/1766800800000/1Q77wWkVX9XVZSaJB0ePrA/2DdDcyImVXtL6vyoYN7ZXZM6gDp9iU1ffUsJkOJISY708l86RTqTv2MB2-PJ2DGoFtTg6xPuz2N9Yb44obfFOVHliJzsBqCJVjN4oW3Gt71n-50BxgrGlGzZQVVOlZp4KaEFrUchugw7L4mnnqH9EAzf9d-T92qBl0QPPV7cEfu1kbjOhwEK-volgcBtdmito9rUYrwgfLNgNIWsTVRRuQ/ytiKbhQSQoD0H7GnCnoAJS1rC0YggvOrHIDcKqzBNHs),20160504_331301_Bookkeeper_curriculum 25 05 2016 final.pdf (https://v5.airtableusercontent.com/v3/u/48/48/1766800800000/UJUFHJsTgXIn3Ooo6l43AQ/WMCa4_2d5ixWfhy1-rbitbeTQZOo1a0BAykXh-EomfD2HpdBhqo-mB0sMvUmsTu6A1x4eu9UZxjAi2dxuXA_7rpzl923DKT37IsQTzLI4CLrlPGcHlK4VlgEQ_2x3YcwuLvhOh8AXIZprXVaOgnsZeIcVLgQjpYiq5HZLqpCUnTUPubeWeDObuzalQLGws67T_9HKTPX9UyJvTcXWYzjMg/UgcfI9mI68gm_ey3vQ6G6sdsPF_go_q74Qzq24DwNfA)"
121887,Borehole Pump Operator,National Occupational Certificate,https://regqs.saqa.org.za/viewQualification.php?id=121887,NQF Level 4,180,EWSETA,"Final Borehole Pump Operator EAS document.pdf (https://v5.airtableusercontent.com/v3/u/48/48/1766800800000/KPcj1f9HOoUWE8vg7yEz0Q/hSUrAqDFiBPhsZE1W-P1uXDanRJd10Yl6v4deMk4shV4MnhY6tEY8_UL-ncVZUEHXXq0Lg6RqgkrqB0miy_63KCtqOuqvrAj481SSNiO6oP_S06JO_Vzht6u8GIuW2evyKDp1hPt4v72f4j_Y-kjgvV1gmTuJiVZu1-FwwIKCFm6qXBxkUtrnpo0JjKuM-Nz/N4PQUanpQi7eBKKFmnl91ovgJHKIvM4MJESVgYznVIU),Final Borehole Pump Operator Curriculum_.pdf (https://v5.airtableusercontent.com/v3/u/48/48/1766800800000/Ykkykn78jfe8f4uokpz2Qg/hxJsWsyutIoSYILWyIKqZOjUyY5ZUxfE2H1eBS0NFFi_HRqk9rw3JNyjqQqdV6PVOvfIq9iIHWUTNrVNHMvRqthtvIXn6-GRxw2NMiOnx_OgAPKtd8Ocqn7_FQDiqWQ-btQDPmBfE8v0rkEmzwkIpf8fBmlkmnZiw36ayF2rjPhGrVaRuVTJ1folm85sl80w/ixV_T5ikwqEll6DXAoPXv-eARI6pAhghiQaR_SXsQtU)"
101325,Braiding Machine Operator,Occupational Certificate,https://allqs.saqa.org.za/showQualification.php?id=101325,NQF Level 2,168,FP&M SETA,"Assessment Specifications Document.pdf (https://v5.airtableusercontent.com/v3/u/48/48/1766800800000/bP4--0jQqylLUUfs0FaUmQ/HFsJFcp8x498dMokoBDMz5oc3xDpNkVORyMeT8ibLpd8x7wEuU_yCDB_8S94yOKdOxxcAub2nirFJYcaMEZ3VV1zt9CW3LI8bky6qbwBt6tv4StPyXuyWqDXF0MTbQoEWMlZ9ItVOk84dKmBMN1fpxC_tsaj6c1XJ9pH8nDNdJg/ZzDP9D2VVNOuafStqoufZNcsBxlqIx51TdYdhmKkQPU),Curriculum Document.pdf (https://v5.airtableusercontent.com/v3/u/48/48/1766800800000/Ps-3ATdDKNUUIkAOpzJyIg/hSZgDffIDpcbKD7bTgdCrpqlMmHFwawfyFsC2dp8XYdPiXtJ0gMjx9TZNDFj3QVhZM8kgzxp8_jBmt_emY1uPkQ8U62vo1O4aZEIIIl6j73i_mxOo7z_50uOMx5zOtHJGNpbavxQL7JL6gzJNopew3hPFyRhbOWKO6w_r2Xen8U/--ip37hVw0vrrH0mZBpgBgw5aLuH83fOzPoPHcsOLBI)"
93627,Bricklayer,Occupational Certificate,https://allqs.saqa.org.za/showQualification.php?id=93627,NQF Level 4,361,NAMB,"641201000 External Assessment Specifications Occupational Certificate Bricklayer.pdf (https://v5.airtableusercontent.com/v3/u/48/48/1766800800000/ixFsGLjaNFNSt8k6hw0ERw/a0mv-7u8MM7_MqVb3HBPJbnO3Dj7kMMQ8KRBIWBujxOyASvV0dg9H_cuHRtDLRHIdlnMmXHpiU_kXsVOVnbHuBB4Qqv8o4WxrzMrbaNBhsV-ekR71ssH2Rx0lKckCN-maBfI9u_I0Iq3YEk5r975S9b0BF-ao98MFw-lQe8ftsVPhodxdJzMiqePWDGGF5vt_7uojqA0vwisSKkGtv1HVOQpnwxGNR2uQ9veYfq6NpM/uM2UCfYmatN3kliJdka-O5D-JKASrjvyLewC_7jtIH4),Bricklayer Curriculum Document.pdf (https://v5.airtableusercontent.com/v3/u/48/48/1766800800000/AwWT-t8ADCIda0m9LX2ZjA/lboJvzRwebd49TbuOSn66o9Fy0Hi29yJ025WZzJQQhGnBed92rB00OC9sQUadFMmWaZKfpCn9K0MFP2T4iU6cTHyCGubmizaQ9Bui6vl0qfDMPopaBmgpoWTFcU6IRYd_EY9yKBxE4cgl_uHIXMypoM6kBqvnhj9GsQ_bMKNiLI/YQC4d10QRGbUvUgVmYlNvGXkDS6yC8D5FosJv6z2RYM)"
112263,Brush Hand,Occupational Certificate,https://allqs.saqa.org.za/showQualification.php?id=112263,NQF Level 2,182,CHIETA,"Assessment Specifications Document.pdf (https://v5.airtableusercontent.com/v3/u/48/48/1766800800000/RXJe6oWLnBjOmpQsgIGl3A/1qBO_Ks-VPmLeUqVzjxfw-xPHUF1juz4HjyXzOTbEViOZe3dgz0iHamwBLjIhJZo3a5JS4iPN0Z-ZJS_4k-CDd472CMEEEI1jQi4VT_GC6vRImzrd2s9mOhlcy64EANs8q_JPLQy1fyC9MITWbiq7yBeWC8lwth61JSsCx53TJY/pAINaLsFiLIXC4zXNNxBKWoYrr0FPWRhkIR7jSa9Fdc),Curriculum Document.pdf (https://v5.airtableusercontent.com/v3/u/48/48/1766800800000/Lrd0-9OcG66M7hwyj9v5Xw/z8775LxJ_XpU0NNcc-BYES1to2tSsXwVGE-sB5Q3kwxnyWnnVfdHeLmDdtFaIzBELl6lNLhbumsr-VtEzWEfkSrsdfJmgWlKEgo-QI88u82V9RDo7Cxm_mErTrUH7EpTyYwEbkO79YSEhwMVkCmgf_zX2x_ESFg73NELxO3kMuM/cS9lSjDvPRREhhFHg16wP9OTH9ZbMQsOv3g2Ih9CJm8)"
120663,Builder's Worker,Elementary Certificate,https://allqs.saqa.org.za/showQualification.php?id=120663,NQF Level 2,120,CETA,"EAS Builders Worker.pdf (https://v5.airtableusercontent.com/v3/u/48/48/1766800800000/2yyHWFbkqRqcs9_mGz99uQ/EvUaxXkFLnHDPrRGUXC_plqc_72IbRnwYPjANiMX44wOwBSH9-45qtTv2y2itY8B4pQ5OWG0PykzPHUFXJKgvgGe5ZYjSNqMi6c_V1ASPOMYVfGYhYsNmRHVmKksR6Xd30ufUR2i70gYPMmybamQBOJmyA209BEXiD84StCFGiw/p5wqBOZyMCiaUTuwWKAw675i3iNLt5cepUvlZ1IGc0c),Curriculum Doc- Builders Worker.pdf (https://v5.airtableusercontent.com/v3/u/48/48/1766800800000/nPoFvsUiueofCWUh7bpUuw/ajRYi-A37rK5oeWPOL3ndEonCxkPRwxgj-AGm8-vLWO-1ogFf99WJZH-B7qH8pGOnx3iMAqHWqpXFwS6Wu29_UcUFMvZ-UdJgB4BvHV6MsdUOeK1Vwwmxg3oSorCjKWgBpL3PiL1r0YjWeLRdTBtbqM50W9P-fS7N1ZOpdD5uPU/Mot72ENWk5TMKO6m8RMHVE4jyY-SUKwP2_yCKb5338g)"
94202,Bus Driver,Occupational Certificate,https://allqs.saqa.org.za/showQualification.php?id=94202,NQF Level 3 ,120,TETA,"130413-Bus Driver AS.pdf (https://v5.airtableusercontent.com/v3/u/48/48/1766800800000/JDlVg8DQCgQpj2DQA7teBA/Ol_AwnNPqVjszI9Zve-pRj5QXtGwSHVCpExHirqYlJB7j_KAmehtjjl08pbxTeMpbN2PhBh2vZFzrKAe7DJ_ms9KvZ_A9Fhch4xnwMj2jbupzr5d8n8MWzlHjpZcQWpM-ntyZFm3jWWY70feyhZJQxh9u5enOwzN5CWDusWoQek/5yPH1iJO6uuz6Zz6e1d1yA3FKzMttrMpoI9pGS3J3W4),130413-Bus Driver Curriculumn.pdf (https://v5.airtableusercontent.com/v3/u/48/48/1766800800000/A3d1EsOh21r15oEqx-TXSw/wVg6L-zRy-ATCRO-8Wd03rmERYgN6H3UwA2U66gchEoATXWsLCabNoBnuB_s4hc4DLu1dOR_BGCFmUGd7QbFNKOD0RJDtvNjFuuePYfe7kYipXTo9khS4cMDA0G44PhRbAiIbBYVnou1I0eRlJjnbQV0Mo6s-9aUb2r5ofMsq10/HtLO8RWjeQQgj4R98JioIrSSL65gAeHek6AbWnh1bBw)"
122581,Bus Driver ,Intermediate Occupational Certificate ,https://allqs.saqa.org.za/showQualification.php?id=122581,NQF Level 3,120,TETA,"QAS - Bus Driver.pdf (https://v5.airtableusercontent.com/v3/u/48/48/1766800800000/iLfNKu8uO4XXi8L8mt9WPA/wjY_SMfACz6-0sb-GPPmppQv_8fT6IuqTbMsSCJj6mgnBoIpMrfp5F3zALKO5AbjofW3xAAnP_IwnbI6XLa207kB5SFywwfHlIFCNLeUM1JnQAWJz2K1CXo1ujTzh4rCdu0CU_RE2n1lbyMNA5_-f1qnMS6wKStTlB1sOWtlF8Y/i4pfK4dk1XRcx3e_LqDgR3prZ_w7y3TS9MS8Q491AiU),Curriculum - Bus Driver.pdf (https://v5.airtableusercontent.com/v3/u/48/48/1766800800000/7i81TuOBhiRhg8s6C_b2WA/9yvBlNlzSXjoA9uYuB7V1VDmTVw4KXb5D90a2nz1X88cF1cxh-OF2U_Tf5Zpep4l3ygZ9JsGSMVuDb-FCUnltJBhXW_He6kvhu0Jcwmye3uX0QFHjQgLH3P08CCmDHUprTW3eeSAQn3oZChPkhAZBrlmO-nldtGPVevMkuy-_K8/AiiA4lKVIVxlt64-Ts88pHqqOpXEUwQXHFXoBTqCv60)"
121911,Business Banker,Advanced Occupational Diploma,https://allqs.saqa.org.za/showQualification.php?id=121911,NQF Level 7,592,BANKSETA,"Business Banker - Curriculum Document.pdf (https://v5.airtableusercontent.com/v3/u/48/48/1766800800000/hkZ_W41An0i_rOBw0fguFw/JRMdKvAGC4aV5oP01hK7s0PjK6u0IsKmvK3r8iVaWGrnjP67OerOo4Kv1WV-fhYvgm89oxnTErLcOUhrhR-yVAfjpsmoC2AnYwoLYiefmHiYlXYoBOElaigMazbo2RV00DoawffRJ-3xblPvSHM-vfcF6kozhzPSOScnF1WNgBRkHxNldkR6n9LYL_jh6D5N/b7doWSuyavbOWoQxcbEI2rpjo45l3Fy1XuTrA3vZ6m0),Business Banker - EAS Document.pdf (https://v5.airtableusercontent.com/v3/u/48/48/1766800800000/AwIKuhsvFqSBAvWlSuESYQ/zHEhzh6ajuPJNPb9ZOB2K9sids4GldiMWOYwwRtVouXPycn2VJFwzPMB0C2xWM4VKKStz_t8_wvpJW9SzZfrYGVWPAr0XMrGrGlwFeQaseYVX-oW9nhNYbdi8J5Eo3tUmZ4irWzSdmyJdKpK_uH8hqgrz2zMEoGVyIj4JLmrwURUWjVV_dCq4Ca4U4AkUNJN/AL2Au7Sa2ayFxzLj9BBgkDoYS7336BASd0Xb0mCCYas)"
121927,Business Banking Officer,Higher Occupational Certificate,https://allqs.saqa.org.za/showQualification.php?id=121927,NQF Level 5,146,BANKSETA,"Business Banking Officer  - Curriculum Document.pdf (https://v5.airtableusercontent.com/v3/u/48/48/1766800800000/EyZsIQ2CMU3Q70TS-9zALQ/5GjwnQHQ9cFyu2ppFsOZyNaR215en3hVrvDo7z6SwkwEn6hijDAUdhB_XMLv5oq8Aqfwid_vMwprsF5XJhGSF8mwQYw449N58rw5aIjCHT0rLZJO6D9SMlruVJethxHMJfcYaOfefybtnH3pA9CtFh3oq6hVj9vH4sAKv33ipb3wAVAMueEGnEkCxErpLdwjKEAl2kmSwcJhDckcPdSjXQ/q3ZbW1OBWXZxH7b8ePB3h6pwylUs4Rr9_8pl29SeHKU),Business Banking Officer - EAS Document.pdf (https://v5.airtableusercontent.com/v3/u/48/48/1766800800000/flRCLdx_DX7Uq7tUBB0b8A/xHOfArb7r9ulgJoPb0i7OzgXk_e4Xb6MjObNoNot1EuEtcB34a4H8H3p5yge7DoLk6xL_wYrTYoVvp93vaD9HB1LWQbWfZd0w8ja3NO_SDMOeIppDd0YgEhJcKXPFH_et3bRDWAhiBmxVUv3l5aZDSmRHpdD7ghneB8VGcEyEboo2oWfG-2ErVqAcIMi9n63/aAFlqBz1kub9qCBdw0RiUPss6wuGcrg9qjEsAmZ51zg)"
120117,Business Banking Practitioner,Occupational Certificate,https://allqs.saqa.org.za/showQualification.php?id=120117,NQF Level 6,202,QP BANKSETA,"Curriculum Document- Business banking Parctitioner .pdf (https://v5.airtableusercontent.com/v3/u/48/48/1766800800000/R3gZOoxC_BZ9_VEP9G-JCg/L9jn3eAcNivg9YgATZEVlxTwbRhT51TImciyjPxlyuVwbx4I2jrSyyJg7rUZ5ZcoyfwWerRZKo3wSK6Ybhzgr5fhWlPOtDsK7kLz_yPX32HauClweKcoeOdfIgOSZzobgApziAppck68JelV_MCgrqQetWysXCmb24GvcZxzK3uLshS5u07Ml3IezvfRLqmv/yiiylni1SUo5Djmx-KenjhkLEDklsQVOKz6r6KfudT4),EAS Document.pdf (https://v5.airtableusercontent.com/v3/u/48/48/1766800800000/8XV7EtQU0dxZgiRb7kyAOQ/U3GXLPHQd1oHj4ivrj6JIfgjrk0ZbfqaC04fhcPD1AZMkg5lYDA9DhiZv4vogxNSroebLg_8pwus4EGjIe0h0wEXx6pvBv4Dh1JKwxMTzpQsoiKFLXGE-fKLFiragdrUJQUEfKxruwB1brEFndvVJA/38jOdNMr9Hw96NBYzFfc83JjhBgi4SUO0F5aMbVz_ZI)"
121567,Business Development Officer,Higher Occupational Certificate,https://allqs.saqa.org.za/showQualification.php?id=121567,NQF Level 5,230,LG SETA,"Assessment - Business Development officer.pdf (https://v5.airtableusercontent.com/v3/u/48/48/1766800800000/hG3qKrEnoguJEs1p7US97w/ViF_BjXt9wf9plg1AdSJETYUMtej45SPFXUSJXmQhWBqoP9sBe1q5dcw8ZqJRgoz8RpHbJCYyyZPGu12heSsJuPNmTQ99gdNQUGDQ8JhUik80uaFr3ZyMuYJUz-V__tywMv9M7_trjACyr23egsf1G6OuJfuDgSkAqkG6rbbA6glSCl5HexSYCDVoOCsptES/dJeq_yNNm4EknRw6TymHjdtBBcy3H8W_xXL5k9u8ORs),Curriculum - Business Development officer .pdf (https://v5.airtableusercontent.com/v3/u/48/48/1766800800000/6XApAHqc8P4HHiXJhvcuaw/o0PLevKGmVGHHH7icub3xqNHc2voKQkPFBGTCn1uQ5tOK7L1wLhRrjd_1iWh25M6pce8IjS6AaWAc_QW1DYjcjuriVb_xbQltMIu2-c4lrUokEZpskC2tdaJfueSOCYe_1AkZf9X0cGCkYbbQt_yn9ZdGRdJgKUK7huko4IbVIehNJIa47ZiyIfhLjKKHTJo/n3rnCGXuveKR9SsuCVn7UGhWMPkGQQpPxaexHQs70vc),HOC Business Development Officer L5 230.pdf (https://v5.airtableusercontent.com/v3/u/48/48/1766800800000/ydiXqTKuW-84hDSfmdGXsQ/H5Wx5Qc4-siqP47ylNDM9WAUiyP0y7EAsC6rWWgsAeOyZPQRTNACsiscrPYEQVJvjTNHn9UVMK98QngOWjRmINsyivwkW-sR7YIx0n9yItpcSnZp_5eypK1kluJQ_oyElXoU4v30rfWEaXL_JdPGocM3332_itPYYxX03915uPRalBoqmGF_7y5Yspj5e6dr/r8nSYXvrMMhUxvV7B8VTHOPUK5KuvFZ4fak2LF9LsLY)"
102919,Butter Maker,Occupational Certificate,https://allqs.saqa.org.za/showQualification.php?id=102919,NQF Level 4,174,FOODBEV,"Assessment Specifications Document -Butter Maker.pdf (https://v5.airtableusercontent.com/v3/u/48/48/1766800800000/l-ZwJppLTcczlEqGzeAt-A/t3p7POArFg9jV83plxOSKigF_uUdxY-LrySK1kVCMTvyH_S9KsAawTZF4LZ1sMU-E9AW1KWnNYFOhSpvSrwdVeDksXIpsed9GRVUuSMuZPCNX8cLDEZsnBuOuaz9OgoCQY4r-4B3W2URUGwWuNPyYKyeu0XamidPO1Kx-xh7vojDeUNg9ybCJej0hAzIBHWF/cNuZJUpklunLLqqQHKMSzBHwRrpX4izvQ8bVl9ucQys),Curriculum Document - Butter Maker.pdf (https://v5.airtableusercontent.com/v3/u/48/48/1766800800000/WGx33PYQB0MJoqRcWywNgA/tmK4UqIWnyCOo1EZFCU3ChK5XOCvn9B7EGoq8eA6UNg_GpmaeGT_y4lHnvHOawLmoiW6UaL-AiSmZAPWcpKOCdnGyn2gn-EJkjx2J657pQ4MzkxjNsSfViRMnH05_U6Mfg4vyBMtxAAUW4hYGNDdsg_0Sk_AV8JVSKcbga6OAwo/wIInpfg9jqPgcdp4De36b8Zjt_QZbAXmXssCps4MwMQ)"
103222,Buyer,Occupational Certificate,https://allqs.saqa.org.za/showQualification.php?id=103222,NQF Level 5,110,W&R SETA,"Assessment Specifications Document.pdf (https://v5.airtableusercontent.com/v3/u/48/48/1766800800000/tBb0l7M7MJtXskcIFB75sw/qGQFgErEjRd4jJu1cgYfYWLlAQ9k3G6ixcXabZcG8QAdIKgo2lRKBUZKCjUQ9WuSMGn2sSjuVXXG5xn8JJHHVC3VoEAeqS9DectSZ_y9xw5dXaduOGd8Y8wR8tYVLK3fJEWaWflQfzwkBkgTyIPQUordmi8sCXLLSDOrBZJOTDM/PTNig1ogEE1MEoYks5SgKtgTK9nMm2Er3HLYcSaaRy8),Curriculum Document.pdf (https://v5.airtableusercontent.com/v3/u/48/48/1766800800000/cb-kDlozrkuBx8psaVcXTg/4Ryp364ryMcBMeBdnx_0l3EGN6c9sPgcWeqzginpCztJgBSahAsU-6M1wm1qdiYsKnIE_BvB2_5oadqM4GerCEO8GjWN1iISr0xeiII-piwNbxbMJMXSEkVvsPTSGPXeEJ4LnsSm2w-DjL5DQexwehb20Ps7TxIRX3ZQA6CdYBw/L4LaWkL1Z3cfByYbSz68bPb7wLnalihFZYLnOeViKfU),Learnership -OC- Buyer NQF Level 5.pdf (https://v5.airtableusercontent.com/v3/u/48/48/1766800800000/lJh_3QLvxWwOkLGfymu-Pw/lz_FcKmjDErUakE3rfR3iVPOOgnEVZEdDITH6riC7m3KhzCpFWfaltumz2Q7HitDVA21tyeMXT7Vl9rGCbACsfSmOkZU6xSd9Mp60gHaq87i5zxqFKKDgCt7SOkBA7yvu61KKBKzrA4TVVBL6yr6YGs-uYBJxbfyxdUiUEkG9Do/sUdHP1odkIqPAnCnqTcSp4QEiuPZAFpUpsiVASzvddg)"
119991,Cable Jointer (Electric Cable Jointer),Occupational Certificate,https://allqs.saqa.org.za/showQualification.php?id=119991,NQF Level 6,180,EWSETA,"Assessment Specification Document.pdf (https://v5.airtableusercontent.com/v3/u/48/48/1766800800000/hQvjflVRxw7dUijPLg50bw/WM2Rpbt0h8-l1DoZdLlQG9UGoLcMs291SW8JHEMnIhXKUU8YIPdChUw-NkAf-alupaj7p0ErKHQpA6muCBGxg-x_sV-s7nEvdpbw9po6RoT_FnRBKczrTuWPWlE6FpmH2zG3h8bB1YeTCUXmntcqLNsfkLyXopeaq6OX0QY7XK4/yL7XnhMtxBq1qrj2VPcGt825G-bz7S9Jtk5fXlQT6Ng),Curriculum Summary Document.pdf (https://v5.airtableusercontent.com/v3/u/48/48/1766800800000/9cRDNbbk0atZwhTq99hG3A/c83ww0QbU4nd7f8rXJrhCPbw1orqEM0Hcnc2NVkNWV97AQFiPW4Fjr-iaob5j9V_O-eCvrhjQm5y3d85W1-_DqypaJ84eydHSbpxw_e8ZI506qRyS7qz9_1rkvMBgsYvHqyG4Zk-BNr8Zy0YLYfydeKONiQvHWX1RBftSyJOZnY/fNG3vboenMci3GpOomDNKz6eSdgA7FqCYxgeT2Qq30k)"
96372,Career Development Information Officer,Occupational Certificate,https://allqs.saqa.org.za/showQualification.php?id=96372,NQF Level 5,120,ETDP SETA,"20141121_242301_Career Development Information Officer_Assesment Specifications.pdf (https://v5.airtableusercontent.com/v3/u/48/48/1766800800000/f5rrLGg-8K5YfeGInvG-Kg/nw8FbnIdK5MWvY9IWs86XYyUVsgBZNkRqcre7XOE6yU9XfJBQfWJuJqncT5EdFTRbFW4uLxcUv4Dmut1CUdlygb8zAnwK6kiCa-EQXSV-1jAs8a9mIQs2BNDsEfTyOqWz4i7F5eDqWqEPbYBQisEwCqf4DgERcSyxZLPy-waPH1Z8Zx7FVfiPaZFl-Fqop4INaog7hN1qMRPtohAD4w0CuTnljhdLcRMUjLu_mcWNEk/XiQ-A0QFyixsJDbeEJkCOeMAjoV_W-EObv8wrWxnMZc),20141121_242301_Career Development Information Officer_Curriculum.pdf (https://v5.airtableusercontent.com/v3/u/48/48/1766800800000/J45U9HlxdojQgGX0zJGD3Q/dha4GkJ2705-EWN-gSLKYmwvtLodlya94b9tRR-CfjMBjlobsVHXG4yztkDrci2R84xUj_csBNUUZQpQAuu2g8N7N_wTPchBkYuV4m1-N8X6dYLBy6qR9s_z_-v05O2VmZ_QcfhpDnHQ8GWq4jbLLKmFX0KmruIYep5H6H_BLVhpA2HtZ2H5TNRZU5MpfGLFV1nQKo-gt27o7d8JN_0OXQ/pkZo_jG3up-sbOmbfmu4fDgs08gfV6jN-67wTh6ECaY),OC Career Development Information Officer L5 120.pdf (https://v5.airtableusercontent.com/v3/u/48/48/1766800800000/A8veqk1syKvNXrrqxOkRdA/9S9Kszf717gaDGpGPl2anpqFu0BxUsIq8V8qhbiiZbk3hWF8cOO48z1sP7v1UBbgk83GXvnMr7PmJ57hvvfIT4qUtWih2fAFM_6E1DW1igrPRvt-Q_lUbIml2C3dGtx_tAg6KVyFM45rtZbu80m4Sovnags48eIQZATF3pnCl1TR106JGkJjre7J9d6RAJqN_sKUxol16fsKCnHhoaeR5w/6QXMH1BEX0hT1z4upw7yT_mc9ilkwAC8P-hcLcB9TGI)"
94022,Carpenter,Occupational Certificate,https://allqs.saqa.org.za/showQualification.php?id=94022,NQF Level 4,360,NAMB,"Assessment Specifictions Document.pdf (https://v5.airtableusercontent.com/v3/u/48/48/1766800800000/vGjrNdFJTq9sS7K8_kHORg/5U32bOuVRx9kQgT9WppTIyq3ALkESdjWbn50_-3-WkOVsPhwxL0FQMOfTEAADZHNbMj4vHYDhORQzSXe-suhlfH7h1W1epABUB2g9p1tY1l3aYizTuynmtF7cyhat1PXDWcSYsU_q25UFVJmwlDQBg2YDmKGHs4xRo4shZTIhzA/qvTpwrBTMMQ3fz2-jkq9kxdcxC7nC2qanBP6jv3OCc4),Curriculum Document.pdf (https://v5.airtableusercontent.com/v3/u/48/48/1766800800000/qDwZE-byRA34dAwKGDnNtQ/Bgyq-PCx5Zf4x0Ey7GmwveXx7CsayKwAn0LbQutxrowGYuOEry31A_i_oryauuiDMjWa79JEm7A1gIFOMMDumYRMMRBss2kWk8NI4xi8y183XsxjgvvJSP24sUSjX1fbtNWt5ajME-mmINWzFNlO07huHaLiB58FIm0JAkW870w/nN1z8pHJnab9Sss2icavjfKKqaJJ9Q2Awvat_3uzsB8)"
117231,Carpet Floor Finisher,Occupational Certificate,https://allqs.saqa.org.za/showQualification.php?id=117231,NQF Level 3 ,151,CONSTRUCTION SETA,"Carpet Floor Finisher External Assessment Specification version 3.pdf (https://v5.airtableusercontent.com/v3/u/48/48/1766800800000/4PmuY4VEztjatw_3jI8tDg/EwMWwfZACpAc9NK7j8gFreIQ_XE_qiLh5qxEP1da3r0JmdtEM9yOMT2nYCdBNi7mVTBYpll_Iu-kQMvfaK-TKfKmgHfRXWFxLnzGvF_PZrnjNsSk2Dov6YlfsJIbZg-Oz6bDstWdUkwJYJBhlatHEeGawVqYXrR5OpirC--PqOxWi6_H15uZh3X8b21SiJFOOt6ckAruw0mvDuuZtN2I0w/0aVOK4INqE6UgqSrrje_aKOos_-Wk1sD_0st_m1tkeA),Carpet Floor Finisher -Curriculum Document version 3.pdf (https://v5.airtableusercontent.com/v3/u/48/48/1766800800000/5qDUhEDtf-U71-iIz134Jg/Cg_JqhThuK00zGDg5u__0lA7a8qpyMOfhMHcXNT_OxgJ8vBQGHTnFhr_mwBJJSmk8V6XCODBBd1cAetX-gNlAfrQoU4QWCP_7pu20fnP3kihAwyHSg1TmM2QdeC08chTHaM4cgkaYAX_75dSd-bRW2jE0rWJR4H8wg2lKQMgWb4EFWYJFxNDUybrfzCyWuu6/MDMNLTR_z5at5VCaB0hN-KDAzUJBkWvRpkdeXYhvt1s)"
119451,Carton CAD Operator,Occupational Certificate,https://allqs.saqa.org.za/showQualification.php?id=119451,NQF Level 3 ,194,Printing SA            FP&MSETA,"Assessment Specifications Document.pdf (https://v5.airtableusercontent.com/v3/u/48/48/1766800800000/K7hVblMSn5PqES_ZDSN3yg/LWJPB2x72d0jkLSR2ndfcTOxFvbKuNZQ2l1oM2orsJcVu8Dd6nzOptqtpEjo9XFuTTAYI-KnDThtQXK-Il2Is30zRPL1YaDUBs6klul49HVLimO1UXK3OGl6V4kgmf9e03cn3Hmzt2mx5ytgVnBNGptF8DOWzdlD7L7YGqb2pyE/qe2Qr_aNLjiV8w_Gqos2M-ZhTfVeG4F9xPjIE3n1rFA),Curriculum Document .pdf (https://v5.airtableusercontent.com/v3/u/48/48/1766800800000/LqcX1153fOdjrZw7UgF5lA/RRByYpmS91McaKXyzwKrJX8ADAewDU0xGu97ti8SXsXj_vqXoYBoGfb-gJSSccnxZh3-Y_c6cQqtztqIuJSPf7hlYGgeB7F8QV7bEjHZ8L9mNKKKbYO66A3w0zMBz4ytxUzyqsTbP9uaY1jOzyjvppUp8eH3hrc_ayRppnM6PUg/H3y3rrciYDWB5GDQlB2iqKRGauphNPgHHenlyJHjCzY)"
119453,Carton Die Maker,Occupational Certificate,https://allqs.saqa.org.za/showQualification.php?id=119453,NQF Level 3 ,150,Printing SA            FP&MSETA,"Assessment Specifications Document.pdf (https://v5.airtableusercontent.com/v3/u/48/48/1766800800000/pXsdfiIkvFwQNZDRf5GmiA/XmzdJ4jG93qLaApmxzkgIlUr_ZAtErjfUetH8rfvGeMkYMf9GUu28IuHTXMF0b5cWg54JL5K5e8ZNo0FNNUZ3H-x_UO8hjnXTgT2PcnfUxhkw-KeTKP5ZeRwJOe7kPFWB0FfptqaKLpUSK17TvVj53JeSRR8Q-R9fJWq-htE2Cw/yzFidiFwOX4MG_KTctCVDBtwMq01NNrAA9XxsV0Dmko),Curriculum Document .pdf (https://v5.airtableusercontent.com/v3/u/48/48/1766800800000/bSd-wTPETpzBoELSjcwKqw/qRA-z1nYaBRLMJX8HGEZ9eF5zcwJq7zVexij7lIDX9_iSd4tYy34C-gXkV7pB4rWa-o0BYJ3j29xAFxPwDBJqXo907Hy8kZJFNEPVKB6en_3SxfMv4JavwrasM2VX4ia48smyO-iddSnuY5PqgqU_8JYoPSmgNELDQXyHnTip-Y/3T7cUQcEederl3WW1adJQAljKHlxtYDd8PTpBTGCwoo)"
119455,Carton Glue Machine Operator,Occupational Certificate,https://allqs.saqa.org.za/showQualification.php?id=119455,NQF Level 3 ,243,Printing SA            FP&MSETA,"Assessment Specifications Document.pdf (https://v5.airtableusercontent.com/v3/u/48/48/1766800800000/h_6o4_8twqVIhmA9yV8yCw/i8jVjJrLKsY1jaul2RYcmI9V3S0mPmN0Q3NpDvkCV4l11fkRaNw7vjCPR5jcHdGrDIWXTd-frCwJlWC5gf7pf3Vg7mTyM6LXxnCVEHXLGqIM4F8QSyvEcPQQINBL75D6eogq-g9kPzkEiPg3j-ZlXC_PWPMGX8QZrz3bAbZWI5A/4S9sgwq_asTo3bu384N2u4-b2H43S_X4h00s9IXULSA),Curriculum Document .pdf (https://v5.airtableusercontent.com/v3/u/48/48/1766800800000/JbxZlbeUk73KuXjQk301Xg/Oc3_YRELB6lt_QAcMG1UdvpgUzM5hnYir-YX4O95A_hRgO_0e1g2cF2fdb7Za96DqYdRT3hp9oQ6VAPZ9xceG5jddn0e1VOz_ftpO55iXzV87SgIzFGyhFuqpqLezUU31PJUnCLmnOBpHVM1RKs4PII58wR_1Ctos1uvPvVGtF4/ljDpqEJHHlaAGZzOu1I0DTLFTVLmnRdAXs1col6NVRc)"
101670,Carton Manufacturing Machine Minder,Occupational Certificate,https://allqs.saqa.org.za/showQualification.php?id=101670,NQF Level 4,582,Printing SA            FP&MSETA,"Assessment Specifications Document.pdf (https://v5.airtableusercontent.com/v3/u/48/48/1766800800000/ceZbHQ1meJHNguXRRezKrQ/RYasu5ZuNtF6wl03zyfNxuZuC2cuT8XlYIdiKgE4p-wQRLuz-JOplP5Xj2sg-XtTqJZM_jCn_4CQDRkDfwhyww8XCaVad7yQoaS5tRkOde_E5-kI0QM579k5SK7JOyXTnxCAYPwCUqiTuoa6V4tV7VcJV_et9XYtGhnnT_cUQtA/04ahm-NgE3VXaqjDTAvB0N7bgVmMTYay088V0DnhoCA),Curriculum Document.pdf (https://v5.airtableusercontent.com/v3/u/48/48/1766800800000/UNN2HQlrGp90MTYw1xlE3Q/JCS8TBP0oI1VNXjG4w2laHJSGCLlTSo9EB-v0uOzOCpNfPW8gxArZblFwFr_E5gPyeeyCMh2VT4_gk622bJQluAOXQ9drHCYHUrGr4OGbLisUv7UPHBQZNjSp2JNTymqNvU7FjOl41hxC6yGLdWu-u2qQTRRdX4yrkQ1WbFoIYA/XVN0F3XI5WwNj9Juzl1ME11o79SoV6lTw-MJWKk6O8g)"
121589,Case-Making Machine Operator,Occupational Certificate,https://allqs.saqa.org.za/showQualification.php?id=121589,NQF Level 3,98,FPM SETA Printing SA,
101863,Cash Office Clerk,Occupational Certificate,https://allqs.saqa.org.za/showQualification.php?id=101863,NQF Level 2,30,W&R SETA,"Assessment Specifications Document.pdf (https://v5.airtableusercontent.com/v3/u/48/48/1766800800000/9nC-aSOxFpBxDOO9iE3XOg/ayXNb_1s6HSV7dnL2K6nnxMoLGFmwS-fpP5Cd7SicuTYLXCBbd0zRxEeoFD_N4Wb6_ABJ5lTnzoXnlc0tshKadjJIhR4j4pkK7RFYaSQUvrtRaA5xkDwWck3R0wW18XEqLBsP6Th8QKZWTwb5pTUO2FuQQo4HoWnu207xy13JtQ/-K0FEuZV3RS1gMSZQH7Oc1RnsoUbjBRu-73dqaUVfSw),Curriculum Document.pdf (https://v5.airtableusercontent.com/v3/u/48/48/1766800800000/yDcXofxdkWXtnIl2k_91XQ/sBbmyje_VRH9vAuw4GJJK3yYCfYvUMPMkXnShU0BAjX8lyMgQ4LAPsqOWcuWO84V4t3fZ5F3v7psFBqQD8I-2sTwOwklhPKKQySuFTWdqhUmrpM3aV6r7LkowqRiVGOApPyaekf_uQGOCgyVd2q55nn3SitX0shJPWxgqeS97xM/kKSOQRyXEgzA5PD8DyYTLFjiiMu9mHEkAhOz8DZVVzs)"
118728,Checkout Operator,Occupational Certificate,https://allqs.saqa.org.za/showQualification.php?id=118728,NQF Level 2,35,W&R SETA,"Assessment Specifications Document.pdf (https://v5.airtableusercontent.com/v3/u/48/48/1766800800000/qrwkcpc6AR-PMYqeewWK7A/Tozn_rZJSlslh2C7EBEy0Tfe4x2JsW8ZfaAoUHiTPAniuQkPxiw7o-fg6THDERHoFYjx2OTaaP8cTtxLuMIlopapBN2XEsDkoEeO3o3gimBQB2cWduEWOTvk1vItzJNJX9fiPrtG1inTjQwuHqqJBNWT8dpTriaA6_HIk0sZ6yM/bcXX2aeqT954sYC-TLkOuEfx8ajBDAXf-6CljP3ocOM),Curriculum Document.pdf (https://v5.airtableusercontent.com/v3/u/48/48/1766800800000/X4od92MGFu0reZrqGbhiEg/xCRgAYrZwEXSa_6vYQ1ywmP_J4-T3nnTwFoiYJqD6BtXCIMYhU0Nu9wFiTLkt34DH3I6wYVWXA9qhkxqXCA6uKmBSj_HHvFz2599BR-8XthKj9Ml_jXjlVoMeCPE368zWMMR-601nFUhes1UuHE74fyZ6Yj7QVYm-uRWYxCOVuA/f0xfnzS3cCmTEfu_Di8PHW-wk3D1ZPBG292AdiTVuAA)"
101697,Chef,Occupational Certificate,https://allqs.saqa.org.za/showQualification.php?id=101697,NQF Level 5,558,NAMB,"EAS - Chef.pdf (https://v5.airtableusercontent.com/v3/u/48/48/1766800800000/gtCOCk8TvAvsMGcm6YZRiw/Y0jjNkbFsAxmKwTntLVCR2ZAXFGidP8UomxMmaKO1g2-LF15DUR_L-mcp-E7bDoAUgDCckVm7WO6bWBC8-EhmPadEeV8brerlSpPJWNFT2M8POU6Ehd24Lw7ySs41MaSsPfJ_5SHxYSl9F2KfKoOoHTYrHRv5xypyN6HxweoGz4/0MyQWV6wXnJLJFfN6JG8sXtQIBP1Qr331_l-eN0vYho),Curriculum - Chef.pdf (https://v5.airtableusercontent.com/v3/u/48/48/1766800800000/v9b_dh7mEJJIg_1z_DChyw/sjD0D6VThb9ChooEDzB6UiNUB3x8BxA-pvi_IgrWp-ODhLRLlQ235zLtsVxQx_3uKbDYJ0r9EN1dI4JE8--2JethwQ7hQlKWziBD_ob7jS51lA5Dms0NmEOrl2OrmU0jmwhUZizqchY3HEBh-KsHWdPgaIs1HwM_Zv6YoLr1LYQ/dtXX6K_5fOJSIm6hW535TqBtSgrGOT9aYzTjh0jHnEM)"
94941,Chef,Occupational Certificate,https://allqs.saqa.org.za/showQualification.php?id=94941,NQF Level 4,380,NAMB,"EAS - Chef.pdf (https://v5.airtableusercontent.com/v3/u/48/48/1766800800000/WPHj0uJw_-5McTFyeqOKzg/6NUutnRU0OtxhzLM_hZ0_kJrlG8lsQd4Zn6jgNfuTdMrvVzCcUY0_NUSaPdCqZgrMtwFGuWpsi1xiGALuRyFbJakhlwJ9hcOgjuronUPrQZ1rHhJesgVRvFBMnq0QQHn4pyYF6g2rxILGXVB5wxX1q9guA-9HIr9bZy90sYc8JM/fTN4eUKXsVu5HauQ0m4NjPIVpfYoIVosidToWYNE6Lo),Curriculum - Chef.pdf (https://v5.airtableusercontent.com/v3/u/48/48/1766800800000/qRKKUoTeNufcpSLeQ_bJnQ/RqSYrMGWfN8zmWiVhYHfOSXS04FfpMII8IxWCPLJQId9tJA69VoCikzIdAtky5cozAh4SCUWtDGx5Uaglw_TVIG-Uh4ZwBXcrIpvV12e3EyvcER7zC06CqKTzQyu9MJZvlFzx5T55hgsMpmdzvZF1FgG79pPYtIMdxYH13Vu8tQ/kdivUZ5ZuzqANVySCoqv7zMNXWm7L0kjBYGfvAVjTeM)"
101569,Chemical Laboratory Analyst,Occupational Certificate,https://allqs.saqa.org.za/showQualification.php?id=101569,NQF Level 4,200,CHIETA,"EXT ASSESSMENT SPEC DOC.pdf (https://v5.airtableusercontent.com/v3/u/48/48/1766800800000/rp5m1oxRf-LAvZLK1agI9A/JL4tjR7282ZxmPp2gfSRWgGK4_RvQr2SItVL6PmIM-XVXPwNVeZ4_R_6WT1TVudE3Tskra0YCDW3-YYDCGv6SuITAP_M51GM6RsMl8dehnHqRxK8IwAT4Cz2yBFmdELnGXDjKABKKws9iw5TfIMO6HUKo7HAG9t0epU6q2dnCWY/mYc2-A_-_EU_gMF_oRWq2FE285jxHpBZ4b7eYBzobUQ),CURRICULUM DOC.pdf (https://v5.airtableusercontent.com/v3/u/48/48/1766800800000/13KC4jEhRWrl_846jMlzww/t5xQ6fpYXgYGvXTfiJWEHZImT2wnXnAVHeWzDvBLli2Iq2cFg7NK2P-3ePGQtDiLEyYCbupDDrjmWFB7SYcTLNWdMAinbRRtNxVwcdBoam3zSVb0qS1FNGf6NBiHcfq6Is3iuqAV-YHzCekQnUVq4Q/toijpWBktlXZSdyahFIqQU-UYgiASYecpbe9L1dVWi4)"
117205,Chemical Manufacturing Technician (Glass Manufacturing),Occupational Certificate,https://allqs.saqa.org.za/showQualification.php?id=117205,NQF Level 5,234,CHIETA,"Chemical Manufacturing Technician (Glass Manufacturing)- EAS.pdf (https://v5.airtableusercontent.com/v3/u/48/48/1766800800000/VgfLnRJlFt5d2-edN-eMDw/CBlDWzit_QfRMtT_e7aAoCwBZ12J-NkSXriJBbhjpQbVj3AtxhLTljHCwq6tZZo8HQ3BGsu0x_f8l5gj5cp3wpEzaNYW3lI-HiOCh_C4xZiyQXPSgYpFlIvKpK6mdNJxxmazaMiVKeXmGQu4qGTJSoImEto4zqY3Mn20NX5zcFD-fAo3vwD0ZYGZEBA_BbwUK4lYaFhK8EyDMDYs95h09w/ufc1viJZ4esNP8G00787oA7JxO27zvMuAXrQOAD4CbU),Chemical Manufacturing Technician (Glass Manufacturing) -Curriculum.pdf (https://v5.airtableusercontent.com/v3/u/48/48/1766800800000/yvr47sIQJagpPCcLwPYkgg/WWM1Cme7y-IEBY6p14-tjuh9xJq-HkuaUaWEGYhDiPBgB4bMeLU90WKa0o6TFmVSVzDIRF2TRPBHyen7aWA8VxBPhJyuXi0t8orrMs6kMrzcIRuQ5SSot6jcXokPJnBSBgtvFgGU9FjbHo0sbdjruTevnOfPA0sOGqTDU98revjnod3i7cQWGV-Q7bejtsjLF_89mJ5HOuvx6FOvJjdBfg/QmYew-OgeZQLOZh-NyFpbAqSnYSrZxrwobcaJC2hnoM),Learnership-OC- Chemical Manufacturing Technician ( Glass Manufaturing) NQF Level 5.pdf (https://v5.airtableusercontent.com/v3/u/48/48/1766800800000/FX-FK3B7aWWY6x3afNoOwQ/htR6ckJ0rvpwuQ3D2uBAjg3ZvV8LoQyL1lUvv6LZsJ-CJnwScmwJLR2FcoL0wxU2WoxaRP4JJfZLzRR82SCe3BwGZJadPDNJV9prvobvp6Qvtb-41O8q8asKbMRLNydjbFMbp6ccT5owIWpC2BnwmFlePJIT2kri2IiF0wwPKzyB9GohU9fNYR96l_bD4d5E2PNmHUPwGqBjm1vx4G1-eNdOfuRWwNea4NbfTMjPOCA/VWruBSrFF1G5rYLVtZ1yHIvw0TL1P4Oc9YlNvhGtt7Q),Learnership - OC- Chemical Manufacturing Technician - Glass Manufacturing NQF Level 5.pdf (https://v5.airtableusercontent.com/v3/u/48/48/1766800800000/8AeifQa-8ws5bE8JvOSfyQ/h3Xe2vO_0Tydtm9wUAvwdk2adogiI2cL_ALURl_LJbLnvbDhk0hvOaDqvHpuHOp2rDvo3Z3FZaq17frw3xHQK1e3iRC27PCaIvLBPWLEvlUfOCJLyM0pWefqIOE5NMvobNtxMj1_RRTZwqii8VdSCCz_Y9hsYB4q9U29TPTTf7pHvXFHuA8b2sd-jyzzvKw2YOAyUym9s3xGx3q8ifXhO6BTuaThiJMOokmkdwzZRMo/Q_hxPuk58kCJ1R7iCWUPv1P_SmhLIdiiJ0nsDDfCBWI)"
111359,Chemical Plant Controller,Occupational Certificate,https://allqs.saqa.org.za/showQualification.php?id=111359,NQF Level 5,180,CHIETA,"Assessment Specifications Document- Chemical Plant Controller.pdf (https://v5.airtableusercontent.com/v3/u/48/48/1766800800000/mvw8IKXj3_5JGJwJvWJtwg/s_xccWjXY6q0FKBfkbW80rJziJ1g60Tgri07VAAISb4g8Nwd5os5caqpHjTXQ9DP-S4L8VQPMdsruSxa_P-gh55911-1caiThlWzbIvkqYU_oIQKnQsaJ6GQmfOa3chuUXmTmIvErNkkctVPkaeHAnuIoM3Dp-6wLu9o8-82iDJqIGKwQVdWu2CkRf4uPwhDtHWE6X4fwNHVlrNC_R39ng/FmWjirgmiMREL8KUhVrq_DgLD1IWJPWeKkvcy5E6mgE),Curriculum Document- Chemical Plant Controller.pdf (https://v5.airtableusercontent.com/v3/u/48/48/1766800800000/4KlPAtW9dnnb4Rf-lsZpSA/IhiWMTTa_kl1ZAYoZQTY1Wg4TwRjeoI5GBuxSXWp_-MNz041rk8_ZkmlXwMblqgPv3tHv4tlEpMugZzDUhcZEIYz5vMHfu3mLcwmS_TCpTVaftBLg7H7Ulq2_gJoWVu2mvLPRy59px6VjJGt0mjDGmPfk0BOMzyaSIfjgLy8eYja7_AiRLI6PWyblemzHoL9/tQFlCC0KWrbNMpS3K9irF7MkWrV_UF62Co_VL22QeTo)"
102156,Chemical Plant Operator,Occupational Certificate,https://allqs.saqa.org.za/showQualification.php?id=102156,NQF Level 4,487,CHIETA,"Assessment Specifications Document.pdf (https://v5.airtableusercontent.com/v3/u/48/48/1766800800000/ifxNSBoCV9pyW_wXp9rKYw/Gzs5HppeFXFEbxfWc6rQnOzcjnv_8Ij2NkyTGM07EuyvVW4k6kbf2EkUrqOhB_rXp3-YTIK0J5Fw9IDYh25LfHbtREo-Y1t1fNs7yuKvVX5FKww9NO6Bp1jcOwyxPvJf9WpTT39QpM7pBZ5GhTnL5lDlPY_ARl-bFZ4NOhM0U0I/tx7xtCKX_Xu5781hmWKu9D5Azl9YvdfoF95YtioKBZg),Curriculum Document.pdf (https://v5.airtableusercontent.com/v3/u/48/48/1766800800000/jvZ3XRr63B-0cwLtytkbjw/vWEfwpVUN3gdxNOpbKF_sh8TMAFrJPuJMOzNDQXjTaFE0vZHPejU-qvPjCnbZ8b93WH0isFpqLOxJW4Auv09mg4Rc0EouJCBiHp_W_mTrwm1vrH00twRTbHY2Oxs7nlepXGYP8V8PIJu9HPI6ptNwN8udmZHaww4V5vRypGazzY/lFc1OUeTGkDAaGlYH5ZoqQT2ik7KDfMrbPDKKLsadxo)"
117307,Chemical Production Machine Operator,Occupational Certificate,https://allqs.saqa.org.za/showQualification.php?id=117307,NQF Level 2,134,CHIETA,"External Assessment Specifications Document.pdf (https://v5.airtableusercontent.com/v3/u/48/48/1766800800000/pcfXWmKbpvYax1uv3j7Fng/su5CD52Eu5SYgu64ngDcyrDPfp8_Y-hPtWWyQKNjjdKkm-qSCXAYYOjly1seffnxKK8fBLf8XtXHrie3uWRZvC4N25OFK_KpYP2-PikEXdx42H_mJW4a4M2GIMYnTrm0k9kLA8ULhp88d0UlIBk3zjJmrg7MkDV6RiJcyKsNwXHn5K6qF0eKWSyo14LgG9e6/1jU5ylSj8rKBtwniYlOljZs2ze8EOBfeQBYYWbSSZKI),Curriculum Document.pdf (https://v5.airtableusercontent.com/v3/u/48/48/1766800800000/lzV_8VjrjxOSR3z177sjrQ/gEOM64p9HOTzwkPZKCRLIAwJBBIY-K1mBR27gY6QbVdtC3KZVHks9yrn6Xoi3zzw-Ddg4c59gFIisBAJHMHOghs2GNq98QEP8bIiP1GGP3FAicVNd2cRDMWoV6WQbyV_y-nqBxCNOCSyyc-gzi6F74yfu9GZimwct-7Aa5v2F8U/bje-2rqT-Rf0EQgPmSDrXlZVGJeGKgBv-V43MFpJrwg)"
96367,Chemist (Surface Coatings Technologist),Occupational Certificate,https://allqs.saqa.org.za/showQualification.php?id=96367,NQF Level 5,191,CHIETA                     SAPMA (AQP),"20141121_211301_Chemist_Assesment Specification.pdf (https://v5.airtableusercontent.com/v3/u/48/48/1766800800000/5aCXKQFP4z48rCYa5oyEoQ/37fy-oNnOXzuQTBukniIZkgL3-hnVvxPr9CkwSZ-Ct3_9mrabBcYMZ6zEw338lQZCPIL-w6-aFqCYoLXUPE4cJpX5JcRtGVuCWRmtyR1tv-tYxo2pKEaziWSMyeEM50_ZQyueFd2JGy1d41NwjQSiiqp56zZJrbFK3w-babtvq3d-1cpU20sxa_sA7Py2pPw/BBrKvJZQxbQLnkQN2D8_cuvTzZc1ymg9Li9R8HDLELQ),20141121_211301_Chemist_Curriculum.pdf (https://v5.airtableusercontent.com/v3/u/48/48/1766800800000/_yPAAs_6SdXleCeifzIS6g/f057j7EdnigIRWvhT8GsE_tv4vDdt1VtK0hDISIzFHe-IPmrTTB1pjML5kf2qW4Xp3dyqY2-7T1aMWsh48Vi4e_424g6dBpVm9pQhdCXI0vl0Ps0xRYuWV27KNEUXaJof-LpgEODwvTXPKggxkMkkygZezR5J-q_LPtkz_y10epzwjNupmHv5Bl5j6oCO4s2/UZw5Pv0pIwKlbMq8x5lBt7fCjsM7Our5UEmBmHqMkgg)"
121968,Chief Information Officer: Cybersecurity,Advanced Occupational Diploma,https://allqs.saqa.org.za/showQualification.php?id=121968,NQF Level 7,120,BANKSETA,"CIOCS Assessment Specification.pdf (https://v5.airtableusercontent.com/v3/u/48/48/1766800800000/Q0k5UOvKPH6KeaW8UrSkXw/uxZe6u9_djBVapvvafQ5OqgLQqs9-8n4gRp1Ru1X4LSvIpMlINgy3CKWKSLP0o3r7jq9VmHCaPuL4uhHEkyyhFhblV-7v26TJLNVN66O6hB9eFk9rvPR3Ko795blhkhmB2g1BAj9kD_vfQ092ntqpp3Y_F2kKKcWGWztZxHpOw7gt0In8SRWwzUrvvvBQABJ/gmr1inF5DOPPwCFzrmHEE_n8-xumk5suHl0ZZSd8kF0),CIOCS Curriculum..pdf (https://v5.airtableusercontent.com/v3/u/48/48/1766800800000/7ZmbDbh96-UJi8xqO-cYBA/o_S535u8-hcKC-LO7SF2wG3N-XdIIVkhLq_uI7I44Xu2Wugq0IJL3AgYtlt2eNZHjcMADL8vgvTm7qzOD1tMsjLUP-e7SpXsV-2VOY30x8iL299N8MfiiBWTu1lVEdxQWGchXvMWubVs_me56Mo3gGjbiVFGJ2Vvz0ow0VnwUDI/UUc6jd98b5hjRQlS5GQsg98cZpIjcjhge3e7kOvUMqM)"
99510,Child and Youth Care Worker,Occupational Certificate,https://allqs.saqa.org.za/showQualification.php?id=99510,NQF Level 5,190,HWSETA,"External Assessment Specifications.pdf (https://v5.airtableusercontent.com/v3/u/48/48/1766800800000/psMVREJq_VNtJbMz2_IV4Q/P92qWzf-jqeNPCZ5MrbpHN_jAqHcr-8hYv7fXApcLCDZcwP1mOEx7WcJLF1bAdvqi124URKaAcsEbTsZANogAbYp_RLVp-hoGryiZjnK63oX_4xrXUgUHUCIVMfgAx6M5WMAAwupStNioV5vWv5Gyo1QCr3_NRO9CgXxi8cW8O0/Jr6cm5PhLsn2yhMbGL0-qw_FlC1m3J2ouL2RLmifJek),Curriculum Document.pdf (https://v5.airtableusercontent.com/v3/u/48/48/1766800800000/BioHV_dQ0E8StDmyIlTbuA/_dbfwJ5NShvHnrm2OkO-fgeFpufFINDwpDkycGg8LpNuHCc25g5dihEIkdo2bhaz0OzYZWoZZBDHmUWkMi1IGfutjrGm4pjGO28pWPHWV4nasoJrjNo0HKMG-8fhx87PHKJ-tmhVViyW93T2HfklRMEDJ63-j_kvxR-vBENSpeA/DSE_75h6HcPMK75vFbpZXOyuRkZIhKPtG5wXKTs97MM)"
101571,Christian Religious Professional,Occupational Certificate,https://allqs.saqa.org.za/showQualification.php?id=101571,NQF Level 5,237,HW SETA              ACRP (AQP),"Assessment Specifications Document.pdf (https://v5.airtableusercontent.com/v3/u/48/48/1766800800000/cTmZ4DDD_nMiAR0PlJLTLA/YsBo6lAE3apg9OQRUsKZfuF-PPGQBpQMrxYCFQgJNHIviy9uVHcgJQe86zJYZzICCYbW70IEPABBu-l3V0y82gkYnOnIPGjxpRkib-nWjMuIc2O_AoY561LcLGqiQcpgLeqTCWRJYIS0rrJ2Yzyfmr7wHOBtdHN3I6l2M46BfQ8/IptwFGwf5j--shewCqizs0Omtii2yKAs8nG6LsKFvS8),Curriculum Document.pdf (https://v5.airtableusercontent.com/v3/u/48/48/1766800800000/fjOjqOqYaskENIlm9RHGWA/-TGVDVdC53vvGlciOBE0zPd_S6Idq3KbmrSdrdvYalgGpBVrHlylpl0wBnnj9XBQl-ro7lnMYNGP0jWaJgla_F-rinoh_y1LsrQfqUGH6WXV6u8OR8fwogtc0xCutYm_3g5l0rhVPsezXuR-1Gmwwl6eDOCLqHM0GIL31elF3MQ/xs4s9za3sGm_S3tR4cLZi9g_BbIZ2d8NVGzZ4_nXcWw)"
112808,Civil Engineering Aggregates Tester,Occupational Certificate,https://allqs.saqa.org.za/showQualification.php?id=112808,NQF Level 4,148,CONSTRUCTION SETA,"External Assessment Specifications Document.pdf (https://v5.airtableusercontent.com/v3/u/48/48/1766800800000/bNP9VbHOuFC1gAV6gP2d0g/FBOnNkKuOnG3BlRL10GEJDFH0utusfEQ4llbtt9z9dY_U0H-Wok6B9DqZ28VjaDBULqRphdjg3B1Jii_K-TqXMOR0515x64WOy16x8lMltut1QrTuzRT7bUBE-IPvxJiclpVtAeK9Q9wrml1oGl3eNnlRRHNcocCFMbH5Ua9OygD8vfzRnJSikW2fqLs4WhC/zMZIIIr8VGMNC1dTOnwLtZJH71XAD1Qk8up6NZoYpS8),Curriculum Document.pdf (https://v5.airtableusercontent.com/v3/u/48/48/1766800800000/cLBmJOGxNYCDbcZvdeP9_A/yX0Vg5zCWiNxHv0Se5Y53m8z8nTlUWN9EdCU7XGhEtqQ2sb4TXr0r4btuOreFkTz9OP2pCLgrHNe7-wNcCopvHvNjOhDGcpw0pesDXRV_ZxfS2YqnE_mrSKETfx175g1EnGIa0bZjO9yucN2naLiu-CtsoD3KwJxZYicgEUyVnI/9h1eshLJiKNA0-isHXUL8g_4schYEkzVvBqxY53-9bY)"
112805,Civil Engineering Materials Tester,Occupational Certificate,https://allqs.saqa.org.za/showQualification.php?id=112805,NQF Level 4,342,EWSETA,"External Assessment Specifications Document.pdf (https://v5.airtableusercontent.com/v3/u/48/48/1766800800000/jUkVwuBRNCtNyuUJHIGbcQ/eZRl5kjiqee4w4uUrlfBxDjPjlkaljo-woGw3ZcauE50cISo4njUFc_2lQSUk24emgZp5kCHvtoGVGX-tAmfvju1hwpvY-I56OmUq0menXP-10x9Wl5ZHfGXzCnKaeBgPKLyDdABqgE_bj1_t8ag41EvGHOjaegnxk5nz-RU75SyXcCRqYq43FFSR8yi68wR/E7ojRKocbKRN6o6q0AOnfMU48lk2Tbr1NvCLLoUnGF4),Curriculum Document.pdf (https://v5.airtableusercontent.com/v3/u/48/48/1766800800000/5iJ180jIKYxyupxFQsTejg/yA0fjmPVa_mKDAbmzHSyK3W9LcuyrRJTf7vpfolk09rpO2k0hjW0y6sqoAVdhSrswDVL99Od7H8N290cS0colQhwRosbd_zTQA_IbkSy2ljjFDm9lehaMEl0_qvMm-BKnWf7INQ-nKrvbtXb2oV4LsTrANE6bQ2IPCj-_wLVeAE/JPRRTQAorrwouxxFGejUpgNBhc7-YPfny4MFUgILcrY)"
110372,Class 3 Inshore Diver,Occupational Certificate,https://allqs.saqa.org.za/showQualification.php?id=110372,NQF Level 4,33,TETA,"Assessment Specification Document.pdf (https://v5.airtableusercontent.com/v3/u/48/48/1766800800000/L3dFFUnDlHwvyDyYrZWW9Q/XUevOLBXUuDP5IrKLRcOtBld-VqXK9AUTZnFOXRCZlLDkHwCdwkYPVYrBf-tfNZmL_JZSiqj5OSW5wJCt-kQN8Bx5ycPg_QbosJyRgt7fkuVfBP2HrQ58hyrUAAk_Z4se37BMl-aAV-hg9uAywPpeRfJrQniKOo0mI3T3MY-0I8/N2H87y8upVl01NuAbscyUOYRlD0bPsk2QpnaO49Jlhc),Curriculum Summary Document.pdf (https://v5.airtableusercontent.com/v3/u/48/48/1766800800000/X73s1RYqyXphz0HsBxI3gQ/tKjTr_iNACcA4wHnL4UxhHwMwBWwvSwbsSWlXF0qtIl0oZib_RBBz9X7Dut1TRR4PrAVQhGTdzImlpUvgPeOq_7TIdWyiWcpEEbBbzXVNk1NKeZaF4KBI7um4VKPdnug7E6NO98Er7_QauvpJupXhJ8Fs6058Z4nC6AnLIR4F7s/9zawtUKMgfuQablKGMuCPdPUrzJTQfe4fqXNSRCAQ8I)"
110370,Class 4 Commercial Scuba Diver,Occupational Certificate,https://allqs.saqa.org.za/showQualification.php?id=110370,NQF Level 4,47,TETA,"External Assessment Specification Document.pdf (https://v5.airtableusercontent.com/v3/u/48/48/1766800800000/CU0fM-sSz_GgFJDNwKRB3A/6FNJ-_LO63_uzesQOEEBeE6ccQFqnAEflCOiIaNBeL9LI1OyNA3eqhfbkRjK3A6i-UnNtCZZUxDaiUO0LbDgMeeigqCZwrqkTu1gXWkx7xO_7hvRjde4M8yjXJBac53SIRCHyDM6Y0x0LQQOBndFvktnGvQ3utl3TPRIeB_i_eub4hc6NhClJ7SYrFMd_ZGL/8JgIiyPHEj2uAsPjW7-DZl30lOaxlUfokYlzuCFeU4g),Curriculum Document.pdf (https://v5.airtableusercontent.com/v3/u/48/48/1766800800000/PBYknUDtFWxUkMioUxe18g/OXPwZk9hNmuGJSFH1Ayj3zVqexzv2joY8ZJOfL8eX2zT0x9G98nZthAxOTSeq8ROfmYKUPzLZVqkhBE8dGv8jHJppOEHC7S_9Zoedf8jXA0jzkza5vwDecZYvigN76TqtYQV7FEsDkBUaY8U4Duoq2F9xuKpFj_5U2gUXDx0v9Y/g9sAyrLiCDMPLWGhIiAQJp81Gquhk1hAvqAZhyzPS7c)"
121689,Cleaning Practitioner,Intermediate Occupational Certificate,https://allqs.saqa.org.za/showQualification.php?id=121689,NQF Level 3 ,120,SERVICES SETA,"Assessmernt specifications -Cleaning Practitioner NQF Level 3.pdf (https://v5.airtableusercontent.com/v3/u/48/48/1766800800000/4IW__2e2WUoybnlDidF2cg/a-YhM3Ezdwbsqk_jWS-rskb7zYUSeqYi9ct90vBeNIsfffMXbosn1wFVZAEWObv5cJFLuANAqjQj79vUeUt_xHysHZ5QtNJpN2qo8-NTAhTBiHS1E1bURWaYGYyoTh2tTtqDjD4NXB5lnbUfzDt3H9uWjV2dgKUC1qgoOiWrhUdbRL1BP_gwFa3HcD211ninPPdI2Of0eYQZ215iHn4aRuh54ljuemLGqzFE3VfvFVQ/JbcpfWwTWV3FcSvOH41Q8JFT6YvyrHaesRTr41fAzcw),Curriculum Document - Cleaning Practitioner NQF Level 3.pdf (https://v5.airtableusercontent.com/v3/u/48/48/1766800800000/sm3xKH7FFiRMu3Z918znzg/GE8ik4cHKImGd9oWv8Rpb7aY0fBQjdstcGkcTIhwrCgZYuwJV9wlf7h9VBZTC9CGqWMp1WeqN4TzuNV-WYEgxR5t7Q0jsBKR-nw62PNVZ9IZjmugfP5LYlrH0dGewU9LOwU2jsrxfGpkJap5wpzQDJ00DAzvW1iOUdDCI6J_hw11uK6h0h_37RBPZUyTtDlZmoKKN-UQ_R0BpSx0x1uw6w/3pLUhjb8PYi1LJYot8UyeAUVz20L7cjlOc6cWTk96qE)"
96368,Clearing and Forwarding Agent,Occupational Certificate,https://allqs.saqa.org.za/showQualification.php?id=96368,NQF Level 5,120,TETA,"20140829_333101_Clearing  and Forwarding Agent_assessment_specifications.pdf (https://v5.airtableusercontent.com/v3/u/48/48/1766800800000/uRnzPd9bQnPFah3G5eIp0A/MPfEUFX3sSQXdygY2IX1HqaLpHDelVB0UY-VHLFH8XbzyCsoMf6bNv2jqYoxBUzy60S4BJAIcRtbWxn8dj8ZaoFuozQRKdjgTgdYHClTK10F55dFYN6YQ5lslGnn-c69dSFMk2G-ZKmULvTDTjz_yjZvqSUfyC_dm8MHba3a0xhDcOfqQHgJ4eULsiEBejutI-VuPsMkz_DyULqzt2Wv1P8tj6sDJTBoJmP5h6vpCUI/POBtBqllH4VShjNHVtq3UwtQXL6jwRPunxo3uSvTIvw),20140829_333101_Clearing  and Forwarding Agent_curriculum.pdf (https://v5.airtableusercontent.com/v3/u/48/48/1766800800000/bFEMvOx4G6JJSZ45_iccfg/WtjPnyqzhRsPIWVv3VKGOQVZSyZPSA6r689rHYQELMxEXUdZehDf7N4vYXHkIq7AuhBlQxW0nOnIZqWnKJfpATDC8lnaJMeosrnBUylIA6MFf6ZJqFQ1mmij5SVT0Jnt8Dky72Q8RKn2iqHUvc4ZhZN3KqYmQ1n6S4GbO2tO2uHxhxBbOFtsA9N2oo7cPBcVjCJqZZ35fvYyu9Fu0AdVSw/DfYY6ekLFLy1VXWNt-82qkP95K42ZI3_JkU40vJ0ndc)"
118746,Close Protector,Occupational Certificate,https://allqs.saqa.org.za/showQualification.php?id=118746,NQF Level 5,52, SASSETA,"Close Protector - External Assessment Specifications.pdf (https://v5.airtableusercontent.com/v3/u/48/48/1766800800000/fg9-gybjMff451Z51AMf2w/xF_jL4H9GVuiC-nR2X5yqh8pF4NIB-YArqMTief3c2TqkJxp-LadbraLb5Dw5NVUYHfXQvziltslBu5TJmiqoqkLaoMuS_3bzOflUh87xbgSxJld-uJF6j5-BZeVA4WlHYcj94wg4kowE9c5cWvbSkRAe8IUzG2PT7sf4_d7KwFdWJlhWWrRZ_wkmta3yrhw/xvhL3Pp8GMnjyualQA0Kg1rDQqR5McFcHu93RuiHFBg),Close Protecor -Curriculum Document.pdf (https://v5.airtableusercontent.com/v3/u/48/48/1766800800000/EoT7HX4W_5BbNUKMOWgDrQ/9U88qJGKdb14gMtPbGAl1kSTEK2RDicoQADF8CROwlUXKTII5AntWsg3NMiPO3ER11O4DdCks5TLZXMaqVA4-IYh62yqv0xWlVkJHYHKJrx39EufInyIEWuxdmgyNanWHW1zDANbt5Xgk8HVX2ICZh4BlZw3Fa7KfWyEBxs3vR8/qWS-B42_N9rTO-iaIK8G6e1j8z_cntEecfv9Tr9KXeM)"
118699,Cloud Administrator,Occupational Certificate,https://allqs.saqa.org.za/showQualification.php?id=118699,NQF Level 4,149,MICT SETA,"Cloud Administrator-External Assessment Specification Document .pdf (https://v5.airtableusercontent.com/v3/u/48/48/1766800800000/r-JkZ4y9eJdaYrLUjDlQtg/7l-8R9UbA6eEVEQNNQHQHDO9CypcJPUdpjBxBoAIzwz3rWt5MF5gyBmO-v5C_dobegsdNbRpSH75ahLJuJNBS6FHvJRw9d2ZqRwBHroKNCAkgvAEG1FMOZhqrIjI8xf5FnUYfqlJdrtKYSdL6ByrVE4SZi8SimiJ9LyejxEcif-v5emlMAGYrOnKlQg2XmQkFMe8SFKIGuaJqT1VkLBD7w/znZqjWkPqP8DXm5L7VIXzZ_CkZD9BKZeyjhDWkelWhM),Cloud Administrator-Curriculum Document.pdf (https://v5.airtableusercontent.com/v3/u/48/48/1766800800000/EOsV948PNeh_OzAm5klkzw/BACUgXeLEJRjPAhGcp2gjTNs_dpHHlhuTdGoAXcm7K2URFLc-fp6gSwu-74tEWIuT-GMw5QEAJdgPn3xLgtH8M9B8JgCj1DbpSqiJSdI7Kuxm1ghRNBIKHZoufyMVjTkLV5887koDWXSDfRfe3MNbqiGbbm-YuYLXSpbRDDuII2yzvXbZbeBHfxlXhAndTKL/hLVViIexsKVc017Qy-SQU_b4flXlRQwd6xal8-fUKiE),Learnership-OC- Cloud Administrator NQF Level 4.pdf (https://v5.airtableusercontent.com/v3/u/48/48/1766800800000/sUr7yomRiBs_9z12cbx1hg/Fp6Y-lzeoFJoeG3vQL5kw9XxEw3LJ-KAcQy70mgsss4jaItz74eBm-V61nqyd8Llx1ZAFJLKFdRk1441Qj9Gm8eLC6xKmkvEMM8wedRA7-ia6Lko_Fl_tn0ALvYslovZ749h8QEKk8uevGvpjIen4p9YcGCyEd_3ZyM7KSgHFHM1kAQyUyl6UP5lHjVqFaVv/WJxcksDWMbVIUqGQUBtafy2ceNziNoJbEApjMvEUeGA)"
102996,CNC Milling Machinist,Occupational Certificate,https://allqs.saqa.org.za/showQualification.php?id=102996,NQF Level 4,148,MERSETA ,"Assessment Specifications Document.pdf (https://v5.airtableusercontent.com/v3/u/48/48/1766800800000/x7Pss_RmZLpjO3I-lpG8Mw/1Ci8aA4sNjTA14Ho6-oM-5svn7T6iXSauVfUS-25-p6pH0TYj02gE8QKJMc82PyhL-sxreURnYOsi81iu_WJJrjmPq2iqf_o_vzFneLcxpjW4arCKtABKl9NOpD8gLPCkK2gR-HIP6M2oamdCNB8bIMFSJBN7YLl6OhZsXDQnFI/fO6zRttZirM5s73A0pRs_OTDflUWgPsJXLRtTI0eLAY),Curriculum Document.pdf (https://v5.airtableusercontent.com/v3/u/48/48/1766800800000/FyvPgWDUOciYvNMzNf3Hiw/KRiYGzpFbjqzoDuyVhWEeGqeGlDWUssLme_bFww8OsPukajDYv0ARKIk68P27nxJp8WW1BrAHw-ZFDiatYfi27h2cL0R-fIzfSfKtOOfjVI32jed-n2nREssbMjAIHzsqfTcvV3u5IBtPykbGUwqB49No5WV6A6nuHTF1ZctxAU/NgloKgTy3TSHXjBpm4FuWM3W_5tbCpth1pKIWb11yOU)"
103099,CNC Turning Machinist,Occupational Certificate,https://allqs.saqa.org.za/showQualification.php?id=103099,NQF Level 4,139,MERSETA ,"Assessment Specifications Document.pdf (https://v5.airtableusercontent.com/v3/u/48/48/1766800800000/0Z7-NP4vLubsTW2lsqqTzQ/STdhPfbUeUuwykgJFAogNRWFfeahsUXKEOUihhwQY82DztYz26x3Lk87g6uJ3YJDAkJES3hx0CDgAHkjjEqx468VNXof3L63NZNPQord4ddYdUyI2rpA9dWe552D8p5ShRoscyte5bIFFY4PUBJhx8qnttJ-RqAlf_EAOq3apGg/AiGDupiA8-YNJu6E0UBHZ9RxSBaXRGLmoM2UWQZ00yI),Curriculum Document.pdf (https://v5.airtableusercontent.com/v3/u/48/48/1766800800000/hzZcIVcp7Ph7KqQMjlPpwg/oyHI8y6DRg5fgKpZkeVbz0EBToFTWrHzBiPbE57SFArhZjssn-zMbTwo3OfHWYgA17UjXN8Y7ldUAR30E5T-7Nm31EJIUt-pajO33xqKjp2VbQRu9kK748uWHzA3UW0MdSxwiyIbpYON5RwlgIhb4DYoqbf9093o71f3BszxULQ/MdvoymyGTsttnVO6A544lH5Lt8--DbrjrP7bGqxftII)"
101366,Coal Cutter Operator Underground Coal,Occupational Certificate,https://qspe.saqa.org.za/viewQualification.php?id=101366,NQF Level 2,68,MQA,"Curriculum - Coal Cutter Operator Underground.pdf (https://v5.airtableusercontent.com/v3/u/48/48/1766800800000/YIixIAjbCkclKXiJs7LWXQ/Q05Guk_4fPsOIsbbA9AwI8HIpQbaZ0A0aPYUqvpE2YZuq4_RuGc5_5AJPiVtlxLTFKJeOrXeHi6gR_v6aCuSzhPoTMW7gNpIyzLUUwNPUBBTA2Dm1E2VR9GXw8yduGCdIINCfvPoatdS10Hi45Uz2YNGI3QVPP9SXupRL_QzpSzp8pQ8ca_fjlQ3-9PJA4cYG3n9DMk9pfJfz1CctwM8hg/K2A1c9bYgWUHQigUwkPGDoXbUvEOGvoYq8eHMdBndIA),EAS - Coal Cutter Operator Underground.pdf (https://v5.airtableusercontent.com/v3/u/48/48/1766800800000/5kPmsq_jWjrkgOTw7BCS7A/9INJnx-J1l1t345M7jxeka9Jhmp_48KGlgVgoHEpfKsPbTTUpDX6c6J986Y7SB0H_XMu7p7nw8Ohl7ldJT2L_pOnj4IiX3PTDCPkkBEuhV6iEmOz6FNeTneVyAmIGMrooS6O0pNze2fz1FFeDQQlvrCg51wx85cOZivS3ZNOei8XdSbntxBGozfKRKaypFsp/V3OOXBwTVuoHBI4oKEctKPJNSY0tWyRcNwZu3XvEotg)"
112810,Coldset Rotary Offset Lithography Assistant Printer,Occupational Certificate,https://allqs.saqa.org.za/showQualification.php?id=112810,NQF Level 3 ,267,PIFSA                   FP&M SETA,
101769,Coldset Rotary Offset Lithography Printing Technician,Occupational Certificate,https://allqs.saqa.org.za/showQualification.php?id=101769,NQF Level 4,547,PIFSA                   FP&M SETA,"Assessment Specifications Document.pdf (https://v5.airtableusercontent.com/v3/u/48/48/1766800800000/MtFltbIqQ0A33Hxg8PYxPQ/IkBxYnWUN2my7ate56U0RGAq1r4whv_43VWsAsCEQIjABESRVUdQ5E9gv7ZLte_v6PJVDCLW09mL24WQoNY8JFZ9ondXfgzEt1JPPCQkGLgiaaaDwGWYG2GZtCAKD9Oxdh_6GYJ4eLQCG_jtgmAghNMbSADa1f360PHOMyX4yso/oEBje_JfkU2SLDMDbidHUz56WQGwbfjg6XBCapDgV4I),Curriculum Document.pdf (https://v5.airtableusercontent.com/v3/u/48/48/1766800800000/L0ve9il8YF_ro_uoEYcD9w/DJ0hZSmObEdUurgjKSaUj3m0hufSkJY4Sx5YbBF37HsxCowMAbR7vXoNtxOVxVW04Vvdae5kBM-tStAVF23ETiLYLTPK1IjDRRljAbJnfDmu2hT7irkNlscPiYQL-4A_8KAYe6Zc128pcBr4x3ee3n2BhPJKI2DEWsjEvgdzslU/kDwuk_wUgpWQuM5L6EI4rXCCCW_qpxViODWTEy4Iu9c)"
112830,Coldset Rotary Offset Lithography Reel-stand Operator,Occupational Certificate,https://allqs.saqa.org.za/showQualification.php?id=112830,NQF Level 2,170,PIFSA                   FP&M SETA,
103274,Collaborative Recycler,Occupational Certificate,https://allqs.saqa.org.za/showQualification.php?id=103274,NQF Level 2,34,PAMSA  FP&M SETA,"Materials Recycler(Paper and Packaging Collector)-External Assessment Specifications Document.pdf (https://v5.airtableusercontent.com/v3/u/48/48/1766800800000/iddn3Kn84qSc1GpH6rKZpg/iltlYGznqNdKaNc0Xq02ZDnbMClG9ink1y_s4nrlAEnmkJ7dpDLFKTZ3xHUG0wbTauerfjUvS_Dw49BLHW4kyeGdM394_trt8K_reihr1ngwX2vWDHEM71eM8EAUXae-d1IpSE4vVUGv7g5IhdB7nC3MCQdzeAjc0pm26SqRFNwZSIJOZduRvase3hctbjUJOp5QLDNZCMp7q2EWO9BEpSEYxd_ge3mLGRwIA44ap8thG41KO7FT6RX_Totw5XoV/Nk3AwBiwv3AUan2GuX5nq5LNOH5DoCHOh5w6ZTNJS_Q),Materials Recycler(Paper and Packaging Collector)-Curriculum Document.pdf (https://v5.airtableusercontent.com/v3/u/48/48/1766800800000/X2e8VyHiO4_PQ0EHmyE-sA/ULucqSnAq04DrVYQuaSsUQCThgCpjlYy3o1AeEsuBAXzeiKl8imhE-uw8V5fv4rupZZmbaw8snuUDqbiugdysuBnmm_xsrdj6UY6TOdgkeP298HwBTlujqjPTn55zZmJmzTBYXKbrBoADpND52yNKteUNdLODJakSr2mT_Ro9AjKj9UkU0SYWQ_u379exj1YOBmEKk3xyHws7Bu5QDujmA/O1jAfjYVv7-y5OEdtEJW78E5E3NQG-DqUGG45max_4I)"
118711,Commercial Ablution Cleaner ,Occupational Certificate,https://allqs.saqa.org.za/showQualification.php?id=118711,NQF Level 1 ,46,SERVICES SETA,"Commercial Cleaner-External Assessment Specifications Document.pdf (https://v5.airtableusercontent.com/v3/u/48/48/1766800800000/2K_ZSICK8rfm7PgTsvecrQ/eCYVhLPgBoHgyXu5Q7YuR-Vf2PS-aDXfuJPbBAVz6zxgD9oA14q7jOb99aZ3TeB-8lkQKPQf48ilkmDrnbkPtn0k5k4G6MXuF5jePT3MO6kyngD-7OtsmDbnkYqf98OQrAq0vkN4rIf2V5EQiKxeTWWCOQjw8y0hSjZ3HSvgBb_vHiULyclQEfpscuPlbzPhR4fL85vnsQBE0bKhYt0Lyg/P7FU4AqijKmJhn0aRjwseIsuyiGtncaUqASlSXTYwBI),Commercial Cleaner-Curriculum Document.pdf (https://v5.airtableusercontent.com/v3/u/48/48/1766800800000/Ydo4qK8fpcSlGaA-0-IuKA/chBu2fke-r_GahDRCzMS5jFKU--NtAUUbF4jT73h4_t0FBLQyNMeVjhoNXsLtg052RXnB-SUJbzOObxJxBVYDJU2QoSBZ-qLOlaZjGCqNG5AWNm_e7H8EouxJFFGXLnaLyv9L4_F7KcGIvHgO7CbdqhZZ5jpbUueZF2qk-dOXvjy9Jh0dQI_Igs7D_iBy-Fr/7nQhC0t9z-lxLLu7NHyovQ_JBQjmZN3nSy8yR9rnPpM),Learnership-OC- Commercial Ablution Cleaner NQF Level 1.pdf (https://v5.airtableusercontent.com/v3/u/48/48/1766800800000/fQBlNnMhSgEi5pU9lyxf0w/VPgELgkSods0U-bv4vOfQx5IeVgva-lj38zrsNz0YCSAygvf1ya_Wd7Hcs6C2d24YQk--vGxny77fvSoTm-2WCufBLKwo3frpGU2f3DcgVoc1WIbmqW8dBHAE9Rgv4G2EYryww7MsChFUboYUI9raNFmgxajg6bzlcR_tAwvcywIaONakhHPhGeuwKmpG-3PsIe6O9iCjvVX57zR1dcp1w/CceALWKgWjiNYaDwoybKHGI3JtA1og36vh7qbQGsSHo)"
118709,Commercial Cleaner,Occupational Certificate,https://allqs.saqa.org.za/showQualification.php?id=118709,NQF Level 1 ,120,SERVICES SETA,"Commercial Cleaner-External Assessment Specifications Document.pdf (https://v5.airtableusercontent.com/v3/u/48/48/1766800800000/oNKFM4UICB65PUz79UuFZw/gLZikFi6lykoNQx0YfcOv9Oi4zG3bGsQQudIdfkXbvwfWVqsNqKbelXLAUEGAywZqATFyRXqMzh62j9f9YFeOtGeePFFz24F-surkk7pKvT1wTfKFAvSIMW2OcphycmhS8qYS3mIheTufZqw8Z8HZ7zeyGBH9TOAz-AVo8lCgmzJfz0oHVSwidGBAcujYM1zIgOE1ZmcB7_UMpYQSIffUw/e3ziTXIE8FPMuAY8gfNoGTYaAgz09e1XfhordiWuM58),Commercial Cleaner-Curriculum Document.pdf (https://v5.airtableusercontent.com/v3/u/48/48/1766800800000/j-71cqbXYa_B71VafILg1Q/N9SK5zWEi6SUzHlEj5oEk56yKYkf1UftADN4h84kdsz8gKP95Ayrn67W6ybm2xyvuv1644GsAONsnQ67gt8jICl1V_GDFkRPDOZeZcf7_yW4cvvd16Y6Hmk4RFwQn3EE2oXEQHuRNLN_HmyriEbqW5vyxqmHpb4bZHZwSAEqqqETbfC0gGMvwLDi36VNWP4h/HuzYnOXG77GFU45KZS7DCGr0GgWe25FQGlOTwGGjkq0),Learnership-OC- Commercial Cleaner NQF Level 1.pdf (https://v5.airtableusercontent.com/v3/u/48/48/1766800800000/z6rXk4YmipuKQp4sFc_3Cw/N4YwIAzkg4LXKrTdPmGeNeON9PZmgE18blJLde2MbEkuuR4f2iSKX3KSp9PJwpTEAPgmSVDsdRlvSQYz3adEvJjBs6z-uaGGiqwtSMv9-nHBo4ccOREteQLVu-1PsGPs6PSwcoVa4g4n3nRzGr5Ix8edVby0Hg8exgVX7dpGgbpB99DDpYgbVMR2BTueJiXB/EOFZ5fGUBI1_VD3mbk8W1SmdLPjISZ7nZKta34-yd1I)"
110371,Commercial Diver,Occupational Certificate,https://allqs.saqa.org.za/showQualification.php?id=110371,NQF Level 4,107,TETA,"Commercial Driver-External Assessment Specification Document.pdf (https://v5.airtableusercontent.com/v3/u/48/48/1766800800000/cl3oxDaFya05tQ_J4J-a4g/GIg6wPHWTWeRLRzOq2A_hS0bUVHdCDEX9Tpq7NBHgC3Lx4qx5BhKF6UV0YHisV7utzTSJiCzdXms0cFuY5Wpuv27Rd0XHXM-GgHEGfJRoWLzSxTxJMaF5rMruG-wFP99CMpKS_SQCoAxhLVd_NywlnK1xY87hJ0jhVWT3DQn6JaB_mXst-QASw79Ymsxhq3TrOXJdCDBxLH1kRf9YmGuIQ/-PwjIyuGPXJEgfkO9GxiIGfKK7wV5ZnwII2OtkIJZRc),Commercial Driver-Curriculum Summary Document.pdf (https://v5.airtableusercontent.com/v3/u/48/48/1766800800000/WpJRsuoBLyQ92Sw3W2FtVg/WxTerKqDtrXCPYDqRgBi4MYA-WVJjbpZvr5gwG854IdgU6MbFfNPZxe69oO0j6sj1RvdgRzo_2GHtR02_dpzpERXak0Kqcwt58DB6vU4NO33rGoUAuA8e6SFKg5SA81bfosuI8tLzwKJ6e9lGb01RzDMB-b8_UGVoFvTC9Kge-_rY5KHR2Uag-RK8xT6C7LE/5AYOtu4Q7wBm12v1OIylQLUtalutivyWqQ7-niitXzk)"
118713,Commercial Floor Cleaner,Occupational Certificate,https://allqs.saqa.org.za/showQualification.php?id=118713,NQF Level 1 ,49,SERVICES SETA,"Commercial Cleaner-External Assessment Specifications Document.pdf (https://v5.airtableusercontent.com/v3/u/48/48/1766800800000/CsJz_Xkz2J8-WPeRqxHv1Q/kXzA3aEH_lOeNuBPndPkWIVvPV4z3QNfClOC7LvecdurRdXdv7bqMCQEk8_8c_m4ip-ndRkxh-Fl-lpLzbKB6Sk6PGT2-XGlzMW_Lc-AK_CgBFTWePEpvZDtR-xcYCVWo4BuYXR2Rv-Adda9MJAWAyHE2UA7tiCzwoims76KamkboPnesCvWCKCMnj1RqSb2sK265eOe6uPxBSy4sOfHnQ/74e1wrO__wG2iNOshoeG1PWkKG2YjlAHc-VRfY5Hzus),Commercial Cleaner-Curriculum Document.pdf (https://v5.airtableusercontent.com/v3/u/48/48/1766800800000/Y-w1SMWq1ddOyCR9C_HbHA/zi9qhrVGaUg7_42yfRGn4hBAaOjMd3DgeDDNC-i_sQTwVJwPTnCT5p-v7i72jf1GciD9tqaspYN4vrFFeOepS65YOB-AKLL60sKrjZCpX8kwEK27txPILc7vbJGD2hvORXwF1QF8QhIPuZAKCstamodUSwIzM_u9GKMSq50ZGDCJteJ-ToK68UKktf8-Bpu1/Bd023zN-3jkPVd81ZngJaA0Cpmn0ljI-1HISB3Q7Asg),Learnership-OC- Commercial Floor Cleaner Level NQF 1.pdf (https://v5.airtableusercontent.com/v3/u/48/48/1766800800000/398wT8GBoU6RUMw8gF2c4A/wVtycm3Ko_KI36EEn_iLyDKPOBZxTTys7k3Ql8bA9VylMf7R0-7soJMNzYdrgYrwjM2P4PKjo7UJP9ArVv0ICKkQRglDSR_VfoUgNMHRfsMYQecClPBXgyQ8RK7SlvuLoFyRShH5DuxNzRXuu0uJn78inuuXEwf33Es5NgJWrNhfihlpAmhzQpU6Gf-bN23M/Zp2Uf8zARP8AIKm1_Kpam5jWCciysfGf3DzOVU3cnPw)"
121707,Commercial Housekeeper,Occupational Certificate,https://regqs.saqa.org.za/viewQualification.php?id=121707,NQF Level 4,186,CATH SETA,"Commercial Housekeeper - External Assessment Specifications.pdf (https://v5.airtableusercontent.com/v3/u/48/48/1766800800000/DI9ywgfW5yVvD1_ilZYk9g/_HkV0E6yE08r_ZKH5zsTA_BV-t5aDtED4BsvtFhP3ql13DaeEzViUCZYsseD-Qpd4sYRNkkhV6Arifw8fhwcpOg8HQ7vU7pjeoBOerUQk_JX70mWvGU8fdWpcnKS0eTFnK7r0Bg4TNoXKOxA29qFSSslG9kZhPcjKHC9Sw9LYMOY8ciQGjDw3CSBwL-Ce0G_Y8srruvXh36bFKfxzEWzFUCSdjA1g_LkJYVcYqUDXyI/VFVAuaPxoDDCILKsYLlmCcC6Lt8GBD4P6i1nrZrVw38),Commercial Housekeeper - Curriculum.pdf (https://v5.airtableusercontent.com/v3/u/48/48/1766800800000/2j6FIyEYUs9PzFsbF1s0OQ/QKkUz1yBhA2QkTjFfJ2XMqRwOjJ7Ei6NgQcOWCoenrSzmnogpdhdQKnskNgfXbFn3ejxrxt9Ay7TnakWmlZ01MXT6NoFf0o_6D9w-7SQtBG7T09ShwOhm48EdCHTD-eb1vXWV47g8UCoJu4P1d59NOw6W2udaxsK52w65yr8N_EARkO7PeljBx8C_okZtxXI/RQBNrFtHL9qvDnZhx3ZaDsCCUOCt7dwy8uIJa1dhvbA)"
118710,Commercial Kitchenette Cleaner,Occupational Certificate,https://allqs.saqa.org.za/showQualification.php?id=118710,NQF Level 1 ,47,SERVICES SETA,"Commercial Cleaner-External Assessment Specifications Document.pdf (https://v5.airtableusercontent.com/v3/u/48/48/1766800800000/OG_BuWvv6MJAnUGilBCuhw/hPgjjT8NA2gTI75iqtFn82gwqjEBN4LVpCEbqRqChjIrhXUGusB38HMKLm7nHOvNnYtjgQSPvy_o5pFqfm5UyY2hj4WJAGaTWY-HnapWwv_TSWl8nSqv-pRSJovJfsG9E-UbIYVO4HM_TpYSDcWnQN1wI17X_0Iu0IBaxOnKM7JC6E_OsJMYpnWJXkb0Mh_S2TNjlB-IeiO_-306GqOpMw/F1hgrQDOzKIhwubJ9i5fVCRGzp461EouIz60ZW48Kqk),Commercial Cleaner-Curriculum Document.pdf (https://v5.airtableusercontent.com/v3/u/48/48/1766800800000/3BoeDq81WfhvLDEdX5k1rQ/mx6UisRIg1CscdjgsTQD-9lMOrWlT9SB7xG7cP0xu3rX7I10YpbJnU5729MFkQrFTet0MfXxPnPW8xj7lbctxKDDV9LlfTdY7mnVFANFrl-2V4Ie_tow1OBply7QX0vyheanvUwbXlZK6rICII_2zIQM_pBVMtbQlVtOEaaQE5Cz7APGn7ZidVnljwYEEal7/3bT9hK4dzVUbrpxtNV8vHn6mVPAInJ82G88iQSsrINA),Learnership-OC- Commercial Kitchenette Cleaner Level 1.pdf (https://v5.airtableusercontent.com/v3/u/48/48/1766800800000/77iTYmw7co_ntkQsdwL7bg/XsCkZd18eqEq6CvgSf9pAWGH8-WLHK4bSVgqlcxZt8Iu_6Lq6wBqDlDKfm3wpDLNoFktxuFPT4kLLRkZxxkpqRtWqOOr7EkUCHvguxg5BHUeHvttrQ4SdC3TcsPp2OO7Kc8i6AUuB7yw4lT_Exlh2UkWwNUJ-gZoVDlBsuG3LNakXYsdxk3OhSf5aZclzEiAWYbVta0Ge6T5oCbtDbt6KQ/NYjC7we7QT1DWxPwTwt0-po1woqoHYAGuEeIsOkcbs4)"
122580,Commercial Natural Gas Practitioner,Occupational Certificate,https://allqs.saqa.org.za/showQualification.php?id=122580,NQF Level 4,133,CHIETA,"EAS - Commercial Natural Gas Practitioner.pdf (https://v5.airtableusercontent.com/v3/u/48/48/1766800800000/ONUv5etq7KH2Tj3TsL-TOw/x0F0SK04trSIQ9HCCL2k9hoKxtAwRItp9nf3Qyy8pe7pXUjFORcu2cOWjyO_5sx-_WCpsT5LO3kc7mz9taatUs_JcF-sRGpGXFkyMO5nZywj6XNhnGYpEl9U9t2pRou25jYebC3TjqnxGlHMcyukB5yIUcjVv4PEDZvkz2D4v5SDYHK-85wWXExzrKbUPxzV/exBGra3aA_CzBr-cj2YAK9P3cFAz3oB5dZ31qjyDyIU),Curriculum - Commercial Natural Gas Practitioner.pdf (https://v5.airtableusercontent.com/v3/u/48/48/1766800800000/5jASZKnJN1RLB3oD0z1LPg/5NJSfsLFW66kBQsaEljfOD1sCHpanXH-RbWH2TnxwRZct_eSjzLy_ixc-Rkmt-Upt4qukkNKI3w24Kp2_-xucSawWseljVan73n9JAbhcnM2KdoY4TIljnIElVkRk_ZH42B7RagYCklR4uyp-WGUIAMY4zezZDKTT4NKYEsLEG8sFE4nFuCODV6GudP7lAABcFCa0Xer8bFBbp9Nl1cgBg/dUl0K4HtR0c7QBeytKNWRiugbuzpTom60eyJJn1uawE)"
119424,Commissioned Police Officer,Occupational Certificate,https://allqs.saqa.org.za/showQualification.php?id=119424,NQF Level 6,150,SASSETA,"Commissioned Police Officer_Assessment Document.pdf (https://v5.airtableusercontent.com/v3/u/48/48/1766800800000/BrBnAVPLvBlO5TtuqskwEw/9VnkcXSt2UonTZgFOxW6j7lxHxpSOaudCCQ1wPiF2vlkQ9J0feLO1roOUmcUYEWIrnOxB_ug9P6RtnzBMw2S4B_EZn_VBvsblLtFSM03ilq0a7L0s9TkLuoVf4xWTH2i9Xltr_VToRr1yTYuHeH7YJJvW7ix52HmNVlaYU8Q00vha6UkbsSqbXnRA6bCyPw_/Ks5lTBTmQYmzJ_1p5ZBJpYuPOt7hseEzYTHRe-n2VlQ),Commissioned Police Officer_Curriculum.pdf (https://v5.airtableusercontent.com/v3/u/48/48/1766800800000/u3O4-_SnCroCbaPJWjikGA/kkI3Bs_S5bmUPVnqz8jPhSsF3Y_wzlWVgE6mpAb_LOHJUinu_CCSQG89MlA7XTfR04qjnO7btw_iOKn6fwiNbJGIsKCZWKkonO5TZTth2rqk-ZbcXH74ahObI1Eoc5lPL0-HWtcFDDKpZfIYI-EiD2e4KJr-_ScSDMWXDGUYa6Lz9G2gf6B7hEQ486X4tlCQ/VShAp1DJ4YEtmJXzMNT6COIcz736nlEc-T17Kgkv-ng)"
101553,Commissioning Editor,Occupational Certificate,https://allqs.saqa.org.za/showQualification.php?id=101553,NQF Level 7,169,FP&M SETA,"Assessment Specifications Document.pdf (https://v5.airtableusercontent.com/v3/u/48/48/1766800800000/lY-TzPx_yIlwjYaie8qLSg/--VdH314QkZ620UoMXvWtmU7oQoC3E3qBCU5ND7BEt8yVPolZW4AfIdYnn7lyS7Otl2A-dz9kQlcXuwQddEMQZeX11IgCVlyKawffm3KHSeedZmhFqdJMA1u_1HVBk_tlq80quMerlcm1IDo7fwjKXhmkuA5wBQyM2ppDdqP_kI/_GgkSJQYiaN9n1yRAQGsgM22AJv8WJiIb293aLf06VI),Curriculum.pdf (https://v5.airtableusercontent.com/v3/u/48/48/1766800800000/Cioa6YzLXsYiAcVEl-sP-Q/A0YjU9GCjp-IRpxjLYxLHsg59joRhuIw1eRuiIcaNh2u7uKRhWTPXpboyk_DstYGgwdY1mhi4YS5vMHPUjKiCkxn9ZQ9cJsoTeAbwZ84vMvuVj4CJIs2UkOIiDz4wJqbmQH0wBKclNuxOBPfi4BkpQ/fzg6YDWkUPqSTAYeSkTAqMyw7rOMp0_wcxPzZ70nMu0)"
121937,Communication Coordinator (Water Liaison Practitioner) ,Specialised Occupational Certificate Diploma,https://allqs.saqa.org.za/showQualification.php?id=121937,NQF Level 8,288,LGSETA,"EAS - Communication Cordinator.pdf (https://v5.airtableusercontent.com/v3/u/48/48/1766800800000/MJCdd_x-UFBx6Aq8HEsPyg/YmNIvbpCR5aU-No0UkwAc1-bV03G2hWR0oqUehwPeU2jvcXQ5eAGqV5Hu_qTk7E_eAtljCFyIp4KsPO_vlbHBQmD0gApGN6jbFnD3FBuUEPkLI2LCSzhkRjpcZ3gC5UOuelNCArjzbRMpBnLHGRUlKCNkYcx51Rqp_vXRPj-sefMjfV74LOwQxEj9uDDzynQ/sA2Gt3OEByiCuoXm9t7LSR-pAZ8PXVLDd7FU4iXcvmY),Curriculum - Communication Coordinator.pdf (https://v5.airtableusercontent.com/v3/u/48/48/1766800800000/tlBl2OlGdlLnR5B88mQKGw/IqJWNXXTpigv3-cceeyiNOr0qUFR5KqVuXSZxgNq5yIyMQMOPfoZFiqSV2NoyGB-0attKva65vLXrGy_6xCM4dvlFKcJcZHdb26ZnoNcfTh8ZgnECG2U0Lw4rM9Hzt8Hgj7EsUvqjrwNQWLEsnfHi5blsMUcXfE8GwPXjcPgOpk5Abg8R-c8-PTrfOcysD9m/LRNRW19LRBzNINkdQ69Ns-T9KtkaGZFzc_wYMrZO37I)"
97691,Community Development Practitioner,Occupational Certificate,https://allqs.saqa.org.za/showQualification.php?id=97691,NQF Level 5,212,ETDP SETA,"External Assessment Specifications.pdf (https://v5.airtableusercontent.com/v3/u/48/48/1766800800000/ZcLlvjU5OqDBICKFvspFPQ/E82GIRjoD5_3ZFNE-LFigPkrT_V6xfydUgayu22tOaxQrrf_sWEnMoViHy8of-lz51efJjZ_2HA9n0RpCXw6M4blWXjthH7049yvxd2bKz-wbZwGti31Nj5yX7VI3BV7XN9y9pKSMAboBcTBEr0wqQ4uJ3j6tBhuByUJbPxaa_Y/C0cP8niQ-9wHvEK7E0ZCBHOJCh1grJOQIhn-TmgSfFA),Curriculum.pdf (https://v5.airtableusercontent.com/v3/u/48/48/1766800800000/k4RnF5JbR2kPtJekL480hQ/2U10xLEw-TyRxoO8aNNKi7ZO99v9FoC4wJqlkMPNwQV-ceT8WObmM6A7UFez4ebVS38wZ-RkkBCKAdH7-Qf6YhOH-2QDd7UkqqXDfcNwY_y5ul9n5Aq_IAogh10iUfzMgLhdATF5KXMF-9TZoCaKSw/9OXeXU67e06fSyrsWIDxE7AZi2mDeoc0o6IQUSyFYYk)"
97708,Community Development Worker,Occupational Certificate,https://allqs.saqa.org.za/showQualification.php?id=97708,NQF Level 4,150,ETDP SETA,"Assessment Specifications.pdf (https://v5.airtableusercontent.com/v3/u/48/48/1766800800000/RE-FyYR9h8XEc2t5BeZ6Og/8KsKWQcWlDgSFo5_uzElQlThJf_9upGptWK2hKriDauDwW3ofPddBclvw1sYqBMOm6yQ4-i4_tbxmCDpdD_-TjNx9hYyx_-hN3A1LDbAgBEFCjYMGMjPnviF3QmmT64Yo_FhatfLDF-WMq0H9djZWae1u01LyLj8SvRWq3pZ7mc/FJgDfMICHyf2wtNJh3AznFODUy3coPZQP6ryjVynrNY),Curriculum.pdf (https://v5.airtableusercontent.com/v3/u/48/48/1766800800000/CMaB3EA7K7RDdTJnvXvjqg/9WebMHahLhmyeXkm065AS_UFlHiWCWaltOQCQKjmtrHbA1oR-F5Jkxab9ln_1CnETfQ5ceCCLR6EZ7Z3OSvoyMAZNmsJFvNYTUdMASdLY6LG5e4FhOAW_BXhVSAGedmOi3rFNHG1D3bhd7F7Od2qmA/Rxd35aCSdAfD-Rmn10A3JHLi_yp1h2HRGDZyC_sblA4)"
104989,Company Secretary,Occupational Certificate,https://allqs.saqa.org.za/showQualification.php?id=104989,NQF Level 8,544,FASSET                 (CSSA),"EAS Document.pdf (https://v5.airtableusercontent.com/v3/u/48/48/1766800800000/5WxHMK16B7gvYt7QduxGEg/qZV_Fe58R2KPiVe_S98fTUW9YjT6H_UzUmlcH_YVzwOPzsWyggvxxSMC4PN-u_0Rytq-caWzwEwVFoeTTpU3fBzRGGbdbsOVUuLyfsd2V7NT8kHctzQwCIx5v9YiVkEF_qCP0_bSRkZZ6GQCzqiw2A/5XMuxaDlyLNBQdOTsJypL9LauDAfgBtiPzwV95EkDEQ),Curriculum Document.pdf (https://v5.airtableusercontent.com/v3/u/48/48/1766800800000/IMfltVjK62cT3oOlIccvXg/MxUA_K-R0Utor19rWBzd2k9CwrAfwAAG_836gqt53lLFJTpjF6eJma3NwUMZscHvf9joMqBiE2aiOtbFnXunXn6VBTW3rvJE5CIX0hmGZkY4Ks_9M0pPObMpDydjyFcyuj1nwz2qW6NlsGRogyjBodDynF4aVNulrgzpzAxtxGA/78602Jxk0wf8tx0zCE92SqJsUyn8-MsMmMikn8ykuc4)"
91671,Compliance Officer,Occupational Certificate,https://allqs.saqa.org.za/showQualification.php?id=91671,NQF Level 6,240,FASSET                    CISA (AQP),"Occupational Curriculum- Compliance Officer.pdf (https://v5.airtableusercontent.com/v3/u/48/48/1766800800000/RmqCV0TNbZd_9rHVwlnnFQ/s7HELvUv5d-VzZwIbzsE9x1y4wR2H_zIgAacQJSUQ_pBQ9LGIPQimuBSBCJckzh0OwwA4Zs41p8VRdIgyckblXBB5iVXTkoDs8uwVQAq1AKEaQU5_xG9alk2Q_29jUuQ58BTRPudlaGbxpgrjSSOPRZuQCMqDpJ78jT26NAgonKAgRltLQJdVQzP6YGUMuij/wu7SAG3-oBIq1sPJWSxMwhukRflpj_Tdj0GI2vQ22iI),Assessment Specification-Compliance Officer.pdf (https://v5.airtableusercontent.com/v3/u/48/48/1766800800000/N0ClUiI9XpBQ_baad0eYUg/KBwQsAZB4u2uR4cG5QOJfJbUf8cqhvpMh_CqnClZeR4Q96_mh6V6BFHMu3oclMEvRTpsbNdL633FYwejYBMEsLdLZMaROWqjHxNdobt0xmtY__9-7OeqijnBUDAsGh1F4HJOkBNrwcSyDASbkXPZzfaKxpwpHFW_or397usOhWJGq-4e7hy_F_h9vxTgPu3Y/GaSpcLMOB750gLJwwMQxkrvufU8WjcbRjaDmnYYQuWw)"
101408,Computer Technician,Occupational Certificate,https://allqs.saqa.org.za/showQualification.php?id=101408,NQF Level 5,282,MICT SETA              (DHET),"Assessment Specifications Document.pdf (https://v5.airtableusercontent.com/v3/u/48/48/1766800800000/4Z7L0I7Jeg-XBCuIQUsKFg/0o0VwhBdryvA-kRCOqvTufHwQVSyg1_fle0kByEy9NJZiorHTsLVDcIZILwc6mv3q6_ZQXeEI1sUdNA-UdK8CBqSF05LHi0f903o3W5XB7UmTpVDWOh0z8qAGwMlyW10qPi6RKE8aytJMTChTUPO89u8O2fzml_kSJR51uqdFbU/VGKtWhgLZAqCkd0ZsyfS5wjuyEDwrcWbzhWpnfOPUBo),Curriculum Document.pdf (https://v5.airtableusercontent.com/v3/u/48/48/1766800800000/8IZu2NV3QMmluU0J-gAtQw/JbqwRhHf7ATaf-JhcwNjefQCUlYgkBnLshwWRNIXgKBSPmDgJTyT6TqCwCKXFlFuif2AnF2WVFTQEVhxWug0YHWnkskDbdwYZfiGHV4vF4AoiXWMsijei5pTM1rOlb8wYUF5hg0oQvTqBrcnOMVnLiUmhE2iD-82Jqmgx98l8Gg/R_gqaEoJgcsIIsYpTI_CORCRDmzjTFoqYcKK7nPfRrA)"
112833,Concrete Tester,Occupational Certificate,https://allqs.saqa.org.za/showQualification.php?id=112833,NQF Level 4,141,CONSTRUCTION SETA,"External Assessment Specifications Document.pdf (https://v5.airtableusercontent.com/v3/u/48/48/1766800800000/yxqOIABj5eCr2Gfp2YGaRg/whVmUZ2M5Sisw8aG1Cr70aZ81TLaRtMe-MFBy9sWhPe9O6Qe8-pYwLUfl8KtN9b9o3PIO4AEN8vxq3EQRyow_EVbWPUQiVGR_ZeewFue2zMTGzaQmoG0Yz-lO5K7aXiuZw2GsLhV7VQ6IBCT7PXIEOc5oyhzfsCNjxA0Jy19AkZQR7zxjqQ3Nya3muhAAdNG/6afzq-SgHM1iRR0PEACk6Un6t46YRiawgor_JuwVFis),Curriculum Document.pdf (https://v5.airtableusercontent.com/v3/u/48/48/1766800800000/q8tY0yoD6_HAg1Jid3R9Rg/ZH8HxKv_RWyN2CL552XMqgMxiRZQD7gRibQXw6a31PloOwLpEusVnY3zNkmDt8BtSm5NCHSTO7V8-H5fYNWhECDeG2bCOdsdX1X9ROH81_f_EsKR4dLufNSHhu5_cxww_WbmuGteJZexLYNGDrrtivrlNyAPYSLgxR8106_FdGc/1MENrZgffBNar2mIo8fcgN2qOFTDMioHAXbkcraOmYU),OC Concrete Tester L4 141.pdf (https://v5.airtableusercontent.com/v3/u/48/48/1766800800000/tOI5catPOodDP-jxFaoWGw/ur49ZLKE5ZiSfGd8ny_yQKEvbR7uvpX2IDNT8WT8I5K2hovV-cYTX3VYK2-Ghz3SDmHYBygo81L77hxa3Mj4LNEfwA8Lz2kO22y-GiQ39XJWe5tF_9Ce1KyLHvUm4R8b7sOMjdb8RaEbRmUM4DZn3hNhizEuxq3y-x9YQsZ7xAs/JWjWG-L_eDwtSYgkPYAHt7bVNFT4ZlsRXFFEBuUAAPM)"
102916,Condensed Liquid Dairy Products Maker,Occupational Certificate,https://allqs.saqa.org.za/showQualification.php?id=102916,NQF Level 4,189,FOODBEV,"Assessment Specifications Document -Condensed Liq Dairy Products Maker.pdf (https://v5.airtableusercontent.com/v3/u/48/48/1766800800000/H8RpG2XNecPFI7_qhQgvow/m-BPdX0V9PuAE1lYVCZ2G39pEBYavCfLp0onSFDYorGR5-MkoRkHuL-DX8H3sXkBOtB0MSYeoh5yN0XBX45JxnhWToVGqr7yGmLfGBspLUce8BTVdNA4T7pu4ut5xAj28NC0_M18H8S00XRKQ8sRNff5BUbx557KfcbWQqYJPOPzATRfjw-EGNTvZu4zQuWO8P5bFXfGRV3IXH0LBvrK8g/ZIgTM3trpEuuhYCa1qrlsa_OLGz-CvOdJJzzo2lXki0),Curriculum Document -Condensed Liq Dairy Products Maker.pdf (https://v5.airtableusercontent.com/v3/u/48/48/1766800800000/fcC9yDTFTcKAILfKF2tq1A/0g1JIgSQAwHdE_UZkOHlAktRHt_Elk3UAbO2enmUqrWaD9G-7RyYXBubq6pvbVnZgO5Kf_DA73_1xCq34AURxLiBEXjxEjd9ruyrn045OJM3SgvaWwwM7-kVimwTNR8wdhc0Yz20mYQXwOJAvvcKtDuAEgmu9gA-AiF_6xOax4a95ILzxTzw1lMroib-g03-xo5yQ1zw8NKIZJgaqXvYeA/IiZbFRCtIgsTd0xktv9anzbiHct4LjOyvYAVYvAWWt0)"
102944,Conference and Events Organiser,Occupational Certificate,https://allqs.saqa.org.za/showQualification.php?id=102944,NQF Level 5,277,CATHSSETA        (DHET),"Conference and Events Organiser-External Assessment Specifications Document.pdf (https://v5.airtableusercontent.com/v3/u/48/48/1766800800000/zdC5pipEFydfjzulI_-6pA/vTBoXw6bDu6KBXHZA6IROFqdOLPJy3JQ3IU8hTzhewgsaWV_D9BglvPvYgcUJqspN6LjdNucx9M2vp5S5YXmX8B1hfxYhVReea25dTNYYeCK0e_6GtSaRH9D3RYm3fUP4U1yZHGPlc2tBqeIm72tH0Le2wVoRb27XmBioSkxYTJjEm25kHIp7IvS78gy33vlSNRdynmrg8OY9bN8NDSA67Awu6ZnjWFBYGNYxmm50eU/FeUMZXnoc8e2cu1YfsyHvElmrcwefSeNTyhPoVBfTV8),Conference and Events Organiser-Curriculum Document.pdf (https://v5.airtableusercontent.com/v3/u/48/48/1766800800000/2SiGUj88qf6TqE26TLzajQ/BuC840al9Ch6WW4fCOISunBeEVSB1fEWao-Qfk_bfJT6b8eidZIu1xtnKfkAnOj1FdH6KMnFTawsZMwscyabw3kP-2nReH3qOIdnpj3M0_YXFnHM8wkdAcWCY_wTv3JOtIWW4cCQlz6CWSHvZYahBPu81cO_8nU6gr5i3xBWTJabHcjQU-oHE_FhIKVQQ0HD/NkA3TN7938SDb6hN3cMEndoOcOowYReCK-yBViIH0G8)"
117005,Construction Plant Operator,Occupational Certificate,https://allqs.saqa.org.za/showQualification.php?id=117005,NQF Level 2,138,CONSTRUCTION SETA,"External Assessment Specifications Document.pdf (https://v5.airtableusercontent.com/v3/u/48/48/1766800800000/vElpAODoyaeSmzNRTaxJIQ/ZF0R1IWZ4j1imkLIwxopWGQJVMr8qRlc-5PVi5DCEd2cfhk4_dyS4TsA2ud4h8hRTUoN8HqqosM57xmFzT1jYL_1S-zzpNbAWMPIHU3cZfNzirs-TeIAp0oIPOxg7OGKkE60xOS8NniL7YhNSsb-avz20iR5zZVmWXd46aS-a7QK92-HqOYrpx4Q_M-9-kCd/3_mNLtLAWDmHw23rRJXKvBRa9MetNknPJOf0MYaFTq4),Curriculum Document.pdf (https://v5.airtableusercontent.com/v3/u/48/48/1766800800000/_aoY2UAzzZE9v-zJrjMzdg/2FlB-opcE-UugrR1ZRl6SFiK_nN9_p7qDLwtTJEhLkF0QsHN0CF1iGu-YwVIcceVLCiIICMwGRt7T5-Ufqj3Gp6KUA1YbSF7W6mIgA3yVeWyz_wnWQGonAncBECLGFsFj3dWKFFD422x3MNfEDEXDr8rtWU0IPZPJvVApgOjNGo/8LQo2yrot6Gmgz6nl3tacIdc8_EXDzBYxmdWlrt1wls)"
99687,Contact Centre Manager,Occupational Certificate,https://allqs.saqa.org.za/showQualification.php?id=99687,NQF Level 5,285,SERVICES SETA,"Contact Centre Management-External Assessment Specifications Document.pdf (https://v5.airtableusercontent.com/v3/u/48/48/1766800800000/uckayxpuLRzOyjpox0SUjQ/JUjY7TFp5oeKYfwIRIWrT-o9bhYXXRTs5Q3l3YGHUPKVjTc75iZJoQvkfCOAmNj-jeRAmHv95alT8jyn-A5pU-CpdBWBkkiDi6nERtkP0tZqEkcDQ7XSf4rTAiD3kA3pssvLXqZHiRvoK94h_80uiRL-q6FVptaBY_4XCYrbQTDTR47dtGWsdcM9Lma6yymIN8P9_5UQY5el9P_sFlEMKA/SgnDBgd13zd5m96QpbE8ih2SQAmgkNgk3MAQyK1NLgY),Contact Centre Manager-Curriculum Document.pdf (https://v5.airtableusercontent.com/v3/u/48/48/1766800800000/FUAq1s3O9-Zz41aa_MoXrQ/_qt6qtbX7j2P62k4o8O6K42bM3FF6cHaGTsymOA82iIQTUH6gnXyUnv1JzmKW0u-T6KVdrldUgPqPM5yQkoS0T14ZxNoNcZrcMVpXjT-moL6-juZkralkxSsoP8P7xvuqd3lIMsRNLGgP18Q1WM1dSA9-SyycmvIkWroqQQdnHuQXP-c57b5JImXQjvK2jX0/_V_-lIMmiRUofJCNCwUKjn_0efjQHWm5uUT67BXCPQI)"
110671,Container Glass Forming Operator,Occupational Certificate,https://allqs.saqa.org.za/showQualification.php?id=110671,NQF Level 2,108,CHIETA,"Assessment Specifications Document.pdf (https://v5.airtableusercontent.com/v3/u/48/48/1766800800000/n8bWfa-1Pi5L3STpsWfrwQ/QaKXEXsqMOFg2-t8v5kTCpwugXEnvoh5gNzJvOTq9OzWQMHAbj_VLc3J2DjR7dfgSxT9JQQQStAEC9QI7uH8g50iIMCJ3dupbHfaxpHQ-XC-GVfHUsVmo4XrRqtvNAp0Yz01lgqd37Z8lwhTp1Pv5Z8Cij7juBwEYfDYWA4u1xY/r6oPdTYoM3iidF6wOD5sVYHiBdf1iDkcpAdOJyseIvI),Curriculum Document.pdf (https://v5.airtableusercontent.com/v3/u/48/48/1766800800000/mA0b0Lsetk--AKJXuxOlDQ/Dvike6313cN00Wuddcz1xGnALfVzGQYY9hhXNAOIGD7R8m1KBvcHA75hl1V2s_FfSdnislh8nxSlGQPTJo1GY-jwfndkFvFhuWKCeWo4Echb8xnqSF6siIJs_xeg1A4xd1i3tvArhud81K8m5vY0hyyzdvUUajnBK19ue9SllU4/owm-tR68bK29xsDAF7rlL4vj-YYtjQBiiy9TW0pPdBo)"
117007,Continuous Bucket Trencher Operator,Occupational Certificate,https://allqs.saqa.org.za/showQualification.php?id=117007,NQF Level 2,43,CONSTRUCTION SETA,"Construction Plant Operator -Curriculum Document Version 1.pdf (https://v5.airtableusercontent.com/v3/u/48/48/1766800800000/wYfaiGwXf7TrdXawsIFqnw/SCXnSVatCKFiW31nE4FIBPmgnwK0rfrNRvSusB7pUZkMewdtArCuDKUc72mhonNjlxV5h2U-GpMv46EvCgBSjNLTgu7BD0jjUjW5PhZ9La4k68Ix3ruNcfbsQgD1Nx8cDEzXZ9MsE47ytytM598UyFRghfPsMpkPPV1UsjL7l05-DySlDT32LWqMfgh2m2NXxRR5cZzD8-jYCvcLMphqmA/YwuTBy9G-hwuIEGWcdt0zrDx-A-til8FPFE7FlIo33A),Construction Plant Operator-External Assessment Specification  Version 3.pdf (https://v5.airtableusercontent.com/v3/u/48/48/1766800800000/fS0laSNUxiWckWIO7vHbXQ/o1bYfu_KyNGiYwPY5NunmDAe07Schj8hDe4vJB_298myGfyKf2cpRiOs124XHwimvr8XQXti-EHukeUfokCT4Ad4fgBsc1lVDfptNZs9MNLNjPaHMa--1ZjEV7nRDQj45wKO-g0gVM4K5w_PJrM21_i-XeLv6pVLCD5-F9Evu9YYNnjRFb3Q6WHB5iTOkMEePpSAMIFIGQZLTa9ivemwUBdCxg5O7nExUOygbdQpuHE/AQbV6uoabZd2vse5Fijnd0QKjBgC34gCRYdHYBICzTY)"
102296,Cook,Occupational Certificate,https://allqs.saqa.org.za/showQualification.php?id=102296,NQF Level 4,184,CATHSSETA,"AssessmentSpecificationsDocument.pdf (https://v5.airtableusercontent.com/v3/u/48/48/1766800800000/ZyV2rSV4VmYQdByVZokzJg/yE3Rjvb8VLQHBmeZD7U6rG6vnNVR0tcGJjkLhARB-lFLSMHozySAP999ucrut4f8lYJdOh_jsMScVF6RoHZR_CE357xo9mig4nJDw1wb66JzbmphpcuxrU3GR2KkWJMlJEgUXxyW02jgZBhNQ7KWYHhAVknxtWN7PrVdk-eAks0/GW62-ID5efKkvbd-quotzbYDaWQOrPegYBjng0oDjb4),CurriculumDocument.pdf (https://v5.airtableusercontent.com/v3/u/48/48/1766800800000/c5bwgTMVAZDkD4HJ9jkVbQ/0I6OXM4mFIlpdKcVQEEmsENqcGaJlP3gdNDH52nFfA0FouHsjwiEKoGRQMGG54BI2qRCYOEvZSyDHimL3UykvyGJUaYoiXzni4PNc--mLWl0pNthJxYM2smj3h1UgSxIo4wmoa2eD3g5qdvEU8ZsYPj6ldxTnNawbnMWmx2nB_E/0biiacNhG3HpfBHlRKOrcy0OGhFaCM00mbFzc0KVUzQ)"
119282,Correctional Services Manager,Occupational Certificate,https://allqs.saqa.org.za/showQualification.php?id=119282,NQF Level 6,289,SASSETA,"Assessment Specifications Document.pdf (https://v5.airtableusercontent.com/v3/u/48/48/1766800800000/ybIfwx2bKL54L6xuAC0E-A/ziuj_Z9mo2MP4CjLNN0D3QLisQ4w6ZmPnClCmmap-1p5npFR0hcq5rACNFPdPkJK2FdLze7AyvJudl3S-DR8p81EwlfZlkNadBtSVwLDI0iReExN5ATJ-s6rx76xpxPQgxB54F0qjqyfP21FE8QyFQDPjJiwKtvAm4dGSL6z19k/GXRRzlcNl-C6eAePZztZdllqBqz0xwjpOWZuSr8FBdI),Curriculum document.pdf (https://v5.airtableusercontent.com/v3/u/48/48/1766800800000/1l45_s43rAk76KP3VP4xZA/zb7ScjYQ1i4G6F4PVL_AnLVdCVU4cZ5DSPasRUmzegOt4t8Pnm6BSZcGF1wlIf4ACKmZcVGWWhZtc5HcYoa9Rm9aA080l-c21FBUfsAH_YkmD79c_haucGUsIQ5y8iN6OR6i-UlYF_cWXBnTrZdnD5FdA0nwzE8h7ICj4YeDDEE/II5XN2RDB2MoLn3uGXdbUgdOg1KHNJNmLVqY0EndbkA)"
119644,Corrugate Board and Container Machine Minder,Occupational Certificate,https://allqs.saqa.org.za/showQualification.php?id=119644,NQF Level 4,364,Printing SA            FP&MSETA,"EAS - Corrugated Board and Container Machine Minder.pdf (https://v5.airtableusercontent.com/v3/u/48/48/1766800800000/1oKbb8pxvmqVjySK3_sAqg/yHBTIOssBbYrYtTrNdFvbuMG-QPdWGJHZkLfgx8S0L2viQO4XhjrM8b-7WINd2i9hnmbfAfabo6gaiiNXWWIbcZv15ncZZ7XI9Y06-2CEhUvVBXLRb10gAXhAC3YDIbqw1RB9p0cPUHiAgRk06aIzFlF0davZ-Ae82Opr8vL5lDJgGO1-rLwgEpOOBuG8sSs3e_QlUVD80whibY793iOGg/adqUDwxHKbtQtbybje_PW42xmHnczOuulXYlLtZ0oTQ),Curriculum - Corrugated Board and Container Machine Minder.pdf (https://v5.airtableusercontent.com/v3/u/48/48/1766800800000/HosPKehVJk8Ci1Yk2xbEeA/oUpQ8ci-r-ufGDSz5aXlFNAQva6xfDT6v1lX5wsJbTJa0v_d77tXDmGcWihX9NfU-NuGeWfSfQ8-QkAU-FgIJWkuRjn8hamSPloh_6VOEAViZHD5oHeYDgxce1SQE1Z_OTSqlDDx_na4TlD71kTGD8CcJlcqVHwVurB34e01HFqaCB3sS8AvkMDZK83lq2get9KL1v8ib_qM1QUn2VyDkw/S6acwYgPvLV9C4fNvAclxmmPiX-rs1IpYC13gfVxerY)"
118098,Corrugated Board Manufacturing Machine Minder,Occupational Certificate,https://allqs.saqa.org.za/showQualification.php?id=118098,NQF Level 4,354,Printing SA            FP&MSETA,"EAS - Corrugated Board and Container Machine Minder.pdf (https://v5.airtableusercontent.com/v3/u/48/48/1766800800000/LQzcDtVIe-8HanjewyZVpQ/xN3RK0qMyf79L9MxROjoLQ0cviQGrhG1WzYudBZgiRr62RIu1wmhZydhnRSAs1p0aKLYNAMgCcfde3sMZ19AMt0MNQRR9uYUwx4iq1zVeVmw0nJFo1V0DrNmwZGcmFAFOR6lQRnsWo-iC1w5yfikknsYBqRqbpQkTZFJDj_1OhSuAZUVWQZ10EQdC8Uim_lk94gOOzybGkmJYIijbUayqw/1TRzpOjMO3-4KtEx-pBA_6Fk3017NT0Q3YgKW0IfjWk),Curriculum - Corrugated Board and Container Machine Minder.pdf (https://v5.airtableusercontent.com/v3/u/48/48/1766800800000/1sOaoyDI6eUoWPN3OUSWeA/PZwKna8upwlEJ69gIvuqlWU4fD-jfL1wUtMxVGRUhHdfNw2QH3GeYKF5IXS4z-GH03RlBXA36JSX4nrTMV8K2kZihe2CHA1cem0mRVhlB3VJb4Hw7VN95GH9PNOhG68IQ4EdT1_xE7PkPeXrWw907i97PwD9iZnXXQWnvDS-F52xPvEMO8-LRJ3BjE7K6jHlwdFHojbb-h06LySU0yOaIg/ILmoYZilSZmeiTMk9tB1W34GhJztDInlBcY9Skx0JhQ)"
118100,Corrugated Board Printing and Finishing Machine Minder,Occupational Certificate,https://allqs.saqa.org.za/showQualification.php?id=118100,NQF Level 4,354,Printing SA            FP&MSETA,
102960,Cottage Cheesemaker,Occupational Certificate,https://allqs.saqa.org.za/showQualification.php?id=102960,NQF Level 4,190,FOODBEV,"Assessment Specifications Document -Cottage Cheesemaker.pdf (https://v5.airtableusercontent.com/v3/u/48/48/1766800800000/VIyWsa0DRt9Mk4BjYTEjFQ/w5zYSPDpTlwROB524EdxMkm-zOc92mZ2CVoVklnpx3PepvEh0DxqO1FQ0zspnTYbpL7MTWKPg-c3HAYU05blvtj9qb0QWNCRiASbTaXjGf-b_5CD9Ty6U1z2NLyMQ1vuYQHJEUK536gjS8FeaO800KvQkRO5COHcbOXdNCyuK6hS6QcR-MKYyQE9lMhnQBDo_NhCzIlyQSuG-qYiRL1heg/4E3OVq3jxYYzm0jJka7yHNlDdb7Jwu6uPw2-W14fzl8),Curriculum Document -Cottage Cheesemaker.pdf (https://v5.airtableusercontent.com/v3/u/48/48/1766800800000/bXy9wZDSPbJaiiHkDRHlLg/TA6ntLPuOwzSqbm7HVwXbk1HjiTALXH4XMesI-e5ni6EXQt08FpkcDSSf3NVg4hevWNDnnsHq-W3L2tmAiwOLmbxd8CjgIHqgr2IWFl06h6uA_8-SsIjL1GiCZTfLy76PL0RkUG22aiyllOcWisBig7HMszDu56wvDEatUJBnpu99pQ1bn8zdqPXOXEW3B-o/_KGBVhU_G6egPcu28qAyHNlyhf8j734JNFIVovbwu60)"
121908,Crafted Furniture Assembler,Intermediate Occupational Certificate,https://allqs.saqa.org.za/showQualification.php?id=121908,NQF Level 3,158,FPM SETA,"EAS - Crafted Furn Assembler.pdf (https://v5.airtableusercontent.com/v3/u/48/48/1766800800000/SCirKbsUD-uYFRAqsmtTtw/KZnKlnFSftSPCGTjngBpeOQm8lclxNjuYnyo-Vgfsf4L_fa7CEubxd0AxSGkEtlHxwsPi8Z0Hobsv9cxedF-zZenzCfSvf7uCgXKrZ-drioH6XuK5rtKKfZdDOqxk_AkbSTirawN2vF0a7DfRqJq-EZBS6GeKRdjVJxvv2sCqBLLlslmn-GtPrwHRBSnGgMc/10xF8_7s8fYGLuv5tt5TCUU6VJFbKNqkWt35CyKFirQ),Curriculum - Crafted Furn Assembler.pdf (https://v5.airtableusercontent.com/v3/u/48/48/1766800800000/VuAbURMe9rHS5nscexbVbg/W79N3jX2UywN2kaKThNLicIL6fBtloElPHElxQQ_U1o-r5whIzY6uK4S4KBS1eZAdyD-EDPMTX95xJreuPTmZwnKpO1nEq3DRCZ_riT2qmizy4LADnej0jBjyEQwvL55_c6u4HHQBlotwBZRvx3Et8qnqXVDPWOsEG_qbo8KyxKm_qvGLIAKN7A6QwKSFl4T/jU4i0imCShNaFL-PXo2hPw5RZ40wUKknMLDvdcDxyAI)"
121890,Crafted Furniture Machinist,Intermediate Occupational Certificate,https://regqs.saqa.org.za/viewQualification.php?id=121890,NQF Level 3 ,135,FP&M SETA,"Crafted Furn Assembler Assess.docx (https://v5.airtableusercontent.com/v3/u/48/48/1766800800000/Eh3BLMHEgp7AmnbDgPbYig/1ohjJYjuRePcWxJthwpW0BY-w7RnE22PVVSA9VQTplEnQPdj29hMCEdlHog2PFa_tcffQTzxpVt9nvcHKH9D0knKOvns_MlWlzZpDN7BbWCbX33cm64Eg5M7Vpa6IDANMEAer0Q07CfniJaEf7dWQG9znOebeSRgMJpNBKkRe4VG84r28GqG3gWBeyGQ2_OW/m-TOMiPirOabxvxjPOnakzIsjKyQ9Ba9l9MTIIxWwS4),Crafted Furn Assembler Curruculum.docx (https://v5.airtableusercontent.com/v3/u/48/48/1766800800000/YrjnFLVEDdavcusYlgmfGw/TqUnEL3MgWknAeRux2UfoSinQQ9_p0kFaZerxenVuyZUGK_eATCXoDWSTn_83nttskE3S9nx1BEv7pAvvnPOFBrHLPvh5EoxyQHxa8FCPvd_QPfuNC9ewo58aJS6wzo73EaRTc5T6CvrWYCjm_khtm1EPj86-JbpR2mZf6wwzzvr9ufaimQczVwWXuqezMhQ/IIK3wXeLePjUGlWf1GwYV7LYbVjWPfXeNTi_EaR0ZNM)"
99689,Crane or Hoist Operator (Onsetter),Occupational Certificate,https://qspe.saqa.org.za/viewQualification.php?id=99689,NQF Level 2,51,MQA,"EAS - Crane or Hoist (Onsetter).pdf (https://v5.airtableusercontent.com/v3/u/48/48/1766800800000/heQmIy-pGDy5_HGp6euqvQ/T0z2VDVK6oOQ94XEloqgMr8Lr1MO_EiUhPyrEMW75qZdPnzAiDoZN3f-J-33qBDYDUUOZPLk7OmR_HJ1aClrOGCRDMCxyBwxWBEa9_PYWsOuu2z2iAAySnsWEjyqsqUAb_QQN0q5tDrV46J6GRikFqIFpCw6RE9flZL9xD6Fe9EivH8MuE1zl2kh6m3fU-jH/7fA-pZgA5fCCxv2BmvgXIWBC5KPYVTNttjxufXW_ji0),Curriculum - Crane or Hoist (Onsetter).pdf (https://v5.airtableusercontent.com/v3/u/48/48/1766800800000/oOxcEamSNHrlbXX5Bhjy-Q/Zq_LqaRuHXwhtMtnCnLuQcbyGQuimqcs9Er3vtFwZDWzeq2yoH_fAngHVgC2NCH14UldkGNnPgQBBuEj_b7_DsAJgMauVfFTiuwDezFdJFdRMyvPnewbrPopR_1gmOmM19uoYP9CGc-N6ewwIhCFJcE-8YTbP2zzf0J9RNVPkqff1xMOd5W9ZayJThLWZh7e/PuZB0wjisUh1F9r9oEn9LcLDBzbtrvezvaRj02diGa8)"
99713,Crane or Hoist Operator (Small Winder Operator),Occupational Certificate,https://qspe.saqa.org.za/viewQualification.php?id=99713,NQF Level 2,41,MQA,"Curriculum - Crane or Hoist (Small Winder Operator).pdf (https://v5.airtableusercontent.com/v3/u/48/48/1766800800000/Wibk64qrJXwb6QyvbJFOGw/RYahEwUk2-CatQuQHG6B1RlZXHdEzxqnV8MqxnIs0FvxB_HmechEtNfM1bxUA5txVSbiUw-C1RY0vA3KiD3d4iPyfq80ce9RfM8pVUmO2CAyhhEULER3ACVm-JEeR1vqpqFKVrVQu-CE1MB_TgMKzCFv-afEyUENeFNK9uXq54vYoSlbPd8JX_5-Q0gpPp9aJIURc1rDtD5W1vdNhjwA_A/ycE5YAMZyr4eeNvPQTMjNOeunLC0zG5mx1Chm-NOjwE),EAS - Crane or Hoist (Small Winder Operator).pdf (https://v5.airtableusercontent.com/v3/u/48/48/1766800800000/E3HL-X3mZ_lZZeHyTlO1WQ/a-n1FQjVlvPG8zYP-I3OqVHE-kRy5HyQLXEdxEM_VHsDu7Mw3k81jhajZUgBeRYsX1J4sdH_FiP9Yda-NsfDglVtdkZFEOH5HN3dOlpcyT-SELOJv0Lzf4zHivSDds7Lvo6rTs1JWY2QFxKae1n5Hth_KWVSHL2whMfGNjHvsQqk7Em0b7o7WY6cDcg9OZ3m/lrH7KVBUMh7emosuj8rBKc6CePj5R0rSENbq134uCsg)"
101676,Credit or Loans Officer,Occupational Certificate,https://allqs.saqa.org.za/showQualification.php?id=101676,NQF Level 4,124,BANKSETA      ,"Credit or Loans Officer-External Assessment Specifications Document .pdf (https://v5.airtableusercontent.com/v3/u/48/48/1766800800000/VW_LuVNlYDP6-MZ7zKSkMA/YDdDa6DcxcOozhB5nMHGEqTcGMhdOdqq6rH2Zr5mcWo8EjJ5DsooMeoBJDOW-IThGt_gWDgfThX_ofp5ps7MNiFE4U4Xd6zaV1X90M25lJef8PH_c-aRe_tz-nMCUbM3q_nRVarWvq9fwDQNHnTtUnPDTZnadW8qb0dMOt19a1IHFSXqYBt6L_iC4M2FqYv2fIcDeYRt0rNsmJ7jGub0OA/bvCrHzA0jvI0cfUmf4uvZ8Vn7TTiUCsg_cTl_HjCqHA),Credit or Loans Officer-Curriculum Document.pdf (https://v5.airtableusercontent.com/v3/u/48/48/1766800800000/YlbxlOgvEvhBr1TmbJqw8A/_qaNDMbplzVc0wc8PiIjhXjkMxGXJ2rxCyw7B5RPZGVc40FxkBp4XTeDSk7zWbEHp6UGsVCNK5watFNUi9PUpw4Vx6pKpiQ9qpDBkNZLi8Bp3wjqq4sR1Eebo52zQQuOKmbsxWPQO8jMCuVMkmnLGWlCZ2UzBAVnDTaHv01qWUw0LA4h6InOIuDDQ-vni77D/6SQ9hEzpFjCMumWQmShI5aCjgfJW13Rn7pO1PZaYAOw)"
103183,Creeling and Warping Machine Operator,Occupational Certificate,https://allqs.saqa.org.za/showQualification.php?id=103183,NQF Level 2,150,FP&M SETA,"Creeling and Warping Machine Operator-External Assessment Specifications Document.pdf (https://v5.airtableusercontent.com/v3/u/48/48/1766800800000/QyBHwGrvKzDS4yr-K8bmuw/TyW62hmo6dZQiw8mbFBiGqs-rzLzh25D87Ntw1qEV32GpnJ2e2F2SdlXPwrUMIU0W-VTW1mRB28ntH_yy-n5179k_lOMKeksSukxdNpdRQ61UsssKv7ExOq987NS0YGaMmGGgdSkOTWQvM1Z6IVAc9vMgkR8joW_AjaiLUIYu3hOl5Bji_vQXZXWH-rWyNejMC7XP5z8yMtNZViCNJY1uq9YmNQaoxQFAqMOZ6W8i-g/Pv_05Z9_uNZNFNZzFVrF8EJ23i2TmUgIJl4mwgNiUQM),Creeling and Warping Machine Operator-Curriculum Document.pdf (https://v5.airtableusercontent.com/v3/u/48/48/1766800800000/_oVldyrPV7wcYh8--Pw8WA/StyiXMsIUBTpaGUBMQ_ja0lyErQLahJh62fDBU8kFaC-kI4Up_1LRcbsADV8J_BuNGYkpx3mdAB66l7boDwSQ3jrpukdpV44NiR2cS1ovtLM3DZRhV6KiuRLNmvz5zeU4_pnXSuXT5d_Y_8txAsTxAAJgppV_BTcejEF7uJYknZDlzQLbvMq-rpoo_yM75sGbaMRLgd62NNBF_cg74ElTw/CMSrxmukwup9mAx-wNtkFZlfFP67nPF6FHYjmapYbnA)"
99256,Crop Produce Analyst,Occupational Certificate,https://allqs.saqa.org.za/showQualification.php?id=99256,NQF Level 5,265,AGRISETA,"Crop Produce Analyst-External Assessment Specifications Document.pdf (https://v5.airtableusercontent.com/v3/u/48/48/1766800800000/lbZsKuFsT8XYcLMjMF8FDQ/OUBEuuP5Gq-dOntmOWeBIuqPmcQKVo2aRn8IcVi4iSDImjD-57-TtSOf08Bsyavrt-l2M6BVxMtkwNvQk0B40UaE9wehuKRHEO6udZI8rTSrCdbNtGqtIbOxRRURBGToeInCXpQNhmLNctK_MBR_SjHr6P4e-ZqAWweldXf6ZAr4o5sgskl5KRKmybiFZnmKLqINcyxlnmFlz2JMRjbW8g/lY6r-aGbdtB9__YqoxiN73UWBb3U6mdBAc2AXU8AajY),Crop Produce Analyst-Curriculum Document.pdf (https://v5.airtableusercontent.com/v3/u/48/48/1766800800000/WnScoKuFR1RimA-NBHdYSQ/kPqg5rhB63J3DKCkgbgy_dziHcSoPBRhwM87WcWLno7prUHJAewZZlQxsQJEtp099o55XWAE94pT66yP9sPteXNOFHV5-RziYxfB-MpezVciY7RUQ8zbTWS2VRxYtgiMjduUiPgCQ2PO2oecFehcBSrA50fjIRSiebluAms2xBqrqaEFTImbHe72mrHNZbQa/p3HtZ3Ps67OS1cChUD1Sqi6RY57PJH6IBhcrDkXc4m4)"
118866,Crystal Healing Practitioner ,Occupational Certificate,https://allqs.saqa.org.za/showQualification.php?id=118866,NQF Level 5,64,HWSETA,"Crystal Healing Practitioner- Assessment Specifications Document.pdf (https://v5.airtableusercontent.com/v3/u/48/48/1766800800000/Bgr9g7MCDWe8dGnBvLS0KQ/UNitHRqWlR5zhvljHC0CFOrdMzcTQpWpdw_bw2AEijxAgqNjn_Io3hrSwULu_ASnlsKAaCoHvADjWeeVea3-SIHZja-ORl7PGtLEz2J_Mz4TOMYQuw1L-OTs23r0sw9l2u5_Z_UOvRJ2gnYHNVqEx_qso4VpeZSP5jioHv02fLvivIC7-841VCR1VxcOXtyISK1S09w0QOtfhKSMCQ2Kgw/7Ehq-PNwJ-uaxW59yu0kyGuqegWiDGg2-mBXYdZuWdM),Curriculum Document- Access the bars practitioner-Crystal Healing Practitioner.pdf (https://v5.airtableusercontent.com/v3/u/48/48/1766800800000/8USKYRuz9vJuvmxpK0tyGg/QyH-GSfZTT5Zp_5SW_Cfte3Nf-duDazz0VmTBnqVHkrLZtaPRcW_x6Y5wf8I1piPbPbBz4egiOtIOrqG5q7zSMzSc2W73ClSZZTIOsmDrkJub8wRTOEGyR9hbFrJ36GRz9m_M38ggenq86DeHIws8AdMyVAoqT7HsYhrZCvgNboVMBoXDBAi4dLAeZOYHPiJ8AmQ73t2h1qCf849zKV-cEN0a-AJB5Xryv4myqd3TpY/9-EqgHLbOdPta-F21NRndz83SU2Rq3c_r7muZKGDKNI)"
102499,Customs Compliance Manager,Occupational Certificate,https://allqs.saqa.org.za/showQualification.php?id=102499,NQF Level 7,250,TETA,"Assessment Specification Document.pdf (https://v5.airtableusercontent.com/v3/u/48/48/1766800800000/YC78mviA4snpWWizVvI99w/jkZZGGuKpfbEsLoxJkS56XSEyVsudl6uBCgUKpzI3kiOfJfjSUuaNuzG5RXUjdm66_BbO73cM1-x8_HiI2gdV1NWwF6bLos9AFCdVBLhK_qfzzODHRaR3zUlehQ5XOJdwCzfyH6G1wgvuhHd88Ttg60VGk0TczeaXn0Tjdj6bz4/hEpoNkK_dj8vnAVNY5Gl3yrvfTFlZJcKUuHgmmsdHNQ),Curriculum Summary Document.pdf (https://v5.airtableusercontent.com/v3/u/48/48/1766800800000/tS8L3KIwQjM7tF2_88y6Cg/cr0mrhVjGdEVMAR6spn9OP6FpCj-FNAEyJ6n3nkGHdmA0d2YgPcof_9HG8z0Org4zH5T55fpFdZC0-m9XMXqXX61_RyTZNB-pfCKV8VNYVnYr1M6nMefg4inJqKmnZ5-QXLYC3KbfjYUt4qZXMrcRERgkmrTuFmS9rc31U6IIHQ/j3S1Zyy7BNLY14tnffd6BMaGK8DnhBLvoteUcNV8vgQ)"
123404,Customs Compliance Specialist,Advanced Occupational Diploma,https://regqs.saqa.org.za/viewQualification.php?id=123404,NQF Level 7,217,TETA,"QAS - Customs Compliance Specialist.pdf (https://v5.airtableusercontent.com/v3/u/48/48/1766800800000/61H1pL-tp4_CQzciaGFpsQ/wRygCt2VDyiJU8yaqCWDpc-eqUJSz4Kaj-ADtMZTTnq2F0MB1BRD0C8mDGIOOzLuMCB4qQxUIxPZbh-XNVJ_NJJwXTANaYzRvfel8e_1dycgcj67_8DnxZkHA5B6_N6hNrC7hc0ceFcqH809bteRfSEysKzk_huG2_RQ4Gb3FQJV7wqTTSi637iXsOXhBbbD/7hk4PWUHclWqUFI13TTId5NbIj1Wca36K7jiuDf6y-8),Curriculum - Customs Compliance Specialist.pdf (https://v5.airtableusercontent.com/v3/u/48/48/1766800800000/KaoFld8hdNLzNgyeGQeRHQ/P45MSKv1gEUyYqmdB12wPsiN3XJyDaHdIhM9SZCz1ELBesJMXXLQlpNLsKYDvM28_AfD0Qt6AJW8QuRhHCYDU6TuszTpAr_C63Xua51nROow5SCgZ3a7_tTN3vItYzLHdrEpkrF7GbuWmtgaHtbWwIVMRid9zBKNYiJX1iyS-xEa0E0ZjymWFhVZAPDYHJjzaoINSvHwqgntILByao82dQ/T2nIPm5sol2LbwGeEoyAt82av1dg2_TsAAlqQdyq_To)"
118101,Cutting Machine Maintenance Assistant,Occupational Certificate,https://allqs.saqa.org.za/showQualification.php?id=118101,NQF Level 3 ,60,FP&M SETA,"External Assessment Specification Document.pdf (https://v5.airtableusercontent.com/v3/u/48/48/1766800800000/fTXWGqnxeOmc9eIpQO__bw/hZgB97qDaa7UJV6xY8jrm71tPOeGJO3ovitDWCg7BUr7xqzH8ZbYzpaQ4NaUqfRtacr_Du5C9Zm6aKnUCCB0RaDrrt-PrdAZxw2zyy3_CJlrAUSN6N3JTlzcDgqAC-xY5qa3yFw_h2JijBg8zs8KBRsT9gfLmZ84hy2EJB-sOMZZFKbOMmRu37Cr0-QHpDbH/79UvAz1ngG_px0NgyQX5bnGxrXKZxAiQvz9_ZupG7iU),Curriculum  Document.pdf (https://v5.airtableusercontent.com/v3/u/48/48/1766800800000/2xa7kXP9JY63yQ3nodjZKg/9htcvAmcdvQQNzTYYIqxsNUsN1kqFpnIYFWsTt1ZDm7LaLMyE-_4H-1WEME8Hd3rK54G_qXyBjTEZj-rkPyAiPaJcVtiANwjQXyOZGwp21KPLE287aVR1Tm9EerxUay3WxDaTAbD2m2aFxjtNxwRfAjoaw24pBrFNSl4trAJ93w/ej7oo95BGb2BeGj2xM3oqwRg7Gdv9wNtxApE20UbexA)"
118986,Cybersecurity Analyst,Occupational Certificate,https://allqs.saqa.org.za/showQualification.php?id=118986,NQF Level 5,173,MICT SETA              (DHET),"Cyber Security Analyst -External Assessment Specification EAS Document .pdf (https://v5.airtableusercontent.com/v3/u/48/48/1766800800000/B4SqBxCRkWaYksduyBsFFA/IMu1l2Id6NPwa48jLzf1xgVRMqDWFe-diCbG_5dOFkrgd01bM733qY8WEWE2y4hhvhAfRRtclAXAMHTFw4LMcyhc-dbkRv0KYmtPBjusaSdVu072bIGZ5tHjrfcojeeaI_DxkyweWNsVJtpgF2amOPr9KpqeoVgTM-1t8K5ekK5B-PXurxjribEKOf32EK2TZ1840V6Y63vxb9lioRz-ng/L6voEk8fId8txdAvFlkpN1CgUd_6DqwbtEHO-PmQ9iw),Cyber Security Analyst -Curriculum Document .pdf (https://v5.airtableusercontent.com/v3/u/48/48/1766800800000/132jegpX0fZoJU0tG5gX1A/JKJHc5JlWSAPNiFd8STwWUFPiVqY28YUCJ8kEAPUoHeDrKNkTk91jnxamz1co-1z8VS6FBvd2QoCEg3qBXnlIMhWUQti7RdwjPQKN6A89fKEWMwsonPRNj5m5Q-Fvw7oIPeZnyrGlwj3HNyvFTmRVFcs-T4s1_GLGfy1__SnYk12ekSsoZudKFexI3gQjAZe/OLWt7CFitEbuNXTt0HSRPm7BeL0yGFMoCcSCCJZjWpE)"
122068,Cybersecurity Practitioner,Advance Occupational Certificate,https://allqs.saqa.org.za/showQualification.php?id=122068,NQF Level 6,120,BANKSETA,"Assessment Specification - CYBERSECURITY PRACTITIONER  15 July 2022.pdf (https://v5.airtableusercontent.com/v3/u/48/48/1766800800000/gg4KPjPrsTjKuZ-7gtK7_Q/7Ez42ghXXnuUtNGO82wefnM5OndekqefQ1DTgFyeLCDlH4w0-VM3ldPkTlB8BmM-9rSIo_lZ9VTf9yoELLELKQcBRlMhYV3ansWVhZJegaUf5mgS_HbZ51NNt-_UfUAvp4kwEj306g9P0fDQCPfaOoGfH1q07SjJ-9DbZWxFruRpIZO6md6GXpIwNtpvPup4s6s_LTTLUpomTqQgjzFrTGtE0wpeoK00MUGfq9tzPVM/8E7EZwdVkvsHhcCX8OfDZjmwdZFf9nGOsjmP-4PX2FA),Curriculum - Cybersecurity Practitioner - 15 July 2022.pdf (https://v5.airtableusercontent.com/v3/u/48/48/1766800800000/n-0ChYvMRE39_oPA1d9JwA/T8LTHoxniUAwjPkogsV4KXPVTRkpQbHIPHjXK_2tZDkAUJo4XkRJrNqVcnooSbzvMxQUjrOTk3W8YrerceoVigjTl2ZezEolVbnbFY2yEKpbyTVGTKXgOYw6dO5bxHXABYWBnt_jV-ufkDyMH_nbf8EjvpRSSqXowBE_5dku5hLaCdIOf3_s8ORSzjuNKvjl4n3xsiE1p8X7quDddxJe_g/dqh0HflFW7Nr0uCVHFHhm2u69LNOEIvQ6k3zsCbrrEk)"
105011,Dairy Farm Supervisor,Occupational Certificate,https://allqs.saqa.org.za/showQualification.php?id=105011,NQF Level 3 ,266,AGRISETA,"Dairy Farm Supervisor- External Assessment Specifications Document.pdf (https://v5.airtableusercontent.com/v3/u/48/48/1766800800000/l5zhwH0yltHuoc8u_S0bRA/H1zA0ojbsTi7l7lS7Dhiq6cQCeuTqriaDi6Xyp7v_5iNhsGfVN5HnI_OA0fPOTeApPG-y42U8krCZed2Ym0GeccJANEP_qr92JNFBi1fNnQ5ii5MoaebkHCPFjoFqdwFNbeQprBWB1YJbR8fXIx7t_iRvU-DSh8KICVKiDLLGZWh69lYV6wh6Y4IMLPGj9IXNyc0-NKrMzzU8fqrYpD7qQ/5q9NoZlTq0CalXfelgTvftxP8CS_dPyRlsVFxi4BmOA),Dairy Farm Supervisor-Curriculum Document.pdf (https://v5.airtableusercontent.com/v3/u/48/48/1766800800000/dXMfqX1sMQLTV88sOYHMTw/KrSUZnE7N1bQawWStWqiVY5jw3fkAWtybdjtOojzybmn1xJQaee6-Na_a0cl17Prg9CbXOi5yo36B5gGJm5XWCZR93rSc-ovDzPqllFByWAVHrhJix6QqlOzyAj9bTgqwXBIjkYZpmOkBFP-4zVMXG_dmGHLILlU422t9K0cPEEvfgpcwp_zllzYpnx4kD10/jdcbaBdyLz1-kL7zPZ5b0jmr1mJcnYGgYet65sJ51uA),OC- Dairy Farm Supervisor.pdf (https://v5.airtableusercontent.com/v3/u/48/48/1766800800000/8G34ch3ZrXl1sl4Qx7Oe4w/qqesurhZ45bDcq7JIp2Lb0ahxOoXj5i2cP4LG6BYGpLSDg2xwGGbZ07aw0NlrHqgXUUYoj0v7jlCv2jhXQK8UW4okgJHv97WR3uHe7B_jjLoowgLVymejxScJfmuaQPdLCKPBL3xVXxRx17g3L_WbGEHJyP42sHYOVvYaCkuWBQ/jCKgHf_WilTvkiVv2GBdIGddfG2LO7Qtdm1KPPK7NqI)"
101570,Dairy Unit Manager,Occupational Certificate,https://allqs.saqa.org.za/showQualification.php?id=101570,NQF Level 5,410,AGRISETA,"Assessment Specifications Document.pdf (https://v5.airtableusercontent.com/v3/u/48/48/1766800800000/m_35nFJhR2xuYKKmBS9eAw/qg4qHc1iSFEDllWONTdUrrY0bl0v4yfsZqcmClaA19kmecQhT5Kbr67zlFhitJIQXTsSky4tOQ8OTv7lyE3IfNautXCtTJtCYwU061_-I4mB_RnxpPp-EXL9vT_MkYkd5nVrrdcKrvKsSUQmWeYoB-iiwdzb9o0n9tDeFlL9q30/NIvoOf_8ovrKADhow1F7M2QAs8ohYbPyfLK2aruP_qc),Curriculum Document.pdf (https://v5.airtableusercontent.com/v3/u/48/48/1766800800000/Ic105ehLcQSZPduBUdH7yw/pkYC5ycDQkPOtU8hJVGj9YsN2Vn0IKsgQBeM_Mp437ZQO_xEkQS-jJuKusE2UTgzXbfBV-Wvf8Nfrl_ORnYRqlM96eGN9RdMY7cc1ARWz2jcay9c3V-gxwmE2lHl1V2Ry72mtJbOyCJ_t6RZt-oAGN_0pAuhlXVAYIC5lipjrXQ/dZLGx2YG-Tcligfh9ksunLIKqQQ8pFVORKMFlO45rDY),OC- Dairy Unit Manager.pdf (https://v5.airtableusercontent.com/v3/u/48/48/1766800800000/gdCua6w0EkWCoDQh7nI6ag/r5sfhCH_P2kuVqBi2gcic4fNg_9hi9UkHQZaPJ6FJA1VKq2mt3RFAMSjVeN1ctiwH7-sxbJSu4VrULreX4bCbVN-tyOkw-cLkhUxxDzyl8bH5wSoZLBuVG_M0Q3651AfZyWyiW3XySfDeYXAQb4jwtWAyLVGOX-qMDxDT1zBCGE/qxr_hAYLjNa4cT4xyAZhsi2fnMTTzwUMaB-uP05R-6w)"
119562,Data and Telecommunications Cabler,Occupational Certificate,https://allqs.saqa.org.za/showQualification.php?id=119562,NQF Level 3 ,575,NAMB,"Assesment Specification Document.pdf (https://v5.airtableusercontent.com/v3/u/48/48/1766800800000/wWRZKOFD4DWBD_kDMqhAIg/d_92I9hYmtDl25uRfY-dXsNXFyAxOZLz7keKm2rv1BJ2tACORz4cA6SPMvpPdx8KWljEzD1AOFXGB8TZg1dCPi4reswayiHhgCshxpq2Qa3_RKBhu9QKiewAtb7rQQZ8mdPscenTPrLBYt8aAh4GHaMDNICz91Q678GKFxgEQoQ/p1oOSAj_Cuxm71A5xVdSYAUNnKL1h9OS0OE4LIogbL8),Curriculum-Document.pdf (https://v5.airtableusercontent.com/v3/u/48/48/1766800800000/LD_mLMvVDN5bvrbIELEQbw/kL4rfKiLMb4FvDxrrxAyI2a2qNR3QuB76cPKoe1PGwua0BX1ZWXO3_vOSFskaTyNt_vLvZU0CZP-n0ymDAdyZg4Wr2wKEHcZ6PlhztOeCayyrgdCfmrpNi1Syf3VA5GTZ4RZLGYQjYCMvY4eX2AEI0EDtMPKE8_uf6RyHowAFTU/RcyG68iwpeA0W46YnyltpFCUVUVoMHcbR3TizjXequ8)"
118708,Data Science Practitioner,Occupational Certificate,https://allqs.saqa.org.za/showQualification.php?id=118708,NQF Level 5,185, MICT SETA,"Data Science Practitioner-External Assessment Specification EAS Document .pdf (https://v5.airtableusercontent.com/v3/u/48/48/1766800800000/Ze3fOSPkSv3mpF8JuM6OnQ/IV3VuUiqPTH0w34dnHS0C4V-TS36XI8MNwSuSibzLlR9qqyynIOBd2I1s8Tue8_F46DBLkqtMtU2tosGada7ZAG1YpSKNEOqAITeVRIZ4RPXLUe5B5h4345bDrsLmeVjY2-_7GWywvCnabtMbkqqIFvRcquRnddRjZGiOCxPjBSdlGZrRYz641tpUX4ddzdHcnGKwRJFAEY3WBhnw57vyT14dgxigHpnMWSgibNSEOQ/Nuptsh5FNLwvMYlFXBjiy9GV_4Pvr--RSSk0E7k6cKo),Data Science Practitioner-Curriculum Document .pdf (https://v5.airtableusercontent.com/v3/u/48/48/1766800800000/FbmjS98ezZ387h1JZnMziQ/DXEJTVhBzodHBW96obvOWqaoinwlgMe_8w7mzhYhRQfi6oPpY1TDMNK2t0IFBO7K64FzOzFvGX5SgJESDmuIefjNJKEJ954ZU3EHqxRRqhpFvY7Ae1HPJf9sSNyWi1Q0_Gw8gOzERrAgfp94qC_5gr2qXj6Soj4rm6cFA0ZvcXYnTKV9I6KxCyPnpr6FyLih/1MetszrasUIdKJOmFg8ArVFvA7k0heDuBW5aBgBSaeQ),Learnership-OC- Data Science Practitioner NQF Level 5.pdf (https://v5.airtableusercontent.com/v3/u/48/48/1766800800000/zcLVQEpd_QKXqnRwlWopYg/u5x57Ep8s7MTR6it7E8fOarv-agN5zcb0gHbc_Gi9M7nDBB5OZmpN0_9Vretvx6YrqK93QYRMbxE9QsWq6ze1j8I4rMdgEUrhyTSxwO8iQKaioMI84s2oQ5heUFnZR4wNRSg65cf64ZAcMBVvmr5WnO5Fkssj4wd2a-IZawWOMjxGjTBvUbxM5-_2BPUJWwU/pqYwOrNH5TXrs1796qr1cyJwSDjmHWT8gfggOJ3cyEg)"
122661,Database Administrator,Higher Occupational Certificate,https://allqs.saqa.org.za/showQualification.php?id=122661,NQF Level 5,120,MICT SETA,
122682,Debt Collection Supervisor,Higher Occupational Certificate,https://allqs.saqa.org.za/showQualification.php?id=122682,NQF Level 5,129,FASSET,"QAS - Debt Collecion Supervisor.pdf (https://v5.airtableusercontent.com/v3/u/48/48/1766800800000/QDusadBGc8b_1MWLGS-QTw/7zNu1MaAN7lGS-qmK1IZyeDe7coFKv7VwNx5jzp3a4LxmEUAHnEBoshhinwWOihlSaDbgrf87UkpY6p_JmeWz7hKzNhrO9LO46Jzrj9iqCXI5soTbLuD4fDn-6vzQdvk3rm9wn32RcJDEKxd30FCIgKkTSBAH4XQNU4N2Yf_uK-isa6Tzfx0HzJsRzWTWt8s/vNVWzUd3E8nN9R3YbsaPxbVbonCvZ6Q3XsXwMw81wTY),Curriculum - Debt Collection Supervisor.pdf (https://v5.airtableusercontent.com/v3/u/48/48/1766800800000/eXV85bGHAItajFsMVnI0nQ/5sjIXrIfVo_lH1zPf1OByIzEl3Eb_MZCSWqDyCehbLjNvq8yNfkCTgatsbIbpFQk85wV2Ovwa-5P8wqc1dlUi7BWy410kPMHPUe3YmcpuGbr5A-nnBomBks0NGRdd-yZbcDSVhlZcK_CQTzdbyL1M4TeShLT38Ud6FjmmX1_l8LPQbIA2pkgKp26F2QP1FCB/Otke7Eh6wSX3fgIBTGWfXrjRZ_NIXHS0NvDhvngpyBE)"
93792,Deck Hand (Able Seaman),Occupational Certificate,https://allqs.saqa.org.za/showQualification.php?id=93792,NQF Level 3 ,123,TETA                          SAMSA (AQP),"Deck Hand (Able Seaman)-External Assessment Specification.pdf (https://v5.airtableusercontent.com/v3/u/48/48/1766800800000/Ym5Pcd-PNP2mAfUX9xnGug/De75vWqiKbk017O9vM5vqLTH6PpKBEYVW79L9olJ2vgPzw-7HmAvYYQYkvQRvKydBc69LJ-JW2CNy5iXxx1PC8Mhg6SF4wWv9mtSNlAOeAsPIbLuHlgC4V9B2SPPSvkmrKVL9GVUuuuTBD4Aw_u7RRlK3vnOvI5smLRNbjcQoDPSXDlWb4WB5BZSfLh8vMDIwLq_3HZ59r4ZwJC_SH9OfA/Vj_P653nfvpF3mYjHRo-G0aicRlE95A1bid8Mum73y8),Deck Hand (Able Seaman)-Curriculum Document.pdf (https://v5.airtableusercontent.com/v3/u/48/48/1766800800000/y3QP40EhDXoN8t_CLQ8oCA/jd9jfYZFe3NMi71koeYmlljpOTVUx8c5x9GoaDq5arl0devOovKzJwS7nBFrPVqV9i6_Qi_h8vi5PoQZisFYqQH8jpIWqvDG2WthsQQlcxSdA5XlFtqdTOsmajXafKy_9jLsZDvgEafRbvQvDC0CBu1Y6sFGV82YnJi8KQtWCtbV4Ep-2FEPTiTkdL2edED-/HfdSwucVTY1x2AqW3sSVx7g0l1MR_IhC0DG5xbf7vH0)"
118788,Design Thinking Innovation Lead,Occupational Certificate,https://allqs.saqa.org.za/showQualification.php?id=118788,NQF Level 4,160,MICT SETA ,"EAS - Design Thinking.pdf (https://v5.airtableusercontent.com/v3/u/48/48/1766800800000/U2h7xC-iqpTTUnQcXHOqzw/rGLasDDwNtgj4gknk3OA-P6oOGj4B6WiLwSDri6g8brRQy3rVwd_bv5XvoNABtH8fN25Vwzt6OzCbCJpiZpb8rj7deUQW4vWndJxmAcl0FhEuZVas1uAPvKAoojcBumtQCbca_94JGLgFbvqPXDOPbMB4hUoPq-580PSJ5-Tcbo/cCN0QTPEeQlLMx0TMlW04K2Q3yJXZ4n_IypiRrdPApI),Curriculum - Design Thinking.pdf (https://v5.airtableusercontent.com/v3/u/48/48/1766800800000/Ew0L2x9Dhp_PwV1WUC3GSw/9E3EhrhAiJX-Ap2cmiu4fSMW9gq0jjZc0Uc86yORXMfFnqTh03hrNFBN1Z9Ra17P0n7BblSNhosaVPY51knmPCh5JVA8p4DBTAx81TU-HIxzk-sW06C2eliNK_D-JXpVhF0uiieIVKHnlOuYHXNAJMDXISUiqZTSPQC6ecjxfKdUJzQ8En8gE5j5SjWL9PSl/ULHGOp8fJIF_FZ900NmC4G4fLc6beOZepYija5KZObg)"
118705,Design Thinking Practitioner,Occupational Certificate,https://allqs.saqa.org.za/showQualification.php?id=118705,NQF Level 4 ,100,MICT SETA,"Design Thinking-External Assessment Specification EAS Document .pdf (https://v5.airtableusercontent.com/v3/u/48/48/1766800800000/BtCiQMZbC6g558dnptoP7A/7av1LE14hXHMyG4uB6VTC19jUlwpL7p41LyD2hAW32ZR48JAtfwgXCeedxkvpkHZQTsB7ZDrLqQxMpJo86HqfyZl0RzTkky8ycbZGy1es_tYcgqg04rXR5Yn9JrMsdN0aHsUfk0suSBK-SiVo0pE9QdnRRmS7Qc-kpkFnx6NOjL1Oh04tUvSSGhY5rbuKYkFxbIIIdXTvRANuPpTYyFq4A/oU6SGPR53tbVWcL6uS8emp3qjbQDR79eh97pNLsoNZM),Design Thinking-Curriculum Document .pdf (https://v5.airtableusercontent.com/v3/u/48/48/1766800800000/7-K0x8LBUlx9eB_Q-9EZ-w/OmSUH0k-2z4kYugd1UOChlL-NC2o7Z14eF3_U4AINYo6SalDjPVmctNNi4s1KGSSSVXf1PsbYVEVob8j-B21wAVKgW4rG7XL12q-Rg2N3XkMJoCopuJ9ThUjIgFmK-2tlAMwCBN4YeskNEwt-Y8Ngp9kzEEaW7BcSNggfsiLCnRwx-DUqh2DXHGFDwnFFC4a/OhRdHMXxmtqWjuMZA74DBjTXkiW_tUOTdmo3bRBknR4),Learnership-OC- Design Thinking Practitioner NQF Level 4.pdf (https://v5.airtableusercontent.com/v3/u/48/48/1766800800000/cZOVUgOm2LaiCFVVW5jHXw/w4PbMgJfPxv0h8BQJMNfN6yI0bTtAuZEIo8gvtZ1wJ3GobkKeBUQ2FqxqTm54KiR-brrXiRZttkK1tsV35tMxaC-pTyTSVHVPz_Bd0IwUApjVTHMgnV_pWg_7Lrr53xaYS0UB800VgTve2aI6zia66ZYtdj0pcZy8UvZyB8XPN9pk7JLK1wZAcY9jC0D6guuEs96e2Ns7wlOPOhqIVCqfA/uvBk0IIt1_v4pPLxxyom-uxiE9yQzvwN4OrzbKhi1_s),EAS - Design Thinking Practitioner.pdf (https://v5.airtableusercontent.com/v3/u/48/48/1766800800000/4NdYfJ912ceVdhmKcimSng/flRP0807vbgkh3qR5kP63CaW_EH-pNkvPPZOlI8PCL3HilRSNQAFI0UzT-ufcZcv_Z9L2svRL_zBUVES2AM6R5KM9DYrRftQ3bJbflmpAm1Rf2Q6rTNyVYox-YcyyhcWZjr2Fdwz_p3mwJM6inSuuykzLIHcJHgM8PEvcrldQHsCyihXnDTvQBFklEuNZk_9/EbKtui7D_sAG4MpdoA-9kbpKM8xL_a8oBessiv7jOR8),Curriculum - Design Thinking Practitioner.pdf (https://v5.airtableusercontent.com/v3/u/48/48/1766800800000/TibI7B9UTDgF5N6fxiLP6A/uOY74qTI34oxmE892n0krS4fjNtdBj8QX5XoWCdQokmQ9pVgiq6R-YsrBCny88XjU-Q4vvC8FulFKq80bg7rI9j86-1c9GJ_3HK1Fw6nV_BUj24ya4I5eZy03fXtH8mcUSy8d6-HP9H8CpSIW4nqWryCDOwMN6mlvYxjLeetab3DxUmojq7BDYF7--0ZF54d/Qdw96A14-phiDscMGOJhXNhyadcXTLTz2iaxj6tNDMY),EAS - Food and Beverage Gas System Installer.pdf (https://v5.airtableusercontent.com/v3/u/48/48/1766800800000/GttjlJnUfnnqirrckan7NQ/I0VRhdfcy4YQ6xq3W9rscBSZShqt9k868F17FIc7vkJEPje0DYbNIH9CmmUdod9SeqqaM4ZL9820AdmH1W5dG4zY49gtTkpJClu6zy3cdW7BpTOTsztF_xmpRe5HjC8h5wMmxQzQXg7I7TuZS1HJBQnpixZzfyUo7eNNo3vPXfUkmG76Vm21dJdSS8jJzzyH/YJxOL0KcpP9OhcdA65IuJWkfiKP8FM3EA5HLRb1_JuI),Curriculum - Food and Beverage Gas System Installer.pdf (https://v5.airtableusercontent.com/v3/u/48/48/1766800800000/vK7uxvW3UE7e0K2gSv4f1w/Sx-BsZIL_Q_p6m8Oo19_KEh26GBW3N8eohxb6HPFYCiD1zMWjFg9sKaMb7LQmxF8Z0ZDf2uIQDoNqDpREIiK4ZLoWPLmtr_kR2RlbKn4rP0SG9UUjL2ZusTtkQzw-ZmXNMulAZwXWjDvJBLF4PdDQCpKFbJcZ35RXSwHc521LtIG0WpAxEJO88uX8cQ11WWmpERY7k-mMQDtGE6xk2yqFg/NG3PYSZKqSX5PuaISoH-6OPUqnUVyzwoUIDbJRY7lWw)"
118211,Detective,Occupational Certificate,https://allqs.saqa.org.za/showQualification.php?id=118211,NQF Level 6,171,SASSETA,"Detective- External Assessment Specification Document.pdf (https://v5.airtableusercontent.com/v3/u/48/48/1766800800000/ja078PMRxhWqx1Ejca-lRA/jy8fTeaI5uN7fy4f77gc1pUwDywjCpetsrTB9wLw5TBYkJ-zui-BDkh4iVxNVJ7hSgRJifPlsNE0BQgZt5m4G94Z8domAmPp_cLNoJC4F_Fkp2Jfn4jQIIqltX4en5jotSQTL2dM2wGXm0Cxf0l19iyTVVpn-Ug0wX9E_K2zwKQ9OiJrABnSr70UtJK__woFLWt4wDumsbhncErWTYcfmA/o1-gC-IKFvxwdoW8MKtGStJtzMeQRio8wcKdPoVNrME),Detective -Curriculum Document.pdf (https://v5.airtableusercontent.com/v3/u/48/48/1766800800000/HiCrrgSuOHS0yiymQgg97Q/S6pWmAO8cz94P7uEuk6BfvzJhjpU5DDmsmvW_LWD1M-RnPXXs09c-m_y8kxTNzJv2qo1g1g7e4AbZAJ0rsi1dg8Q7cEDQOomBo1GvBKIlemEbTzkf0M3GpFqQXqyYR-Xp8UcQXyOjGXeFDs68rsXgD7nyrYg9pH3OHsNj-hAoXE/ow5H1AZ-5pRb_a_2fLJ4_4OoinBOSkC7byTK8W_3nsw)"
118092,Diamond and Gemstone Setter,Occupational Certificate,https://allqs.saqa.org.za/showQualification.php?id=118092,NQF Level 4,540,NAMB,"External Assessment Specification Document.pdf (https://v5.airtableusercontent.com/v3/u/48/48/1766800800000/ygbDIjtSMh1BYCPnHLtSBQ/E0Y7DPRWP9W4ge0MPcv3d5yspLa_ZfJAt5-BlsNtX95VX_qQJ55UcwBw3zUR0MnS6sRqilJon8_htRphPFB1k44PbxpdsTZIjM6IKSFt9RIqKMUbfsooq49qnRbI0zTGJuFnSoIvWHGw7LT2udmXKzFhyBwQxLtzm-kcQY6V78I0QxYhiadKNkr7dWrCL05d/AcbGTtH1W-EYQ8pEC7Opbb2p4KOI88hgqd-9QskPZOI),Curriculum Document.pdf (https://v5.airtableusercontent.com/v3/u/48/48/1766800800000/OqQgCr0zpDcpzmNZSi8P1A/kF2416mhfLO770L5ddFn-mso5y-zXXU4viINE2vigEGxwQOp9LDOctBgfvnaOMgH386AlCsPJoyofmsts7Er-8F_rIXEYNyAPzrjFvUGepG2ILkQ3pc6BmjL8EqMoRdZ9mzOdewc45jew52saDIqA3-D4tgEH_jSAHvL15-xhRM/XMfKLJxuXZdK27GEt4gCElzjs2ErlAw8hXQwb6zWyFM)"
119463,Die Cutting Machine Minder,Occupational Certificate,https://allqs.saqa.org.za/showQualification.php?id=119463,NQF Level 3 ,273,Printing SA            FP&MSETA,"Curriculum - Die Cutting Machine Minder.pdf (https://v5.airtableusercontent.com/v3/u/48/48/1766800800000/uaORNfWcUHdP1tTe3JLw1Q/bsUGgTNXEORfpVjg3CDXyDxM9k8_xZ8w3ecjqRav_10_5W3UcXCH0B30BRayq-fxIJrqIuP1IOs8BLXmw_z8QCM4DhOr-5m8iwnFvmuiTtMMfcVj2vP8f1B9QOYT6f4RsIoogaXjnk38NChhz60ea3YruFah6_PhQ4qEj2vxmlKp0hCBojccZqfQ-3zOEuFK/l80Ht_Y1iHBBCdj3X65bX2_NVAP6xZ6-9E11hzDYNek),EAS - Die Cutting Machine Minder.pdf (https://v5.airtableusercontent.com/v3/u/48/48/1766800800000/99MGCg_9ixKmKGLQTTm0CQ/SNRIR75XXZIIUd3ES2TnER4o7HSZWCCG-dN7Ob_An7KCsGuhiHcxsH-KPvMIWhvtqy_X58a9MNb5B2aKcy6Sv2yhrw4PMaYon6cDdHh7b4yBE_TF8uZ0k-O7LimCAXg14vmVmIeHoT7KCjztnEpQsF7c0_7x5fF-IjsCjqHfldu1Ih-ji14IzcVmtDuUs0iC/wnGUO7AT1vqO51nM7-ooqBZmBpW2wJ2WyQYxIknH9p4)"
117006,Diesel Bowser Operator,Occupational Certificate,https://allqs.saqa.org.za/showQualification.php?id=117006,NQF Level 2,46,CONSTRUCTION SETA,"Construction Plant Operator-External Assessment Specification  Version 3.pdf (https://v5.airtableusercontent.com/v3/u/48/48/1766800800000/Ax_ao666OgYO51R6JT2ggQ/9cDtBlKbPerTvfuAoe6vgUf1I8NfSsXsnwCVzOfCJbIFC5dUQhQwvC7KxHsPxPLLrOABQ78xqptXstx6hIEwDpQk0V1GWBi5iBShjkb59QExAs4iKMA-30tCwV4agO5aio8RbZT1FHuaI2zNOb4RJcnJc8CmPK2arSP2PocxBXTYa_MDU35bwxrpCktg7AbvJ9QH-5oW4UDTpCVOHaW8i1uZotdev_IYEVBRV1KkL3U/P_E1k1E4z9BBoLNqLsp36E26QIHeALw7zNyYh6H6vtA),Construction Plant Operator -Curriculum Document Version 1.pdf (https://v5.airtableusercontent.com/v3/u/48/48/1766800800000/pTFVYD_1mtFQdhXLyGMdcw/YCy4Hj1qF0j2npfSZ696mNJojyeu_CEVP9OE8asC41CRynt1w8T_sjylIoCF10KlH8shvnHZXwdZRlHfZX92wBcKA2fo2PGMr90oSaqqp_g2_IETL2rAZgFEK8nJ4fxYzyj0EEhHZfpdF67CFcXmUa2240HKvW0QnyAvPc9-p8Kis4yFzkNcIJ2bkbGWv2FLWN2xd-V5bOLhWCszZ6aWDA/q80JZ5D2iiWcq66Sy9ekDEVcIHakxDcEdM_O6RKl76g)"
102760,Diesel Electrical Fitter,Occupational Certificate,https://allqs.saqa.org.za/showQualification.php?id=102760,NQF Level 4,635,NAMB,"Diesel Electrical Fitter-External Assessment Specification Document.pdf (https://v5.airtableusercontent.com/v3/u/48/48/1766800800000/7rDDnONwh9-3Hl9uSp5BOw/hxXz1I1EIo4J3xpuJyGAEwg9n2p4xoca17N8nmrtZrmJsjezOdCGHwlzDCptPrw3rfvF00Ry8nc8-uk7pKbccSFgg5eQPi-VAoXFF5PXMl7Mpep3e6ixapSLC21iE9uZDODvgkONmnDEBcM47Z0wR2ft_v602j9YvU8lXMLFy0nd8_SpcsNOhf3NDTonzi2XoY3_jo4EMLhlE-EF09Grzg/e1mihu0pm6nYSqhTmW-xVtaP_NgmZesHlfmYbwN3gwY),Diesel Electrical Fitter-Curriculum Summary Document.pdf (https://v5.airtableusercontent.com/v3/u/48/48/1766800800000/4rnYG9ZEvqO9SAZArxofmA/whFyhlHMVoEzbujyL_Qfw_-ULzWntiZG0J6FQ8f8B5jurDHuLz7I98QjqXNK7BdBad_ET7mI9iO2rXk5pVvKXw3hhVJHl8Ipq3NI6oxawDjIra0P1fXWZNej9bxsauPMoOTKlpkOVeYlggjkXka_4WbUtX_VVWXd3Sjj_TQYhk0h6CeZwDHOsaVl7hjMflWb/T3NwOO-Y7I0W5S6vbsP3cWg5iP0NxcmaoxzKRXRa6o0)"
98822,Diesel Fitter,Occupational Certificate,https://allqs.saqa.org.za/showQualification.php?id=98822,NQF Level 4,540,NAMB,"External Assessment Specifications.pdf (https://v5.airtableusercontent.com/v3/u/48/48/1766800800000/v6F6Vmyv7MPC8xgk8zO8Rw/18KbZdRJYWCwVf8sLF3Aup2asbjX6_uAlEDCtijliG39qERC9t_p5vM9dxvDzUZAQHJCKKSPVtQ-bQeOi0lHeI4eOjRH8uiZg74drg4xLC_G0NaCYeCyz04wBdRbxDWuxi7wTp9MKgNuUxEb7ku6Rf7nm8wy939M3SxK3RXLU-Y/U82pbIyMhTjrXWP7fHpj7eqQUxTA5WrRTT6dwSaUgEo),Curriculum.pdf (https://v5.airtableusercontent.com/v3/u/48/48/1766800800000/VvM7Pmk3Y0NI433mnLdh7w/pz6v_rA6_wkaDQv4UAkXZzVDTV_jPagUAHSRLFpPdQxp-lGc9hmZw17SCmG1mzo5uutuUPRxB4axfA4jtrCks2qiAFL4CQiTvfyctFNW-bMwcaauKa9Bq6szB3Rp0-PgSvl4IQct3qmcDFnErxnSOg/iz31Uz4dekEgjAC45Znt8hrCIevNKB4o3X9um8E_PM8)"
117237,Diesel Mechanic,Occupational Certificate,https://allqs.saqa.org.za/showQualification.php?id=117237,NQF Level 4,544,NAMB,"Curriculum Document_6026.pdf (https://v5.airtableusercontent.com/v3/u/48/48/1766800800000/W29CaQWkpeSn_zluE9Vs5g/AqVRAk64HLMLcWCpTiddifE98CDiihHqlcUJTUvNbyngmgfwJHeqBSr-eoAqRH6_5ImlwrQK2_n9kLFu2O_LVS-W2Tbhw68vhivxknxumWKl_zerEtEpbx6ANaTacXQQTfK7qwO_uaKqdfI1ShILv6gHBlyNe2H3jGtx-9AeE7Y/hU1VJT4do7VrGqJ1mcVL04OhJh9u6A_tc521fdRLB8U),External Assessment Specifications Document .pdf (https://v5.airtableusercontent.com/v3/u/48/48/1766800800000/fMANSGy1XWsOJZFrFtt8rg/uzHf43YYQp-4XOfIDapLNGBg0K6lx9MGky_F1k0t2WnWfMPdtA2HDkH3mOfJl1p9dG-Dk_Ru-Z-AktE5ftgJn2bgfBZlVoWLybR98_08E1S60t1PqHnEKcW9sRwy-jHjf4UGU_ePEaTqejjNIkpPvVWKbcEMQeDLMV2PdoUhePGbcw-YSaTv_hY6JacZ3tvK/uiyesj4D9AyLkDjxkY-yCI6kPvFHkgGbBV0PHCcwMyI),Learnership -OC- Diesel Mechanic NQF Level 4.pdf (https://v5.airtableusercontent.com/v3/u/48/48/1766800800000/DvElUKTCiwmuaq497VXnJw/HrO2MnavgXflklRpUD6FqVw4i5BnOh00dbaZoV5da6S77fRI71AzSTRmYu6Fb0sJiV0IzhIgsXW_LJeA_6uccbVE_wFiKw8TXwUdmIxXP6OijhmS5LvXyELCyEQm_Y3JBqjMgrbwWxeTNTbqmk0RVUGIlTmjB1idd1pv9drz3GgCjY_r3DpaEsWOO7IOup_s/H8hyy65szTotY9NZq-ff6sckf2xzvWTQPRrvs-gYnQk)"
97592,Diesel Mechanic,Occupational Certificate,https://allqs.saqa.org.za/showQualification.php?id=97592,NQF Level 4,540,NAMB,"External Assessment Specifications.pdf (https://v5.airtableusercontent.com/v3/u/48/48/1766800800000/N9_DNl_eSVwZE43pGiM40w/Xt1ycGoLdtAuTsCKq6lZdcvz-ldWGntBPqQRycyxqa4iryLqIFBYRr-DnMAgfaWyU6QE2MQ58lVWnedyWiwzjuiedmtdmu70sJ1tEkTUXn3mzHlgNvRWRz6lIddEzXpg2li715jibAX_D1gwAYDUZXe-6slQ6O8G6R44puQ8bD4/mPZDKzwn-6hyS3WTQUcmWHVwPc6P9tFP5Xei_erJuV8),Curriculum.pdf (https://v5.airtableusercontent.com/v3/u/48/48/1766800800000/u6nT6xxb7xMg9t4x1-YUrA/Rm8-aCwwc9wiRZUp3A32MYsFtP6vmhMezqtoQlJErQorUFScEe-HdgRllSPSl1VOzcPTSpgCXbW-iAl7IywKm_foyhzdRFtH0FjDZPpSi5RxSbCIQP5h80EIlP_SegjTb97C6_GWN_Oo3mubIrvtjw/jY5cQ69ksG_oOFTbspVxGEWWVKJpm2fQ1TN-pGdNK1Q),Learnership -OC- Diesel Mechanic NQF Level 4.pdf (https://v5.airtableusercontent.com/v3/u/48/48/1766800800000/25t1rzo97-PycaAUFgDYeg/oO2rOaBtkvYHLimPWJyZkncttzHPRG_4pCmv6aM1pdyinQJZf8Ok5MRiWlqHjHUOULCO-br1rkBNbHom1F-0A6iGuy7TWgPc-Fjgosj5svtz-ZBHs7X5y_nGeOHxnpiBpeobMzTCh33fisPDLGH_ey20ZxiaBQrjmeRR01WNsyTlu89PGEIeoTkfKNTVGbbj/DItIc415aeqeUfQrEh6xLvyXXG86iimQcLYsAF37V7Y)"
99054,Diplomat,Occupational Certificate,https://allqs.saqa.org.za/showQualification.php?id=99054,NQF Level 7,159,PSETA,"External Assessment Specifications Document.pdf (https://v5.airtableusercontent.com/v3/u/48/48/1766800800000/D4bUym_q9RTbk1mJ8W1vuA/ikcg7HloDM3ykyhEgJekhfieO3yIUzMm6-W9yadwGbLOUc1UbDipOa5mKbYN4VNVB50_qe6pToXHEm_k9AldDfNbvi5FdezfCfzQlZOf07K-ih_VWfX2fzz0SknZZJj9Cxhcf2eSgHRWu17HW4zQGOCBkbCb4gIA_i4x-hT_TsWSXXydiJ9xU1xStJEfr_bC/NoZ5fazVrwcRazmbkqkTAf7QdQExBVXKhFPUqWXDVHs),Curriculum Document.pdf (https://v5.airtableusercontent.com/v3/u/48/48/1766800800000/y4bJ3ZYucUrd59BPaU02Yg/6-LoAugPKxN5cneDrzmuKMQC_ZC5Z88WIMT7Q4pCQThf0iK3eVGg6vLkhAegcdwFibCyArX3fU6rH2fbcKqMghQbMYbeOFiotazoIk6YcSBWv9g-V4xUwk57Ad9YftdU7sUql1MlpEaE9-JVwpqFn2kJHKdb31aFwWsV21zHV54/psjepz3eDS8WhxrTpNG2hfcD9YU3-Mg-YZc3D3aiPoM)"
118095,Diplomatic Mission Administrator,Occupational Certificate,Ringfenced Qualification,NQF Level 6,207,PSETA,"External Assessment Specifications Document.pdf (https://v5.airtableusercontent.com/v3/u/48/48/1766800800000/fdRJzRg-V77Gs-65WRXOkg/6aOMBDYB-fZxLXOr7PO7whKKVzoV6aZd__WOsnYv_F_2lQN22TYSgwr5SDSk_8rZIhkykS5-RVvCFiC-UsBBXfJj3j-rw4r8lKCvkpp13D0k47svfYuAXHCud6ngBiPbQ-OcFjX4kD7ftZRDuU3o_eTe3q_3uOns_7J1iijdtl63Ck7qlkpHbYNijTmihMrO/KtTPy7a5qalQmfoDlXPC2sTTXVys20J_X9BK3dWA8Go),Curriculum Document.pdf (https://v5.airtableusercontent.com/v3/u/48/48/1766800800000/-UgGYEj5qx2HiDf4gAChVQ/WU7qHoW5zwtWSf_xlQXSnXVL0PiMLGvjDiveE2SeXl5LuKxqa67etbjU1C0mERcs4HCSOaAyQKtoEJmMPMplKBA0moN8ZpGQ_8-ZzxvYxAg9AvpHZIZiGrXz8cSgR1YiFkuDpvATWm5wIMBjL4DAsZImqnSzbD73D4ZVLVsvwNM/QHLVBoiY8AQXiya_9T2xwW_PW8qdl8tboK5gSIUPSWw)"
104908,Disability Attendant,Occupational Certificate,https://allqs.saqa.org.za/showQualification.php?id=104908,NQF Level 3 ,102,HW SETA,"Disability Attendant-External Assessment Specifications Document.pdf (https://v5.airtableusercontent.com/v3/u/48/48/1766800800000/uMG2cZV5tT2LaOI98JJnWQ/xxfWLJhRWU95S8Y7BA62HRLuukt-pf6cNPz_mk3fBRoBA98QjEFryWoxEZmXcbul6gQX7RGwu9iM1HlF6x8tqt5gUO_vr6PJ03vsyqkU40eZNE2JgfUfEFzGW2bU_7HNa3wLp4hhXIPNcAK0c-6ap6vKLyEx-jLFHR8u9o4KqZnVGHlvXvWoiI5UBunhIzz-NJjKmNH6oN32FEXpy9PszA/zTYvSO7Us6SNJv3OfWV2Xf89D_ivOrtAFCZnqQxgpsE),Disability Attendant-Curriculum Document.pdf (https://v5.airtableusercontent.com/v3/u/48/48/1766800800000/ow2sOujhmXcTD0dq_0Fu0g/HFM13zbqgCTBe6_KhtswZijtwRXWmtA8xg8YCVEtmQVEUBY4B6gBT8oJXB5pQ8gWmjj-r1EPGl-yls40Sja8gtAl9D6DMnSsVxAecpKr-MhgtExkTGLq3GXIVQcdL8X8VQamTQh8w1ahZ_WksOjGoUX-cMlSZBmXMlBPU54oYqFZT0_MmYpocX_Upeib-Lgn/O0um4GoguLOJcmqPVbJ77T532tQaVqxiXC3x7Itb7xU)"
99446,Dispatching and Receiving Clerk,Occupational Certificate,https://allqs.saqa.org.za/showQualification.php?id=99446,NQF Level 3 ,34,W&R SETA,"Dispatching and Receiving Clerk-External Assessment Specifications.pdf (https://v5.airtableusercontent.com/v3/u/48/48/1766800800000/MDagk9stqHi0VoViS5T27A/5q1rm4sgwa-5N32cYaYRl8gI32LTTH0LSQlubLey0FRM0Ze6mmuMF-eC4LaolSYcZsBDKJOqp60dNLeUtFM3O3sXF4-57SMIEfsXYaN1kDUd6fC0wb3AcGTuA16kMEktG-wbDwXQNPua_dJdU6_ZnlO_CrOnSsrYgoS7_xrU_Re8a_y-aSHENooLhDsIMqK-NE9_idJ-V6RREJFGlK2Lpw/YixygbNt1FKWO0dWKwh-qbLzqq8EL_Nffkn5qKKNf9U),Dispatching and Receiving Clerk-Curriculum Document.pdf (https://v5.airtableusercontent.com/v3/u/48/48/1766800800000/Y4U6ppzukkBQHH5tDg-QFA/9F02RQ4jdN2NuSTthw7EansbqljWZjZSe0eEYitEtHamHim0emmiQuFuRcz6gvdklB410Jvb1kLZ5_3I3eYZrPbpoH8M-jWaRU7eZzZXEl8KJo-JH3-bRYnf2cxt8dhg_OthhSp_ky8QNTXaJaX2g6a46ZQiZBmdeLUtmj5W2EoXRq58CyPZE8Tz9XIMWJIi/nywPZ8AEJL2UjMalEMJsHbOl0rJ-9aeJSFt_ynARDAo)"
118734,Dock Master,Occupational Certificate,https://allqs.saqa.org.za/showQualification.php?id=118734,NQF Level 5,200,TETA                       (SAMSA),"Dock Master-External Assessment Specification Document.pdf (https://v5.airtableusercontent.com/v3/u/48/48/1766800800000/shU0jMa2H6A_DEPAtEzyDw/NTJtyrRlJl8dZ-AFtekNjIK6IaLcKMtv_nM1yJ3E1uiz9bc_4RIPD4C2_n7UYk3uIHX8okWbbdA-gGpbH83se7zE9kKzZb0obfJAzAj12xbirGbNlzyDlvg0cQOMt8A6m_7tZgi4KKutq080OM8HVdYoYoj2StbUB6aVwxeLatcgJl1mVm4OkICcLOQG6HbYotonnANfc2XZYushPSk0HQ/ORibg4H78ybnkxzwxwmyAH28Mgcq0TsVwafX7KLR8jo),Dock Master-Curriculum Summary Document.pdf (https://v5.airtableusercontent.com/v3/u/48/48/1766800800000/c4UvwgPQJpyY-6v53nGiRA/NO6T3kABlrOzrNwrdvrPkMbkc4z44y83ZX5_K3SC8Ibj8wf_NgY4o2udT8lf2ims7HMjqMAEAj7AGEHnhlZErL4yNC9RVxGn95DLriAhUdqWrzWJ4Ysq5SSGikgIEgm_4LMA4XLzw0xdcOhdVlUyItbeChD_rp_gev7OZEtUKLHXGYJ5POn8MkdsK1qgpZFT/_OzhqmapCnRCFOuTsIZWdeBh-4m_gjZ2Mwq8LcHrsEY)"
102759,Dock Master,Occupational Certificate,https://allqs.saqa.org.za/showQualification.php?id=102759,NQF Level 5,180,TETA,"Dock Master-External Assessment Specification Document.pdf (https://v5.airtableusercontent.com/v3/u/48/48/1766800800000/HlVWtCPlEBiuV0JtBrbDZQ/s37u-mvt-2KdbqskdQ4rAKDjevNx0yvzEa91JOe18U3_7VM_2phjHx_ZM7z_7Hi6ANBaG4fAak6UeQ9pFSvr27caB7GyTWk-uxIW4AVTi-ML1njp7R8lxgsX3BxT7bPAgQRZtkaBJNm2OR80geIPkIE0nGouFB4hBbaaWrerxSLpD_HewfO_fTM9MGyXtr8KZQEuDc57xFwptHaqRvcSVQ/nCtp_xtyb7OMEKkcGjEVolY254GPlJQedMHdFMtzdZw),Dock Master-Curriculum Summary Document.pdf (https://v5.airtableusercontent.com/v3/u/48/48/1766800800000/_9-n3NePiQ0bKderfyha3Q/Fs-FLTTZw6MLGS2ksNTn0fJiScyVxWaPtHOmCrA3YWT0_yAPdng-YXwApM6n7hmwXc2MM6ehAtTIUBh5pPG1d6pXnZvOr3x0rwUpuiT0FDmiFXqx0DJz7SEHia9XSPZ74HwQRHXDMUHZQgjZuI7ShuaZ-zwslXG-FaiM-ZqNiVHUpT1sAcgx-7EozT_GHdVv/TuUNRiwe9n6hMqAdRDY5V8wkZ7_R6558WFRu8ni8PKY)"
103279,Domestic and light commercial refrigeration serviceman,Occupational Certificate,https://allqs.saqa.org.za/showQualification.php?id=103279,NQF Level 2,173,MERSETA ,"Assessment Specifications Document.pdf (https://v5.airtableusercontent.com/v3/u/48/48/1766800800000/_PWYHRr_qH1ERLgP10WX9w/aLVGNOaqI9_QmFVWQy50Qme4cqEebgxbFlwRaa1Vd76iVr3o-EhfUXaaIRt0aAacekDMssImtGAZfJnMpGhcp1g-eAI8-f4mM8oR3EpiBr0551x6R8WVcf0fWeojQ5aZHnok6ESeNdXcSWw0cnj7FOV8aCHJcM8BqI_qPYNEfj0/CN9kJF6uje4-nCpVnM9CglKph_bBDWE_vffRZ9k_aZ8),Curriculum Document.pdf (https://v5.airtableusercontent.com/v3/u/48/48/1766800800000/c6CBPixMnetlNN3mRHJ4JQ/oSlUoFMRM7QeUHYvDmwN22xYSlkQKhF3mhmhHopt76JhYfObZ82LymJaiS80lYudMkaepUlI2MKTn4rWs15xTE-jbLwgaVT-j8GYTOGMyGpnjcHy_c2EaHV4FhJQ1BBmvFiMtiEFz2DtH8SgSs-lhl0LUUHotVVBdOlTJsSnbWU/VP3bNBDtcx2C7zTe9ykhfR4fTacQWWYGupn2Qxb_zxg)"
117025,Dozer Operator,Occupational Certificate,https://allqs.saqa.org.za/showQualification.php?id=117025,NQF Level 2,43,CONSTRUCTION SETA,"Construction Plant Operator -Curriculum Document Version 1.pdf (https://v5.airtableusercontent.com/v3/u/48/48/1766800800000/dWCKY70AA2zjPwqFC0qMxg/0KxPufwZDbfpakiH1JT3NVRJrjE0i1rmw3UloaBn5qiX4Tanu-27VFnIKkDH_SWawqYqxsG6WxCOHCZcx6DWqKL9aMFMzbl0XRlKPmZcjmH7xVw91FsdgcefCA6R2Gs-AHghntZdK-ZsfHy7aEcwej7R7fd-exFurqFUXNl0anOYyUKkgWpChFu4iBmHKTewpbYe1yljHbfjK52c9cqgIg/5O7lGCSf3_mHSyOusencg_D2uMigw_SZP9PLlDuiDHM),External Assessment Specifications Document.pdf (https://v5.airtableusercontent.com/v3/u/48/48/1766800800000/zP-bGhF9iA0P4Y73ziHF_w/2YkzWz-L6WZOLbxGTYTzTacGlBzAbuH8zpnkvP41ngLsltgBYsChcvh1LyrC9bg3TwgxgLvsj-VPOyjXSBnQRfi9Gqt41B4Z1zFMhwmoNmjCHY3p02VOSjSs-vsA9FLehsV2JRFX_iIoDG5JlecDUscwXnsWLFRzs6U3TseCxUdcSxfswO6lMl2TjTs66Irx/_A3j56onH0cp567loJGTz9R-BjF1hhT2lbqTxSZagXA)"
101669,Dragline Operator,Occupational Certificate,https://qspe.saqa.org.za/viewQualification.php?id=101669,NQF Level 3,75,MQA,"Curriculum - Dragline.pdf (https://v5.airtableusercontent.com/v3/u/48/48/1766800800000/jKZVpzkZh9Vv8_PXH3pcwg/C7HN6mu6C8XB1KWwe8UWYbrkqZloyT7foHPzn6kJgLUZugOm31nR_ZMbg8mUGLIO3wx22f5Zni5L5HdeCgEVZw4wK5GgF4PydJjK3Am_K7c7MM2Q_ZUeoYSgqoR4u5nl7KDqpxovZUU8eI_507GDL_a6Szsj8UsWGUvEgIK15DI/XW086D0R4vGqNADbDaqWE3gqiC1aQSb1sN2ZgSzQgEQ),EAS - Dragline.pdf (https://v5.airtableusercontent.com/v3/u/48/48/1766800800000/OdQuC2aRWT8PnHaMvCQMYg/b3YCAQrrgSFewLdYBscpa310CQDA71u5s6peHUdKzpVS0YGY7JqErmM7sCBkgsZa4mhVJt1osRt1980YOrzXGN6-2LOR2zsTFP3y3Kxf-Zx6_9E4PYBdqX-ssK09X1dgTlqty0NNYasmXpmajNqd6dHwspGXNyBP_Su6YNMY6_4/1Ap1o1rOqSsaXGqlB-zLFCI0r6i_6CmDndfynMRqBtM)"
99575,Draughtsperson (Piping Draught Person),Occupational Certificate,https://allqs.saqa.org.za/showQualification.php?id=99575,NQF Level 5,234,MERSETA ,"Draughtsperson(Piping Draughtsperson)-External Assessment Specifications.pdf (https://v5.airtableusercontent.com/v3/u/48/48/1766800800000/GEmvcJuNKOjXbnd_5RMr0g/2w5m4u3v7DOdva3AuHKo9nZp3F6nvaj9pjRz3S1eucRqsUGbQN7XKaALQD4naMEfrRhmnZql5FnqNhiBEAuA8Tmm2gw7XpD3IRrAJigWbIyQmBsaeL3MnM3R-QJGkAs1_xxszUaf-C5svAKIN4e3ygm_IS7l2eyq2uo-J7PAwdQezN2gKK2h4DmME3eJ69W4c-Chky2-uM90hxCi19HbN5MxhqX3BeWB6rE4lfzswHk/x4s6BLtOJvJeUvkSOoJd7rirlZC6Asp6o1XGygWec58),Draughtsperson(Piping Draughtsperson)-Curriculum Document.pdf (https://v5.airtableusercontent.com/v3/u/48/48/1766800800000/LcRuD5BdErfTf4Vlf3045g/QRps76OVclRBt_KBjOpukI29R4ETaJgCd62JPJZ12ar_1gTrkTB-RuZDclHspHygTY7lL9efe_ztehZZiv1HFz9cJY8smizGRjLvgZzAqN1J8M-JGXmfqbw-ut8mi_IBTc05kAO6mom-7D_Yv_zL_bhVRZUwu7Te_iTxlCj-oHww-BXqANtPRKKCU90wlGIZeIP-lw7zJbrSAkJJX6Ka4g/snXhlxsYwUhMBy3lUz9z8PfRZsjrP9FISC9FRDDozEU)"
102961,Dried Dairy Products Maker,Occupational Certificate,https://allqs.saqa.org.za/showQualification.php?id=102961,NQF Level 4,353,FOODBEV,"Assessment Specifications Document -Dried Dairy Products Maker.pdf (https://v5.airtableusercontent.com/v3/u/48/48/1766800800000/U3NZGYx3IsJFTynU1a4PLw/llQ-yS-eIH5hlqz93X5daVJDxHq87hRQeRMtNlyO3voUadoxoZZ6bKJLDLvK-Z3kXp8247Y-IcHWcjctWblCmO4Wnf4WC72OJ6BDDDqSkSHXJQr0qaKeYpZMUGD1K5BrqyYvm0SAROspF11Wj-BB0-AP65XNcDh9dHmhrnx2Ao5jcCoKo7gztJmhG2PR19ML3n0MMemt24hcsebpXRtBdQ/xFLYoAcsZW5Rs0rwyCLQ5dhMZqQq_Mko4lTm6a3-hoQ),Curriculum Document- Dried Dairy Products Maker.pdf (https://v5.airtableusercontent.com/v3/u/48/48/1766800800000/OyP-fL3WzoIok2ezTLApEg/eoCrVVLu4gjJIsh_wDtQqgbPSCKKQVNEcAidJde9QT5aoYCfTBfXoyq5LyQW6emSPjiT6Dpw29KVSVjmM7WIWlY8KCmV2qgWVjkchKXq34qRnRJbhVyNzzGqK7ORMnIZLlOtoyeSi0QdZ3m9c_UiyT3BK6lb_d86yZWZ_Z153sduaTJSBhgpboUeHfEm44XP/UFIeHOiPl8JVZ-_lrc_PF1uT15S6bh7irK_3RcLDNXY)"
99379,Driller,Occupational Certificate,https://qspe.saqa.org.za/viewQualification.php?id=99379,NQF Level 2,56,MQA,"EAS - Driller.pdf (https://v5.airtableusercontent.com/v3/u/48/48/1766800800000/G92_pBnh-8QcSnevraQSAg/-DOL4a6GPqX2-QFjgl0rLTfznr6uObT5-PlZYRBSDLotSigJhSVjQW0gW3rSdJSsJlv86UIiJoUSQ13efMsWq7EAfP2DClKKIkPt52B1F05qkc1X4-Xs34FN3XQQ5m8JLSTAXH_wP_Xklnx3adEv3Q9AZpGOzvFKQJgVdKWukn8/PJKKTMBTV-KiZYQxKRuFNfTz-zfisQTZQBcLwP_NFy4),Curriculum - Driller.pdf (https://v5.airtableusercontent.com/v3/u/48/48/1766800800000/OzUZdYRJFSPJjeFuKx7jqA/avP4zoQ8bRzLV0M6-5fMXWhCgbolgF2ptkdQeeEPZ_xqrwLHhnMRBSYOOuYB3YQG6Bd-iPq7QEVXse0unDmtNAhSxqlHFk3L2wG_Ue2N4ISp6NeVxI3Ul6GZIBSX6XjgomODMGRlXPGzlC5kMItkjoPyOQ-ca9UtJlFq1BoMFsE/LPTHvCRl4sYPYRvzKFF_oLeZceRzXjVJK62D4etI0GA)"
98908,Driller (Directional Driller),Occupational Certificate,https://allqs.saqa.org.za/showQualification.php?id=98908,NQF Level 3,108,MQA,"EAS - Directional Driller.pdf (https://v5.airtableusercontent.com/v3/u/48/48/1766800800000/ek64UkwIY4UTwauiBPAe8g/LV7k8nk8qNpnX1SBCwk193GfmktU5H0IvJ17Ewr8zUmH5QFjk5VRAz5QGSJInCoUXYwlOgcw7fWkqmEeLxPnDpbJuN8_8Jk3dWl9GcGcYIACewUJLf6RW6UfFwp9Pb_Dbz51-K4pM1StVQnkoar-bQdXAnuuXGO-nMZyCaKl0nHQ2fS-nceGIsMqd8RABADe/ks-0nAB9lvZNzz9_qhZBp0csa2X5YNSXLECiO6GtJfw),Curriculum - Directional Driller.pdf (https://v5.airtableusercontent.com/v3/u/48/48/1766800800000/bj2TSp-ZpVHf_c4OqHN11Q/ofJReoGxRs58rb65zityanRlaW2g5kYouiyK4fQZm169dNxHb-eE1ecFAAvMhs_diPXqsgRqA1SojhElJ1vzAXuNV_2PQ3UMLTS-G-aqmXLCQKnpyWSRsqX07qH-Cjk09_Vcvu2IWMVPo5_zzfcmdoL_Nte-r8EPStU5d-J9VZuoSJn07FhSjpItDy1I_2g1/5iSzUxT5T5woVqY43PUkly0T3YP-eeRsQ4_nVGpr6iE)"
98823,Driller (Exploration Driller),Occupational Certificate,https://qspe.saqa.org.za/viewQualification.php?id=98823,NQF Level 3,70,MQA,"EAS - Driller (Exploration Driller).pdf (https://v5.airtableusercontent.com/v3/u/48/48/1766800800000/QHXA2jhJJbSHrMMmytyYRg/8byH8NA4-YJT3xmo-HEQyBmLOEq1J-c6z_DdpsIGNqGCGT21SfCKQikUORb5u93-Y2oPuVlCuIB2hGHa7gMScDPMszhrFnDJzS-ayf1rYetgwufs1mz5r30hJraZCahq6RiOcWK-kaMJMRgqWxj3G_jger_NQeABocMLVKmt9QLWCfWZx89_rtwOmJp25jB0/Tp7jlrnK4X0ruyLxOv1TCcrWw5y4CqZQP0k5ixuWPrs),Curriculum - Driller (Exploration Driller).pdf (https://v5.airtableusercontent.com/v3/u/48/48/1766800800000/sIhIqWyvtYDvCyHMhv-JOA/54lDOJxd_yQYnnWXzkcp_JOhqsckdM7JmIIqCI3_E7PtBOEnnAV6nWB02oewRgH3ZSINKIBs_MLk-_JwxH7ThQvxHBgDirvlaADyVr0I6nfU3_GwyncEM20674Ry868K6A1Nb46U6cZe8qawI9IHL9VeeGxkJ2nxv6rX3KJ4wyEGqxNK6dd81aOKcBtMLXkm/216zNLRpid96g70boY6M89Etr4CvODMRLavOT7mehT4)"
104883,Driving Instructor,Occupational Certificate,https://allqs.saqa.org.za/showQualification.php?id=104883,NQF Level 4,52,SERVICES SETA,"Driving Instructor-External Assessment Specifications Document.pdf (https://v5.airtableusercontent.com/v3/u/48/48/1766800800000/8IIAO3396bG4Oh3YGQDwRA/F-KqXoChT7yhDp8lrbvlBMS35r1l7NYvP5BXWDOWS-Pz0SXuiLyuF5Xm4SvlbMoimbnhFvXPo7ADLJcn-Oe6LlHGwwxY63UBlxo9xhE620OMMPUZXR-1VuRuWJetezlkXRXPlC0AmQ6opeOA_fT22covkW-V3NMFvlKEQUFTFUM1CraRtfnk1GNx5gEUugiDsOga0WUeJaglcEgVq117nA/BsnVeiYwkMY2etkOgO3zuGlz-q_I6Ly0iK1OzcoYOZY),Driving Instructor-Curriculum Document.pdf (https://v5.airtableusercontent.com/v3/u/48/48/1766800800000/Pvr_ActJkN73QV2mvDXxJw/PQPjVyJgZ-m3KDItLYsTVh9DGP7D54hrP9SMpnjHvEuPjYnsQ-5-g8QYy-_q_eBUv3NrpqlF0avOtyBZUWz_5NoP3v8BPUfTBulBl7yw8OZfXKcW_Ov6MPIM84G3OIg4aUnWffcilCZyY8LbVX6FJ3oAYAPg6I0dsE0y1yUFqEVumPJkV6ELrEPNYvYmVCMN/VSgod1Pccag_FQcx4mDHekF3FZLPNHLPDxwS2A_UVtI)"
118698,Dry Kiln Operator,Occupational Certificate,https://allqs.saqa.org.za/showQualification.php?id=118698,NQF Level 4,366,FP&M SETA,"External Assessment Specification Document .pdf (https://v5.airtableusercontent.com/v3/u/48/48/1766800800000/4d6DCPL_kgONcsJSQC5TOw/d8pO-o8Braap2reJnPUBc06USt0ZljnduMOX3TviYP5IjuRVVkc-4NRyRxck2jkuRCxxs3EGWaHr2t9xSUfwBjQTeFgiId738MVRu58NxjMBlXmgxdvviWTp4WtwJMNcBPb4DDkt7KjUeGnmkHx8AHyINsAEPIPm4Fg4WGxy72cAVUgIf2_ODoRNAQIt7jjN/bQYH3rjzP-AG-KqwikVjJc3aQGaMOECYdUxLVf_rmMc),Curriculum Document .pdf (https://v5.airtableusercontent.com/v3/u/48/48/1766800800000/Bh0R3BZbQSlkeh9SeS3LZw/1OQbv_rYdidFA0Xm8nJXce9uEEthcr98-cyCYyIbkU9XjMCB7J22VmwqDgFma15MICoftGUzh4yEusW6hnWkzLY27U4hapv4C6pCXL7LG_MbQG8c9FiKVCWSuxJqrV5Dh9BKMKaXEuhyV_Ghg9zOYxU5JDJbOvquz8qYN7_2mDo/pxJ3vP9b08L-Yz9VHYsxOcBfE1QmuYI6zM9KcDzTs_A)"
118109,Dry Mill Operator,Occupational Certificate,https://allqs.saqa.org.za/showQualification.php?id=118109,NQF Level 4,183,FP&M SETA,"Dry Mill- Operator- EAS.pdf (https://v5.airtableusercontent.com/v3/u/48/48/1766800800000/to1HpQ44eBtqywMe_NR9Og/LTJ0_54xEttfGN4WH4yQaEubpqfY5O7QcByp8h1nainY3QvA8WdGjyBhOgDPQThzSm_4qZ3C3cCAlj9KeAeDyQNymQVymSIzJ5B9cPAmq8z9bPsyDExsbpA13bUyxD8Vb7RCN4uQgUssgAawbwctT_vid_vNXcpv52p2I9bNuJ4/Xbap7F_YbJWMTxlzXg_L7EO-2zVnMqDTpJyhWHhTqzE),Dry Mill Operator- Curriculum Document.pdf (https://v5.airtableusercontent.com/v3/u/48/48/1766800800000/cgYifrNLRsth4OnvLxMaSA/RtyiW8ez9VrX7xRCJEub-O1DKWQo4tGd-3Tfu_fc_2QVVy5Eds63Od1mA48gh03WbA02Ax3jbK_Q7d7JKLp7A6Ami-euL-IhsWGRYL2YFKz8fKp00FdbOhCrxn7Ir93zrymg97vl0xm_OqPnBCtHE8wHgioFO5E5bobFoDS2tYpiaUTGQzaHjP5HvZnuBrDS/askQv-4OxyOaKc1WinA5WEvtvPkwtI3Q5Z7mtr5yLxk)"
104619,Duct Work Installer,Occupational Certificate,https://qspe.saqa.org.za/viewQualification.php?id=104619,NQF Level 3,72,MERSETA ,
101712,Dump Truck Operator,Occupational Certificate,https://qspe.saqa.org.za/viewQualification.php?id=101712,NQF Level 2,54,MQA,"EAS - Dump Truck Operator.pdf (https://v5.airtableusercontent.com/v3/u/48/48/1766800800000/wWZb21g4Q9-WN4Zkd-tGPw/EPj61v389UuMwKfMQKWfuhfjFmfm5nZrboiBl8Xnwv6gO4V4ANu9_ByrAcXP3GgVZbTjbEKeHMo2KQU3Qq2Yeq7O6owWRvV5myNTW__yrq725SmcmgB5gjC056TRMqQ0Ms5JsVQxWx9l-wRGrktubR-scJdm4UQvWhkIe1QBTrA/jJqkeqRVwMIGejo1PC2bFdo4K4WFGIvOjzFyuIL4MEg),Curriculum - Dump Truck Operator.pdf (https://v5.airtableusercontent.com/v3/u/48/48/1766800800000/xXTZBtwb78K990DEG3GRvg/jeZwYkTdsweHOPJ1lkTybHAUM4JMr_o0ZxFKrRJhNHCwCSBX9ZVm_WmjtIx0TTTHQWB8Ec2uNqfv_Y-xjkmPFzX2P1fhFKNJyC8ninSwgZxw2kK8Va-UzZ2H1XiDgNMa0hiz3T8irIOgiklBZ-U95bEPaftne7FqIrdPZkcmWGdcuRwfvbgurkD1p3ypGIEG/KDLo1outN-o55U0nL0QpRArC6YnNLOCGt0klF8DYeY0)"
119264,E-Waste Operations Controller,Occupational Certificate,https://allqs.saqa.org.za/showQualification.php?id=119264,NQF Level 4,167,MICTSETA,"Assessment Specification Document.pdf (https://v5.airtableusercontent.com/v3/u/48/48/1766800800000/21P8mPo1RLzZe0sW_y0Kuw/yowj8qpQMwBNGXiFw8ro9LMZJ6AqADr8i-1fEw0jmzgFBBwfcNm-mMgJStcf_RPStuYyyto9Drdt1g3AGIad2OXJ-0Aew6PCMaMN0ETgc8F-UlSBQLDigSvxph_kqevtqbTDgFBlYzQO9h6qx32t6RSEOgnKN1CTaf0uYaRR9KE/ljLUQHMa7fSDIVwKG6aBWLQaG18dcMiFSD_bMtSWEsU),Curriculum Document.pdf (https://v5.airtableusercontent.com/v3/u/48/48/1766800800000/pYNR47uXdPIs0GYsXHxtMA/3L_286tldS9Mbg45bHgwm7G6g7_qlr4ZD1kzAkcgUxtYsJYH8p28K0t1PkfEBTFshELFJM3mfWOEm0R9uxX4xtOceZnNeDEiNN5MI6x_aTv5bXj8iAMdI1DDvDHZp43R-fvJy1SWN5Wada6i8f3WHpZBaEhRaj4CmUfdCCtxOb8/C5J5ZCaE0qPnn5Jc3trqhT3M5WNt-DNjFV2sjdjRTqI)"
97542,Early Childhood Development Practitioner,Occupational Certificate,https://allqs.saqa.org.za/showQualification.php?id=97542,NQF Level 4,131,ETDP SETA,"20150224_234201_Early Childhood Development Practitioner_assessment_specifications.pdf (https://v5.airtableusercontent.com/v3/u/48/48/1766800800000/zIYDgzosD2Q-xA-DcPwTIQ/ng7mXBSgqfNXgFvVm7U43nZBGDdOj08yH_mIO6zRBTvySTAWbSr6fT_jO1HMgRX2p1oR5WptR-S668SU4EimoKa6gzfinHVR5v3l3oKUVTkBNIi0JhX0-bmTam4q20GhMTzsHIx6PJ9M5I52HExNVD_v3MuxU2_zW9RqvsA8e468bBb5AWUMGBo3-SfqG5cxlp6sjD5NSlFh0NeQWOZSOcCni0r_0OKNOGUtLoc2jGs/VK3uqWMDVL5qC8rh9z5CeMEXBu9IMUpQpXE90O9u2mQ),20150224_234201_Early Childhood Development Practitioner_curriculum.pdf (https://v5.airtableusercontent.com/v3/u/48/48/1766800800000/FsvC9b_zWBDeuGoM4dzimQ/MwATAOp79yAeI0wq_BwjDYhmiIB_10tQRWisDZMTAISwvfUUUgcFE4JqevNKaaU1i4TO54mrv9soNzK26z2k_ZqUuK9cGzrqwvTah_Ykn5lNve4JPICl_4y5te9YLKGdvFXkFn8ubN-INyil5rn4J2F3_WuYBp_3nneorPVCaWZTqevdRnm7s6wqBJqbs0BJivMjvTqQx6Y-AVfQYvBFlA/wuLeTAQ3l_V7FKshF1cEnSNzBdS-_YV6Sg4CaoaUUho)"
103016,EDM Plunge Operator,Occupational Certificate,https://qspe.saqa.org.za/viewQualification.php?id=103016,NQF Level 4,98,MERSETA ,
103017,EDM Wire Operator,Occupational Certificate,https://allqs.saqa.org.za/showQualification.php?id=103017,NQF Level 4,98,MERSETA ,"Assessment Specifications Document.pdf (https://v5.airtableusercontent.com/v3/u/48/48/1766800800000/BZZCMn7Ao-YEn58T581C2w/Z7KtK7_AzqYsfTDx10kRKQsyVWq7aBaB3XUpYIbduUve_c4R_dDoBmKKZ43j5O5dYVBFxEeWeZGfP7IXNCQMFfYicN_yyzOMKf635JHy2Jc6jo5i0TXqjqFVc5VTIhmgRVzPX4ZbnNf6_f5yPu51Azlt7LD4JnJadWWjFSe3i60/Br9-mlkbLj5QHUSkn7nqjCdnqifWr7wnXdXYa60oqw4),Curriculum Document.pdf (https://v5.airtableusercontent.com/v3/u/48/48/1766800800000/PCH31kGobOJizIYKUGSj8Q/RZPoDYKH3UvQJK90hClyLQ6mBVFJHryCm5zD0a8LGDSjJwb1kKHE7VtbHUTT8zpBwT4-zDdWUgqO3VBbyQ6aW-4RjGW8yqyRq0R5eUmcmTpqr0_xFBXcbkzWKIEPRWeRyc3buh_oFgTw74v8zaiQpeCmQ78JLVh2OUnqoXsItqc/MBhrqpGMbhF3Xa4A8FLBflK0JaalKBkjh1r6uR9-rRc)"
91781,Electrical Line Mechanic Overhead Lines,Occupational Certificate,https://qspe.saqa.org.za/viewQualification.php?id=91781,NQF Level 4,510,EWSETA NAMB,"EAS - Electrical Line Mechanic (Overhead Lines).pdf (https://v5.airtableusercontent.com/v3/u/48/48/1766800800000/y37auRJ_x2l-9HFzVg86rA/E48YdvMTjgXpwkISfZy-tDOj1lXc2RsSY0o1_dFzyUvZRuNnHzKBZrGagKEcVzN4N6MaAm2mYI0ViVYWfEVraaUfXvfsG9qYNsuPHnsyHcmMSakS7PR-Sh_v-W9MnFuPPpryzynrmjCyK0_douGZsigr7dHdN-_eWDnt_4vb8R4MvqMpVxl-tMQBithlTB2MXMNjBcWzjCDY2jHl2_BJZw/IEc7TjaGoqteesJBaJIRnG60HiiDYN3Q0zmT8FAx_d0),Curriculum - Electrical Line Machanic (Overhead Lines).pdf (https://v5.airtableusercontent.com/v3/u/48/48/1766800800000/LFxPcufRCD53E3U02zG4qw/cKimyVBVLd-SwFxb-FfX6_HQCrkwo7q6uTicuIslitzSnU4-Zy_5ISZjR-DEcaXZ51gYc7s8M5PaMLYZ2sQ1BfvBHCIP1pLr4Wk28T47iPWCDuAg0W2jGDz4h69GCxu6yTyl91ld65PpLohHf0Pi2s1nF_b1CgnfSnOB1BTmw6zlCXK83cHMi1HaZva6cmTnhjFi5NZleRLLoaGkxcfTJg/Q-3t8vQcq75yVb8vt-jzWqC17h4MRXGcwZ98Sx0cePM)"
96462,Electrical Substation Operations Technician (Power System Controller),Occupational Certificate,https://allqs.saqa.org.za/showQualification.php?id=96462,NQF Level 5,256,EWSETA                            ESKOM (AQP),"311302001 - External Assessment Specifications - Occupational Certificate .pdf (https://v5.airtableusercontent.com/v3/u/48/48/1766800800000/TEUPGGN9SuRZQ8YVZylILw/kCZCWCwC2KJzir-Gd2TDhSyGTXudF3eOKnV9AlbHKYx8VpMCEz0G7lNoRJNGdHgS3MidL4Q_n3wYNJKPHpareXd0W_bJy5nDWJJ21rfYKYDkQwAVXLN7Z8xfckdn0YafNqY-EHs2zHgJkU64zZgQoo0rB3SF3k284DexqxJC7XaVpv_MKHdTAtg8NsCkgaB5h_e9IoClhx9mNr-vqCHNqsamR8C078nMUcKBoDQOR3U/c6o1Kd0grZeAvG2e-JiYmkkQlsqBAuhFEDKR1-uCRAw),311302001 - Curriculum Document  Electrical Substation Operations Technician.pdf (https://v5.airtableusercontent.com/v3/u/48/48/1766800800000/yWrHTrRt3jmrYhpYMOsnGg/sqOn47yHcTZo6hXewk_FCdb8eENzJLMut1RhBT3buiQRYukrYEi-6tPGADT2ft2mS9h8EbevVy5BNDbkLLiGEkjTc82TYbP4dPHOL6CbWbB2YS9aPwMGmrYYkl4IftFNy854QHvCesDn92N1PMvfd3ZQFp9DuSA7Qw-hpcpZKXLTtcwCrQI2fbZhUWlbQJbnb0vnAoPon3JpHIhAvJj5L4JpGiRHH6JGyo-5lWSvtuM/1n4ISgCWhbLzIO-4zMf8VebwqWewZI4Ew0fOsxbddmc)"
91761,Electrician,Occupational Certificate,https://allqs.saqa.org.za/showQualification.php?id=91761,NQF Level 4,360,NAMB,"OC - Electrician - 671101000.pdf (https://v5.airtableusercontent.com/v3/u/48/48/1766800800000/jGoGOfDlpe6uyN1WpzKm4w/aq29X52NyC4W2NkG-mEskBURcx6ic5a2ttP8bDbbwwn8jhz9GSlORKC2y0WYwpV_zcr_-uX2nYox-Vah34BQiwB9AibUqQQikeIwcoR7WoISBUnGaKGjRbu0hoUvoq55Fgh3QhglJaQc8DGn9IkWNQkbp-2Kej-MNWVpmZFOM3M/7jXgqz8cCOajZENCQ88jO7UAy3EpGOptaw1zPiNY52M),671101000 - Curr - OC - Electrician.pdf (https://v5.airtableusercontent.com/v3/u/48/48/1766800800000/-MsGWdiNLZMlJQsWbAFBVw/fTUQ3TQXe9V4GFiJ6dgDDn3j8QwQCrH3F7QIgvGlHnKBnkdaz_Sc_f-TcQG4TNl0HZ-ny5R4B9s4gY1SJqO--qs0Vju3cb-z_clHIMUIXOYv7dvNR3rW5aykx9nSCFtnb2p8JAQ9Bc_SUBENQIc6DNEykmAbXkRsftqi4haI3ME/Lz0f6JFuaFv0Ar1GntoBjAGCvnvPXl8SFELaT_i1-f8),Learnership -OC- Electrician NQF Level 4.pdf (https://v5.airtableusercontent.com/v3/u/48/48/1766800800000/33ehRKMA0k2PaLI2QYkx2w/i3cq9dOlx4cUd_oOyO2_mYI6OIYVIMjA5GLwmGKJJs28yEcyrU8JYFjpsTbXE1denxz-uLJih1U_PvGJV5QWET594n3sDGguY-FGX5yp6BllUaJBfkldZG11f84cuncbJCwhu6oY9NU1K-DG3wFKZ-BAs7QkgLcS-SJp59yQ3kNIxd_Q7ImuZ51qUwMJk65A/0Vp_7m7vy8d91GxjzVM2WSY2F3qVo9e4YbWAeTZYKSA)"
119435,Electron Pre-press Screen Technician,Occupational Certificate,https://allqs.saqa.org.za/showQualification.php?id=119435,NQF Level 4,550,PIFSA                   FP&M SETA,"Assessment Specifications Document.pdf (https://v5.airtableusercontent.com/v3/u/48/48/1766800800000/c8fTuUvNsz4zPZaup-25mg/G28F-z4pN2Scoy56cnSLS8y4Cu5KUfjd7T-O19AXa2tgQsR3FP8PcZ90NT53kij6oDGNLevnDpEiPI3krAcDzinCHgK8PcllKb6lcWKKSk5SgG7AEkdUpyg8DSacIrUgmsIwJvMgwkBoZd8O1pa4-kk3l2kpnkDbe7FBOL4rCNc/VlDdDZ_V8KZRuKGUQbsWdzEKEFpC8IXKh-9zJDpoB5E),Curriculum Document.pdf (https://v5.airtableusercontent.com/v3/u/48/48/1766800800000/nzHsE7STWsVo5zpU_AI5Rg/IXU7ZfHPzpYWXelLkZXCnJ5Lv2HLLPVNlQc4PL0vaCVeM-q6puxtqgZQipOg58isMpCoZR3Ie96vXn9uV-tmfQQYI0gdDZK6PMIhFiZEYw7n21xAw3ZW-VYPRAD5mbkbwHWHM0sJVDSYpdbJ1FcH283ItGntEMko7LEGxSAKL-0/3fFqcAEz3etWWshl53nLRq3SPS9aYE0tvmgkHGtE8oM)"
121507,Electronic Pre-press Flexographic Platemaker,Occupational Certificate,https://allqs.saqa.org.za/showQualification.php?id=121507,NQF Level 3,108,FPM SETA Printing SA,
121489,Electronic Pre-press Flexography Technician,Occupational Certificate,https://allqs.saqa.org.za/showQualification.php?id=121489,NQF Level 4,541,PIFSA ,"Curriculum - Electronic Pre-press Flexograhy Technician.pdf (https://v5.airtableusercontent.com/v3/u/48/48/1766800800000/IRZW5pfpAyY55K6JMqI3bw/tXTl7f6lz8sVMngXdG3zFkXroZw2yCpvDqh_wtD2CYs6taRaxW6LhqaB1-waVK-Gl1XF6tcqvFZGVBrXKits8clHpncD9tnc53X8xjLXA-l6cXHc0F0SZ4GJLcO1r859jYVFjJMO6yzjbstIY4csNsNtPgWYGk4wHabBMySwgPc_q_sVfs9HDxOoO1T9wHVgm0Wj_9rLEbbnlyelQPOs0w/pDRAU2VMfXEp-U1wk2XRuysX1RwlWgUIUZkI2LrrZyY),EAS - Electronic Pre-press Flexography Technician.pdf (https://v5.airtableusercontent.com/v3/u/48/48/1766800800000/2ht69-tA_0OZHleqcDmu7w/8LkVWogWRZYO6M0huUwn6_NGzSzEWF8-DfmlWBpwaxFLb4mZ9qsNyiCCGhRG3n9so2i2z3K8OSbKabna2KVSEvn2QBuvid6j-KcwHHRqNf1xXFILAzRLX1EgZI-jQ_ZSHkt_kzeYm_aUtdoOwXKDFtQrDJE2oGyXaYkjvXHmyerdesZyKSa4I_EpQ8jIDTWlmuOabpQA1vMQXy2nDzf9uw/jTEojSjHMCRP5ALx7TKvDI5ed0dycXXxbPGTldTTjg4)"
112823,Electronic Pre-press Gravure Cylinder Engraver,Occupational Certificate,https://allqs.saqa.org.za/showQualification.php?id=112823,NQF Level 3 ,143,PIFSA                   FP&M SETA,
102318,Electronic Pre-press Gravure Technician,Occupational Certificate,https://allqs.saqa.org.za/showQualification.php?id=102318,NQF Level 4,569,PIFSA                   FP&M SETA,"Assessment Specifications Document.pdf (https://v5.airtableusercontent.com/v3/u/48/48/1766800800000/GL3TBjoa-JSa1Z07lym7FQ/7-hcxbSX-tNImXG4Lj00Md-ef5QRJGytOrFYeAVVg2VyCXzdwb0kF1icfHf4so-pFy18pbkUwVmLzWz-VKTksXy_HeGLNo-EsT4C8hw9HQqE2sCPnw70f3uQw1jOqvqLExzNoM52zGkNwNtpMUnDVaoDbKDFYo4fs4sRUBM2Cdo/vowtcYIYZzEeBI7Cc5DVQDJJCLylExGZfYqeNo-1mWM),Curriculum Document.pdf (https://v5.airtableusercontent.com/v3/u/48/48/1766800800000/PKblqqQMm4vBGZ8IhdS1Ow/H8Z5U3nY2P4EKfjy83m4l_B4DiA44vrOf_QgqUGG943Yajqxmfp3IJF-nVPF-ZLY9_6-GqwUHpsvjSF_0MiN3RqFGTQ0v1rsTsuncMbxrtobXJXs-POHYR41qHDtYkXEZDiGAEgg5Ylj5nJWlN8s09E5lGdu1ulY2xKx5A0s6EA/7dqJmsnmrMn3b_Cik8iY1hd8F1q-IrmYeqAhzNjKpFc)"
121488,Electronic Pre-press Lithographic Platemaker,Occupational Certificate,https://allqs.saqa.org.za/showQualification.php?id=121488,NQF Level 3,108,FPM SETA Printing SA,
121487,Electronic Pre-press Lithography Technician,Occupational Certificate,https://allqs.saqa.org.za/showQualification.php?id=121487,NQF Level 4,482,PIFSA ,
119436,Electronic Pre-press Screen-Maker,Occupational Certificate,https://allqs.saqa.org.za/showQualification.php?id=119436,NQF Level 3 ,108,PIFSA                   FP&M SETA,
91783,Electroplater,Occupational Certificate,https://allqs.saqa.org.za/showQualification.php?id=91783,NQF Level 4,411,NAMB,"OC - Electroplater - 712201000.pdf (https://v5.airtableusercontent.com/v3/u/48/48/1766800800000/1FV8miKWd08hS_MQblwXHw/f0wrFgawGd5MSnriYQw0q5i8rmedXMjrtOBAGeshUqN4JAJxi6Orr1_f9FckiWnjEZY6DzpqHlbjX9Vw79fUORcLPYO-6JjCIsgb8FWsL1QeIds1w_NxFIsDy_cJKCK3iGiY6LRIAhpo-5FpTRa3YVN2c5W8ojZtKqgl7INXi7c/CmON7Y8RjStNSpa7dBkRmxDiHdMQPglYoRe10Q5Kg68),712201000 - Curr - OC- Electroplater.pdf (https://v5.airtableusercontent.com/v3/u/48/48/1766800800000/zga-jyPjYAS7cIhpSFGgYg/hAFvys1rhKeKM87lu4dayuTGT74FR8jxBS9czmNXP70ynCux-O4JTCUNi9AGpjw3Mjk0vTmhEhE4GMwKuXOd1Db4mxgGwsQFugPRWkQ9gCDmKMvMQUvnmxA1-FdniZiOLoj2sNX8oRgKwbnppi4YyF08XjkuDo1cv31Ny4Z-NvM/hd4Nqk4PAEekjsOArhKi_Z3fdXfmMoBm0jznXwYENp8),Learnership -OC- Electroplater NQF Level 4.pdf (https://v5.airtableusercontent.com/v3/u/48/48/1766800800000/UFYLnFepaRgGMha-KOXhvQ/K153ZHCLbZPEDLt3lCLahH2GkEv20Tft3px-EOAUIXzbLL8yS4Zem7-ayeYMwnlP5XKcUFvi6m5aY1_5rmNCGJPSMk2qfaxTBc0f9qm1ddaqQ5H9-wctRWbxHbZ7rcpGQoLlsz4IXLjXafipM-ePdAEaeG8iRos4hkINMQmJenU6IlxnKQMmg_-Zob-tqumt/nTfQ1Yz78HUgVOuXiMCo8ZsqUSlxvi6BTvWyxMrRWPo)"
123685,"Elementary
  occupational Certificate",Qualification,https://allqs.saqa.org.za/showQualification.php?id=123685,NQF Level 2,134, CHIETA,"QAS - Flat Glass Forming Operator.pdf (https://v5.airtableusercontent.com/v3/u/48/48/1766800800000/CiblxHc7XNWoDWSFhXnz9Q/jdwq1PSAdSqzuHy0h69Fqalb9nyj_Mc974sMJhZktQ_qn9h3JlEI2v6VPOvJO5vKvOH9k9n96tORpdAfmelml05DYzoHWZOPEl2w6FVC2KJ2jKV7dTrGBF9Shlgnk06zBDL3TBJBWOsf6m4aQw0qVCbKWYLEDJWJYvEzb_KnzwKoGtkg0Lm4n6kFhJaEW8Kr/Oi5C9bKNLqEqWIXf6KciR0skeOpqNpWzTTBRXG3gbHU),Curriculum - Flat Glass Forming Operator.pdf (https://v5.airtableusercontent.com/v3/u/48/48/1766800800000/xzU5ec0AkvMNbW3VRNnSZg/bzWg7KAHJ2Vmku9OAn3f0UeV64qgkEDi35KuhZcgTF0gqDoplqhP9QrYkaEjdv7laOjBUjfWOrTuHoMRN2ZYB9bsS2oCBdrLfMu4AkKawCoad4FeHKRhcuq93k-fNzfY8U2xsmkBGzzvxrhv8_gxV3ILm8W8eMpEUt38Q1GMz_CTtJrOAw9_tLGDQ8hFkuHg/o8UDGjN6bEsVetdpRyP7vlXWj1uqCz9_Im82tL7mAzA)"
117469,Embalmer,Occupational Certificate,https://allqs.saqa.org.za/showQualification.php?id=117469,NQF Level 6,180,SERVICES SETA,"Embalmer External Assessment Specifications.pdf (https://v5.airtableusercontent.com/v3/u/48/48/1766800800000/9pwtt7_AUiTWcz14fx9RAA/dbnZJK6dh4OGHkuC_D0HEjXmKYiC-Yg5avK0zdHqgQo-VcatnQPkjbHJLIP6-hdOqPJOVxW4D7LuQf_fmdsMNdUaCOD_nPFyBSrtLlStTHQC0lUcBYl3FNkthdgclzIV6zudfml8dAqNzvXOdXgey8nQC1ZLRbBkqjMbAnS1BqHWQTe4WMmkmW9zVS7m6elX/6aRSKlpXHjgnkIeIN2FEkYJYh1BXsExMWf2eilLa3Tw),Embalmer -Curriculum Document.pdf (https://v5.airtableusercontent.com/v3/u/48/48/1766800800000/Fq0sCLTvzjf35RSVJq_DhA/s4k0-8EKt4oh8UPnGreJ8h26e7UriIiLHbRDWZexYtlVTMyeTZlnsoY54EgNiFUaQ1VIKTtcOmUA1jDhLiWXF-8d51xJR0gMX0rZEQn6zVlNFa17VA50zkiifQFFACGvi3OjzOj_sYFgwG0Hww0Bb9fZRvqd6_42RJixf3fMA_g/bxAkQ29FYO6XRo12AN1JopQLVJvvyWNglLMXezsY7Lo),Learnership-OC- Embalmer NQF Level 6.pdf (https://v5.airtableusercontent.com/v3/u/48/48/1766800800000/95ywnQv90dNptEeL9ppyew/Id666C5Fbfw9vnODGuC_uYzFt0-2Avb5JtRnuC0U1TqrfzXBozNCqBC82d0dR_HqzubI1dXm7sSdMbqcSe-gN5TLgyZKUF_lWLW82tcxdzle-imaN5VKyoVthDMYJEB9QCvAZDy7CeaULQ0n6q8fRMs5c6d7UJI1lQT7_36AKgc/EaQKqVYldGwlM_3pjFIZgm420N43tC1i7Zpub8gKqxk)"
117470,Embalmer's Assistant,Occupational Certificate,https://allqs.saqa.org.za/showQualification.php?id=117470,NQF Level 5,54,SERVICES SETA,"Embalmer External Assessment Specifications.pdf (https://v5.airtableusercontent.com/v3/u/48/48/1766800800000/CWStxav1XzJaZZdfW1iu8g/dMCQlPR6D-9kNMkYQth5_pQmej1Gxsf0yEiJOAZ0CGlJzaqvSlzC-fJj_eImH59U0Yjyst-MDdE2PyW1ZLrdeZcuChyDgrDdhGoC5zTuJtGHp1FTrZ6QY9JlqhtN-FsVr4rKlLHn4pzz-pMu2bOLqZAvJ6s-ApH0nhSQPLd9ij9uP-oWPgbPjQnJ5SqthYAo/GIkO1sTFXsj66MI95Ng5VIxl2sAin1zHCVz_YjkosoI),Embalmer -Curriculum Document.pdf (https://v5.airtableusercontent.com/v3/u/48/48/1766800800000/pwlust-TrR_nzHulp0KlKA/X7DUZMsY3fIbNecZa3hlN3_Qz-FKOMUEXCAk9jMRnbzF7TEtI-5AEwaFh8qsTa5mkjk3yb0J6G_I5I-XmxHmEcSFVIpO6E0EFDnjXBr4O0Dwut7JY1bkr9YiJ11V2QniuGdlbns0KWrTzqZ-0Mqhmu2EY2drHewNyexxMeXNFYA/gIcGBFTF3NnjIS6V7fwLZV92Z6x3GJGBFyr-BtFp4Pw),Learnership-OC- Embalmer's Assitant NQF Level 5.pdf (https://v5.airtableusercontent.com/v3/u/48/48/1766800800000/2eOpaoPIEtRke1bUbQDxkg/CFlrjKtlNjEUQ8iBRpXyolKMf8QZqOwiqbhzaaD4RwabV4u3oWHqFiCjFeRStuUHkvVwLyMGKQqz2jNo7oNxfK5oxTRVDBx8U4Y8tqEGDnpIovYcqQcNCfUmciwP8TJQJJB0GJCe7yJhLWGTU1cZKUYbwilcDeJMTeiMHB9xPaBKsi5dBqSqBfdDp2533bnI/9SxU0w599Z6etHSPLzAFMNckGa5vXJSfjiFk0Qd4VyU)"
94042,Emergency Service and Rescue Official (Mines Rescue Services Worker),Occupational Certificate,https://qspe.saqa.org.za/viewQualification.php?id=94042,NQF Level 4,32,MQA,"EAS - Emergency Service and Rescue Official (Mines Rescue Services Worker).pdf (https://v5.airtableusercontent.com/v3/u/48/48/1766800800000/3X4z7dJ8nwHPhIdz094Qew/YHvrwOse63lttP1dr0u2ugmVf11nzRsYvsks9pZxxVg4q-D8cdOxa1E06xdT6QaX-uq4HHA4Y8YWarovO3I7Bo9DK7lSuRccScY-EpO6YKlK3dfuQ8qAezrLl5OueSk4Sl6XrM5_S-jugNi3K6xe9a89g5Ns39bS6mbJ4l_pQ5FNlO2F2LYMzoIn-tzivxV0FLrsoGTTgwDAzIP9jlYHZvBLyo3uor_wCGQi9-_S_hc/D15NEjZ_MvGPEr8M_BCtKoiqesE1OiFqDfnHCMSv9TE),Curriculum Document - Emergency Service and Rescue Official (Mines Rescue Services Worker).pdf (https://v5.airtableusercontent.com/v3/u/48/48/1766800800000/NBY8YBkUfh0s_Uw03Pjb3A/9cT1YP1zESaAmU8aDTxHk9hvfkKrcm0rlliQWcnnVZhPV4pEKuFD2scf44TDjbTACidiV1lhzlCMBiT_EdXfCVodvBHblgfeHX9EXRh0UYqyWdajLPDSslx1dY0a0uKh4n0LgrlfiAyyqpZpZAwNLLR1jgJuwq7ZiK1fP65V1wK3xsHcKfIhe0ai6zGR-W4Gh6FAFD0iDQZ-b2KWQWNbGQ39spLgmzi-edJ478nkU2iqB4j3_es10bpOPJgueKeC/LozY19qrtIlcXRJqYn0595Gx_R2E-EbM8amVadb_xMk)"
118809,Emotional Freedom Techniques (EFT) Tapping Practitioner ,Occupational Certificate,https://allqs.saqa.org.za/showQualification.php?id=118809,NQF Level 5,56,HWSETA,"Assessment Specifications Document.pdf (https://v5.airtableusercontent.com/v3/u/48/48/1766800800000/vlFLa4-4nifWIEg4owT24w/DQVSRKIdsI6gi5GPUp8-22nfGh8MpZcNKbAq3AVWebmXMNXXzZ3jKqsjw-f35-lMrLrPCRzaRrFv2CK4LTqxz-liFTw_0IkqEUHs8Xy7rl4gVPvfkxv9Kq1dgQthhVmORB7WNA_pS8hcwHJpkvEhU3GdZPbGS0yb8qCuzZbHesA/qyp9omJzVFp-wU-lqJgVBGkJ-Kw5AzIHE71jQ-V0VCE),Curriculum Document.pdf (https://v5.airtableusercontent.com/v3/u/48/48/1766800800000/11wG6MvLGI1iSaLdK7yYFw/PA1An-KsRiew8-v3nsKz-KmU4sDtbWV1SMwBo0EoeuEn5JEXAyzlvWY9pzQOi2q1MhbvOvPJa677hMMHtUuQdjGiRlUuKLqRRQDsdNqJmN5UJPtUgNwJhbn5_9Jc0yo8MzsR_5uQmX78PaBlUfbFtVbEHwVnO4u2uO7dCAyuFNY/tKFdyTjQ-wpbpmCqSK5M-V9TkqkyhQTeL-V5YwFoRb8)"
105025,Employee and Pension Fund Benefit Adviser,Occupational Certificate,https://allqs.saqa.org.za/showQualification.php?id=105025,NQF Level 5,110,INSETA,"EAS Document.pdf (https://v5.airtableusercontent.com/v3/u/48/48/1766800800000/VXkU6OsERupo1VeUVGNZdg/0qDY1Km8Kq3dR9L5qd9ufWsGCvwoqwpD7IqTTTXpIqwmaH84wkZ01IfuHmPp1fupUTaHlRog--J-dV4GNmKQDr6fJNM5G4yi6flS2lAaKUOicp7OYt69YrDHxpjzLy1KDf5o1Utgy23z2ts7Q5TGXA/uAeYgLd1SXYhKhiO7deqn_Avq4bBQ0lckczRF1MdC-U),Curriculum Document.pdf (https://v5.airtableusercontent.com/v3/u/48/48/1766800800000/LSLCvNL244BF_G10_38N2Q/zOqL98COR-6SvItC8cZ5bzbWvETJkbaPCo--T9wDDde1JbLJGED8t8PKQG3OO2tWHoahnh5xfVQfN8HXZx-xPd5h5c3tU_0NoVRq85Xmiur_8xkHoxrtujalue81Wn6vdVWWdKeKs9NQ67U12hc5ky5WMWi4BarqWjyaVVqu6vE/oEqpeiFxIgSwpIAvX4kST1qUsxSdGMhwR2em6l5Bvds),Learnership - OC- Employee and Pension Fund Benefit Adviser NQF Level 5.pdf (https://v5.airtableusercontent.com/v3/u/48/48/1766800800000/_JINUtYuFu17Eha9gGQ_MA/izj5FBmb-ssOFtHOlLqF2rwRWK34Qgb-7VvX_jy1wANUNfyKXlJYzWcRnWovydvZU2J_mnLJMqu3zvrylFb0gXDB6aMyxnz4PfL7Napsm9_mvQeVmAE60rGv2NKS7byLP97P4gUfqS6fuccQEGEKuV40PDycsUQQOkxpY23x_i-GRYxQVY9ZhrdmXUa9-BXn4fXynJAyrWkA5CkOmZo6lg/Aj4uZQ-13uPKYUZd0EdOISp1ih_iDHXwcSmAf7gCe4Q)"
99426,Energy Efficiency Technician (Energy Audit Technician),Occupational Certificate,https://allqs.saqa.org.za/showQualification.php?id=99426,NQF Level 6,119,EWSETA,"External Assessment Specifications.pdf (https://v5.airtableusercontent.com/v3/u/48/48/1766800800000/LeUHb5Z2NCB4o1qMyfTcHQ/a0vPNOHbO8iALmJqNihR88VKRzQymlI0zHob-RP-q6CtffiUe7THQuwCpQRdXdiZOiNJLGXSb-xo3o0twYD0ALYvwfh4gyeKig-CGPcW_gQYPM_b3LkekgD_SAMaM4-tMCoV-a-aCgwJBX_bl5_79nZ2F-c_Lj0vmu9KwOYJi08/yDfGHJLyTzgoBVfKf6bmY-kJTY07VTw-njdmgF-AkUQ),Curriculum Document.pdf (https://v5.airtableusercontent.com/v3/u/48/48/1766800800000/FhmwoMEbHAVQcWFmWSg-4A/zn_LGPwtzFOdRUin30J7JvaMIcrewPopjm2fxaMOPbxieGFWbRCliJ0wDDzMEORJ-xYSmb573doSKMERCO_W8nmakTMV96qgBHkCz38AKwgHLoRNb01khwhLj1nhq2CntiJ26TVXdnejY3TE7QxHLpwEG1_1Vp8KrJrJMxr1dM0/pYG_QujoYjUpYZDNvj90UYg7L9tSNIaPUD444XFqzvY)"
118869,Energy Kinesiology Practitioner ,Occupational Certificate,https://allqs.saqa.org.za/showQualification.php?id=118869,NQF Level 5,65,HWSETA,"Assessment Specifications Document.pdf (https://v5.airtableusercontent.com/v3/u/48/48/1766800800000/beCO79RMCkv6_ZdeAtNoTQ/8TwzLIOMGE5S0Uz7_eMBdr5y0IokrNgkzQQj1V7usk7l4mq_VtQBOexJnWUQXF7EHOf-zVH-WuWFSwAeJJNxfZMdXxdaTjCIUtDVVVG3lP35dGUKuNJFOkUvljFRRGUwqcnXSLSOFLHrDGLD3XDYQrfD0phiMfYSss6DLLt0TGE/VnM4Aq-OlgNe6R2yv_NUzba5u13EF4jrpXppQN3RWMQ),Curriculum Document.pdf (https://v5.airtableusercontent.com/v3/u/48/48/1766800800000/m-xWcUO8ZVM0Nquo8NmpHA/MKfMH2L3JSXp9quGX_RfFRNt17KHogwy7-LeBqZ1UEjCWzubfyPIDuoInCQTMVPlQHQ3cbYLn07RZR84a7paFBgx6DaExDmOCJoYfekVAE1s7os9_uu1uqQ2GRI0Xu4Fqq-XKejfipqJXf1cKxT2GtSHRYTDJ_BzwT2uIH9fHXg/nLQS2gNkK5vANeA-gscP6t4hd8vBp6l59V59wYUfbEs)"
101729,Engine Able Seafarer,Occupational Certificate,https://allqs.saqa.org.za/showQualification.php?id=101729,NQF Level 3 ,138,TETA                          SAMSA (AQP),"Assessment Specifications Document.pdf (https://v5.airtableusercontent.com/v3/u/48/48/1766800800000/iu-iTf6c7dcruW3DY2jl_A/nXuUTV7EkM-R8jToZJj3niLj9xzwkLWiLTUf9zNorViMmjUPWnmuVXE_BthCC3HDSzMLuY_dEHYAZaWZHFwsb7qTBwqoalECl3Yc7cdDUVlFEe2YhVd3LgRcscPNnlMDrl-QCnQ221RX0d9E83iPZ8VKeOqrDfdHiVIeG6JeAco/lozG4u2QVahXrQT319gTHSv2br1fNgWtZlzCgHJbaBc),Curriculum Document.pdf (https://v5.airtableusercontent.com/v3/u/48/48/1766800800000/DhEQatW3ILhZb3i1E5_QpA/duSwsLLlU5Fzw29MCQzIgXPmJqgnn5B2ootoQcRs1yHFgtrOXPOtgcaqCxahOOtOQjg8GGq_KhM2YgXHjm_UUeUJ_P9BoUIdtN9qLfLlqihk61t-7yRpB-1hoxFjPNdUZhqT8wyk0ToRH5htaB16il1Z_S7fhzE538krMHmeoGc/JkJn2Bd-PV3YtpCakUAnrg-QAJIikViM3_XuPvq-YXQ)"
103098,Engine Management and Fuel Injection Systems Assistant,Occupational Certificate,https://allqs.saqa.org.za/showQualification.php?id=103098,NQF Level 3 ,253,MERSETA ,Assessment Specifications Document.pdf (https://v5.airtableusercontent.com/v3/u/48/48/1766800800000/IerDNP-ARnUUeond6IlIEw/HEXDRnwjblN3-s7UKB_cYJpK2vUp0NgfQA51vSBxLheWOHKIkyg2bx3yyhSmQwLjhK53uPXhvn2ROUIV4Tl6J0pgkuHIksWDMZ9gAKOuGrVEmkVUNF_x-9Seai9Y-hEtCC7pFLpjwszCtGee2GgsOHrDoiwEL0zpahiwI6FWeCY/ge1uRbvI_0Pp1X24EqDGa-KOi49nKnYp54Ua5yfWHMw)
102317,Engine Management and Fuel Injection Systems Mechanic,Occupational Certificate,https://allqs.saqa.org.za/showQualification.php?id=102317,NQF Level 4,571,NAMB,Assessment Specifications Document.pdf (https://v5.airtableusercontent.com/v3/u/48/48/1766800800000/pb0YYOzduWdwpVcwTQ0XlQ/Y39k8_lIKpGtyGPelMD0g_6zPW_8jgfdzUKFkIcpr_XOwy9OCHc0mUpAoFsBlP7a3Kupq7dUp-UT3AGhdnCNjsRQOhP9maMUPeBhsNI_t8zixX0343XS2PglS8MXhKf67mC3t1Z2BYHi3NmBkwgO_bEYJxZ0J4GR6nlX4WTvzRI/3A2m6gDRfmxeHNSioe7XYAMP0cSG1RUBHhJ1AFj0kvU)
104461,Engine Workshop Maintenance Mechanic,Occupational Certificate,https://allqs.saqa.org.za/showQualification.php?id=104461,NQF Level 5,221,MERSETA ,"Assessment Specifications Document_2058.pdf (https://v5.airtableusercontent.com/v3/u/48/48/1766800800000/JC4je6unH3gmi8i6TxmzIQ/-JULbMqWpKe3ckNqPu3OC54kTYQWs4BL_iKNNoMMNJDdgly8CKhic8HX2o2X_CdDFBf27taPURo7z9NLfwS55PhHUcEiIvydfxVDbFM-yRxtqWFZYHkoWhoCRJrhgKP6E9RNo8Pe6rNqU3DxcgCIqzGkEiIW-9AxCOtl3m3zHuLw2ffWsz3vwZP1TmP4xDqO/dy1F-R6Yjxh4_syoeDgLvY-o4pn9EA1TTLWUrNOfmO0),Curriculum Document_2432.pdf (https://v5.airtableusercontent.com/v3/u/48/48/1766800800000/4rg52Ko1LyClMTZAXCaNgw/f-2heqpk0_7ralx9o7KR0J_Qi-6vDn0ouHAI0u-xhpqJRJsDtOZzK4TI-S6XFaVex5CXQtMqjJq5kdBv5AW2vuQs4BQ4cAcpjoUSxDIT-qoafT_iDB7vWvL2545t-ASSDMXFj4jftuTM5r00PmC_R1M4hMHqBpwLVviwo3IATZU/nVRW3JZVhBCQorTmeNR7QoUpEzfGeXFKddh_A1ObdTI)"
119642,Engineering Pattern Patch and Repairer,Occupational Certificate,https://allqs.saqa.org.za/showQualification.php?id=119642,NQF Level 3 ,146,MERSETA,"External Assessment Specification Document.pdf (https://v5.airtableusercontent.com/v3/u/48/48/1766800800000/8VFSMkXNS8NXp9-PByE3iw/1RSr4TrfoD9wSNLVDBaXgHKZMjzbIZsJTNU0-Prq2rc6aL-R7ZjqNEwqWUaqrM9vH6B40h8vPWeo9_ILVzZ5AJ_pm1WBC3PhdaLSUJ52WnPHHKMG7NpSfSb4KlS21-60KhzQm0TRimHrZstfT8BxbZQukd_zX46hVYEVlPwozhRd7aPruFFgbYRTkCT1LfzS/mqJEya9nZXU-v3ZGANu0sXB-5dG3awLwhYqvowrHuBQ),Curriculum Document.pdf (https://v5.airtableusercontent.com/v3/u/48/48/1766800800000/EU7Ae_52_4OoJc82g9L-dg/BfTpK7MA1tbxO15qNajTwRFcxWUkaqx0dCZLy9cx3Td3vzDhGwntP-fzwXqqE0M4etS_Hky1ezRBrYYnJMwhlg28lcIxtv2cDlG-Wn9JYJuTCVnJo5mtiSN7e6rrZTC6WE8lq7Zd3pfObIumb_oAVMsJi2u8bpyWYYfvZGVD-N4/hluz_mz-tALUwmBzoDkjVC1tlWeuJNysOBBDFs20Nck)"
93623,Engineering Patternmaker,Occupational Certificate,https://allqs.saqa.org.za/showQualification.php?id=93623,NQF Level 4,360,NAMB,"External Assessment - Engineering Patternmaker.pdf (https://v5.airtableusercontent.com/v3/u/48/48/1766800800000/C43jdwiPLFt8EeYPmPDaDg/dHz2ACJaubFANa1ofO94RwwBaCoWi2B8ZcP-Oo-ysCB-d3hjpNhx25v2ed23McbX67aqDMoYHXSJrdGyqx3lMMkNmSegn41I4ttbZJLOkibyYQ6y-h-JAjTHvfDKLJ2ZCBtefOqr92nQoQ-uXPcHmo-SrbE83NMFrdl-nwKePWQZ3Yi_U3hdRjsOypX8OYml/hsja_Gv2vU99n8vCwayApyrUN4TjlS4wCDk1soy8NIw),Engineering Patternmaker - Curriculumn Doc.pdf (https://v5.airtableusercontent.com/v3/u/48/48/1766800800000/AzCWd8W8wg5itnCfwFMMnQ/EWbGElef1TraxNw_gx6Yuo9ET5rBXisoh5Hm8JKXLM5bTtY4PRql6Z0J8_fkQEKkFYb-7NUA4amXggAMAzdvm_A9dQCmmn3DGTXpHJpDUMT4nxOldGai820Vv707fmZIYanUEml4wNkRxU1gZUWrmVfCSw11kX_lh0EisZnylPHRBe4vnY0ZGrJ_Xlaputph/ryFvglYgmtJPmHGOAk-Fwz8YR0S8RvaLXlFRaa8l-Aw),Learnership - OC- Engineering Patternmaker NQF Level 4.pdf (https://v5.airtableusercontent.com/v3/u/48/48/1766800800000/OEl5fRN1AHTbdQzBhr57Ig/-DVGb7rS5Zjcm_0mrQJKjB0PWKYw-2qpP0Qwh1QxTqXkRMmQPPUArWpFGVUT0_14r3Ao2rco45Yt9cIlpuDttha-2KP-7s9X9-R2CXtRRBO13A-uk83VWdaauqnFCJy2msh_uW0lqV-Ess1LDQ-4BziYPVDIK1fdyMgiRzlQnIWt2mdZC9SyOUnc6JuMBvX2/sNAb1dxxqmH2q9nqBoroB_GriHHNYlMeJTq9PMQEwYM)"
119643,Engineering Patternmaker,Occupational Certificate,https://allqs.saqa.org.za/showQualification.php?id=119643,NQF Level 4,541,MERSETA,"External Assessment - Engineering Patternmaker.pdf (https://v5.airtableusercontent.com/v3/u/48/48/1766800800000/c5uF22VybOPV3S-cCVYZog/mrIOREsiMbRbY4k0jOLbuMGQVTif59M--98YP6Vp5U_RhG-jlePYbJj0rN4feomRt-xZIQTmKL6Yx1JCiClKtO1dSFDh9xQlflHwhCxQ3MyobmF7tMrp0Q9tcGCeHJyZINlXI2juOavYbs7wy691DSqQL7SoS2CH-eqhXQbcb0Dtmup1NHNDXfPmqzxW4SrA/U1P8FF7MrolN3A2xl6-_MdQg1XXzgkSyjaXqlQU8onY),Engineering Patternmaker - Curriculumn Doc.pdf (https://v5.airtableusercontent.com/v3/u/48/48/1766800800000/5YwCyNQRByYSRcrsKOClDw/nU_ug3lA1Tw0NgtPhvoQKMYJlrFe6U_NGrA1IksmHSia8AcqucFCi7ej5S9hgfPeKXgDuuot114dm9sFbzpvUKIOgiznArhyaaXOOFTaLCImJbEH2MpxqtV5fsHOzIulFJQlgJysBWQcZNidey7teKjVpbEVDSC0zd6bkdmkeSOFnBddmuGa-SEQgz2Lus5q/SmudjR9hruTgKH3Fax2YPwe2GJ4YekiE8rbqkPEtbu4)"
121889,Environmental Monitor,Occupational Certificate,https://allqs.saqa.org.za/showQualification.php?id=121889,NQF Level 5,102,LGSETA,"Assessment Specifications - Environmental Monitor.pdf (https://v5.airtableusercontent.com/v3/u/48/48/1766800800000/WDScIDECUE9Z85vFj0fOrg/h3nIlLWvjdCsCl6BNn0px52Q6OHml1w_EEUo88iLy5ShzGRHosQSt9bs6wKxcMO5D00g8pwAZfjZZBvkgQ6upt3nv92N4Fbu9xqmwXbJrtjhmDY-mYXYNk6UNVrVlyTz4Uhp3sUUWxuSYGo90VaxKHjfyKScShZ3TrTG6Mb4Prc6kYbPW24YrChawpkFHuGzZEAArqgqvg6ZcvUE_v5NWw/KbJxHY-hB4LjTsIOTJINONt56gPhmwcfXGcb5bWlnwI),Curriculum - Environmental Monitor.pdf (https://v5.airtableusercontent.com/v3/u/48/48/1766800800000/UAaL0lzu6LDIrQqq1FxzEQ/OVYPfze8hWSAq951wk-ejON9iND1QkPT58XED1I58KcubCD69wCpc1Kr4A4MrcT2s_pJjmxAssNldBe4CVA2uBj-PIy5HkSJ-GAisDnE32WxOJ9eecFbgnxyhU9xV6GsNwZMLjS_tE-G8_9h5KSE50LptkTA2sB56OIaLW3v5wQBfNWrt4qjFvGfH1k08YUc/vaA56j_3e73xO8C5zO8jOZ1YbHoS-mIKNzdGTAmg_AY)"
121547,Environmental Practitioner,Higher Occupational Certificate,https://allqs.saqa.org.za/showQualification.php?id=121547,NQF Level 5,170,LGSETA,"Assessment_Specifications - ENVIRONMENTAL PRACTITIONER.pdf (https://v5.airtableusercontent.com/v3/u/48/48/1766800800000/qtGDIr1QQI9hGvtQ4hvARg/hkcIILLXuX-GGmwspcny5Gtj1Ulqh6uFCU9PdDA7CjeDe1S_YvevLbqhPKGu-wXtWJr5PwOMyROJ0i2ScmMo_Dyl4DskuhzpsOamxfYdmqL1T4yL_ZDro7_ts3RHlQhLIvM5V8jOoCaVA0He92KMlyX179LwFNzidbjMzq5Y55V84tWG90QjFBa5ldReQGWkbwAPHbZ-sltzMGdCx6FzdQ/FvIGKAkkh2eM9qRwwQ-ppkEFhD7vMQzvrBgFWcdqXHk),Curriculum - ENVIRONMENTAL PRACTITIONER.pdf (https://v5.airtableusercontent.com/v3/u/48/48/1766800800000/EDGx07699ql30rJXqdvv_w/RPDrbzi30lvNPR0PfrdoeNZYELgJQ0wFUGGkdh4-puPe8sEosVoGpgq77QqbPXm3Z6viNW_FRfbzTTMT5Qi9KkHkOZz8wqW_J23QoiX3WAq1-ktmWgeuGx1QEl7iqlWGb8rK56L7x_EBiCgAQRihQ2TI743gbKibamlxcODHASkrWC2_qmtxJ7P1yw6Zqt6q/kNVe9pHXJ0GW_Eo9C8hVLjruf_xcy5jPwiiiO41efDY)"
99508,Environmental Science Technician,Occupational Certificate,https://allqs.saqa.org.za/showQualification.php?id=99508,NQF Level 6,467,LGSETA,"External Assessment Specifications.pdf (https://v5.airtableusercontent.com/v3/u/48/48/1766800800000/eazLcsNB7NJFVVHf0ZTuPA/N9_kUwA6C8RvU4VIwHFlmMFr2KGbKrhyyaAkxOY5PbG87JaroHGMzl7qmlpSqn-NtIyKOJRndC_r3F9KCO3Xag69Tp_c7tR8RLOXxXKSuHsQ-uyju_Oe8DKh1O_9x96D4LfjMu1emnNxCRD4mRS7ciiaRNYjF0cFNIxH5PxJcjM/IKjB65aZFCHdCZXZEMa_cGeYvAS_RTmRsxJCrvAK9TU),Curriculum Document.pdf (https://v5.airtableusercontent.com/v3/u/48/48/1766800800000/9lnRmkgaMNAys4MBgtfpFg/ciaYrylls_6FP-5kFx0UdMF_RWHJ-8iq2h-wdpdch7nkVn0AwDGGzhHD7Hyp2dv2q6TLSIF9UuJfgex-Wm8JJlFWdd39B0slWU40ojG0qRZmB-z9I8sFbz84nvoK2z_xaWjQRl55Bjn1MFZL0Wzb5-TSkic_8JiBMvehlWE__tY/6z6vhaTVCKXigSQE9d48sO-qWYOiX37Sd26-KGe3j3E)"
110360,Equestrian Coach or Instructor Level 1,Occupational Certificate,https://allqs.saqa.org.za/showQualification.php?id=110360,NQF Level 5,125,CATHSSETA        EQASA (AQP),"Assessment Specifications Document- Part Qualification 1.pdf (https://v5.airtableusercontent.com/v3/u/48/48/1766800800000/79Lpg5ahhAEEc5wJ_fjwQA/AAymcX7_pkGve0EU_i7E2-GhHlKfp4i9LfIrG_K9Qq2b3Xsl5FBjH-XXM28-E9SWuiY1LS84BhI7RmBp0zifTdvOuYLkHiVgNTfuz0Az1eAYrCNq6_bb9Lspo6aOn9kSYo62iaigrFI9LrRnF0v3pvanLlZS2_0kaxS3OZBLW7g_Q64eR7aeL5Q0Gt-A8oJIiRKqZ4_9iCXfFFg_iue5jg/nLJeYPYMq5moeKjho2Sq02HFFfFAi6YU5vY1tOYJWPA),Curriculum Document.pdf (https://v5.airtableusercontent.com/v3/u/48/48/1766800800000/gGzgLQFoh-_a_m9ELTAXUg/jDtWMTRqaGRmk8eoUWc4Wc9xoQW9hauH1yhhcvv_gwI6j-MccBR0LQbXsvdvCPMac7VE7lBXmFI894dX9tQHnK4WCzdXjl0M44fDD66lRwVv0Zn6hzbZ7PVtiEPrez4ZTpp-gGY9su6G5s5iPHZ-9EnJboGiS_1lDqBfZHU7Ul4/t0-960IqIg5kZM-BXFdbotLMjjyO3kdKkWVhbp5RcQk)"
110361,Equestrian Coach or Instructor Level 2,Occupational Certificate,https://allqs.saqa.org.za/showQualification.php?id=110361,NQF Level 6,250,CATHSSETA        EQASA (AQP),Curriculum Document.pdf (https://v5.airtableusercontent.com/v3/u/48/48/1766800800000/xLJ6tIZYrUa6TtNid1tF5A/85vt0IREOiEu3JJ1Vll4IhHtZEVfydcowyrqqpLWQo_hgiJUuhT18_2aar6MjOET550tKqmvs5WK-4Vfsh2aN8LBuiL7VikNB1rEXyg1GUAS_N3q4cYYRIAvG0NAuT64HbKJ3AMOupmKs2NQiiIcvHZdxYluKVLxkAQsxO9IvY0/mKyjnE2CkyWjXCh7-qEDSYltnhnkfo3dYteN5O43mOg)
110359,Equestrian Coach or Instructor Level 3,Occupational Certificate,https://allqs.saqa.org.za/showQualification.php?id=110359,NQF Level 7,265,CATHSSETA (EQASA)          ,"Assessment Specifications Document- Parent Qualification.pdf (https://v5.airtableusercontent.com/v3/u/48/48/1766800800000/nZbcwX5qezUwW8ce-aSbKw/0PFpbZzquPMzhnLZmcY9wz2ZO0w2UYKYE9gPfFfbwvX5ydVJQ4eBWmPxbRi2gZ9IMbqqy51sEbP-kuCok1RYH82uLFmJ2Q9_NI5LBMQXvEkfzYQDfMIoojFIjSjGAgyC9DlIBvXxZK9_GkJLWT_yMmy8ZckHRIvTTOCSEZTPMlC7q9jxvHX5JLnfkQYqKFOpeKfB_HjufkVLgIRbXrc3eg/GiTLhVFEEqbS9YnOgJbo5C2qWD5mVyBQdtQcaylgibU),Curriculum Document.pdf (https://v5.airtableusercontent.com/v3/u/48/48/1766800800000/pD1Uvw3FXFXE3bV-eKPmTA/EK601a6Q6dN5tvWfS16IaLSx0c9X4CKuLCDa5kWaC3GB7OgRfB56Gtu4d3E4J2rNc6hXvp4cUYUBKEzhPYUpOciFIShFlFj9OtI_3oYvHAiFnMtzstj65geyCj14o6W0NJa8Qeeb9WCo1VOKJKqDQhGPnP4eMyiQejAk6mHxyOc/rh0TkMxkfnTREeYtvtx-zG16KQbn4Bh50Ne_89uqEhQ)"
104460,Evaporative Cooling Systems Installer,Occupational Certificate,https://qspe.saqa.org.za/viewQualification.php?id=104460,NQF Level 2,90,MERSETA ,
101711,Excavator Operator,Occupational Certificate,https://qspe.saqa.org.za/viewQualification.php?id=101711,NQF Level 3,75,MQA,"EAS - Excavator Operator.pdf (https://v5.airtableusercontent.com/v3/u/48/48/1766800800000/Vg161nxBRf9ZuFLObcDhhQ/jCk0wD530EJtSc352rkXZ3VqO4o_ZZVknQvaZ2m-HIRZjf_3ZXLYI-jLOgjKiYeasGkdvV_WT9JdOeeKiuTihOhgPCEZFD1eBe5uWAh8v9Q7YK2-tLSHQJu7gAVzOI6kZQez3Fy0-sIb5fJmS29RzUUwTnv6xblqo2-HEc7SJo4/ol5w9MomGTlTIQ6h4DqxrP7ZDq1kew7KugvvP1kpZRA),Curriculum - Excavator Operator.pdf (https://v5.airtableusercontent.com/v3/u/48/48/1766800800000/dhOIVZjx60u52Ix5oj-k0A/9Ur48xBrNzRk-o4SAHp5dnUYgSvsCR11amafs0cG1LVzVN_F3f8rE84Yso5QLIzBcPp1zfDZJPHrj9S5QFWdUTYt4xFIErnNzVNCAIlhbNEMC7wGmFe7eRbpF_GhQtYPbeJeFFaWeDAf7a3IN0NwSnxgymHw3K0fJgYZh0BGRxyugL90j4labZa-kAYx7Q9K/TRTqIE58GNQxEtJioDsUpkSYtDvBEYf2bkT2a2v0RXI)"
122624,Excise Officer,Advanced Occupational Certificate,https://allqs.saqa.org.za/showQualification.php?id=122624,NQF Level 6,158,TETA,"Curriculum - Excise Officer.pdf (https://v5.airtableusercontent.com/v3/u/48/48/1766800800000/RzxwAjEJflh32K9MQDbURA/elom4ulozCd6DnQxmC9HBhG0mo7x6r4nkCH7Hgqn0lRtc40wZMGXj7XIZ5-sjfRIRT7HMr7FA29Q_mAtrnrTZviM68QbthVeeUt8Oi80XcTnhWfvLLGrEjxAGREyuLdsOihDA5SsFwnQUE2vnualGz0a9aHpv6azzJW49_GGp_w2gMqiqGKhxV2Lnf4CAoRc/X-p0SZnGHMOFB-zeGiL97DG2LdKIKJKOjPWe1OT9gtI),EAS - Excise Officer.pdf (https://v5.airtableusercontent.com/v3/u/48/48/1766800800000/1tdoGapY5yCf5Dwhq3cghg/WQFW0pF4Umlz_uiwdkMldSbuG4QqvQJvebz7V2sZs1kUmn0W5jsSwgDJ0I-18-URDxSleYd-Hrx3iD6HzhZSL1oN1uA-YG6bQQArgnkfwqEdEKk1xcjRK0yeUmNVZeNStHaynohBmc0ZVxs2-9ubil_B0tHfzAmfhktcno-qgBk/UE19qvAC5Voonks3hyFgYKKF4x-PlYfxuBBFnweL27Q)"
121296,Extended Reality Developer,Advanced Occupational Diploma,https://regqs.saqa.org.za/viewQualification.php?id=121296,NQF Level 6,218,MICTSETA,"EISA _Document _ Extended Reality (XR) Developer-.pdf (https://v5.airtableusercontent.com/v3/u/48/48/1766800800000/Mr78huIjteji-x-ncd0j5Q/OxUg_eJvEPf3tDDS4oYjqFSPMjoXLtr3Bh5yW0NW8pmSPdSLycrxjUVXGak1njlUduWGT2xS1V0aJczrQquNP2IbfuWJwXg8otKyJJx4pSfjr39oT2U5mTHATK3EhopMzum1A0l8pzyU5SF5LL1sEO9lKtND9m6KkM7usirNZO5xYRntCeI-_-PU-1COzRqb/VaH9qVg4RVjLVNKD9ax09obxsWmdGGcsliNnhL1g_qs),Curriculum Document- XR Developer.pdf (https://v5.airtableusercontent.com/v3/u/48/48/1766800800000/ONcRu7_3P4dnnGyBhkrOPQ/RcsNK-THOcGFYkKYW8h0m-bdLIs1dC13bzhO4wuuejRsIV7Zu0_CFdES133oHCwwBjw9N7sKGI1eTw_ukFrDeB0Fkk0EZoAlP8zVB0kfF2hJRKiin7DTTh29zaw-wA5kcMkU323HOuzfaMfqRTfx3UASZYg-UJkMmozZxjkiOpA/Bfx1Fkp6jrlyoNmlKgQhPAQxrvQivz7P6etjKUw2Hc0)"
110315,Extrusion Machine Setter,Occupational Certificate,https://allqs.saqa.org.za/showQualification.php?id=110315,NQF Level 5,299,FP&M SETA,"External Assessment Specification Document.pdf (https://v5.airtableusercontent.com/v3/u/48/48/1766800800000/LUyqprlAaJf7jwAOCBU10g/O-9mT6fdoqIpsjvN-D4sDy5RVSjy-v0NZ8l9OMrVrmhor9R02t38ayZqR6LDRx6NfLswsh44LD6TdzGAt07FCrMrEgJeB-MlvKxOqvidlALY2SD813g0pWEREXX5BsQomUl8iMN90EAKa2gy235Q3q0oLYdEW47WjrwVid0T2DdrB-aDzxFp5VftXlqF503l/PtDlr_024uTFQksfZvVpAsUQGee5MKEsL_uvrHMyglc),Curriculum Document.pdf (https://v5.airtableusercontent.com/v3/u/48/48/1766800800000/2wn4eSY-MKcTzLmWaDkS1w/BPlg-kxu7spUVkt-LWU9dNB2kEE2bc8KIvNpsKkxVEOQ0jFdXoHpmBXkBJenauTqKsfLqHZwMi6J6fBElY4P2NaFUAsp7GvF4-nf4Q2A7lqrO68Ei1l0hf5WC_IUC0xSToqxM01Nk35frXxB9GiUpobI_CZZm0jYbFIVekDpSDY/fATO3SqbaS5zaTRxnq7nbAf8EH7FB8yr1XWWXGvMYGY)"
121668,Eye Grooming Therapist,Occupational Certificate,https://regqs.saqa.org.za/viewQualification.php?id=121668,NQF Level 4,38,SERVICES SETA,"Eye Grooming Therapist- Curriculum.docx (https://v5.airtableusercontent.com/v3/u/48/48/1766800800000/4rP332Cpd-2Rcg9VIdAQtw/bZMC-CApnA08sqk4T0CFgfF4lu18frDEVYXXnkYXjdLvh7vtN4g9VWieopstIlTOruMruJ1TtPto27Bycc_xDqInSaiNv4EUQYn_hn-EdaFiaWDP3lsozKrKnvv9Aco7aItG1F9_aFHjEaKsGmZFuiWXf8rgZatoOn0zsSNWlISSZlgE_9qLLH6rtE5VNb8z/qUQPYxUD-IxZ15o7_Dh-d2BVBXKSdM3axlyVP7Ae-QU),Eye Grooming Therapist- EAS.docx (https://v5.airtableusercontent.com/v3/u/48/48/1766800800000/2OYRhS-LYF_6uCBXfLwdjw/h6XBQgD7ZOFy5C4aaQmKicqJqZu9fXv42ZK4a_1onZkw1penis4gGp-TzMaRQl5SYbxZL71ciakSgTszkNMeVM7iideyn2U9CBfu7DGqoMcST37KuRjFRcokqfFTvmetdsyzn84JWUV6TVFuWXg5JEbgzKYzaJC4GdymFSv5DxJFizIZfdmPG-jWYqbyei6Q/Be0L9BkY5V6sdfokpQ4rTHQarQnkAu86UHHxKjiKTCM)"
118112,Fabricated Glazing Solution Installer,Occupational Certificate,https://allqs.saqa.org.za/showQualification.php?id=118112,NQF Level 3 ,397,CHIETA,"Glazier-External Assessment Specification.pdf (https://v5.airtableusercontent.com/v3/u/48/48/1766800800000/BukLsQ4H2ha41FSdB7n3fw/3r68_vsgT1B5lmF27giywBcRvmQu262i-lmcV50RUOeqQ6WdTK4fzOBf5p7fokE1tViYKNOUyn00BCRFZcDFM0FZkJqAta8X7GlIR6PX8ejTvsF0k3TqfdSiyJREIwlaZvhftnOvcYaI1B_NYVb5cMTmGkWr3XkKG416ZqO-JQLjloeJX7PKfGs_PgcmOP58/qudFJPYZim0iSrg4p7YFSIfwIh6ais9QObni_FBFMDE),Glazier-Curriculum Document.pdf (https://v5.airtableusercontent.com/v3/u/48/48/1766800800000/pP0ZXlGZZ4V7aJdWJjH5Ag/kqvfYouUiG4VhxKvrrefAvAnJyEWaB8IzaWUNixeBZeRhnqUE7AYLDMxDisHdrXVMoUkhce3_G25bhkhnNONNZUgOFrat3MlEeMVeRrU_3EoKMe1meMUSeJ3dLMXuMVJgCUak5bcQ5tU24i5tiqPgUHrHGtvQjV9vTNdWdrPUpo/N0zfYz5AEvxOcPMR3fZ3I9F0FnbwzONyF-93vZeSndE)"
117008,Face Shovel Operator,Occupational Certificate,https://allqs.saqa.org.za/showQualification.php?id=117008,NQF Level 2,43,CONSTRUCTION SETA,"Construction Plant Operator-External Assessment Specification  Version 3.pdf (https://v5.airtableusercontent.com/v3/u/48/48/1766800800000/2SY9boHCDPspBZR9XlalZA/pG_TekFKDB5YVGuDNuxKKT6nKl1aJjlI9J42kOEdXncw9hUymDu7_rO8btoxvBm4M-NcbrrpFEn1cU0z7BqgDNVMhCXm_qW_IdaeIAJAVkq2h5VdU8QK2O6RYvcDbJVH3JVQy9Pj4GgsEQ_ZQdhzqJ-j2gA82uBq-Sk2pFFEYgXb9ggLN15r2LEy4yJkl_18wZ5oEz2NCQ7eFKabN3jm2tPaRS9s92KtmO1M7c9o_w8/WiNGdruxMBOJBrQ5dcAJMRPwi85s9gEg--7eN9tQs60),Construction Plant Operator -Curriculum Document Version 1.pdf (https://v5.airtableusercontent.com/v3/u/48/48/1766800800000/RQl4cARhKxJDYgWrCbI1cQ/HAyW_0_ETG2yzx0TRRxsEeUUw1PjmA9YvU2JrC_MI3v0OXRbSohjK37Gx4_E8YCiJoae3bCTU6jqYaUv1XCHZqKQRfbcjOhvX7-31zoOu3HrVrNjnFdeQ8D-8J69y1JGKVJSowiSVrj1duaggNO_z08Db3Cbyam7lsuTXTXyhfnaZULtMEIctUjh2YiKKsGWEJJAsywf_npfJCjKrsjkcw/ieZHXTNju0iMW7rUDUAu2Z3UWYRs4oIoe1p_F3lIQHk)"
102147,Facilities Manager,Occupational Certificate,https://allqs.saqa.org.za/showQualification.php?id=102147,NQF Level 6,262,SERVICES SETA   SAFMA (AQP)    ,"Assessment specifications document.pdf (https://v5.airtableusercontent.com/v3/u/48/48/1766800800000/Zaxf3ZX3tMGyHyqEF7sD_Q/yMjSTJCAGSHsgp3qmYAa3_QAPyoylX9bg1OIFdVrYr4PC7XWZmll6O6GTjs8BS4bbFhFKOy6dth_t8u5BqaZErCV8fj7PIy2kmACFN2j5cgijpRWiLG8-EUY5zlnvhMNOpvCYyHDlreJkDaEKWPSN3CJ9_BgVtu4pA6OsmGV4XQ/c9ingymHTCstZ4ycOj2c6VGyjDq4cXn8XoZ2kMzyHSY),Curriculum Document.pdf (https://v5.airtableusercontent.com/v3/u/48/48/1766800800000/QZEQ0t11SagyJiQwKuFjWQ/7lbmarNAEveqJTlwNgboIR6UmMNkyDQ2uhrfOuGoDSXizrA90z7U1RaCirsUz0ZXhNHX-RcdQMeXKVI50wvc1jYHsPAFhBrIkUmTzawonalTbzPPQech8G87qiLmzpPid80eqtyLelrTtIIAlCH5CXjGwPljJcQu31-TluUi_as/hKHEVsnAgGxLWyQt2MBtb2Jq6b2IezwiuPjYHD90qxI)"
119432,Family Law Practitioner,Occupational Certificate,https://allqs.saqa.org.za/showQualification.php?id=119432,NQF Level 5,205,SASSETA,"Assessment Specification Document.pdf (https://v5.airtableusercontent.com/v3/u/48/48/1766800800000/S_AWdhPuLbcziVd3KhI7ng/NdEShKlZaF5-K-YKIXbVGEONzEEbEf9l6YD7vXntKHuaojViXMS4debr5uiUaKbx2jvAORl4Z1ByQn7YATEzbaAs6Ik2vUBEC4EL6LI-oZcyIWRmPGGG1JQ7kaBoG7DrCwa8gtlk2tA03QVwnMW74xpxNAiQyUNz_hixe5zILTE/A-WG_gP5JlYl_6HTJBaJVwpwydh3wG1k8sZdDbUFGbA),Curriculum Document.pdf (https://v5.airtableusercontent.com/v3/u/48/48/1766800800000/ZyIlzht7Xxski9G_KrR0Xg/3b9HmN_q7dGFLrtrjy-kdoHuJPKsL3NcWFqE4VjC9yI1mXcVioCkRdtEfOPSvp6vkQL5-tQs9Luc6SLu1LaVHG_rPfAf8R0O_EzOGTBnd6jZ71IHVmcPw3U6KXKoyMfKV8wZfm7kwyGgj4g4B7b_DKwPUW-MtSqu8E5htdGb980/52n_UFWM3O4-i0L1JfqLSnCCtcG0-5e3VSYk99gjeps)"
121590,Feed Mill Operator,Occupational Certificate,https://regqs.saqa.org.za/viewQualification.php?id=121590,NQF Level 4,70,AgriSETA,"EAS - Feed Miller.pdf (https://v5.airtableusercontent.com/v3/u/48/48/1766800800000/LMhWMHoA6lQont9p986Z6g/Tq-DPCKjlA31UGdSxu-JBWAYQjQaAFTFhNLMQryP3dIRs_kbVXWUUlm-kri0iHK9ikpW9q_wvopkhi1fohrH-XlOxdRPn6qIIv-Tyt3TqSibAzyN1QZlRcuqccCvmulogWKpLFP8XLOgThkOh33RKXebiwfuVK7OounXbO7Zd_g/cV_gy2hmAUCEsmL6trZiYoexDLiW5yAPcDLsGML4slY),Curriculum - Feed Mill Operator.pdf (https://v5.airtableusercontent.com/v3/u/48/48/1766800800000/2hqiebqU_Kltz0XaQWg4pA/MRK9FvgftuKV5W7XPJoEdL3LdeRrsLTem_8i4xuN5YQvWH3cQa_buH3C_UVkerLcibw36mgXtwfFPaxeku1h6ykSwxfwlelZCBepfbYVEd-3aexG9X5eOhCDTtazMplnR-WpZV02Guazj75IENuNlB-W0UsBatm-ooBHyb7suoapEiQPPWm6FN_QNRRg47U2/DdwuK3aPfMtQdoKmzWORPPnlU2b66BSAstUwaMIHDc4)"
102295,Feed Miller,Occupational Certificate,https://allqs.saqa.org.za/showQualification.php?id=102295,NQF Level 5,234,AGRISETA,"Assessment Specifications Document.pdf (https://v5.airtableusercontent.com/v3/u/48/48/1766800800000/gDPNY0XxEeXAVG5XJfZiLA/EywqY6c7pN7UoM3R9Ww5j-HMoNj1gcZw5mhS0KkIu1gl-MdXlwWZsQUwAYHMbILpRB8JZWi-ZADCziRD-Qz0DhCCjvSfP7goHCCjWbElHZw_YvIfTEQQGvfg5rqJ228kc7cTAQDQILTU07G3cXpwoo-88Lh2D2zHu2fhYbD-O4Q/7ZM81CmzzaxeY4guL7hEl4bM4SMA9ZpNICwWdJ2bKnU),Curriculum Document.pdf (https://v5.airtableusercontent.com/v3/u/48/48/1766800800000/IEiGwTWAGKaPzGfr-m8ryg/-ZR2lXGQq8u8k-dtkQPoz6_469NagAwSEZ_ig_oNg81xRkX6YT-NtJWxPSSWmROu_mHiQlXxxiHGFVFse5gC4oK8CkmJH0__qvvo9gUoe9sB3qOfgGJTQpoqdGJAQlhLIbLMst1ON_TKjosuiMmVSdaVsqUB3WdsQlyGAfu4x4U/wf5uZHJe2cIxU79nnfKxurGp3cRwVFzM5IAedFCdMXw)"
121591,Feed Miller,Higher Occupational Certificate,https://regqs.saqa.org.za/viewQualification.php?id=121591,NQF Level 5,170,AGRI SETA,"Feed Miller EAS document.pdf (https://v5.airtableusercontent.com/v3/u/48/48/1766800800000/2FzRyRKR-Bt-sp3wSXIjHQ/dafNvlZRMjX6fpbMHQ8Ztjid9SQSxGz6jWh7u6wFF7fYYCvGMk2MdQrHbi-vcsST7x0PjZnOE6hN_XHcvB_ntNxkz5vRhuC7LivCRTSqJ8wrpLeywWV7FQ-Rg-Z-pan5sJuWvt0aN4dJ07iz8ybpZO-pQuGlqxo9bvB9Vt_Agyo/BA0_XGu3sVMKPIOqqUv_JdVcfr6FLEA8CgnimZxwhOg),Feed Miller_curriculum (1).pdf (https://v5.airtableusercontent.com/v3/u/48/48/1766800800000/F6fLpEJxziH17sMeC_MDpA/_sqDeqRGin0-0mbsDeEao694OMXMQE2EW8qI0pj2kb_BuESqqIqQow_iT5xZnAbQERWiBHP0bcT4_Dci9ASfcCNI1nyClDTalCS92_Ahxr3D8FuNslslArOC37pMUc30K1ygjbLSQQsSIWohISySwR6hMHw9unEqqF4LKAWsx_une0O07nj2SmV9vRw1miDH/EAWvfrRll-89YTWVZdXAaXrH8ho4FpWmgEX32_Gyn3k)"
102917,Fermented Dairy Products Maker,Occupational Certificate,https://allqs.saqa.org.za/showQualification.php?id=102917,NQF Level 4,168,FOODBEV,"Assessment Specifications Document -Fermented Dairy Products Maker.pdf (https://v5.airtableusercontent.com/v3/u/48/48/1766800800000/ox0arFf4XySulPdYxrsUrA/UeyMiKwn_WDlfoPqcL791AC6mLHHqlZAQfWYaTtOpG9grm9bmqx5JjNvk4BuZRqKmr25pHh_ju5SDK64RgMxFfk7i-JdoM_rTPUfzMw8Pwoh_H1PHk1V147_Bcp8a5OixvM6d_GQRLNJedrUMMaJy95nRpXOWbJuUV10xvoweKiky8HPKgZK01_VAhQM7fFMeZ7v4ieeotYARa0cqmkhiw/zitgrohb1QhQK3R6nvcka3yI85WusAI0AWc_lz78XE4),Curriculum Document -Fermented Dairy Products Maker.pdf (https://v5.airtableusercontent.com/v3/u/48/48/1766800800000/dPCWkw298LWgX1MBRGFdkg/Fks1OB8Q0Utmy8qSt5fKeRIiZ65DLYcgHONOC9PoRdbiKrg_KlyUmnKm-HLaZkbotn57A0crPuQI3yOH3nipQxp77p7i6xqGKuHlMw3YCXQHq3MQad00L3GQjrqffNtlTerAXNr6YoZk9oeQ3LhQVbTfBneTuspddJRjyTSLH1i6WJSbHU11msrK1Mamg3Lx/9DVT5qbFdFck0VFSUiXy-Q-r4zOUgRXqyP_-6Vz9asQ)"
121808,Field Ranger,Occupational Certificate,https://regqs.saqa.org.za/viewQualification.php?id=121808,NQF Level 4,100,CATH SETA,"Field Ranger - External Assessment Specifications.pdf (https://v5.airtableusercontent.com/v3/u/48/48/1766800800000/kvsgbjcTGBlSdpamQSsDKA/3XROlODzSU9tILKFdZ-nC05rTlscS-YpAwowWWoo9opVW2Gx1TzeW8TO1O0DGpsInP1eLk01psxU1D7z7a8RgDMXhJ-jnpUtd0iMyFCMJIqwqV8MmzDDuUCM4dRu90p0-WHLDR_P3hxo7EueDDO50XN5beIePYMXbWHfWt6mc6FKKEZePigVvCTMqFKAXEjh3tCeVtOFBXwNz9AnPsUZBQ/rxNKZ0HZm4LCeSkCFAbzYYnwz60shbfPW_5auWg67F8),Field Ranger - Curriculum Document.pdf (https://v5.airtableusercontent.com/v3/u/48/48/1766800800000/5QPDac_NDraohR3AJ6vojA/WyTDGnNaN0xSxIzvQ5I6MnJ4p33b1gvLr9njU3JzJz3cw9ttpBBNNu88Gfqion5x-VOb7iy4kBzN0G6_Q49Y0i1pYglgIxa-WoCUO1sq7Q4PTKM8TFw9F9zIf3Y-EPnzMsy1VdUYYb3ddpG4GXsm0G_tsYIL_tioqqMJad1mdyTvdZRPP2Ts4jEPUnzewJo2/5imWfDMH_M5ZWQe_8xOkyraW6dmas6oF82BpAAWAwW4)"
118091,Film/Coating Glazing Applicator,Occupational Certificate,https://allqs.saqa.org.za/showQualification.php?id=118091,NQF Level 3 ,355,CHIETA,"Glazier-External Assessment Specification.pdf (https://v5.airtableusercontent.com/v3/u/48/48/1766800800000/7PtuOju99qjWa-6daV6-tQ/HR1qBFwTu39Ntkx49s8_7dlhyhaVuIszCcpjqjHzNj3WVJmPpJQgjEhgiPqNQBuQ869MBsiBE2QEAJhkaGoN5OHohXReoAZfbvWQrMtbkZlu30stsvm2V5v4MzPYTCfuwCZxJ-feicRv30M93rbd9GQFBK2cUpEYnScmlljiUGdMn-8Nhvu6HoRlMxu5bFpY/YEmA-3A3b7XIC6YIXSR-RdzfTeiyA7vlTpVJ2vYnoMM),Glazier-Curriculum Document.pdf (https://v5.airtableusercontent.com/v3/u/48/48/1766800800000/ca2lvMLoTUmZvEjuF5Hcww/vhpYyypRkjd-VqNXu93h9QPSES5T69wk9TC4WL5EPPl9Az0UFTOh8y1hYIDBBX2O4JtYw4fcvNKuv6qhupVoTkKy1jwKf0d4b4DgAD0MVY0cD06qZdp8NCaioQukQ6bIeVbNuegmg31OtDjE46EdfD0mG53CUkx6TdsH11rFTSc/QJg-D9ZckeA_ioN7WefrvK4PZzauohOiSTp7UCpGLc4)"
121568,Financial Administration Manager,Advance Occupational Certificate,https://allqs.saqa.org.za/showQualification.php?id=121568,NQF Level 7,232,LGSETA,"ASSESSMENT SPECIFICATIONS - Financial Admin Manager.pdf (https://v5.airtableusercontent.com/v3/u/48/48/1766800800000/GhwB2iZ3CZpgKAgQjhxo2Q/swmfgu29HuHCeFpvYOpsv9BphFa51v-ekRFp6mP2qRtyK6he2OXK4adDT8BRz4FHqxjxA1wDBLskeykdKRteVW6OQDOXesm7w3dv3i59-s4TDRkg7X2m4CBCFph3OS2A26loNJxs4sM0mRfULVjzkNkH0s9NQHISi_u_Cplq549JmDBQv9dcrUDuJzC5psCbYh2IL_Ts4BKCCKW_IofV0g/4a8j-RKnjrd9nmvhfwvQdCDlx8KGicRUwYVkKK-1TGY),CURRICULUM - Financial Admin Manager.pdf (https://v5.airtableusercontent.com/v3/u/48/48/1766800800000/l4VamwDdX--WbsMZe89S2Q/fdd7OOz3IIg0TLTEC2olQehRKi7qdL00uuGIhYhchB5pYGq69K2aAktiWGAIjDV-OEeSeu89nQ5g1MUlWQvJSHbpgyd1wDfB99xSsmb5TX97tX7p2e2PlFaKty9TNkpOvyMzz-k2zWt9cCe7XHjnb9Mxbeiq95ab2Cy8a2MrfT_ulHI9KM-fVNAC10cZyB2q/BigiJnAU-9svZefm7wzNakkOpsZKzreUAZOCeYaP6hE)"
105026,Financial Advisor,Occupational Certificate,https://allqs.saqa.org.za/showQualification.php?id=105026,NQF Level 6,515,INSETA,"Learnership -OC- Financial Advisor NQF Level 6.pdf (https://v5.airtableusercontent.com/v3/u/48/48/1766800800000/ha7Zq0G8j5CKstdceJL4kg/x7X5bGvxJoRAxiy2MUpIuQsBYQdGBV2MODF7mvMcLr95BGKRZpgaYunehd5Oe9sfWq4mJMV9rb2D634RUu5kcFFDEdvCU1uxYdAP3hYvvxQJ8cDm21M6uaep5UbSB8zAd1lVfUx5L1jfgrbFF4VXhfJZMr52OpHHE09JhkuY3O34QUjatpInO1__SaTEexNe/828r3BpBR7wHan83tpMUyWp0y79GLtwvGqVmpsoXhd4),Curriculum - Long Term Insurance Adviser.pdf (https://v5.airtableusercontent.com/v3/u/48/48/1766800800000/KryW7yyN4nxA9nYFRrghww/rP4lAoGK33UIjkOFKJO83NXwE3ytWEqFM6M_o5gCuPAouOGPZ_PhwRxyjStAKPOyGmOU5U1SFZlKKdJCibtqM1lvy3BSVbWoCU-4weXy7bjXxBa_gGXStn-sgFEo1qFHATXUhOI1w21SXEYzKKX8iqxMkP0MY_kGVat7vKFrfN-JqqSvUT1AzkyH4vJ8ZSgZ/0pm5mOCxMAz2wReeKijy-scJkdNL0d6WfdDXAJJ8n9I),EAS - Long Term Insurance Adviser.pdf (https://v5.airtableusercontent.com/v3/u/48/48/1766800800000/V2lydK7SVu_Yf4ufbgpY0A/FUKCF0QJ-JdPpnBC_fu9IXVuE4aQ5X9HsooQXK5o0HEpQuN0qaL4uKoQ0-DqYuR9wtNDOD_d0qwySJJ4xASWra0y1HbcK8oaUKRIcqe32KQGzDLcRqJhOdCDqpfGv2Z2BwwWLsxsb__2W8fgmrGSwNh939TKDTd78kV7K6FJrKngLAJbDZ5railvkNjTMDEw/rqjGNEFC_GaiSic7Bnj0YWTtCKJ5-BmCJBCDKHLYAiM)"
117238,Financial Markets Practitioner,Occupational Certificate,https://allqs.saqa.org.za/showQualification.php?id=117238,NQF Level 7,180,FASSET                                 SAIS (AQP),"External Assessment Specifications Document.pdf (https://v5.airtableusercontent.com/v3/u/48/48/1766800800000/nBHu0UiVbYIUcd2odOCAGg/CkF0u9E0LFObNsB1CwdUjBxieo0-a8YVyh28pH7euvQXolfnakBERIpsR4FHC-k22Z25xAwdDNWgmC85S2RZHIek9npzLrN6Kl_umwfND4yCzhM7KjGWe2GMkaC_3LRgTZU6mxpIr1UB7NyOl7xDLaQ28MyaqfD5R9PXVjVqkE4LSzalfUa1_TQie3RKFlXk/yG7QrglqBGRJRh1jsuvGkZCfiYlOmC9RoCbazZeERQk),Curriculum Document.pdf (https://v5.airtableusercontent.com/v3/u/48/48/1766800800000/J_qIfbn4A8vzxY_Ggb4__Q/fcDRlnVI4gC7PQ_vtLqaI5TbxOnaztD1JdIhDZCzDHkI7j01q6O0jZmT2qDDcON4vcj7qB7Anc_Ec4ePN6_6GvIzTdKwc-jD9UWaKht5oYPCXhuwBugofYE16ecW2K-KPZOs8F7ZR4B4ehup7y4pFl8SToNs6uS2i1ZFlgTHyLE/yvlHqUwK8T4pcdlzManXTNR2VdV_lwBbb-Gr6GwuXkE),Learnership- OC- Financial Markets Practitioner NQF Level 7.pdf (https://v5.airtableusercontent.com/v3/u/48/48/1766800800000/pbf0uGVYGvsGJyx4Au4aVA/9BIpX92yJ_iw0rz7skxchxUIRQul8waoOqaLjpq55ENyGl9q3WIsFYIbc23oK_e1JCC70i6gIqYHdapcbKrMM1X6q5ecdHHe4KWh-Zz4BM9Inv0U_Fy6pyyk0tg8NfMXcXftY7BJR5tFsMQFU8AMFbN43aeJOiie-_rB4aVnZXzfbZlYhJXEIW2rmADIDPv6PwT_BQn8Vcw5bDw0y8BnPQ/nrccOAh94Arv0jGugminj1t6E-pseylY8n4KtSNNiKA)"
93603,Financial Markets Practitioner,Occupational Certificate,https://allqs.saqa.org.za/showQualification.php?id=93603,NQF Level 7,120,FASSET,"External Assessment Specifications Document.pdf (https://v5.airtableusercontent.com/v3/u/48/48/1766800800000/tipNEj4DCCR7r8MyBotk9A/3M5tRqf7iviPvUbfvMtwIr12TZD2HHK-Dtn3PjjKOfYeanKHV973xWPt4gX-J0k10Mu-WNx2KrctJopMR7ZNpXmxKC5OHFJyNqoZlfKTfBp3gewfnBLH9o2JR0CYeAU6ZqVcMTAp8MTbAnmkIt-L_uTlXGkWOceoGespqnOxPOK8YhCpWPduWmWcS-JXIL89/ru266g0ryk9Ahtp2440EwBpKskuvodHRJz9e75DhW7Q),Curriculum Document.pdf (https://v5.airtableusercontent.com/v3/u/48/48/1766800800000/JT7YZJ_rOvHKqwW03ZFdtA/_cw2_ryRAu_-CBnQpoK9l-hIL3zjC66OFjwn2O85QVbfEQ1Tsimds-EW54Kb8RtOulYi4nx7gDDjpWGQv7nmSFBGCqZAUn8wvB2PoBIh9vvffkiZ9n5Ak1oZPTanSq7-flMzF-6o-3xFGfnPABJSABDHyWc7j-HhY7e9bGtqvT4/0SuXrv6SXsWCsM--qb6gfACulZGjZPFHUjoijtfD6io),Learnership- OC- Financial Markets Practitioner NQF Level 7.pdf (https://v5.airtableusercontent.com/v3/u/48/48/1766800800000/U-SyLyOs3x6IPnee4z3ldQ/AL00HnoDVlgPi-r_FVR6MYlTt0uVmAbQpJEhMgEL99XvUFzQj4K2iMA7XY4IsPDDmIfS0nUmHRWvKmv4zMhfY2H78B2Zpr9nmES8xhTyIR3JhKGc2WOQyBqERhj6s5a5ipZyAxzfXH1XFFM_tDuxJxwHdModwF2wH1dY7TDDr7zs4suLN64npwbn-AoO7qJ3fkGgHiFDM6rfG8OIou7jqw/vIceCkWufAET6GBSQDZBAeIO4xrzJy8ZRLKNtINJGXs)"
121934,"Fire Alarm
  Commissioner","Occupational
  Certificate",https://allqs.saqa.org.za/showQualification.php?id=121934,NQF Level 5,32,SASSETA ,"External Assessment Specifications Document Document.pdf (https://v5.airtableusercontent.com/v3/u/48/48/1766800800000/-wWZA0k-cH1W6Y5Aw55Jag/tZuISO0SdRuhsBRFeyDWmSKeTL90VoTae9nh502m6sidahQvhwwJzMS9N6mTiYJnCGZssJOZpUoypYDz1Xw1DE7DakDTeoIMauCvbzI7x6Htu2uwQQGYsqFHDOMMw22KFGSxxUODLod8kHKsQvUKD7Gmj0esduo0BbFK_qu1OCsMJED4crlYWo7rWoTGKNP2axpccyxQj7DUdL4fvqhYjw/B89AmuAZNkqQ0Q4jx5k4XkeBA14Ju_jTXV0AGY4iS4Q),Fire Alarm Technician - Curriculum.pdf (https://v5.airtableusercontent.com/v3/u/48/48/1766800800000/UbqDhHtavj71et-FKGkUYA/aGWbQJAgiPviVp2QmqioFsiXLQgJNl9av7HA_URruYO8aI_fq_ekqR30oD7hlZwvxHmFi_7Bh5GNztu9wXEKVkSW_0xY8Pt0fvRwuzYjH5Xy3H8jTWqtD0mKZWKRER2Ls3vAntkBP2gggqfRxiYMOLviqO0vzdqCOeRVZFRcApwUY7lfP_AkRYd41AuOJdWM/yhgGpe-P7CtZtkCPX-S6_yIWJ1kUgz_D_FOfHzJx3wk)"
121935,"Fire Alarm
  Designer","Occupational
  Certificate",https://allqs.saqa.org.za/showQualification.php?id=121935,NQF Level 5,32,SASSETA ,"External Assessment Specifications Document Document.pdf (https://v5.airtableusercontent.com/v3/u/48/48/1766800800000/EWo8MH61P1S5fKEDI2fzlg/tNBClqyyWKbZfjpc4WIWPwGMUl-MiFHAWEwAQefsa_tSBmVr8DDyxX9zv66A7clF3O3o6m5Iwd8S5jp4Kd9zpwaRljVt3c1xf7D8QzcmIbWrt5BRzZ-yiC1uiAdOLuWXHk_0fKUCFGzsbPEDSVbkfnbNDYiP86lOFP6d3vG78XAmID7CUx39CCUQKCFNSEb4UU3IfzV2Fm54k6-4CtUNBw/Gn3J2-E3wqbstOIuggAi0CnO3DckK46DedTm85asUAs),Fire Alarm Technician - Curriculum.pdf (https://v5.airtableusercontent.com/v3/u/48/48/1766800800000/uZpNjdMsCf_NzzFKY1XTEQ/rjzNpDojaGHitjun4yfhILFe87FMvn5O9yUZM1aTwA1erE6esHMm2b49k1jXr2Fk325xBH0We7Xcp4QZG_i98woPBZzajk94B3V7hY3wreBPSe1DNx2rhIQZ_i-yPi-n3cRgYSJNc4eMf6PZnxv2CWAoNVDByImMpv3VtubxVUxKzpA9x4m9xi1Wuf6ZU4Kv/cZ_phT2O3d7jMbziKvuY7VntEtk-hnwEmcwjcCZT0C4)"
121931,"Fire Alarm
  Installer","Occupational
  Certificate",https://allqs.saqa.org.za/showQualification.php?id=121931,NQF Level 5,55,SASSETA ,"External Assessment Specifications Document Document.pdf (https://v5.airtableusercontent.com/v3/u/48/48/1766800800000/X46cu2Q7JnhZ2mgY7A4X0g/Lp_gUjn2eAiuloRF4UzEkyiLMkoZx1qkgGP4ed5FWy6ms4gjOkN3aSlNU1xlbMb8TTN_gdyq7v6IuEwT7_IflmZbDVcV7iERdPxTtWewleAvv4v56WQbMGkQbLCNc59exirXVCPmqPUBLsgywQFhzZ7NPpxqp7Jw3y7Y0R16cnJlSTqm8mQgtzoanejQd9GH9oxuCk2wdzT6eA9ZQFoqvg/iCcj4sEv1NgJBnVDzWMlJwBF8P4Pt_ZXbNBsd8BZY_s),Fire Alarm Technician - Curriculum.pdf (https://v5.airtableusercontent.com/v3/u/48/48/1766800800000/b_VtLbOrgTjavKZ72i2n7Q/p0XeoF30WYwslsdX0tVc1AbZvsPmdQv2ir8FGoXyuJySo4H9PJdgJRTR22v2JOevBpDXsZ58dS1SQOeaAQ9JIi-oduz4wA2L4fPe0oLYrs7a-f92B5hBkbpEmh-jIn6MsKWyV2uDHNyQnMDblTV3DDxVyXW9zBYhTt_37rcLe1xLRn1MqkUzjEf20LCS9Nqh/oSRMMzoNpg9BW5G4vUET3Hr6ewRqlGwZEeKW3JJdqTo)"
121932,Fire Alarm Maintainer,Occupational Certificate,https://allqs.saqa.org.za/showQualification.php?id=121932,NQF Level 5,32,SASSETA,
121928,Fire Alarm Technician,Occupational Certificate,https://regqs.saqa.org.za/viewQualification.php?id=121928,NQF Level 5,150,SASS SETA,"Fire Alarm Technician EAS Document (002).doc (https://v5.airtableusercontent.com/v3/u/48/48/1766800800000/krxRHk7CQ1bqj9NTy-eBmQ/JW2acrdEda2FBv0GUesgx30SA-yeTZj2abozOXYCSUTJ477e3vzwKPwxAEERfCQzW0ETcV90DYopBYUP9Qg8rsb9pyKYN__4tB4AK6XRLS1GVhRfx0oETRm_j-wpYHONRfYkSFO5OVQuMT6iAT5B_aWIt3uByQHEJ7xB3066XcKDb3ed6xP0z_wQz-POth1v/S77v039E4D1qF4jxpB6seM0d-coby9i5AGRXFYgZCg8),Fire Alarm Technician - Curriculum.docx (https://v5.airtableusercontent.com/v3/u/48/48/1766800800000/Uv3VykhCirzn63vPE6NFhQ/xSdSaQ-dixwLSiR8IC0S-mleGi63-mQDFa5Ry3V89JawiH_cJJrEoMamamCb8R-Cq7iBp7tRp24NyPUFRCohsrf6GoLPCo4cC00dj7lu70CvZ81hPRhI7T3Xt4XQ_uVqGbL1ikwNW8wx75xBEW17BmvKrUzb_Vt1f02X-g3oStNHZ85ec2jAJ-zZNQKX19Pj/HeKcOUBohldm6mfpxzID-O0dKdtQfFC9lLItr2XJg28)"
98991,Firefighter,Occupational Certificate,https://allqs.saqa.org.za/showQualification.php?id=98991,NQF Level 4,149,LGSETA,"Firefighter Assessment Specifications.pdf (https://v5.airtableusercontent.com/v3/u/48/48/1766800800000/kxscdhMcXAzYonnCsfQxVg/bJKTa4mlLgnLmOa45B0cfxTuFS8lfX7MSr5XCt75qXfu-HnOrKMkadYdFmw8QcHNe-ve3NcZFHJxDM1-t9J-oh4VCj3X6lc9SICn5wnODhInJ9sb_sbyTb91P9aIMiV8kqmM2FBi5mTDD9btPDEqWoKLF0XG42dwNmip4ZCjIRAvLHpcoq5vVpacOs7PiIrJ/luf6PytrLwY7KDAhMoxM9NObqyLKejVm5nve5nCIZEs),Firefighter Curriculum.pdf (https://v5.airtableusercontent.com/v3/u/48/48/1766800800000/MtObdrf1q_FVH_6UgkSWmw/_6bf1bRZKmE5s2ECnEz2xdjH8koPXoNVOa3wx9zIReBim9bgEYmiOH69YjDoJGXlGlDWWkLuFWEvRB-64igblhpcqbytQXPJq8LbC3H_qHWy-ffGBquQ5Zsjwg-5BjjjXeJoonE_v9dAioaMlCrKNXR7T3vRro4P8D7naijjgBA/42ZXYiJAJOst70oYub6MLG75oH0ub8tVMYVgyC5Jh9k)"
115722,First-line Production Supervisor,Occupational Certificate,https://allqs.saqa.org.za/showQualification.php?id=115722,NQF Level 4,86,MERSETA,
110932,Fishing Hand,Occupational Certificate,https://allqs.saqa.org.za/showQualification.php?id=110932,NQF Level 2,79,TETA,"Fishing Hand-External Assessment Specifications Document.pdf (https://v5.airtableusercontent.com/v3/u/48/48/1766800800000/QjF_RInvYX2p6eVraIBbhA/e7-L0JLzwx_XQVPLKbEJ601vzuziVWZdBrATNY9OXzRJ2bRC18CNuDsMdTHgHwBrLZfulxjTuWNVHBigCKcBV35dd1i4uhoSIguBnOXLx71RwqHUZoBmX7dAHKbw1MFfm63XM-IYTaBDp1qCIuxgrraduKLm-5muUFY5IJYanEOEh4nNwNd6uzh2YmThG1vGWQw9SNmadnGje3ACKCqR7w/x_mBmyqZpztZ5ZIT7GXPs2b2ffiyoHfoRjRWvGKyujo),Fishing Hand-Curriculum Document Document.pdf (https://v5.airtableusercontent.com/v3/u/48/48/1766800800000/G87HLT6IYoGxNXz1C0BvkQ/mA6ZbsTiVibFlzqRqK9fBehweltlzzatervEir6ATXVhzNSQFsUU-GAkrIjd2aXA-R9PfviuNhOC7EyRdlVgKZtx3ClOiiLYwYmF212BJqP3aAQVdAcyuVyKMxtd6tLLvWic9Hcmc0F8i7mlSDD5KGJbM-TUdW_YVBakl5iWFU0i3AISvXood9lqZRQlrBKj/y8fG_0PLmxiJsUMVqpnz-mqw59vtVh4LA3ejtvwQ4LE)"
118689,Fitness Instructor,Occupational Certificate,https://allqs.saqa.org.za/showQualification.php?id=118689,NQF Level 4,180,CATHSSETA,"Fitness Instructor-External Assessment Specifications Document .pdf (https://v5.airtableusercontent.com/v3/u/48/48/1766800800000/bfrnnQeEicSj1XVt5TkdhA/jCiZ1H_mU4IWLNM3e75ku7KjYa1Ipewz_46K7z-eFoXBL6MZAouMmpuGILaie8WFVnVGIQiUANI6jqnLHNyMmY8MjJpzs5U5S1GVa4JGB12he2LFbOX3by33FYm0O94RISmx9u_X-VOc-cLGWwkA9u7x-XBCUfBMK0XE30EL9PVvvzGSKM8IQYzGx8xweERp851IbSDHa4OZPYZEILHh8w/PFnwEd711vZW2h4-6PV8XUhCi4GebUXxWcUSnonuXao),Fitness Instructor-Curriculum Document .pdf (https://v5.airtableusercontent.com/v3/u/48/48/1766800800000/Nr7UAmghnCy16tjIBKNEeA/PzZQuRR56hTC8eLw8V8r4gAQdoiyX2ndL4rEN0cfmqBPuiQxIi5wyPjB1ECJSPyt2vNe7nF_DdJ-P2YEkIroiCES1ZUnKISXTCX3YpcJvpUu-9caJikn1YSV5ChBN3tzrQz2ZTPGjGV0G9a-INTvykLmmuIDIDvc8RvZknIcbcNFqHUo97-6lmZCzCxXzS6i/85f48JN9Jkn6c-4XYRpRjY2wOyBYW6YA3W9p2dAVZhQ)"
94020,Fitter and Turner,Occupational Certificate,https://allqs.saqa.org.za/showQualification.php?id=94020,NQF Level 4,548,NAMB,"652302000 - External Assessment Specifications - Occupational Certificate Fitter and Turner.pdf (https://v5.airtableusercontent.com/v3/u/48/48/1766800800000/2UDx80ELAYg0kYROpIUkwg/2DxElHaM6KOI9mLQ9q-o8grBsaOEXGBkO-cUp2403MTV3NaneK4pUQ9ITVeUXkgvRTNgI8ocNrnVRw1KZJ7lJzRi19xUdIcGspCIlT-39ntzDxkn14VHLZ4obq4npCMggpzHBqTQTdXnU1GS5-88Ry-lKjguYIsgVhkkeu73S5N3UfpOH-h9L4bNL04iCb3GI4k1amq4KDhmH1vDYYr_2AA5AcFaqvxuBVjYeYysyY620nREHv3t1BF_m1Yju04W/4i6pcAm79_dTv5fVJES6FuoIwzrwQhXh0e8kNsVw6sk),652302000 - Curriculum Document Fitter and Turner.pdf (https://v5.airtableusercontent.com/v3/u/48/48/1766800800000/PK4BOaBz0aXaTCxhfioCBQ/Z1DZcT0UEhOzRnJuE0CZkliGuaKIbHgcC5k34ySVWL9QVEM0RL-mCnIrw3CGpfCQ1W55wk25Kd8-X-Bg0DePGqUF8WaDlIRAV4duFBV3tS8a-i_T2yVzPy2ZDe-9urduf_aRgtAuEIZk_AMQhz5ZV1bK_boGVZ3x4nnEQLeTj7muHlmGMIS2eqamhFg0uI7o/qScOz8FihbgfdZqm7Z8z4R8l35AFjNBZuwwLxGgrPwE),Learnership-OC-Fitter and Turner NQF Level 4.pdf (https://v5.airtableusercontent.com/v3/u/48/48/1766800800000/-njC-TTlhSuHzKHSHm1bdw/01SaeXiSvpzFz-NFLyxjn44qQQf4a0tAJL2tXG0X_QwHVJyhA-skOkfM_fuFOC49hcvwIX9IadbTv6EwLMZf5h-d80rRia1kpSyL27ZYZDZtaUkUIn_9zcgkcF3H3ZO-n6uLo2JnIzvSyE2PhHqDnBTX2AV3aK5-yprl6YdSRd9-irFvStjAVXL6KNLjWe9_/IaAtyU87k6_twT_mb2q2DDRBZLgREyBGM9l_8wFqhUE)"
117235,Flammable Gas System Installer,Occupational Certificate,https://allqs.saqa.org.za/showQualification.php?id=117235,NQF Level 4,349,CHIETA,"External Assessment Specifications Document.pdf (https://v5.airtableusercontent.com/v3/u/48/48/1766800800000/rdjNmhV15R4Z7bFFkjcEfQ/a3TaIyTW25ER8WJY7iIKaFK-VXhHG0-4Dzel48piy8tvRBQuwGouS1fjsjaIfjy5rYIxPFZEow4_j1flOza7SwwRh648UqtDCsVhzORM03eyyBjbTglAMgcO6YDaUR_3EsCxXucp1b2z5Prds-fipuc8j4-Gmr83KNSeJxeab0_mpMBvGZ65BEqiI-Ni7pAY/uPqLAHq4EaiJtrxlUrqIUkscljoWHi7hfEEmOS3Ic0w),Curriculum Document.pdf (https://v5.airtableusercontent.com/v3/u/48/48/1766800800000/h3xjc5j6JLjWvXzZkW5usA/Gun0IfnzkXcet_u763LmtHJ_el7XLLdfWU2jtd0VxO7DsmPI53Ydq-KAxIbaml5RlEOlA30SjZrfSoNp1WbjZ_yxTyg5EE-cdP4MtRcuQhtbBlrv_BlBdzl2W6SE8FS_WjjGbpLG3irWApv7MDKwqesV62hrT8wKfS8htOs9LAs/xJjITq5aPlvWXdY3BCc7rGJvUMu6N3Anp8r8zZmSy6Q)"
123685,Flat Glass Forming Operator,Elementary occupational Certificate,https://allqs.saqa.org.za/showQualification.php?id=123685,NQF Level 2,134,CHIETA,"QAS - Flat Glass Forming Operator.pdf (https://v5.airtableusercontent.com/v3/u/48/48/1766800800000/soZjVzaKPKLRHhqLC6kASA/LrOPJo4y69JUS8cbnxgjLAvbUMxmvM9eiqx1o_ARMK3MQ5Ctx_t09l64XCw1N9bJVFOCawYVl32nULsfSkMalvciSLbhwlnP1mR_6VbHyWW-FI-xXgKszMCv_KeQnQ8pm5UCmYAdzuG1wTW0tToLvN92UOiMSHsWR_eg5-CN_y6E18aet6Vtfeef25YIWcuR/dz007r2YoLF2VbUJ47QB2bjODfMPEoUF0tT2wqjswVo),Curriculum - Flat Glass Forming Operator.pdf (https://v5.airtableusercontent.com/v3/u/48/48/1766800800000/u81UD4AsbLnHSh35jFtrVg/ZBbFKW2cHEy8PAV4_YR974HAsETL_fDFzbx0B17mrHXJCSYvRVvQ8Q0dDZD0fInkdfsMYjBHIL2F4bva92nHH90dLqdkmzbahtpaVjohucaAvKNue4hTymBI1laUFiFckpiIVLxZOKPOe6GvpTN-WPWA1xBOVWvMuN2Hd3Y-WA4MDjFrh1p3ZzKkDNrcjuMX/sGQ7FJ5swRYmlknFLRJiOqWOFHOj2GSORRy3Fa8MGAI)"
121467,Flexographic Plate Mounter,Occupational Certificate,https://allqs.saqa.org.za/showQualification.php?id=121467,NQF Level 3,131,PIFSA ,
103220,Flight Line Operator,Occupational Certificate,https://allqs.saqa.org.za/showQualification.php?id=103220,NQF Level 5,334,MERSETA ,"Assessment Specifications Document.pdf (https://v5.airtableusercontent.com/v3/u/48/48/1766800800000/x609EWP7c_BT0nQGHrJsHQ/n1A1GLOA68A519r5I5H8kMf71vuPj7b4PvfsoOOBYScpfcLN9ZSJey2JgNDNXIRxmQGyunDXUjI5cAnMvqmhCUTNyciDq5XK_bWLwT1t5NHYYPJzycvf_exoIn9fS32_kmSUAVRRuYjZhTAeTzwRdhmIDLkI7iBLoTGHMRre6A8/Zx8UlPV1A_yIIN0bw2hHsNO8nkK4GR7zbKHMFwinhIE),Curriculum Document.pdf (https://v5.airtableusercontent.com/v3/u/48/48/1766800800000/zPTBdPl5HQgFZmdF04Usqw/wc5i0LGtIvyLHvEhY_WH3qOZy7qLPW36-XQKxI86DB31x805sGk5EVcmsLvxEyxavAj22mTITrA37yrNkXWKpo7WlOFazvsCSaWFFFi26uttIpg8FAPaQoVR4XCa9G6LDl9vZPiTqBHARpMKqQF3yfsfjOxYUuNZnZIibZ_45kY/wY4H0LB_5SL4vsp3wCiMS_on4UnXwjdYCd2wizBiA5M)"
118117,Folding Machine Operator,Occupational Certificate,https://allqs.saqa.org.za/showQualification.php?id=118117,NQF Level 2,50,Printing SA            FP&MSETA,"External Assessment Specifications.pdf (https://v5.airtableusercontent.com/v3/u/48/48/1766800800000/qjiSauEVhL0oI0nFjyG6Lw/mYYq7jsG9VeYxPtio7KskLSFIB7zqZDrPbeXWezN9swoe4u1v0qYWBbsLmH5Af1YtJnXqFoDwPw9e03BpRBgDNah8XbJwgkfvLFeQtv6Avru5wuUC69RDBqhelb1_UoqUM2NtSoNryah9tcVo9STRKDV0gNqAHrSBKPtvJyVXmE/oa6mE6tHKF7yCaF_5Py7tYEZh1BaGpyi-tsFUJXKl_E),Curriculum Document.pdf (https://v5.airtableusercontent.com/v3/u/48/48/1766800800000/nHpyLjIQT38BdZF60WNgew/ibUiozFECAR9b7fmTmXt_MbvPtZ2lorNuiSfZrmEOQJ3aXSw0PMKTG35iQhybcGT846oNF6AbMJNQcoOfbDT74gY_3mj-IXrRJsgkp07slXkptjZQvPHzJ3EVGI4hpwGlUrsozNfkNPROV93GhjMd6sOCxFYP4opT80knnD2piE/xOa8lfsIFa0NFDTdl_qgrfT0u7226c-PA5flD4_Q-Kg)"
117232,Food and Beverage Gas System Installer,Occupational Certificate,https://allqs.saqa.org.za/showQualification.php?id=117232,NQF Level 4,325,CHIETA,"EAS - Food and Beverage Gas System Installer.pdf (https://v5.airtableusercontent.com/v3/u/48/48/1766800800000/3Mn7mM6Atsc-XgswdaWBGQ/4plwzFynzODMX-qRQH5_Z6g_SOr6BS36od2dGz9OSUWkU7DBcJcoKNI2BZYCgnr9mB_o4KAki4Wq1dL-mfk1ycTge5aCh8Hx4sfQKvoZ8-n90PYIJ9ycSwr8Rnn8goYCNQmhs4vUYN7VqkwyjIVkjH0j1Hdde54GN0TeYUrIBkC0VRFqBOU2uAnhyq_UGsyw/4kH9fXZFtIAtPKDPzVPtGI-9I_0AKaTEX4l20CvXeqQ),Curriculum - Food and Beverage Gas System Installer.pdf (https://v5.airtableusercontent.com/v3/u/48/48/1766800800000/XuNCBSmXx0xYbvb3Jw1X0Q/lBkQfDSFx_XeQs9A-R804Fk06EVMJKa5SdoYdUGqQ1XDBvFAfA6jfJSJ4Jah4Iqvq8GK-_Gy-Jh35xZwLO-a1kYKrBE7VReqgicN3zPGXzZ5PVyLmiTVu_p8pgtBHobPBu2-V3tuku9ETdE2lQLSH7Lg3_PUO7Qr1FvID9Cpi6BLFb3OD51HXIjRMscZdsp88VwZs4cZ7aUFjpc31ohX7A/xZKXsbK_0-4YyvhOH6uDh1Plm3r1obJEH0JmbF8HQYU)"
121148,Food and Beverage Packaging Operator,Intermediate Occupational Certificate,https://regqs.saqa.org.za/viewQualification.php?id=121148,NQF Level 3 ,123,FOODBEV,"F&B Packaging Op Curriculum_4648.pdf (https://v5.airtableusercontent.com/v3/u/48/48/1766800800000/dyEXUiB2h7-sam-LmAxduA/ahX4kNX_sU3PvaQoi7cybXP8bMsSNYOUS9fzwsbtI0a5E7CNHtT7qzUeci-LHJBSuOFnOtNKsWofOwdiJhTpv0aW0ChpIsmUGmk_sxebEjQMglBygl0uRXO3_u8enChpM0HVQAKhmQmRu6PHkBjotebmR23VEcEmzPbohRJg4io/xBxNu_O3Hy75rhCOwg_7PqlDDkSGVn7FmayYGqxJDeA),Assessment_specifications_3634.pdf (https://v5.airtableusercontent.com/v3/u/48/48/1766800800000/9EpYtWHvV-D3xSNEu7q95g/_A7q3MUTyHhr-uFZ4Z0stLrhCgxcZr0tqdLrsZZLXOMKkyBrEnb0WsuFyPsR6vYYKV5Vs2IjwYRpHXmdTdnJTL35d8yKyVjPO6NHJ84CoAHBjAoHOSRsFhYiLrB_vMOXlHbshgDD2B4zn0B-V_MmTGCFNmn3raAYUYvlc0jMB8c/tD5kz7cC_8gIAWF-x_LeVgE7sEFk_iVGlPigiOUwo0M)"
121149,Food and Beverage Process Machine Operator,Intermediate Occupational Certificate,https://regqs.saqa.org.za/viewQualification.php?id=121149,NQF Level 3 ,123,FoodBev,"QAS - Food Beverage Process Machine Operator.pdf (https://v5.airtableusercontent.com/v3/u/48/48/1766800800000/fUopSfOpuy2v9Owh2wDcnQ/Vp0KEKXmcxZeAeKTner6oUlsAeIJ7fvrYnvtXBlbXODp-pQ4HGsDGbV3XJedv9lxjfg5UOxaY5sS2Y9kVyOIPCqZGWC1E1tMBoY5lVXWkg0CPpAGXkyjzisGTnRF32vEtllPSOFnl5GwOuh16ohEzcIQd4FD5qhAdVIDuj-Y0Oe66f5F7SnQA8phv_J-Kx5DHuoX4BrWnE7gljr-2EzHhw/UPyMJxoAi3pncP0LHkIhDfPnWpRzEVSP-3vSHaXQZd0),Curriculum - Food Beverage Process Machine Operator.pdf (https://v5.airtableusercontent.com/v3/u/48/48/1766800800000/UOCKhLUc5G3ulX8xpuDFiw/3i_FQ76B4bJfraRTRpHvSFEJtZ24q3sxFCSRD8ZPPuRRhQig5YiFQiGg1XzYxERbEJA6sBOojqSSSkNOdktW37eFQGZLeTycPxTiDiltock9Ka9fFVhMmX_VDJe0e7xy-xm6l3i-KHhnP6oo7UTMv3i216X1ffTsWqrt7ii4p8upYoeU9jcaAAaddgp9otsaOtBnlmqGIQBDZ87Wsc3h9A/MgdlxIRKxBBQpVhQMwIeFUO-Ca177FadzmCYKzmtf9w)"
110644,Food Handler,Occupational Certificate,https://allqs.saqa.org.za/showQualification.php?id=110644,NQF Level 2,32,CATHSSETA,"Assessment Specifications Document.pdf (https://v5.airtableusercontent.com/v3/u/48/48/1766800800000/LzXqSzRsMqMwCKdoZzAuRA/qoqrdrL-A-oFag9V-sLj2WJrUzO7PNIaXip55NKvP5Q-s-w8r472BRxlzBsCGWN9qf2DbuCWbli-ciwVAjrqegqzS8cl8VhetrkPR1Dl24W51yHBnK6b8DsLa4OOIhZsxzucIh9kT5tNlrwOOxEnsUhi9S4MYdCqbysNzu5fM8E/8RHk0Kciop8TP7a6uoDTrSBxZ2g5R08-Ufq7wLXPRKE),Curriculum Document.pdf (https://v5.airtableusercontent.com/v3/u/48/48/1766800800000/tX8gmo4786cHA3NuXpNdqg/Ctya4ng06XwcYFQ8jeD3shDrWgrLJ_yGfipbAxXBfZQLUrmD1nbAj-15VFBQgt56VgWM6HyOHK13KGgQyXGI0GfVcWVuGkEdZ9dzX3jOgwh_B2zgSgnd32QAlilWcHjnyyHMcEaKqiwnDs6jwYTL96Lqg8e5phwQhgt2Opr2c34/cS2UTRDOuzo9Tp5ist5raO_nijEAFkT92y6juk14DoE)"
99232,Footwear Bottomstock Production Machine Operator,Occupational Certificate,https://allqs.saqa.org.za/showQualification.php?id=99232,NQF Level 2,112,FP&M SETA,"External Assessment Specifications.pdf (https://v5.airtableusercontent.com/v3/u/48/48/1766800800000/C4b9nOJx37RHkohd-4MQeA/Dv5rdY159BaJEMOIXygAetZFqjiPlpVxJQN_RPdaon0ACN9a1EjAG7OJQpdP3WXeNcpaufx8ihqO-dUcaqJHqma9JIrIWsPRJ9HSExM41DX9m7guvTIqzVweAsDG_J18ZA0-hmWvB0kAzqUXX_AFC9EoevfrIsHYUUQSqVG5P58/HtDdU8FX26MzRXHjc9qAiOYv8XkvWJCwivgVO10Y7kc),Curriculum Document.pdf (https://v5.airtableusercontent.com/v3/u/48/48/1766800800000/vCUvVI0Xy-Fh0rM40uK7HA/HLFepKMJKkG3GCcnY7zOL1BhXd0tyi-sYgg5DJk_pCMOKxga42h14vSE25sev_4H2cOUxlzXQsJpJ6gKWjI9NRibBiELn-uvLSGQTMNdz5uPFZlcW5DxF1PnNojTTerY7pUtvbojZSnjiFzwkqoynobho5UwWAEZMW50laetVjU/emhMV8eHYqySJjzta_A8H5XZbIjVXhql2wozHSrMKlM)"
96374,Footwear Closing Production Machine Operator,Occupational Certificate,https://allqs.saqa.org.za/showQualification.php?id=96374,NQF Level 2,130,FP&M SETA,"20140604_715602_Footwear External Assessment Specifications.pdf (https://v5.airtableusercontent.com/v3/u/48/48/1766800800000/KB5QLNP_lynxE-L_C5qF1g/-pvyr5rg85fKcDgj8PCyWDyxNfplWQywpVHoTVP2t3zCeBtdtr9vBDTJmbiIVAgEN6uel-87D3EA1Cf9IM6hyG3-zog4tpBqYsZIu3_quEy4mbbMTe4653arzVRHC1ilcS6Mp118Lw_IHhJDKr9Rff_Gf7yRNIV_MswaGxvI14-AH2reBF4vUD7FxcbNyAo1abOPRtgibo3nXnUzvUMO0g/UgvTE6Om5tnse4NoC8J7uVmKUZDKnaSbnpg8FI9Nrpw),20140604_715602_Footwear Curriculum.pdf (https://v5.airtableusercontent.com/v3/u/48/48/1766800800000/lCFdSSnimVvIM2ZM008ASA/RnG7KqHDqw3nj1z6FSsF4fR5IbNFAUS8QBju6A2vqJ6KcaIXbc9KkBh3pnkW0CgNCk6tnaQs2x4jYpzSf4y0D1qHg4l5eygVVjB5o-KqIPxlHktrXO-yAbIoc5vy-svNQzpDegvCZfYdd4UQ92V4i0YlG6PWtygoc2IZHSiNVTc_hQA86RCGWW56aRzJd95I/Xanmy3mLFBdfIQlTJIeM0iaFGvjKjvkOvszb3aZEiWA)"
96369,Footwear Cutting Machine Operator,Occupational Certificate,https://allqs.saqa.org.za/showQualification.php?id=96369,NQF Level 2,130,FP&M SETA,"20140819_715601_Footwear Cutting Machine Operator_assessment_specifications.pdf (https://v5.airtableusercontent.com/v3/u/48/48/1766800800000/ydvyrlIbeMugOWscX9TMkw/4q77iC7ScV0MpYCyeOqrYbiPnjmkOLq0P1kauYJwYxpVBi-OcvtIuaFLD7KdUmOrlL2zEAS5S8cekfXVPv-rdw8Ii78NeNEFiIsgeNbG1c6p8eQyE7-9EqlKyraGlVw61AAZ2Mg_Tg_f7HbykeODbYlMs5dR-n2Vo6_YTtjIQMpgbJLnkRNSrht55ietR_84Auz-Qd_vxheR-qgRevBxzShCbiji0VH9EuwuqeYfS28/KtHqv3pTBpcIzdZdG5HnN9sZOrabANUVKpxLXeNwBEE),20140819_715601_Footwear Cutting Machine Operator_curriculum.pdf (https://v5.airtableusercontent.com/v3/u/48/48/1766800800000/-5l3t40hO3vAzqSwDBOcSQ/-7ZtJwHZN96VBRujPiV-aM-R_F6CJBboDBSRd--F8mN3CMU3hsN4lVmdCrQc9bxXqFhwC1mk_IkgeSkLAktdNl2fG8Okxxkds0IIG2aTeBxC_ntYyi80kn___eeOMP6cl-I2QZsSbLCjRzI2HbSboMAzBtzOO1ZJpwTPTsnVLFjKE4JqfvAv60bnifb8ghVmu8Nh0Ga5cAfFe4w5TY0SFQ/oVh3SJ9i-5-7ghcQ8LsporSwFkayFamNUrPyfPCQPgk)"
104882,Footwear Designer,Occupational Certificate,https://allqs.saqa.org.za/showQualification.php?id=104882,NQF Level 6,373,FP&M SETA,"Assessment Specifications Document.pdf (https://v5.airtableusercontent.com/v3/u/48/48/1766800800000/EqfaEnLRouc4S2n9G5VSSA/PRaJnqYGPn-4CAE1SqYuFK_a7hxxvsD3REFlSnV2ChD7kFp1YajypTXSMpfrSd7lVHl-KJrW2sl_dU0T13HPW1pYVB_9BHPGXeaABKPs6qABJHWWho9qZ0-zDCCyMaBw4oJcMgx7ldvWt2mQg4gCSxGdBiU3tFu_dVrfV5hSATs/tBgiClnVvHAqCm-kFA0ZDtlAzI70cfjTQkxyAhGOPUU),Curriculum Document.pdf (https://v5.airtableusercontent.com/v3/u/48/48/1766800800000/CGjgAXrpgwf6r3WxXwSGGg/63EX4UEO7wG0ToqcHSrI4-ZdlOh59I0E5wyF9W2_HosafraVor9Pilurbs5sUTcBRziDriAzhJin22NNpC3lb9Ylnk57zGMeArOeeTF6dajVWbbdP6K6lT6YClcAW4PVW0dmL1uSLQuLdjC8D3091MUUxyLXMzqKoGauCEIkmTk/aW1SdeiHKTJKSwtmJGoi621uYa6jIBBnjV5AZeYaa2g)"
101674,Footwear Finishing Production Machine Operator,Occupational Certificate,https://allqs.saqa.org.za/showQualification.php?id=101674,NQF Level 2,138,FP&M SETA,"Assessment Specifications Document.pdf (https://v5.airtableusercontent.com/v3/u/48/48/1766800800000/LZB2D4dUcSHJg0BfoBw48Q/m1gkY_XZNypJpjUSkSSybp58BFekRmYsWDh8yMbdCnqjHcA-DeOGMZr1xIN_Q3-y3k8c9PU5eaPM6IhgkbI_PC6RBE1sOPqhskGswX7SWEGr-daxlxU_zqZhFNu7rsStTrdl0RSva1KfFODW9R40RiYAcfsMZnpQDyTXyzfMDpk/UtPDAe02WkwgBsWS1JmL-WL7dzTg_0sAChvnZuimDkc),Curriculum Document.pdf (https://v5.airtableusercontent.com/v3/u/48/48/1766800800000/e1UW6v1ByJJIwDHzM50ASQ/Nlue1_hjmPAz1afKYhI2ljvdRA4AErDqJQlJf5pDYlT57i49lu1jxOsAzwF2b5l41afkRAZXL8mcD2YY-lNsdlG-hKnzLHMlbNhnmD5sYd-Cp0eibfrmkAMgXQZIxz1IekbRXFNViUTwh9EiNzb7UAlJVKhsV0ZerOZ9HFKAbbc/BCCSd5geV7yHEe6hD2N5y2P7b9LM--6GovLSz2P8JFQ)"
99258,Footwear Hand Lacer and Hand Inter-lacer,Occupational Certificate,https://allqs.saqa.org.za/showQualification.php?id=99258,NQF Level 1 ,58,FP&M SETA,"Assessment Specifications Document.pdf (https://v5.airtableusercontent.com/v3/u/48/48/1766800800000/9W8x3DAzSQOesmnYcjNgCQ/oTvM8rjZdXke8irIkDPQt8RsUf9_liCJ7qpfx2e_xUqH5kwhLWegFINZMJD3MATnn-LjmnDvhJywFxVNV-yaIR1PAsmis--u1XHEhHtACrVabQCeZLToZ4oEmeUfUW7yGcmd6lUFhwoXXLwUSNyeEaqvC0so3Dj3GUAacrhQQqc/wdYrFsF6R06ZGzazn2sFfWuPPkK4ptWDfq8BUzugmrM),Curriculum Document.pdf (https://v5.airtableusercontent.com/v3/u/48/48/1766800800000/WVWKQjZ03w6xRnBhCo06_w/9YgEbMo-kVdD7swZjvSdwUFs6Xg-hHrckalYt8nezrv--1dkk4RT9tby0694ONJxjaBtkTGr1EqN0SljVFRk7M4eUqB6jB5rR0Eu_Ufd4WTd4kTOOt91kXjNugz-ecMOqRk_8-AXA8nsFfJfowXJJj4n6ctVLNSOHnOSyq10ZmI/pajE8UrIPKjycgm3SwvUatr7d0aaT1kiA4uwnlpz0lg)"
99259,Footwear Lasting and Making Production Machine Operator,Occupational Certificate,https://allqs.saqa.org.za/showQualification.php?id=99259,NQF Level 2,150,FP&M SETA,"Footwear Lasting and Making Production Machine Operator assessment specifications.pdf (https://v5.airtableusercontent.com/v3/u/48/48/1766800800000/j5kXnQAiQyWm8MMjGiSQog/kIik1FpzCkdp1h5ld-uogs5edW48_aNdvYVmKxOkanvs-5xlNCLRDhMfhIhxCAl2YfKMkQNf7Ub_WBfe625C-T76tnAGsI_8mwRh-NYhGAoomFE_l7gWZ4D8OGefCVq5DcCpVVlSAn1WqK_ZUrNPztl04rh-E8di0SaIDGAkzcNUGK3lnfJvGUUTPTb3db3RKqS4y5RFmH-u-4IN7Mgy39hPEbDlf2KFcdN_GZkyAoU/whQNHMla2cJvyjWzai6ZB3z1vGlLaiFXszBH1Hs2ivI),Footwear Lasting and Making Production Machine Operator curriculum.pdf (https://v5.airtableusercontent.com/v3/u/48/48/1766800800000/uUvv6GzwGrjoBxCpYjZ4aA/T6OyKwBDczlE1LY8VQTECcqt41pfSnHwS0AgNE3vjUtgb5G_yvQ1BdLlrwFrwr_c0YnlrqN9SF5LWCGE2xAElFQz2F5jOZLZtndEiRkOBMGIIa81q98H2wCN0YYRXfc1-eUF5HcbOJuj1JCQcLp8BzbCBmW6PY2mND0_UEShZARyjwTI77Pl9QMcwCI8hAtdOyLmvP0cBoOriBZUxOpOjA/pFpXRmswGJe1n9yHk6ODp1DJTpz_HJqEwMmPeBxbRsw)"
118787,Footwear Pattern Grader ,Occupational Certificate,https://allqs.saqa.org.za/showQualification.php?id=118787,NQF Level 4 ,26,FP&M SETA,"External Assessment Specifications Document.pdf (https://v5.airtableusercontent.com/v3/u/48/48/1766800800000/lwqduSlK2sPf2I5Orb5SHw/NSWtWvNzR3_dYmv5o63TrkWoMMXWpyBFQQ9hYkmL7NsQPgvJ3iTtHgqRPuSbNfSR7mPnMlPm9_J1mk84mY_B9-HRtvGGlMzI798jpLb6nwVAFX9Zl5fWvEEu4r-0tLJUkEKNsL1VhUzqHmrTKWjQwlzWdzFg4-SK5sTi4LbJPZhVUTGzPAVSS3VeH97qNHJt/Ca9Yz26dz7mtnakn9417l4fnSdhcQDVFjuAtSY3UeAQ),Curriculum Document.pdf (https://v5.airtableusercontent.com/v3/u/48/48/1766800800000/aiPiaGNsXTfOpuTNduxbeQ/3SIybJ6QPw8Mypr8Yx4H6a4BM6aVPieeCmgXSHP7w_Gfw2HJZxggXOxHghhqW_Y3wgCkMvdwJ5vZPzpEPOrE9lisywpDZssVjDixnv3fsydn0plhWwgKI1SVh-q5QFjr9G4XtfFgzdVvMz9jCKuxBq1A_Bj9GQvDKU1Ey3LrJT8/FxG6vlf8jDtbib33yhbC-8XFWpV5aavU7MWnlqvu64Q)"
118786,Footwear Pattern Maker and Grader,Occupational Certificate,https://allqs.saqa.org.za/showQualification.php?id=118786,NQF Level 4,121,FP&M SETA,"External Assessment Specifications Document.pdf (https://v5.airtableusercontent.com/v3/u/48/48/1766800800000/ofjJFn67wKlkQey3ddU89A/uRdUuGi_jGbm3RLMmXD9GMco0IeWOdmDRHg0djE746MRrFKHJgeX2EfkjpV6Rl2LQt4aPm_rfYkzHHnqCSqSs8c-_ktkIFWjxZLxdHA_ETtm56tdiqrPnFM6YNkgLFF44Nl_pJvMkSu8PBYrHtm0HkAl1w_bmK_PjCg7_rO0n9S_48Af9-XR4H-P5DE_jT54/7FffPZ7ZTUETGtrvBsyvWwK8HJuOFx0onGC3GnvqEww),Curriculum Document.pdf (https://v5.airtableusercontent.com/v3/u/48/48/1766800800000/F42k_loS-uKXSguFXxf8Iw/1tmR-KddZg51hPRd2HlQEg2vAP1uDp8kVvgh3dzcwCQCx76Ygbju8zsSNSP8CJwZ5TCiMuspYOI2JzInc4aY9AithH5HTZpZRbeGRCRWZHgrpIs9r3yH3T_aXjzfo_kcxtU8QBfCdDD3guvDe8uj68ug2SeE3BBlJC7azLMxxLE/CooyDXlsMXuw-qkeWpoafE3IMFE4sewG-79ElrDVd8E)"
118229,Foreign Exchange Officer,Occupational Certificate,https://allqs.saqa.org.za/showQualification.php?id=118229,NQF Level 6,243,BANKSETA      ,"External Assessment Specifications Document- Foreign Exchnage Officer.pdf (https://v5.airtableusercontent.com/v3/u/48/48/1766800800000/rP6dlg-NyfK9Xu-MHB0xHA/HnQ3hwAg7W9C9E9XoXDMOj8HATmRMhYBSYwzU149x42BCEthXtAjKby8COQkzrDgE9XqKC2P8JpvvctnrRBxRhoM5fHQtWI4Elbyba7ludLGJOpKd97fgxqCUjqAypVxi8lgHQOAPtwLYJ0mMiH1K1huPnzrVPMy06yynBbSLL5DizzMQu9B_qUFW4QUOYMlcb-VHp49djXnaQp_YWq1aA/WKddyuBUugSBQCFZYZ6u10RCPPiXNZplfrfg4fX5zfk),Curriculum Document- Foreign Exchange Officer.pdf (https://v5.airtableusercontent.com/v3/u/48/48/1766800800000/5WrHhfaWrHhxsfrTmpKvWw/480DS3LK7yzRcfCV0TlSkiKdcjVjrKOG9fL2jfuQ7qb3KWdQnMt7_evANzu_DVY4u0hgVFuV8WHm0thScWlYzHlE3mIIjQ2DWUPGp6iA1xANbDGU4md8qv7pO4gbfyX9EdSmdkRpae4ppAP3d1r4I1mKr6liztRu212OEJ4q8pk28CX-k69JyZMi0zqSmLxR/o4S0CUPOD_Z5LL-BY0g9oj3K2DzJ2PA9nDkB3AlVoQM)"
119447,Forestry Production and Operations Foreman,Occupational Certificate,https://allqs.saqa.org.za/showQualification.php?id=119447,NQF Level 4,240,FP&M SETA,"External Assessment Document Foreman IOQC.pdf (https://v5.airtableusercontent.com/v3/u/48/48/1766800800000/3MTmYVN6fJg2kF23aMHNFA/zkDteV8opeverRayvF3FFuBxyaqcgaUSd4gYQf_1dtaRXBcWQm33kVJEeJf-AuROl7xKs1m3R5cl_RBecBX8MwuVZztS_8tW5EeCXbX4n5Zghz3H93M-09oTQmlUISix2etefuto6cHmlKLWSLzTQjh2Ds0MRQmr1wRBhb7WQU-o9OGP1MqsIcB53nYAfSaw/VkwbO3mSAn2ecK5Iv2kBS6q6_k1BEUsUfifV9eM1vq4),Curriculum Document Foreman.pdf (https://v5.airtableusercontent.com/v3/u/48/48/1766800800000/zdQtYOxlmC_60jVVBG8TUw/7WhelIaSRzk5mIf-M9WIXOusv7GpCp2qNUMEUVVFpj1xUDQ1xIal-JRYGSyt5t1VqSO-ORsbC_ecWySW-uV-zPE1fP8-XoLlnFg8qWBGNe8KklGM_H7Qo8RmlRKsi0hEOW-5CwBB9NFGaCSUd1wYBz-yh1xv67ExY9TgfgsCnsI/eZCgdrsLB90OKVueojyK24TmFYuzCxce02WYU0TshzI)"
119462,Forestry Production Foreman,Occupational Certificate,https://allqs.saqa.org.za/showQualification.php?id=119462,NQF Level 4,96,FP&M SETA,"External Assessment Document Foreman IOQC.pdf (https://v5.airtableusercontent.com/v3/u/48/48/1766800800000/-fEHcEsohDkDLcDSTvw2ig/tBYlGbwQGZhIg4r03piZmwyvUGVB1155yMNVoh7E4Nmc8kQIDlcWu8ksOZIkcx5GFH_IFUOE-rjU56F-q0LuFanzkMHsD54d0weAd7EpORDo1Nrgr3-QS6_k1e4-4n-W0QrRuVLKfxeLCEThP3LaCIwgu0LaqrgOqU-O9ZlRe1UDtJjkAqBhXmfxR_6SWuLW/WEebbQwTeIC5tC7v5S1JRtGxlytPJIkzfoM2vUR8V5M),Curriculum Document Foreman.pdf (https://v5.airtableusercontent.com/v3/u/48/48/1766800800000/XPnYvZmMHSiYQ9owaEj5Yw/fSplZ-lVwOu3ISXx0L_5yR0tP3BbatQmZBElsa6_pIbjWznMcHxac2GCYnCaoQeJaV8BvJpVAx-qfsnfO2lTzby1dMWtM_ZS9ucdMo6CfVabUxvwH6FZK6BesxiLW-yg0QY0DwnDvLjLGz1K3PXSniV87FML36LRd5s4Wsoe9b4/Gwtnt1SQE1WFUWWNIlvj37yQ_eUizBZiWjkiCi81GXY)"
118209,Forestry Technician,Occupational Certificate,https://allqs.saqa.org.za/showQualification.php?id=118209,NQF Level 5,129,FP&M SETA,"Forestry Technician - External Summative Assessment.pdf (https://v5.airtableusercontent.com/v3/u/48/48/1766800800000/L4HZRnPIUpfcfACT9Xx22g/ZHT0j0AqTe-THAO_7CRZ2-8QPDmXfghWSJTrnfI6V4Gdxr_RwJ4-EFTCFxxXL1K2brlGEVq3Md0g3XeLd_nn5K6qwKUpuWHB14hgt5PQsZ1_qLcAVIupcBVSaOTZqibRMK2GYziADCtqwBiq-fyXLqz_fedU5TwonrzBC_V4j9KWvr12s6Cs0n4aqnZ-U1om/wrS5kMlkCG2-b-HuSz_Tt0z7KqArkqvFcejXNVHhTFY),Curriculum  Document.pdf (https://v5.airtableusercontent.com/v3/u/48/48/1766800800000/38-RvclVzKtoslM0jAlF8g/qqq6ognq1anwCTcHs-P7FquD4EqhcyFyO7iermsOS01DwuZS0ZvdUhzKXu9rpmj_kxn90ITCGIqJRzK_KY0IkXPVFaBAvSk528fQ5O26Dn79DE7IAQAnYzi8owQAJMKGd6l0viHNQhyQT1P2-ZJuDYy7yJG8wsvxttkJ17ZpTvE/-YWdAKfJfVrznRvxvu5JkTR-bKrN5gcZ18Kniionn2g)"
103261,Fossil Power Plant Operator,Occupational Certificate,https://allqs.saqa.org.za/showQualification.php?id=103261,NQF Level 5,541,EWSETA,"Assessment Specifications Document.pdf (https://v5.airtableusercontent.com/v3/u/48/48/1766800800000/fRm0HG7drGhHjlBvlWgDSw/KJ8CMt3D5OpZW5g3UYj2VsR80QJtFCFPssNDBccPSB_FCwrl1oHppcH9o28vcsQo26djnLJ8LbzGyJXVdB113c8zHMlgUxUzQ4KTs5xhnzric9U7NaRLB9ptYgrqC7BaqqEivA2cb6XP1iZEwpLPXy8xut8feS_tVCs55zJ6IHs/Nt47YwgulSaZtBLzZO-8uEEoQguZRkEwCLxYbhHoJjQ),Curriculum Document.pdf (https://v5.airtableusercontent.com/v3/u/48/48/1766800800000/4d9MhWVuL-oQg8xwCB56jg/bhDMMmU3jGzY6Khu-pP26GWeBn9NHQl8Yxb1YiSfUqYw9sfVZUUvgROzha2KaP83xaocUgkZerjVf9ZPLnYp13oUlYnUKhiu9-9O8MNQ_-kHiI9SfPV1CJgsNhnL8_iFi_sDh0_g9ZLN-w13ZTCq5o4U0o9yI3-x6F1C9g15Ipo/eFR6BBtcyM1jrH0rsOX7tJbE6L4wSmabJHwlGYHMz4Q),Learnership-OC- Fossil Power Plant Operator NQF Level 5.pdf (https://v5.airtableusercontent.com/v3/u/48/48/1766800800000/Rqj1eVzGRRyCZXbD1ZdWIg/N2__6dF6MHPJOF7pqSMrXTWu7ZgoRULArsuIPA5RjczabbCnQ5Gdx2RrSdKXMTUGeDYQz5wQ9sIa0NbEto4TtJ1hO3gnVF-UH0PSbZyU_IergAE3aSNk2xXD5rkbQeU4M3DqF1CVri8dnahRzGUKDbUO4-hTTI2qgVjH-NdhGJmiOVi7T0a2mz4JxKrqFC52/RKzTbgGVPOu1gkLfaAwSAbpJYX3U0ouUoShcD-zhKTc)"
97384,Fossil Power Plant Process Controller,Occupational Certificate,https://allqs.saqa.org.za/showQualification.php?id=97384,NQF Level 6,210,EWSETA,"20150128_313102_Fossil Power Plant Process Controller_assessment_specifications.pdf (https://v5.airtableusercontent.com/v3/u/48/48/1766800800000/XSu18zZeWweKalQBdFDS6A/VqiI3eggRtX3f_go5HCULCm3Ro1mWpEBkLTWeRZUrFxUWM17H99NhcmOMaMXLcZM7T4HmmR0vCoRz7pz95JFe9i6TCcScfIAwrQraV7wHcxD4-ryxAivCqpoD46AWxGA4k5Vo-TObBFQOze642BWUZrZhExls1TyG-_QVlbU67cIf-YNcSDCIXP9yp50oKrygDtnVeRPTAIgmAKtWiqdESRpphsvReADmWLmBqSkUPw/sSqewNPOc9PRfgWyHky1i_7jutidSkAS7gkOzQcC5Q8),20150128_313102_Fossil Power Plant Process Controller_curriculum.pdf (https://v5.airtableusercontent.com/v3/u/48/48/1766800800000/AmcewjFq8tsqt9NoGHxNrQ/DuX-LbxqZ6rBqjnc960HEuGykspA3XHo98Oo3MPLheaEJpc41tg3wvOoTUVlopXitai34RxJCBekfzfjjWkrwA8Y7OujgFVwtUKPiXCInVI69EcMDw3VW1e3KHYy-CBO_ZBqAgf45t-gzkNbFM69Qda0UqMico8VJrrhDblvbx9F66zNv9pxqix21Ovk1GKoAtTTJEO-PE1ijA25sug2QA/ABVoJf1e3KS7gt0BKg9rLiOlWeiSbnGt9RCMauwOHBI),Learnership-OC- Fossil Power Plant Process Controller NQF Level 6.pdf (https://v5.airtableusercontent.com/v3/u/48/48/1766800800000/cF0mWm6f0waTm8OTlk87AQ/1Nlr8zlxEDeWdSSStf8dIOGg7URRiDS5LzH4597GLGij6Pzd7VI7zUUMs0DZyDHy33VYPi1BzA0w2F9ujy0gqAow7Xaij-81Gs1kcn-Mx7kX0stMgGq9D9D3eGpayhsD-nflCUbVlnc8Wu3exqoMEQL_xG9BtuIvrVv9fFqwxuHXG4l4fzoUprBgHzaQzrBm1QnAfSaQdNwFJc1N9wHeYA/nZrQuOqHBQP95Rlr9WPBY9Kb2ZeOlfg-JfVFupzbnBk)"
121690,Franchise Manager,Advance Occupational Certificate,https://allqs.saqa.org.za/showQualification.php?id=121690,NQF Level 6,134,SERVICES SETA,"Curriculum Document.pdf (https://v5.airtableusercontent.com/v3/u/48/48/1766800800000/NQCv5Oeq3FvwgSVze_U6mw/MU6He0ZZ_WhivirvZaArjveCQdhYEMhDnWwzG-iQNW8yf1ddlcfreMrlhsqqrCDRMukLH5X9Z50lC4djfPXr6hT7j8NRTQjiDGCx0XgQC9y564ZXzwTGtC7jS84GK8YJqE6uti27gpQI4CZgjaayhNGzSqZvwq5kQOSK7Gj_s-4/n3L4xFfcBCFGfNmXcfRdGFBf1vuaRs8aH4OAMHD0YZQ),EAS Document.pdf (https://v5.airtableusercontent.com/v3/u/48/48/1766800800000/VkpJmkKrCPD7JRLPcmIUhg/JYq8GOmdUR5ebD-YK1T1b52Nm0L0XvyL4KeuxDPMmxoDLJpwaDjv5GTkqmW90OYzO1qLxHS27zzNVRSpXAgQfT14KxND6xHxV3G7PEFbLvLYy_2nvSUzCMod6hTXeS1nxM-WJWLnbqyhSsdDkGkbjYAhRvDfndXvUal54-pLnPE/iyWsJ3edmEy1-poG3pPOY1Ohc7iS_UiS5TlFaaSdNHI)"
123002,Fraud Examiner,Advanced Occupational Diploma,,NQF Level 7,255,FASSET,"QAS - Fraud Examiner.pdf (https://v5.airtableusercontent.com/v3/u/48/48/1766800800000/xDaaaQn7BODcqRSjHL-Kgw/L2KxPgMAWN4HzfQfkFxnkeNtK-KQwPP-YjKwO9gLeVcO6HCVr2Oghz9a4Kx83ypZV2rdsttRKML5aGKmAakdAwHrxfqCOKiOfZy8nN5AtIEbCwZiUxDrN16LRRKC7CrqWfcCVNmxm87clQpFZJXZNcQomOnZ3ZU2hcd8Q227wFU/vdvAussAI0q27zpmdK_nBR2tzOpBCBpQfl48r91V1ig),Curriculum - Fraud Examiner.pdf (https://v5.airtableusercontent.com/v3/u/48/48/1766800800000/OvnFZBwumv7wkJFD1d4bOw/ix8xTOosFMtkEkWCOiDoriFhOshmgdPn-mmG47dUplK6PEOjhgEXBp3UzwpxNl2shQpeIrHVjVcPSu_zO-dwzvqyUCiQoAJQ3fxTYg72NRYY45FbIdKd-gflap1xSjViuBRe7XFzFele3yECQsh2R68AbEDbOOTYBLW5_4JQXTPpncuX0ShgGp9tR79iUbff/36s431hwPYgcCHbyDo2RFn-JNePjn0GxgOBsn2ygTwE)"
101868,Fraud Examiner,Occupational Certificate,https://allqs.saqa.org.za/showQualification.php?id=101868,NQF Level 8,255,FASSET,"Fraud Examiner EAS.pdf (https://v5.airtableusercontent.com/v3/u/48/48/1766800800000/AYSqXRd2ruw5beqKGVYJUQ/0gIxfaV_aVioII7Pow18_CNuWeA6eQaICIOgEwjTFBcJxAr9eA3zeU5yqJqPVYxgnWRugnfUVAJ00gepjd1rbDa0rP62exV9ZmfcdHvaWaEh0PaDhZ-8Jou6khO8SZb_82fjDFUDQsBcm-HGiJig3A/Cogj5j3-USyG0ike1Xh7QT4kX-w7ySPU_JAtlSqVQ3E),Fraud Examiner Curriculum.pdf (https://v5.airtableusercontent.com/v3/u/48/48/1766800800000/gwpogjKo7K0DJa6awzg6qw/HU9HSJ-ZMOQ16Ly4Zg4Tt5vVflOoTioSx1k6R64rhfzQVp4FhaXGtM8sAsnvIz48c55jUEaSiRYwtNmz4wGzLulzT8z2678WGQ6Z327bvXKNBYdGHahWtb23SmHQKkoLff9N_nvUA7tf0PzD_s8R-LuPrr318fRYLD1LIaUa2h8/iIHffQC0C6US7XU3h_RRYkIeISstsuMn0SvSNH-rVtY)"
96396,Freight Handler,Occupational Certificate,https://allqs.saqa.org.za/showQualification.php?id=96396,NQF Level 3 ,122,TETA,"20140829_833301_Freight Handler_assessment_specifications.pdf (https://v5.airtableusercontent.com/v3/u/48/48/1766800800000/rv5MSKhD83XT3GEAwjQG6w/Kpg6FizZTWAoqvXOgUS7fF8LiVWeAHqfuaEbF9uElJzAwOIp1YANspicLyH5GxHKLQdLmzYoGpbApkTh3QRUEPLYgZ-XhlkdinKmbj3m3XpKiyM90zZmaplZYHdY5KExjOBrHIfIUKsLcDjx2KgPIjhsetY6Mn2jMxI5VM30Jsu3Zg5Ch1HBNGxpYZ0uYGGoQJiKgGgO66tV7QffUAuMcQ/YkslihujVIue-TYoTKcINW8cwyAaen3FBLW4lDaffGc),20140829_833301_Freight Handler_curriculum.pdf (https://v5.airtableusercontent.com/v3/u/48/48/1766800800000/daRZ3OYLXVqRzx1N_kok5g/px4GMdDd_m-G_yPBObVYb60TG3cLMp9lfnS-aEhbRUdA50Gwug_fPpIwMyuwGGIOMgUFyxYO8Wm5v2kLRAHl1C9Am2T3BCnTT-48G-DmaaWxcUEZmgYK9rbR_iL_voLNKxzW5D8d1jhM8KKx6jZG-11jCNdsaSmK6F5WlBDB79s2F_0DyUVZfc7AUqzeMDzA/M1elr6bLXUq1hsrGV9xN1GzEPeUJH_VjYJ6YpVl_TG4)"
122623,Freight Handling Practitioner,Intermediate Occupational Certificate ,https://allqs.saqa.org.za/showQualification.php?id=122623,NQF Level 3,122,TETA,
102918,Fresh Dairy Products Maker,Occupational Certificate,https://allqs.saqa.org.za/showQualification.php?id=102918,NQF Level 4,136,FOODBEV,"Assessment Specifications Document -Fresh Dairy Products Maker.pdf (https://v5.airtableusercontent.com/v3/u/48/48/1766800800000/SBrxnq77BZ7oWtiS86grgw/hEYP1GP0VL9Sbdn84Ot8MYtTgJgaO2dBU4yua7GmWKWLGsV89px8QpRtkKlqvUngP0T8iRcliNQ-bb1Oid1ytmBZAiRxKEnl8tnfzadvUi7sNBw5augkHb737kyKxAJnhiIU8ulEI3LVR8wP1YRxuZwafkpUU_nZZBK0f60wwy0ayIU0PRebwxloWzOrypdM4KKbFGzPqTUCE9saapEW1Q/80DnN3xNm7piaU5yt4bFWBa2en2QiVdXTKpbAgJySy4),Curriculum Document -Fresh Dairy Products Maker.pdf (https://v5.airtableusercontent.com/v3/u/48/48/1766800800000/MoNUhAAZKLT6fImGL6Y2nQ/xIyO58bxTEr8_EviO3PKRznGYaM02NUB-i7F5FB4ec8k3GWM7VXlZhEBeiBdnqJr-EwWu0j7cbGR0JIi8j_xXBLampsAxtlcWN3XSaaBAjXqk3xld_MTMA2SDKgvKq_EH_tnZmvKHUaD-O52ldUdPThHim5HNx19vIjOWHJSvBbYYt5uh6Mt1j-F13tESbgu/fgUaxERZkqrPWB3auXH3aHjOywiAP4T59NWHyeyINtY)"
102560,Fuel Pipeline Controller,Occupational Certificate,https://allqs.saqa.org.za/showQualification.php?id=102560,NQF Level 4,268,CHIETA,"Fuel Pipeline Controller-External Assessment Specification document.pdf (https://v5.airtableusercontent.com/v3/u/48/48/1766800800000/kPQl-2gBLIKNflDf9hofsQ/CPFfqcyGssExVAF34LI2bsQnXvaY7lxsqyfZPSv0Lwj_Vm0IfYfR7Za-cbWqD5mvHzqgj7YdllmPMTJjweBdJnUDfp7U3UjcWVf4Eb2CIcB0xM6JsADqpsGW_nZVu3MdLM5T0RU5tvAbjhLQZ18M7qusdpLauULPXZAKdIla0ejkomdx57fmmE5SPEEcmcbQ03qfCVel9Ppr7Su6JQ4NfQ/__u0Kb0tMUfMLJjtETBHjX-Up9wVUBCaPk-_auGPQFE),Fuel Pipeline Controller-Curriculum Summary Document.pdf (https://v5.airtableusercontent.com/v3/u/48/48/1766800800000/wrRqNDQ0mJDgYDwM7nw6Kw/jLUxcN7O_3uuxXFfJJl354yAvqebgsbA1iCjba0xwYpZ7QBHUNGog_LDGkzC7Cfs_tHq41fwHmkFFW7olIUSbB8YRn1WT0DmLbZAxrNT-59Kq0GgU25l7oCx_cGoM8OXSamKWNflIh_QAQ6vpV2_4WpQGO2_B_6UiwWS-nfMWEDBz0FgC6BWy7VQwsjKmutd/Sj5Z9WlE6FfeqTTui5wNde5WNcTJh1_VLfmtSO_pLH8)"
121909,Furniture Assembler,Occupational Certificate,https://allqs.saqa.org.za/showQualification.php?id=121909,NQF Level 2,34,FPM SETA,
101672,Furniture Designer,Occupational Certificate,https://allqs.saqa.org.za/showQualification.php?id=101672,NQF Level 7,555,FP&M SETA,"Furniture Designer- Assessment Specifications Document (002).pdf (https://v5.airtableusercontent.com/v3/u/48/48/1766800800000/fvUOhQNm2SySt2sbKtpMlg/MkJL5a4R9XyNfRLow7D8Dys_06IiXlDosvN9M_cOXw-AhOxQGYRH6XWHFlPuUfbA3rc2_524iC0WqOHPJkSOMGSccQTPQT89v-77ZUvUKkgXO8SU8PFz7DYE6Ap6DZPGtaFzed2b2dNNtkCjluIrciqzkA23jai2aMoaxjSJSCaPOIawRvfHlaoX9lMCY0T9oA09HxB0lG4I3_u-eLtS9w/NSkqbSaQEF7zl0T5_WZvpR-QjTjgD96hSSyrrsSbcX0),Furniture Designer- Curriculum Document.pdf (https://v5.airtableusercontent.com/v3/u/48/48/1766800800000/eb4SLpvVm8B8KQg_t69emQ/1eS2L26WRDMMqrmMO5JPrQ7Mfv21nG72sVyufHBGdthaO2Lz5MjRhCJe9aP33y2yro6J3Cy4LJ0GMlMNOSbEQdwR0Uxq-ekuhVagWT4xYPoQjmm5CibbSQA5972OwhwUz4YQBgz45xBFKIs-c1485ivIxqyjuRX66sjZx6dZHhjWQs9s37Ch9jfwK9KzzPHc/MdnYbwRpMHYflvo4dC6TtB6_-rnFNdXyL7qZhS_02Ws)"
121910,Furniture Finisher,Occupational Certificate,https://allqs.saqa.org.za/showQualification.php?id=121910,NQF Level 2,55,FPM SETA,
121907,Furniture Machine Operator,Occupational Certificate,https://regqs.saqa.org.za/viewQualification.php?id=121907,NQF Level 2,54,FP&M SETA,"Crafted Furn Machinist Assess.docx (https://v5.airtableusercontent.com/v3/u/48/48/1766800800000/SGNFnCXNygoPfrzhuACTrQ/jZVoIO0tMuTi5kD49wh_8Ehyndssv5dl1F7gH3-VA8X3ASP8uzhRghw98BCBV1mKwqcYr7Jr9Koj0JzRQO98CR2otkvTxGM583zort70OMGYxTLafiPeMKCQjcAJ72CJEhz9OhVeJ4EOBHC3JcGR-ZlpyU9RXkwRgeUurqmazx316B09ge7o_nyeVZ0o2H-b/1dgMlajiv7F58-YqpUIqwnIXSjV_6dVVkz9e604K3oM),Crafted Furn Machinist Curr.docx (https://v5.airtableusercontent.com/v3/u/48/48/1766800800000/lBGq9W2gfpvFRW2yJ8S6Sw/iX4fAY62coofqReck1-uK5dnYcMVYdKs74PPKj2ZQFbDSYb0W0ZI3YfCmDrx-cbYunLGBS9mZeB1SKlXYRJqFrYiJoZN9k4kGTj_UEc-a6dV2_-kusXZ9YTIFDkp-sBfum2zV1jemujiCUTC1cdgneep6JK60V-9UURlvqkFx-irrY-9CaLkFFI6-Y7gyj9R/8oR9ShnN6bdeR3NvUn7mCNgrz_RAHrlwNm-DLTfQCok)"
121988,Furniture Maker,National Occupational Certificate,https://regqs.saqa.org.za/viewQualification.php?id=121988,NQF Level 4,550,FP&M SETA,"Furniture Maker EISA.docx (https://v5.airtableusercontent.com/v3/u/48/48/1766800800000/BeZnUjEo0p8rhBV_2-BAig/DeHbHAy8LylqpQi5SOrWCojn4ldZy5gd-EER0SlQkDzTsIey6TNCh4RGR143Wfcsd6YFpXVyQfsAL9giUmNT1SikjrbQLopOpz86NEQWqjZuUMu3ZbngHZ01N7GLXV96j2SIGgcZst0avUk2KHPLYgnhuygzlAFIUKWihLiEyYE/_Mi5YRFIwfXkSiTW6YevKzjXDNPD8VITyVV2CuHZ83I),Furniture Maker Currculum.docx (https://v5.airtableusercontent.com/v3/u/48/48/1766800800000/8iz7ktBiiHVgqo6nM-ScmQ/ibyDProLEhJTGD5DhShNiEEhkf0cAbT48CWQ5DQQlAnjRPVLUcOL0Wi68p9303cSd2MN4zOcC8iiH12Q_he4qnnAn8xlI6Ul26NTS-m8GmaAbegH_poB4FsWjtf1Nn0AuO5PogTrl1hG_wydCCTp8cgKqHLgvjd2e-7jqm86W5Rjohy3Krgx6HM_gB43JkfN/r-zPUomNWkmmhIFjnCGMXA-VjM_c7hKFSxjUuseQ_i0)"
103199,Furniture Upholsterer,Occupational Certificate,https://allqs.saqa.org.za/showQualification.php?id=103199,NQF Level 4,549,NAMB         FP&MSETA,"Assessment Specification.pdf (https://v5.airtableusercontent.com/v3/u/48/48/1766800800000/9B5TzhnrXa6GzBtlsMbMLA/tlVA5Yec9QCNBV5mi-pyoidd_u-uCsdgNvMfyVaPdX2zRovG9oga7Nao5uNcUqveYhbwRqOmxWMmi2ITBRxYXTKzsXEd12V-TiQtOqHK-vLkkYJ7jP_ygkeIYZIP-fO8xU1LEoRLEYB3MqESM7dmOycQtLzTBwqU9aOQBpza_HM/bj9zAIU5kdh4n6-2q14wU44EleL5YGb1kpe1fJ-yANs),Curriculum Document.pdf (https://v5.airtableusercontent.com/v3/u/48/48/1766800800000/sp7q0_CJZ7ZxlWWyY_G7wA/ytnssSRYVUIkHH4GJuf-2MOOjgQjQySfbmc-HGaKGHH3z9PvjVakjzDJE0j_YcddWPJe1V0b9MianLTB7tZP8_Pnm7y87d90g3zUzSI10nh4M22H8Qkm41N3bjs-R251_kiwuG76_ZN7sSmtSZQ2kRJOzotsh1xQRx3vsaoRQec/shZAHLAJYHWp1AUrXcdHEFysM__CqdNbSeyzLgrMvo8)"
121129,Garden Designer,Occupational Certificate,https://regqs.saqa.org.za/viewQualification.php?id=121129,NQF Level 4,100,AGRISETA,"Garden Designer_Assessment Specs v4.pdf (https://v5.airtableusercontent.com/v3/u/48/48/1766800800000/U0w5ve0P6BQIzy3nLwcBow/rvUX_2R575UBrgdt9gNgsj0zFqPmT_4-DSaPkAOjfhuhEjkD7F_PRhJSgJjkIKHLmXez2oBE4ySSb0bJVG2trTlauaSfKUvfkEsqP-J7v7fA84PPws2Lbwa03W-02KlSRTGo2KguKqS13tZkmR7fDIOea88sSNcXMZx4HxiNdKM/3aplzWs5G3nJcw6eQN3wWAPlp9IZoFExlpamo_Z0Ayo),Garden Designer_Curriculum v4.pdf (https://v5.airtableusercontent.com/v3/u/48/48/1766800800000/AHIA1V_fD916ebXnl4zYCQ/7fw7noSM_dzNbus5aCVOw4ihMFemFRJFHaflUx9oih-F2v70BsQ_mjX6p_PnbRLyG3uYuESfDMKezb-I31MwKMuivPmfU2nzudIt9ruZJv8SKSNyt1t58qNYyvybdbiAoFoHLePQE4RhpvJ4aSlrQzN6UqG6JpUSCqFHTCr325A/qKFbYz2qlyElrEg5rStTYlxak-IuhxaomEhgloqn_d0)"
99692,Garden Worker,Occupational Certificate,https://allqs.saqa.org.za/showQualification.php?id=99692,NQF Level 2,69,SERVICES SETA,"Garden Worker-External Assessment Specifications Document.pdf (https://v5.airtableusercontent.com/v3/u/48/48/1766800800000/OmXdwna1uugvAQEcCgmFFw/Ux4rqdTqr2gtza-QFVprcjPH2BNhRj8h9Qy42h0QgmcMRbidl4iOw4627MkbDY_Lq2pQFkwc9NlcVa3Fyac3HrI1mDS1MKdHUeVVTdWp_lazZBevZJKJf_soFO_OndhacqR8n2TuRYQ4Dc-emRBdxEZVHQpViaO-SKMTt7jGinyIhfoxIx0VsVL-vgK6FjcrnuWNcS6l4x8dDH_jUGmejQ/4hclLPETrN5q4PRMMjiu6LiOmYsqsA271sEwFPVc8MI),Garden Worker-Curriculum Document.pdf (https://v5.airtableusercontent.com/v3/u/48/48/1766800800000/e7qkCpx-y4svh8CbOO1tjA/bBXMmZwsIs6oglDVUbl5pSbw1vK3nm-U6MlpEogCgMnRPHU1Ouituebx1Uu-wiZqzY-7zkhbYUuf9y9qRpaWrlsosYa87XQNt53tvt4ZO8kBDKGxOyYGu2DmWE3lAnx9FnfFAiQV7DTqdYtxWMiXr0MKlj8HOdpZ4P_e5jPj6mc/CWGGF-2GRy2OpORpLuu7GZpVYalLRQsMnLLtRC1FG-g),Learnership-OC- Garden Worker NQF Level 2.pdf (https://v5.airtableusercontent.com/v3/u/48/48/1766800800000/N1JYk6clauEd6VNRYu5QaA/kkTUCTsJ2aEc2LJPOSUuLA5P2xh4FiqZBOkgYAVmU-y1FKnauSoeIH_zulRnHMOcOYhbetu3pQ11qmfMQX1YQvkX8Pe--Dx3aZAuUXY3wZR-SQtH43MOK98V7mQ_xxS_1AG3z3p57McL2ZiPcJG7qQootP-V5C5Zkwu7gyJ2Iqe9xMX481nXC1Jnb0y5qW4L/lwvFeY0GrwxHz4AivAb2zU1nCcrXJMqpJcSqGPL0vtU)"
122234,Garden Worker,Elementary Occupational Certificate,https://allqs.saqa.org.za/showQualification.php?id=122234,NQF Level 2,120,SERVICES SETA,
115461,Garment Pattern Development Assistant,Occupational Certificate,https://allqs.saqa.org.za/showQualification.php?id=115461,NQF Level 5,108,FP&M SETA,"Assessment Specifications Document-Apparel pattern Maker and Grader .pdf (https://v5.airtableusercontent.com/v3/u/48/48/1766800800000/axqFos4vzOHtd7HT_4YS8w/BCHtZeksXvMMkrouyMXPYKB3iTkIbi-C0pnynXSOZbhjyQfacdqBcc8xuXbAajn-iT79IxCGsp9gbhCtNvcNAlQiPc3ZU1crbVKgSJaNgrmMF-yTZg65uVrdDAMf9qBQexefqZgVvcgNUyj9O0gp6rQnWI-Vio8hROsUksX5IFUmOl4-ap7e6Ul-oABUJQ3UJqbEWv80arKvDfFy1TAxdg/aH9T57N40MiBhW7TI71DPITlee3OJ7CbI7_wvwu_M5w),Curriculum Document- Apparel Pattern Maker and Grader .pdf (https://v5.airtableusercontent.com/v3/u/48/48/1766800800000/MAnIVEj0Y7m8-VvJcxZF8g/QFmjyiNp5GsiNGM001UaLdf3ZrOamdTawn6cpWuosHdHphndGb6WPsTmAlhIYP9jXqCotmSUQBBI1-swM0S0uprVK7q1IYXvp7eatSEo-1-2QRyPySdgvDRETjA62lm2RvuFLKwrwPSQHaJ3xQq97CzrTxZNJLP8d-OkmHjwA_h3cg0C_lkxJn1LknURam43/IGXlO6DpxOZhBNUY8E3PjOKCu62_4CjsHWFEmDf4uQM)"
117233,Gas Practitioner,Occupational Certificate,https://allqs.saqa.org.za/showQualification.php?id=117233,NQF Level 5,551,NAMB,"Gas Practitioner-External Assessment Specifications.pdf (https://v5.airtableusercontent.com/v3/u/48/48/1766800800000/dqd1ReFVuWDDrrWkuaJdrg/-zP5jwa24t0I3JJXMj6mtRBAJS0Kdfv7U0fik6MVlmuIy75SHVskM5v60vymPu7mIptzyW195497h6U4ZnPNeYqtN3o0yudbw6fD_FJfL9uqgwfn6mj0NnDESmyg3VRDydmwrn2fCHTkPF0UEqHZt79WYRhSALeeaOBOWXVa6YyW6FLSJePE_OKKrZpLKepl/xr5A3aFER7GERdJbR__4zDDpkNZNsXJQGwGIDlVG8ao),Gas Practitioner- Curriculum Document.pdf (https://v5.airtableusercontent.com/v3/u/48/48/1766800800000/-Oass4OaaK5ARj-_EY4e8w/Wu8H06klforY4FzbVB7l-nvm9ffFQ7DQ0KHBECkrt1jkvUB0Un5Nxe5XqMIu1m6G5-o0fXIkuZwtFDmpZa6W-gTj_VmIyANe9yaiu3VWjdSgXvWM_KOb6c1hE5uvyVitfT_671IVkH7kyVw_hvRn4fkwjvxaPqLnOOxULjm8oSiKgDzFfxj9IGjzHqScQ1q2/siAH9LrBZx9MLCJktHF2gCy37zlQbpYE_YkuB6otb9w)"
118111,Gas Turbine Power Plant Process Controller,Occupational Certificate,https://allqs.saqa.org.za/showQualification.php?id=118111,NQF Level 6,360,EWSETA,"Gas Turbine Power Plant Process Controller-external Assessment Specification EAS Version 4 PC.pdf (https://v5.airtableusercontent.com/v3/u/48/48/1766800800000/JRHhllAZj5EtzO8Ie-0LpA/_tawUTjrPITSTdp56pOp2o1YxXx7IjssMS8sk9leZRp7bFScnSGyN3fl0wI_VXSoNyYoT_QhQuxqNCKItWnTMMeiq-eOtkwYjWfwCNWX6ZJ5rtrFEPqzmcE1kaqg9pet0uehI7U-tNfxLMMtLMYjObqiT-Emrvz4-DHDrL1mGEH6dP7nk72itWJa848u5srZO2MLX44fWRYLkZX8UFf5fg7WnMVXj3SkprKx_tH-hQ1uQgyZcVwTfeglcbYrpgtO/Cgghwn4idlZqJpnZsCigmlowB6C0-Q9rLvg7R27R-n4),Gas Turbine Power Plant Process Controller-Curriculum Document Version 4 PC.pdf (https://v5.airtableusercontent.com/v3/u/48/48/1766800800000/cb9ikTJZZiYzPs0HNAypfQ/WuLmT7aj5lpX8h9OxjxhBK5C1UwScVNORGSwiNaGTF7fK_mGAzUYmVEGmjOmxElmDBuBQ2Hw_2__w3y3vR5AAH4K5B4aMLQC0YvaZibH1fG1xw6ZQmnAfX1N-zMsPsqnsxflkSBpIlSH7blJKcbzyW61y80VmFaBGgjKbV8d57bi1YUJKWSTAX9Tyk37sVTdt4D8ZbfYJ6Z95sQqY1DbMpcpf6-xraGfKcv5SqEbB-U/0Eub0NXy_bvLxXVpcyg9BKLzGHedxRHXctr3DFLMFUo)"
121508,Gathering Machine Operator,Occupational Certificate,https://allqs.saqa.org.za/showQualification.php?id=121508,NQF Level 2,43,PIFSA ,
118083,General Glazing Installer,Occupational Certificate,https://allqs.saqa.org.za/showQualification.php?id=118083,NQF Level 2,160,CHIETA,"Glazier-External Assessment Specification.pdf (https://v5.airtableusercontent.com/v3/u/48/48/1766800800000/mt8lIMNBTgTi8e-OHKwY9g/FfSZQYlX1lMSGS4tP1ezNxbSQAvF4z1lhr65E04rKyzY-UrfMg8Y9v9vDyr0uDge300JZHQO-TPT02vEtzp_5YBq4xiPhjtEB5YCRwBLfx_B1QaOLrI8N7NcPGEWltfLiQHIZturYGkBsBm2j8QbEODBUOkm1DjdOZTPDnGkfoTjXxfL-vPddHYbkjbBVL5v/avC9g-grN9bbXmduQPnbJuPV6uS2brd68_zYoYNRBYo),Glazier-Curriculum Document.pdf (https://v5.airtableusercontent.com/v3/u/48/48/1766800800000/bYNwtLwQolZIBBkVTLTJuA/JjxmURI4tTH9pFLcl5WejMb4kilVd-qUT5ZG9oOZnBVWrB5iUDNCHWu2cH6GXfxQLNFAJ2GptrvJnllf2iMDs_pPF1LzOHNO7T0JVzpVhd9fSpkiH9k8cKIwSev7KkA-DA9VcOqHTvvNuIaGJMXV_c1khA1yMe4dcS1AG8A7Tak/ayf0jCED23n829E41e3wvsmqbc6Rn0NiHU5fqX_hZ6U)"
118791,General Manager Public Service,Occupational Certificate,https://allqs.saqa.org.za/showQualification.php?id=118791,NQF Level 6,150,PSETA,"General Manager Public Service Manager EISA.pdf (https://v5.airtableusercontent.com/v3/u/48/48/1766800800000/meUkG_ghTFEjqTW49r2EwA/uwAxiX0mLYz9Oljm_EtI5_50Pc-aubl6PfrW4varOIUVu-loJnezd0NxqmBpsh2YUz2mSJVh4as_ZeS5Srec_oErhvGmtmQendROGZpLmd3Yx96TDjwxF1hiGNcEVr68q9dEtvILNJGlo83XtfomQV2P_EhXXCK7w_T_0VNCz6zGsDO0VRnaHVKzWJO6yhiU/7aMXvF9xm_42LMr9IpmXN0Oudzc5hT4V_5fpsExlZkY),General Manager Public Service Curriculum.pdf (https://v5.airtableusercontent.com/v3/u/48/48/1766800800000/_T4nkALcsu19fclc5Hx2Bg/BrsU8aDqfsCGHXmM99YYa_xXMjWP29ljm1u_9T2USWwQl9yGlMqAf5xIoggobGipwmAy_V2ay9bGhQtgPXYrobtJ7ij_-G6bMiz0Vs2E-nXNO2kfPoWGZJNqFUfQsaVf7vZmgtGdy1d_Lvx2zXxLOzXyfMhYCCDT-31RKZipc6qFKzasdemdUPIXaHG8pbqv/BCosTe2GsUf-PvHjq1gWg7U1iBmBL8yE-_x7MSBFBbs),OC- General Manager Public Service.pdf (https://v5.airtableusercontent.com/v3/u/48/48/1766800800000/z0-QY7bzo9MwRXolYqE1Lw/I1sHFHDI9Amg28vpKkDj9GyU3WqHMvLHXGOa0i0hreIj3L_TfbZyycqexcSvzM9GPejsS4OntjZsr4dBoqZTbWMA_9mRID_fYdiHZffwLnjc5snoa4wEnZf-HHm1uwgERO7tFer8grUYbkIrWozskRX2E8bzCAxiSy8A9HkXPmI/6uyicz_yfWdPFyJDQjuC9u2_oCW9ADNXW6KFaVf9L7Q)"
99285,Geological Technician (Marine Mining Geological Technician),Occupational Certificate,https://allqs.saqa.org.za/showQualification.php?id=99285,NQF Level 4,326,MQA,"Geological Technician Marine Mining External Assessment Specs.pdf (https://v5.airtableusercontent.com/v3/u/48/48/1766800800000/p8Zf8E2q4mIKSoSs2llcNA/j2GNtYHhIbfZkiPQqNJmoq1LD_VTkkpi8BeoPKHfuS5BiDQySA6kwx83OsrbSpMgRjAEOSkHCL7-xPpLB8VFeP9gg0kVzG557vigN70Tcgf6HRAhSP6p91E1Uuuo4_-_Z8uq0YgwbWlA4FWEBoT3fh_zX430jPEEFpdqd7l4ekptkd8pax9rrcOAfYSsKKGnTRXGRjWuNqPi52vbbGeUTw/GY3Z0_ZKh6wrdvlydee04zyBZYeIU6_uyN77YcPT6YQ),Geological Technician_curriculum.pdf (https://v5.airtableusercontent.com/v3/u/48/48/1766800800000/7J8LI58fH90Y3WiOupFv8Q/PNznqiBPllISxgl1bLDqtrybfga6TF7MYZOmgYvF8isBj_D23MjpiCupbZpewBXETDth5_Ej5_lkG8j5xZP0ABPSes8qkmkdaAiFA1U_SyvYq_XpKCYAEx0yIcQZl4LA8sofKF4Cm4fn21fe0099RBR6EXBphLgLYCGMnMQ_EJs/iLxQA0zqORmESJbtpO0do8QTOzzI2-xJ9QKLCLAKzkg),Learnership-OC- Geological Technician (Marine Mining Geological Technician) NQF Level 4.pdf (https://v5.airtableusercontent.com/v3/u/48/48/1766800800000/Em9VK6xVFXpUfJ3Sv1C0NQ/9zjqAqhc1XNZ1HSO2ZTCmCDqUWQ9spSVIA-AlSr7nIsJ32SAQE8EeeTYO3CKR6CqPdY6Z4Jv95yiOmn04FV1P7EnVIHcPyvXSYKC4G-TJU2cKvLVyX0qnw8J-STpt9ckDWzVi0_71CH2L3eJt0sEsGi33MyTj0FIFUUUnKCaNeMNMHyBA2QJPZ4AgmlPVsQ07nQCoesSvZONvDq_JI_AwdlL0ju68TNAGu7njRI68QY/PYQP19r2Vm66Ok9ynRvj01-LqTeTnwxyGa3EGAyhXOk)"
99257,Geological Technician (Surface Mining Geological Technician),Occupational Certificate,https://allqs.saqa.org.za/showQualification.php?id=99257,NQF Level 4,568,MQA,"Geological Technician_Surface Mining assessment_specifications.pdf (https://v5.airtableusercontent.com/v3/u/48/48/1766800800000/klx5OR-Gx7qH-vsVN0IKyQ/a7t_grrbiTfRqAfHb9XAQksRODYm3XIGewK0eJLsjCmXXkpW7_MTwPXSCtCHENxW3EDCTEj70QJSsyekwjw9Mff6qH53QcE7DiGdTlHVkMAJVDRYz2YxCPYrkUW4fXQogdL9ZNyKzsnhvYbtGVftW1VHI9-DbW9WeLMDSMvCiJbR-zPQ__OObxzmN2i43Qdi3OiqVNiK_j8kwHCNEo0YHA/89GyVZlerD4KetZdcvSuoPdZjMLJfiu2MmlueI4smy0),Curriculum.pdf (https://v5.airtableusercontent.com/v3/u/48/48/1766800800000/0faCis2Ghh1GcuD7ssBUqA/79Da36GYSA-xhKQtIYrFl6kzTE9cIgymOnjfAmbUMmqKwyNSIfn2iMUFe-2g04ywOPX0MwV7ITzEcItlaV-JeYC8vf0YZJtP9cQ4wVmEo9b2j6fEd7dlF0cq2Y6JByqnf0C5-X2yJbJ5B5pqbD_YKQ/RI7vVSDEmfX-50-lTOFM5iI9-hzIFGrk8nWamYyfViA),Learnership -OC- Geological Technician (Surface Mining Geological Technician) NQF Level 4.pdf (https://v5.airtableusercontent.com/v3/u/48/48/1766800800000/VlM2iuEI9j9bSaybICJLew/QS3vW_tYgK-Bg2lJhgU6CyeR5dFIxP7yeOs4M2py2Pb7dyywOica-VJWDQcXkXa0kUDyFXKT9ATDjNcNMO4yDg2k1HPYCJ0EO3aLUAPMR-l9ilcdATmm38wU_FDSMM7Vq1KjlwtpblX__yhyPZgeMFpvElmhJ6zVPF9EKYlAGsaVFCRt05ajwiDdJdsx_L4ZcBAx7foOI-pC12ryan-v1t1YVUeBYGGbGX20MPBd87c/0VysEvOKqSsTHbQJez1EUW8oKQo4Kdp9H_GCj1bRKrk)"
99260,Geological Technician (Underground Mining Geological Technician),Occupational Certificate,https://allqs.saqa.org.za/showQualification.php?id=99260,NQF Level 4,540,MQA,"Geological Technician Underground M G T_assessment_specifications.pdf (https://v5.airtableusercontent.com/v3/u/48/48/1766800800000/-kM3VYELGeQcL8GQ4SxzUA/mfDr61LFKZySLxR5O5efK5VFIH_edfR5LnnE3G5pw-joZSSU8cXifL2MqgpZYEwqgJkTs7-thuFYcgToLPyx_xMou-KlCK81wQ_OUMb_oeom3FEqcWksizP1K8fwYm4uyPhNv5YESPgGeuc0s18_98LvIjNUuCQszXWQIk309N0b2CuKRjaZuK06TbDgBOOt00RmEEzEZU9XIdOi4r7QcQ/O57Syo8vT_4MIz6-AdFTN5S1uNzyt0HJhHGlx_XxVSQ),Geophysical Technician Underground Mining Geological Technician_curriculum.pdf (https://v5.airtableusercontent.com/v3/u/48/48/1766800800000/yuJD6qhyKK5isJU7WNNDRg/5OQIBiq8suheZoINOI-fuctxW4ODTW1dEfkgNGSbo1K6SqnvEv0PE0pmHcmdDHDw5XB47qaBcYihAJef3ceL9Mzxvyc1YPLIAk0-Na0rFVSEL81O9MjcMC4QeF58bNDTp-oDyKWzwWD0rQ7EznxxJrT0D5Al1B9KxZhyJTeIf-Jn9cpWkeyFfNdYcQlfnnLEYnExXCgGRmvRwZvo7zDWSr2S31paogl2_MdS4CufrZs/9ZE1KKElRvjgwAYhIdVLKoZlU5CEp3ci5HqIhuAs3Yc),Learnership-OC- Geological Technician (Underground Mining Geological Technician) NQF Level 4.pdf (https://v5.airtableusercontent.com/v3/u/48/48/1766800800000/9ElQRkCQJWSyrPbEnK0tDw/_FOrgZOSOyzScTqqEhs4yyxE5d-T3gKqK0LEtWv9qPlXShJeqDaN1xNSIq0pECuR0HGbkV6IibLKx41IDbkP93RQx0FdMErAMWJsPLZVjJH7-Uw1ecmNtwzmeo0jF-vCLFr0BVuDiB-4qLC1SFAhwxFDrlGrBPwBYayC6l0EKkXdGXatcyYBL39_DyRVmvhtogckHWX43xFQnuOIT1g-y6No81eTPvagMXWa-V465ufOp7cBPaf1KHUea_3sgXLA/Q6iAIV7YlMdCz9m9Z3eyn7C6XVJTBMTFNCdlUWZwob0)"
101407,Geomatics Officer,Occupational Certificate,https://allqs.saqa.org.za/showQualification.php?id=101407,NQF Level 5,174,CONSTRUCTION SETA                            DARDLR (aqp),"Geomatics Officer Assessment Specifications 2016-10.pdf (https://v5.airtableusercontent.com/v3/u/48/48/1766800800000/TymQrF0SKCmJ0g4IFrlYbg/OL4B7-pwTgfraB-rPPeaKfQ82OBbd30aYHsoFnhyzoB4lFMzQfZ4MBWAOqeqmfZhcvAToRWusSooJSmN6UTb25CGvLb58ICvSGuwhrJTtStcZ_yyy3xtChZ6DsoMs-r3lEEop8lo_V9cGQzcHye9reGc35mTZPEYa35ix1BrCpt2r3JZeydfPR0aL2ZW2DVl/gRnZpdSIeYYUSYj1rQq2rklSBT3vJ6GBVWBdxFqDvwc),Geomatics Officer Curriculum 2016-10.pdf (https://v5.airtableusercontent.com/v3/u/48/48/1766800800000/WojWaEuy_1Y8eLNhVBwayA/nNWttAG3qtelC9Ewv7aXfG2RFLBLT0baxfFXwO6R0rok3IiVZ2yBAuv2KEvpE5C-j-rapoiKG6zcs66yeYRvIWmCLBlMRvMh5DtYeVFafqegk_0E8HOmRX-CoeNLXr33Ps2dC8VkdqcgiyM_ktM-xpMRy5ewUTHHIf0yrVPD6BdQBgosQsGcNlswPNKo28l6/Uos5vSffhtcks1xaazpyiGLQ18o2kc3reURfM8eWkbU)"
110670,Geotechnical Practitioner,Occupational Certificate,https://allqs.saqa.org.za/showQualification.php?id=110670,NQF Level 7,344,CONSTRUCTION SETA,"Geotechnical Practitioner-External Assessment Specifications Document.pdf (https://v5.airtableusercontent.com/v3/u/48/48/1766800800000/-koUtXJrtxWmJNlhmMuTuQ/u73Eui7gq9CREAx6WzIxE-hEPglg00MPlLfQ8TVPfEf90VQb2tVDoNJHO-ird3XP6UC7MAm-QhEmHW29D0OYewH079OX1QcxaZASsYJYBBS-G3N3Yamghy2qB8rbnftQNHrt1W7Fb9JiSC8ItluuAkrklPbcCwSMFDWQLtR8yyaXu7DA3QfQ903x1u-2zrNilWMTN1AXzCmKYKEzujkciXI0wUONGIISQKXMztUGu5Q/PU784xL3sG5IHDMySIFo8u1NXalprrPf1uXhaBHHhjA),Geotechnical Practitioner-Curriculum Document.pdf (https://v5.airtableusercontent.com/v3/u/48/48/1766800800000/CZ9zPRmnlCkmQkqzUiNw3A/NKvpBlwimgGZAbknzNuqbqDlUChFGh91GMcAG2Iy61kOfeGtiMUkIfzSvPRwlpBYIORLjCLjKLo7WZhnLGYKUQE_9a6jHslBm2A9oaSAL9XNc_ut3baLuUVyD5d-Ws_dYyV009I986EokX_3iRmsJBYJysSF4WIXe7ahkzkTvlcEaBcoBfNRS9wuz-yxu9xa/APwT2bN2saWIiIz-uTcQ-YsPX2KcQijqbfoce6mTHhY)"
118087,Glass Cutter and Edgework Operator,Occupational Certificate,https://allqs.saqa.org.za/showQualification.php?id=118087,NQF Level 2,29,CHIETA,"Glass Process Operator Assessment Specification.pdf (https://v5.airtableusercontent.com/v3/u/48/48/1766800800000/8bcvcRqvo1tr2L-M9m2Ajw/aphOqXG1rTRGbkEXYwb0Tuz0xbSwRhLMaJMH8xIr2J4mjpu2FW_uKY8snWtPaIG0CCd1GBNuaxIrYqtr7L32Nn_sXnlNo5aLOjxGct6WTfXYMHjJVWzzGqhAjvMyCaIQ_bVpA9idaAU32QdfYaOCnMtzx1XR-D_ks_i7IeYxtlLXqK8PynxQX6vPjDyu3vVa/MCQJPfWGn1ZIKInyi1zo1W8ChGsEt1wuqZG5TVF-DgU),Glass Process Operator Curriculum.pdf (https://v5.airtableusercontent.com/v3/u/48/48/1766800800000/N87kcmT9BXT43stGZ1XoVg/raxXNvwMPEAM3NKG_ZFZtNkOiOk12O339msotTYQnPV-jhXWuxyeRV8UPs_Uv0V-NlfP_yUs-Vz0_g4MpmGbgDXbjhUPiI1U_nRK-syZ7o76i7fz-kMX_qRqnEAYYXsW29N8HJjn12Vg2Sw-EXvJhM1H0ts_GZPyhi-iMvac1Cg/BC6OA7_EL1tLGEIdrcDW8TmGrWWBOSbAUkRoqqiwGZY)"
104822,Glass Forming Operator,Occupational Certificate,https://allqs.saqa.org.za/showQualification.php?id=104822,NQF Level 2,324,CHIETA,"Assessment Specifications Document.pdf (https://v5.airtableusercontent.com/v3/u/48/48/1766800800000/LIuwB4EMIc5ibTu1iUC3rg/lwbE-uCV6N3NhHKDgsQT4E7n34wpp6NOrQm4_82CBIEOiKMyzRHZ4uQQ7z_6iAHqbJnqUvJ7N5oSq761S1SX029_7P9b6Jr5b8O2Pj0B0y0oMWiwaZ5BleaGBgYVnw67_cgGuFxpptVHEJaqINaHs3yj2AlEiJcaE-UdZQjl9VI/_bhzzPQUnsA3P9mWkztn6Mn6z2upeGtcOD5akrTc3VA),Curriculum Document.pdf (https://v5.airtableusercontent.com/v3/u/48/48/1766800800000/g_qKT9wHTzpAa2TZ0XvtSw/JH6fKtiaYUUqCNaAQhJQC9baNzK_2oVQDb5OtnpgHJXnooEvL18SD8yiZiqpJtsJY4ZpRsa8aWFK62YwrS-j2Um4cH0tMeoMH_DSxdg3BW3xcKNMhFzeNukTRJtMbtUt37V7NeWcBJVSgbqK_7aDY6VcM07fvmSpR_9D9Du7lU8/RgAbAWP22X0xn3VO4fS6haqCeiQHME4397ds2P2ZVJg)"
117227,Glass Forming Specialist,Occupational Certificate,https://allqs.saqa.org.za/showQualification.php?id=117227,NQF Level 4,64,CHIETA,"Chemical Manufacturing Technician (Glass Manufacturing)- EAS.pdf (https://v5.airtableusercontent.com/v3/u/48/48/1766800800000/rOofG-C9TVcBcI4r_Yn-hA/wJ6TT23eidCTkxNY7NCu1uPadYdhFIqoEPkZotBcEZHLSIT-lre8LDD3iQKracWlcp0-9H-KXoQIeVRRftvpUq_2lU00I693m1BrrGC7Xgl6tv_eN697oe7N7FBCAHACxPp24zgBBfd6mtkGQLXiOzIYQ4iaBN_cPTVptkUuBrDNUzT-gFJEuiZ3v_VnKyQ0LINFwP4KtkuauJgCXHNHHg/q9R3gw5RcEZmtEYrNGkdPyF5SDQygiFAyLz2mIksM_k),Chemical Manufacturing Technician (Glass Manufacturing) -Curriculum.pdf (https://v5.airtableusercontent.com/v3/u/48/48/1766800800000/QUho8-s63LkNfvqNsY_eUw/8kFY6jxoxgu09gWnyxznm9CEypfyGG5dEj7J5FXrG0T3w8zWeh4kppokmFimeObpnkjPoqedIyt0mZ0xZTh2C-URINueVh5FOgvhNoXKca4-qVgtNuzLxzlPg7vOOBOne7-YvpJUhTXZTLJHbBx2uXlzV2EXe7qQW7bghosVpJWoXun5BU_s5cwVLOcjHSR5r3pXuksjlgmDG2_XfothOg/7-7_hRfKpg90p1FYY_BEjZ3_e7-xrazrBHqykKTMkmE)"
118086,Glass Handler,Occupational Certificate,https://allqs.saqa.org.za/showQualification.php?id=118086,NQF Level 2,29,CHIETA,"Glass Process Operator Assessment Specification.pdf (https://v5.airtableusercontent.com/v3/u/48/48/1766800800000/2sFW8tna1jPXqajqE0eHnQ/QHCB4dKWi5NvljnASsZ82kzST-4DXwo4ddEEEw1BxSOGFzUAsti4v09zbkSpJ7-G4vsOhhP4dsBRKXMI-ozje05VvByin3WxxTWMdDewOlskq6SgFPkqCpisqbz43zzFWnRvX9afOax_UcixFn-ZIOCUuj7TN9DgPE4AF8HZ4gDk8h8DITejti76F0khLkRx/Ouuc4gCM7_lNC3ImsZvJf98W_RqkVfJYUGc4GlND1ew),Glass Process Operator Curriculum.pdf (https://v5.airtableusercontent.com/v3/u/48/48/1766800800000/FCm54uQ91iPlIZ6vmxHz0A/4e2V7tVEYVns83qhNsp1PgOqsVro_n_Y63TJR5AF9vuz-hiDDQRZUmN6sqiiFnsfl-1vFLgvvUqRo8LPR3D9mZzotlnlKcS3TFBqAs8tH45nPd7V12empmV6aO9AV7tyfpc10Y_sYAgif-iRQl_6GgtVP-WXBTPqKPeLBvfQIF4/XlaWMab06ECglf5B3O65T-s0MvdPXQkeJQ9uqiK_aoQ)"
117228,Glass Manufacturing Feederman,Occupational Certificate,https://allqs.saqa.org.za/showQualification.php?id=117228,NQF Level 4,48,CHIETA,"Chemical Manufacturing Technician (Glass Manufacturing)- EAS.pdf (https://v5.airtableusercontent.com/v3/u/48/48/1766800800000/CtwkCxsZPVq1MhOLTtHq6g/_C_RHE8OJpLJwmTqztktJGlfGoCDGHdsEwSHstJoNCinqvrkub1UBOFxxY0vpdan_ekytB4Owzz7gXuphGWBM37LUTsRbWg3svwk3aekqr4IwcxOb-eyd5xGdQK-18z6PrN86hmEkLto4NpqiJx1Bn72w-JQKnJtiqjjRWwNW-erc2Ql78wX2YjMzj5CaFM413gkeFwAN34w30a6FiShPA/GXuLXD8aEI0KmErhbzwHMUwiAJ7dZGUlTFKffut6uCk),Chemical Manufacturing Technician (Glass Manufacturing) -Curriculum.pdf (https://v5.airtableusercontent.com/v3/u/48/48/1766800800000/InOVL2fyxZRepV3kMCnpPQ/2mFEnrVx2puejEfGhOTCG6XiVImB6QzeXBgiEp2dbcp-JIq8gCkm42GgECrt0GHf_vkv_sYz1t_pZ8nSQinlArsH_w_6Rz774XvS3iXVjre-eIPferUamDAfNTJO95e_nxgzegUaTc2uCiDt7PxkkM-92YVB5ly1EFRN2MktYQPHn_3T519j90hrtydUO8un8X1gqiklodkdF9HICJ_ZoA/v8eRQ7JiB4rR5aUUULrBn9MjIcGwyV5BQvoIUpUAgAw)"
117226,Glass Manufacturing Process Technician,Occupational Certificate,https://allqs.saqa.org.za/showQualification.php?id=117226,NQF Level 3 ,64,CHIETA,"Chemical Manufacturing Technician (Glass Manufacturing)- EAS.pdf (https://v5.airtableusercontent.com/v3/u/48/48/1766800800000/tBdRYtXDxp1c2cPy71xdww/vOXiM3ng-vBQft5KV5bLvbUGv37IwkXU0SGQhQ_zaPRJgWSjbGkDqIe28zrbPFV3mZyu4C9WlSOOT93czhrwpenT0atHF5nJi-bnDBYgX63JMe0j1n2T0jpaQhQt0vswMd2U0f7H5DZX87Yz1F7J3ZGw3xllCXbb3aAYFbmIO3oP_vvafm8njSxJbFq3sWsy5W22hSV1lNg6p6T6XLqVpw/BVi1luwMBPobQV2xmkzBuqeZIVyGWwPe5rw5uuGOoYY),Chemical Manufacturing Technician (Glass Manufacturing) -Curriculum.pdf (https://v5.airtableusercontent.com/v3/u/48/48/1766800800000/vrYL2MH2Tt56rrGG-Ui0tw/LzPN1Rxe7WdMOIzCWXfSacIrlFnaTvJSfL5y2dEVyX832HUSKniI5IuJnt2U8dHL3FzNhVCgZ0Bs6qm2jrrJ-buXmqezjZN2zgEvXr5WfbGxRwpxiPwd0zGmfsmRev8jlqgk3UAUoz46DG2u4BcG4GhONu4fH_Nf3GrvLZ5bAuuofAgYRm3JQDhe6Lc1bu9rKbLUo-AYdlDfexatJggOHw/aDgckwcgth4uU3zoXhrkXpeKnPgKCNdtF-N3kc9D7LA)"
104990,Glass Melt Operator,Occupational Certificate,https://allqs.saqa.org.za/showQualification.php?id=104990,NQF Level 3 ,160,CHIETA,"Glass Melt Operator-External Assessment Specifications Document.pdf (https://v5.airtableusercontent.com/v3/u/48/48/1766800800000/scMPvsHnw9yHsWFku-urnQ/T_OkMmbBWuLn5ENJtKxHxYmVI0VRnsgZdPXMu_jn8-vFOw-Q41HG38y8gcfiN2FN3AiEExBNwY0Vn3Egps5eKE7dLSMv2mP9mu_H2xvaAULpI7XME-XwGwB6w8SobteYY-9-4mHneY9uUuZCqQhp8vox-IGzeikyS4bYYIYj3b_P6JNR4GbNngwltFrPY_kwDe__Z2PL7OzxSqThwYVnBw/rLg4vQNQAbZqc5ulHSM9-SL_hvAyiAlEeSW0JIk6iEA),Glass Melt Operator- Curriculum Document.pdf (https://v5.airtableusercontent.com/v3/u/48/48/1766800800000/0DCHWmiBYuk7wsoS-g9RAQ/vEd2aPFcL_nG1HOtTZt2_nAYFh7zKejTAN50eObyi4US8tNp1drD9GqWeOvbSuiilxTKUCEirTuHVAHDPLjTRFuS1HpH3viWYBfVfqbctmgutw9NYsTKn9UIr7Rf1JZKy-fI5SK_yk__6mVpa0YAxMKY0oNo90QSl3u4JUeWj1T1yaT_ezrpqj5y5_E6k0DR/qJ0R34eva9DWPrWEtmJjkO8Q6qjp41NinMauXjVSvXk),Learnership-OC- Glass Melt Operator NQF Level 3.pdf (https://v5.airtableusercontent.com/v3/u/48/48/1766800800000/NBVBRG3B_YnAqQJfo9PBXw/3ATTwenHf36iAuE9kLvgjXVZxtqHiBCFio8an6cbzulKZyAUMtJ2YnwTwFNoTFZ-_JphjqDEsfR9qwGTDilh2CdCvLG91RA0wf1_sx4TjUTFHDGJqRZNnouOEhcX6QBI4jcoSadS5iIxAu-3fPX9sZPWZORk-THh1QdmJeVZRAzowuw7BvG9z-FT1BZREzis/Vukmwv2Vto4JnWLZXLaa4WnxbwkzIj7CfJPRC6bfbL4)"
118084,Glass Process Operator,Occupational Certificate,https://allqs.saqa.org.za/showQualification.php?id=118084,NQF Level 3 ,180,CHIETA,"Glass Process Operator Assessment Specification.pdf (https://v5.airtableusercontent.com/v3/u/48/48/1766800800000/2fQLyoYWA6mmAm3MmQnOFQ/EeKYBRLAjITRuzGj6GoFbPIa83QamciCY_uKPSv-j0lqEMYMnPbfB9eicv_D5DuGdmCcdRCIcgsuJOS9syuzUlm8BSF2gpCqO6Q2zy0XW2tcip1cPdm1tyL4EkhP7jyQIUBREJuzj3lxnN-uzyKC2T4ogxG_r57xXTaRgPTMYuAwZhQ8HqZNs3IOzkCcKEIZ/uTuPQj2Djn1IEuUQhVpabTSnjtF71fMJ4mBSoMJrghs),Glass Process Operator Curriculum.pdf (https://v5.airtableusercontent.com/v3/u/48/48/1766800800000/onNrvgfKTaRh60eq3-Ge6g/2-xcIPwXCkmRsFvhMFfdLTCfl-zcxCl_JVWVafA4HMj4MUHCuks4JEM7otyY_LrY7PjE3hJW-TzPC41HY4Mf6g2VWB3tSghCeuDc0YpIqPP2V4nKJMsfdVQ562s55FQ58vuU1ZssorFKg69C282z4uV_1GAgszv7ynLIWmtIeng/tJNT2aOmxmw0e2Kcgk2tAiZxZWThvu5b5aUMgShKeDM)"
94023,Glazier,Occupational Certificate,https://allqs.saqa.org.za/showQualification.php?id=94023,NQF Level 4,360,NAMB,"External Assessment Specifications Document -Glazier.pdf (https://v5.airtableusercontent.com/v3/u/48/48/1766800800000/GT34bVscqv2gYxppoTxivQ/Jhk2T4eeVru0VJV8u0npgr4SyVB_uUPN5_fO3PU0TRVOAsbxmS8Fdu_vGR3yAoNS0Hv7EW86i4qtTeQ43sivPbT5kqhaoSk7YI86iPQhDtQj6K4POYt9KxKpCY1uTnDKD-LCYKr3U6GvXGNXqvIXE1Aq1yc1N0rXpIXORCTdFsdyCT9d6ZthVAVvA083cLA5/RxBXHSkZiAXZkbiKC3zs55Yvkv-D55xktAUWMvt96A8),Curriculum Document- Glazier.pdf (https://v5.airtableusercontent.com/v3/u/48/48/1766800800000/wigJunrMmAy9KDeHZ-jKTQ/415E0hop5I6wCZdDH-8kTiuuF3DQGgsEen8-0bbcuQTI3g4DroF-VLEJU6qEYpa7IKvpbwPvcdxkbmHtGz30fjYi0xBxxM_VUwrfxaIkV2AF9Vw09CccCy1iBhFGuu6kdBzdxZbnmx1wumT6h8RuEP0_ITqVBy55VIKB0Cm8nVM/efxbIymWM_NlfW_nU4ShciBIZGvggh_eT97cQ3thrd8),Learnership-OC- Glazier NQF Level 4.pdf (https://v5.airtableusercontent.com/v3/u/48/48/1766800800000/ZB2qOM3JLd3CA6XfAVfvyw/N_1XujmqlPnb34kID2zzzyi-3TGmdjWOsxfMzfs9UWFDkBGZIHQrOvhltnb0568mARMx44ryG8_yLapgd7BUwSs0X9oGJ0s0YoBTr3I-WVJ1eB6MgLdBfCBcxYMKF11NRwZbnJmfa6dDyISiTkVr45eMoBbaGvzmeF5kKl5XWdE/GgslX7XAShPFOhg43OmkALtkzykDHGD0ToGCLlVMHeo)"
118110,Glazier,Occupational Certificate,https://allqs.saqa.org.za/showQualification.php?id=118110,NQF Level 4,540,NAMB,"External Assessment Specifications Document -Glazier.pdf (https://v5.airtableusercontent.com/v3/u/48/48/1766800800000/swsFjVD8UJP6mJHVjHkTdw/DHoSdhjHwsJezv6Fpklq3QLPqCN80UrEr6Yx5tmSumiAh-hTRlFYwQGCUP0QpOtEzsVCPEmVRPAdvTeyUw3K6JSbru5gkyXxKk8eKIdvLRisn3iTj6I_k_6E7_u4KFAWbxPo3bmBbmNo96RTqsx-0sQiXA4P0TlZRk4Ne0k92tB5nXzvzZMQ0kqA-QFLNIma/ACOrnBXAA_9KuJ0uO4qe-a3je01s97U9PcoEcOMUUc0),Curriculum Document- Glazier.pdf (https://v5.airtableusercontent.com/v3/u/48/48/1766800800000/unbT2DWj784hzJi_ux00mg/e7S84qOukHwnopQwqopUKVOQk9p-XZYnPTgoehQajLF1TKdfqVxyw1CZXlegNXmBtcLOPcFBhdP5fo6oE2OVgtnaZeegMMrAOLm1MUciwNxdwY9mbxqxIhGBrhWoTp7woHtPXdbVYUypkofYwHeqU09tGMTKVmTMA-ld0j3BxDI/S-Bmi4y5jkY6-jYTsmO81_o-NdGNLNdbkiIUvTl1MNw),Learnership-OC- Glazier NQF Level 4.pdf (https://v5.airtableusercontent.com/v3/u/48/48/1766800800000/1eXLCpB57FKNUjBDGNFWFw/Wy5ctBG2q47h9K9e-JYB-ylcgDl8GBhaQdHoq3gOZCViPWNgNOsf3KTJlzXPIvj4nT17DmFHHhHbXhalP8pptUhT0dQdTuCxCtQnXOXVSmkiGHwjZNXrJAHNChtFb0-casKCnLssBsbkwIjVVjdQnzObvibcuPRdPdV2nUitFUA/aWWx-X0AKW8ju4wIgSM4ugMM2epO5rj575Ajymm8xUs)"
94039,Goldsmith,Occupational Certificate,https://allqs.saqa.org.za/showQualification.php?id=94039,NQF Level 4,575,NAMB,"661301000 - External Assessment Specifications Occupational Certificate Goldsmith.pdf (https://v5.airtableusercontent.com/v3/u/48/48/1766800800000/rLaaYdB41DJ5ryzrc7PTvg/g_NhQ1TACcX7I2I7DiLSodyiVoNE_D_o4Lis1rrtWs4Ex3YGJ7iaK0m27oEgGHgm881iFfWFJe5R8yZmd5lOmZkyWarbe5q6aNo3opxGR4XMN2i6k5H3XEQ9qw1aH5bj4A_XxONCzYq5_9PFqPJA_KTYSyA33jzMpMvkANqy-VHUiDoJQaxB9FTaJvMk68si0WVMVeolsX7u6cr80DA0AzO2DNlziuob9NawwKCNKn0/14AmYdtOqtNdEQ0SrNlWufkdhtmJry0vY7S1xz_oSJs),661301000 - Curriculum Document GoldSmith.pdf (https://v5.airtableusercontent.com/v3/u/48/48/1766800800000/4EDNj_Rdb-KuU8LAMefiYA/ax2BmE2M4QQx7_FFtjNvIWSQzEJtuyDtzv8SQzjnc6bCHXjyMUFo6iX7Onl653U6nwp3zZMwL8r6iePSzNk-YKE25tsyR7w6L4hIIK95kjN89saWn_pqlv6S6_vVuIbUkLqqB8i-zttzefbYJAzdGrb5-GRaS_uKkMSt5iCHJNQxZykpIp92Wdn6BMYAjjHJ/nhGvy1a_rXZUjrb7hN8vre_SOcaUEwZzNhf0h3SVOMI)"
104991,Governance Practitioner,Occupational Certificate,https://allqs.saqa.org.za/showQualification.php?id=104991,NQF Level 7,376,FASSET                 (CSSA),"EAS Document.pdf (https://v5.airtableusercontent.com/v3/u/48/48/1766800800000/hyolrvyVALCQbVbolJtNhw/dmJK2gWeR9kRlK97jqTOqKMaD_KglV6CJv9cisv7iDJnsUHyWFc4jxeQTdsPT7YpHvW2TcUtrUE8fvPOlPHQCbvC2YoHPkQOjYZnA3TB9HKDn--LH2VKJDYnPmt9pKxF92Yj6MkTBs9yDBU7QI6jbA/hDtR96mCQZyCh3QBjo1rAI4O6uYc360o-08nx8AcOCQ),Curriculum Document.pdf (https://v5.airtableusercontent.com/v3/u/48/48/1766800800000/lupTFvK917zt1Km4j37mMg/7SwyvSnpJeVxsgC07AHWsjH7V4m_QpU1zrr3gZ73ZCNSkg23hwgnP2zSw7nLEQAlqaJNnVLxrhZg9JcPmFqS11pqSIudL9peEF-4rPXjzMi0NS47eHJKpByNEtadofPIlIzeNAnr0uK173HO3QZjxNk9k87lMfJZ138eu4raYAE/9iNCadintzjayfvw4JTUWJRPz8aiEIbtWi9cmY9t0Vg)"
118115,Governance Professional,Occupational Certificate,https://allqs.saqa.org.za/showQualification.php?id=118115,NQF Level 8,156,FASSET                 (CSSA),"Governance Professional-External Assessment Specifications Document.pdf (https://v5.airtableusercontent.com/v3/u/48/48/1766800800000/cH8RulMF13rwpFJpXTpv8w/yFe5pi7DrE-Ip7Lo2BsCyWAR34X33kepuSjHN3GMq2VrkAEjYQTLfPHytVWkfD7YBM6aJvAHnw3Im2ciombf1Vr-0rzNWiMsZtTOdEvbhnEy316EMMdPQlbVDYKzyKwyt65Yw_3bh_H4FVcLymoT0iYDjhbbUDxH-0_G3j3v8SnisxhO_hvUVO_hB9sv74M7xULhu0oIKp0pP05cevYIew/ymHcCWSss_PAWOJkare95i52Wtdk4maiWXFrVVRIm0c),Governance Professional-Curriculum Document.pdf (https://v5.airtableusercontent.com/v3/u/48/48/1766800800000/OmRfAYJGk4pTutPFlLcmYA/h-f5HaHb-ougnLohZFgwui7h4mmh-x3I9mei1Jp2v1454ZReCkdWfjlvmAsVhG5BYQ3ubonEQk_w0SnjQbJVV0tOMiSu177Ir3aqbKTFeZFOzz6FHmvfRdP8Tfjdp-Hc5GiZ-sa3VaTV2LJGPLajLWYR0jhAED5njVHRt775qrmP4J5eE9noaHYwK0qJVu6U/yD0KKgOpHgtqEvApmHyWVJjeC8dYD7MZmyL7mkoscIg)"
118686,Grain Depot Manager,Occupational Certificate,https://allqs.saqa.org.za/showQualification.php?id=118686,NQF Level 5,235,AgriSETA,"External Assessment Specifications Document.pdf (https://v5.airtableusercontent.com/v3/u/48/48/1766800800000/XlQhTF55far6L3V0a2VIFw/W2DK2r_QMmWWYrmzdJVrGKm702B4WW1YnpRD-e0kGrqWvMmK4D2sjScb4d5YlFQGjmoYJkMJDIBIEpwHsmDvLLBvIjZD_EPlvU5z1OlQ6b2vEYlEH6JePC6Ccg8X0L_-1emM6H7Od7LKD2KCGUmPD8-bq-KmURaZrra5LFmI8UOuB5b3j0h_PpMbYjcrRVsO/hd2S7-nS3f5VQ4fKM8IYKiST3ozHx2pxEAeZP1Ob64s),Curriculum Document.pdf (https://v5.airtableusercontent.com/v3/u/48/48/1766800800000/0EWjyo6Kmlr9Xhu5d4HL2A/j8fgJ-E6sj0ylzhDDxsVMDSVOMZQIa4eLNETxBqubcLhZ86Lc7Mrcxq2ltS3AdhNoa307Ss9WaydBtWeIZ1roJDEJo7tlWrgMdbebA0OVea-ICHglneLp_ZMaMSBddLJnPrCdVH8gbhcQDu6Equ8V99BvKvFgRJDOzim0zxlJ3Y/Y3NpB-5khFludxyhTUpI_oWHCOVrouimSDk3XuGCm3w)"
118688,Grain Grader ,Occupational Certificate,https://allqs.saqa.org.za/showQualification.php?id=118688,NQF Level 4 ,46,AGRISETA,"External Assessment Specifications Document.pdf (https://v5.airtableusercontent.com/v3/u/48/48/1766800800000/Qssala1r8RVM8TDfDnQP6Q/JIW2Q7DqeWiHHWHFoN8H5bxDMquBs2VwQT43wiGhrwhowaO6u4dYGPVAVCFmqPtULlhsb0S9fsKuPmYZqK6Pw6k0SzqJpaEuyI8fl0izHNl7ABG75lIE4H9c3ZQIDt_4TFELlh477EsqMR4zdLvNhAj5F8QNk_0Kczs3jhnVtyc-k68hZtf88Lm_NjxOtgmS/lKvmaJSE5Z6zDL9FL24kGRrPepIiUSx2ZeSpQg5u_T4),Curriculum Document.pdf (https://v5.airtableusercontent.com/v3/u/48/48/1766800800000/AwSLxnVc0JIakHzFJmH_CQ/nWzL3JMm4PUfKDA-abfmin00a7tIoL7WWb9onD_GyKkHYlXOiEIkPyUsElAidq1yWdCvl-p3uVKObOu-dunlLFcK_1h4Qk-ZdETdqp7zvED-7rFokmU1yKj8uiH4rgzP0EbBW6WpHQB7LfM-_wjJjj5s0F3Hd2KqhoMOSNGywYU/G9R7rJ-SHAeLg1x4IYdAWJxeohqusriAnmTppk0dwBI)"
122663,Graphic Media Designer,National Occupational Certificate ,https://allqs.saqa.org.za/showQualification.php?id=122663,NQF Level 4,160,MICT SETA,
118691,Group Fitness Instructor ,Occupational Certificate,https://allqs.saqa.org.za/showQualification.php?id=118691,NQF Level 4 ,105,CATHSSETA,"Fitness Instructor-External Assessment Specifications Document .pdf (https://v5.airtableusercontent.com/v3/u/48/48/1766800800000/wa_4uji57KlGu7r_s4dCfg/lt2MiFl23zp2eV6Nl0fYxlz7sTGO4Pd8So8VS46DlY4UK7jievb7B4syVmh03NsrSujhyg7oDnTeIzS3l9qpE2SmsTKMFoMldNSK45bB7o9EUtgrJGko4pw9pf0u08iGWj6otAOeyGl1CBBHKmRnQGzFIdmtUWJG8QoT4saH-FYJCuYNfJ-hpCm5q7NDaWNu3FuxREBBrVSeTPf8gc83hw/A1GsctfcIaTz3dkE_VwX1kbB5BR9Rduu-XnaLsfsiOo),Fitness Instructor-Curriculum Document .pdf (https://v5.airtableusercontent.com/v3/u/48/48/1766800800000/xfXlF5K-WsI2RS7j3W0IVw/0QvJNQGTuTgYVg9I5Yel8V2g_J-t2ukQHTVw_j9K3BLm-YJBOynqw9XZcuKLe4P5xEpyyFagDsPRkv2aynhC0oy3izZQjwClrFci6YpYnhwjQw6B0FCbhNA9ChFcOLppmFo1XND5PM74ET9renYVyX3NatHjo6TlJcWSPWEj2oTgEdl-sqMbcST4tOTOoFqN/7wB1LSQCj1ehuU-lW4KjzoUjcMWPog0xXXk0x99O4Yk)"
118116,Guillotine Operator,Occupational Certificate,https://allqs.saqa.org.za/showQualification.php?id=118116,NQF Level 2,43,Printing SA            FP&MSETA,"Mechanised Soft Cover Bookbinding Technician-External Assessment Specifications Document.pdf (https://v5.airtableusercontent.com/v3/u/48/48/1766800800000/ooS_l7G5WnwhEScKyV-CkQ/S8HHc1cA0x-HDY6xOWGKAOgwmI3BUl7pQwJUPIMx6Fdp78kpvJ-wvbWgWXhZAPTAYWgN_qe5zQl2LTmckZcTEHYXeciHzJtyCz_G4QxhJgokX3c3LbcmtwSTw7x12A_hWBKtSo8Mbnk9BGIAYGtsTnrk_tKIcNJ0J5gObOv-LpFa9125vVy1ARHINHR8PMp9FKJMi9auvjXN--nyyfzFCJFjd0ExRDkEC_N2_wXqmyRijRU8lKGfpp76zwGv9tRa/lLWdVT1zdCNyCVNekSvFO60bcelLfCAP8VWviMMEmxA),Mechanised Soft Cover Bookbinding Technician-Curriculum Document.pdf (https://v5.airtableusercontent.com/v3/u/48/48/1766800800000/MeK67eTicSDBaPpI4padTQ/k3Yr7CLBuMUDZlTV60DPrxxXV6K8z68jFKWUMu6twWO60_gRp7g1GLuiXYTNgGY0w0OOesqreeal4YTEwGjqwbkPtf1BJMSFk2ZZG_1GMmPMuChx4NU6PlkI5HcEc7XlBXs5OfpglCIceHhuwVoQI2oHt5wpddHJu7jJ_ZcabE9R0aiY67CgWV-jVVhX1C_nme91URLRrdvuKXWH3Zwh0Q/f449hp1TSnUuf86JSl0mt37JI-KDTU0TIoAowQ5KaK4)"
102497,Hairdresser,Occupational Certificate,https://allqs.saqa.org.za/showQualification.php?id=102497,NQF Level 4,540,NAMB,"Assessment Specification Document.pdf (https://v5.airtableusercontent.com/v3/u/48/48/1766800800000/fVUqKPZ6dIb4_OBtUxVSHg/Qt-S0-qrKZUPR5Ydh9gS7zSFRhiW0Aq3OXDAuw3jyE8q6gRi7Kl7hQTJCQWIcLhkVeiRp9aiky54w5DdOuXcIIpeww4DGkA-ekrv0bXLP4okL1qJ91plDkzWWL8IlTUgmOD29ieojKsHBRMXZa26j8t-aGTcWRPfEg9cEsgVniA/blQ5gjN6TZvMKy73T4Z9oD_21g5qxiLbtsH4QqN4p5w),Curriculum Summary Document.pdf (https://v5.airtableusercontent.com/v3/u/48/48/1766800800000/P9UsMXKwQzZuDFFPJMn3BQ/H4wE8NX2JQc_IPuia6HXYFximJ673rxYQ-PMq4ns75mbzLi03J4BwKw6V06TDRkDSjsPgjmgDNuyBVfFq_FnLvFp3TUFwhXfoT7kON9CJ1nSiOzLjnfMFXsHtVH3CaFpIKACC44YLOlqu1cdXvceiNZ5bhZsiG-f3PcYsTBbNDw/5DCDz9TvvD7F2ehJ6bN00if2wS5fjJU7YfpJAqO727o),Leranership-OC-Hairdresser NQF Level 4.pdf (https://v5.airtableusercontent.com/v3/u/48/48/1766800800000/bGnepc1ivGtjJNcDmsq4xw/-K5Ws_WGCKwOc6clhbY2Ijf2_FjuCGkcqBjRkAkCjvXgQuATDq825dBpZjQUDVBB9IttmjDJJxOxDgI9hhkzTKnxS87hF0m8rIo_BJAEkLtM4F8l2kt8lDhN-Q8Dy8PJe4M5cxN31sF6Y_qRYTRTkJx7ppnSEMAixEHJnO6H-E2-2NH44UTPb7xPlaW4gRCX/SGYF1NhDhiHYqrgWaHzh4wbRjQJI2AlGEBwfWPj5sRs)"
97226,Hairdresser,Occupational Certificate,https://allqs.saqa.org.za/showQualification.php?id=97226,NQF Level 4,417,NAMB,"Assessment Specification Document.pdf (https://v5.airtableusercontent.com/v3/u/48/48/1766800800000/m-k2xj_FAH5P9edb9KkHyQ/egFuVZgsoYTWS-rYQTpDbfBEVfyon6tl4FPubHoVCplDihYV5_ribF0onM0Paz0yv2a5kIYz70lEeRhninE5boQCvOMqyud8GNtUqILP8XQm7iP3qWRLbiQGNPzwcNxW3680VXeWbrJ7fr4mRXAOZAaHx8YVTAQZDr5Ru-L4MDo/FFF_buphYM3t-VQwz1yoRZrb56zbUh8UmJTQwnA77fo),Curriculum Summary Document.pdf (https://v5.airtableusercontent.com/v3/u/48/48/1766800800000/SDlSZ97FfOxFF1IfGzqK3g/zFv7q9aVKYL-YGTznqcue6uoXRSWnwBfeTWENPGRl5WWNHXZNHFUgypDqpUnwMkOUkguM1SecSfcULre_ufYhOuYt1rIANH8Hhvi-L4OPKwesT1OsRMsI4iggO-8JquyCjTvriBFDcqUh9D6SI_QovYp8MKABcNCqXb7IdhqDFQ/6sLHY5i5-f3Raer1LsnGKqRdztbcqoAuAD6tS-abi2M),Leranership-OC-Hairdresser NQF Level 4.pdf (https://v5.airtableusercontent.com/v3/u/48/48/1766800800000/SGCGu9fMfka_L0pUYm7LVQ/wzhoXlk9aYiwRZSt7CNzawwNAs-vqrtLAy81FL7IEE3qHRHbKrYjV4vuIonpFwtG0exyKugzzvp9MKyXfRS7O9Zc9Fahlb6E56mcmQh_3m-Lh-wiLgfyn6VrJpE1EG3XEUo7yMSHcVZdPC3hC3Q7A4u59gXPpopCCfc6LVHhjDtScnJ2meiC46SEX1_WcCoF/-GyH-PwT6PgFikFXYJUXNSbwegKt-cyQ9LaU_3uLWmk)"
103262,Head Saw Doctor,Occupational Certificate,https://allqs.saqa.org.za/showQualification.php?id=103262,NQF Level 4,213,FP&M SETA,"Saw Doctor-External Assessment Specifications Document.pdf (https://v5.airtableusercontent.com/v3/u/48/48/1766800800000/4OaS1wG6ejqPucDvihzmUA/jBVm9h4U-qRJ8FugQFUzXNGHyPvdtuOI01PlCUW4V9ztHoF3byak5Zq6-QR-zJG3BJZ9mXNOHqnxgDBXuQAC-O3vHXQ6V1MxWww19Zy4xFvmMX0uaexrT8FvHg8ywIXNu4NQvR_xibF9oLVjTISys0XtI61s64kfJPwx0AodJQoNn0tlBcCyqG88X6x1vrWgAqAVIxl4OnCItnllAdpmZg/5qODABFJfnLGF-9ME-IUf3Z8xzpTj-ODFuQsP5RZwJ4),Saw Doctor-Curriculum Document.pdf (https://v5.airtableusercontent.com/v3/u/48/48/1766800800000/-MBLqXe7h72EV0VPjdJX8A/QFxU2rLkS3UetsaGcztYi0g2X2yyKwRDGNrqIedb6UtcbJ3y8FCbUQo27LIW7djB7jxoCOWVZEAUSZOHYE2ZmcOugA21IYSNhIUpY5e0AaJSEMsNkxoHquWTfKQMX5RPaVn6-AqS-i5H80a26HvWpmkuRNfQj9g0LxgoJp5KutM/jd-MqQr-klA8f4_YVv9_gGaW1AI_PZRy7Bne_tAyYQU)"
105030,Health Care Benefits Advisor,Occupational Certificate,https://allqs.saqa.org.za/showQualification.php?id=105030,NQF Level 5,102,INSETA,"EAS Document.pdf (https://v5.airtableusercontent.com/v3/u/48/48/1766800800000/XSg_TAh6kazVbCof0Lbckw/s4oM2vk1IjLp6LItMUZIhqkkDn8xp4B0paKh6tuhiWEjD95H65rlCYz7Kcw8_uNUCIM6S9hrAxvV9uAvONjTPgBAL26IKdqpEhiQ1fi-yXjnoAMPVtrc0nUsYY7pFiPwiIOoECipeeAqGjwIO28lMQ/ocLzKtBFaSrc_LsXa1c0xo0ofYSyPlREiz5VVHSruZk),Curriculum Document.pdf (https://v5.airtableusercontent.com/v3/u/48/48/1766800800000/ElsSTWOokzHWN70qR8R8xg/MTcNrKYw6j4pNv0gH4mJLCHxpiH2yF5MzdbiDVMhKCPuJpAyIaLtPqgkF0Yjh0a22aqlglvv5gmFRmhFzK-pnxcKKQUVqPWG3Ix1yOH-naK9Uyl_5mQDTBuQbiVPyaF-Nj21niRufaahiSxkBX05HiXRTFeqOpecypurhXg_PAc/Pwjp3yHtBOgQe33nmFus5T-gUt-wl8gw2YVJ_ueWVWI),Learnership-OC- Health Care Benefits Advisor NQF Level 5.pdf (https://v5.airtableusercontent.com/v3/u/48/48/1766800800000/7Z5a7BNslxHuXaB9QVMu7Q/4tHHVSshmFUkk-wrWnVdflsEpuyi3JjqmHZef7a7JaijP5l5T5A-7gXof8wAadnEDGw7WXgZggeEEkltXZ3lfSSb8zF8EKsDbv5mZxuKDa0zWDB28LklNdtoIXL-uatI6sYGXWTveFdZDs_Ro-weJSINFq2mstprlziwdkfRKrxLt5d6DTwM2MevCPNmDyGhVS-_zaH4yDZ0Ff6QGDTnZA/bzvuU85QF0agtNiRAVJu7ZQdW_MGohX8Zr4hqRAkLgY)"
101838,Health Information Manager,Occupational Certificate,https://allqs.saqa.org.za/showQualification.php?id=101838,NQF Level 7,454,HWSETA,"Health Information Manager-External Assessment Specifications Document.pdf (https://v5.airtableusercontent.com/v3/u/48/48/1766800800000/6Ugh-mI64favScdcMtrjeg/DHdKdzx882YOo7YpY-wFpsMSYPoWc62yBP278tkifyhQi5AcogUbbFQm5DQuhtW28VVMmeOZJJZnJgF3a2SWw3HA4bQ21rT1p0bEZPC6MUiPYQpNVPg340xStOy_Atw1HGUnOEZmpcFSWjpvKscTonI1_wKe1D0Djv0zzFoBImIP6HW-NuDC4P-mbjgU-DO7YBfTTLn-2gVtZ5GHx2psEISoR4LqcHjT18j-QJ5t69Y/T_XGPFcT40d4urBRvhx9iR2YRLKQlc_vMUXXGJctnzI),Health Information Manager-Curriculum Document.pdf (https://v5.airtableusercontent.com/v3/u/48/48/1766800800000/jugWDXWunOGpIGY49vJF7g/ptNEDQGXUKo_1_y9YpNfhRC3n1Wrz1_Bp3tpI6XC7bR_WOvOjJXxOJaIipqu5-ukQJS5kgMx3K12m88JPlasawpsbjjPJx2h3lsIbGZQTaWBpj-fBdaQw9OUJMFcY2nD11F5OZDza2XFqJZnToAhM_GSatUCm1sDlZ7EgT80I7Pcn5KoqnDskFInzaJfzsoB/uOEDSGY2YTXLMJN2jfVZM6QUOcYh8PsPP4lZomFbVEA)"
118738,Health Products Information Officer ,Occupational Certificate,https://allqs.saqa.org.za/showQualification.php?id=118738,NQF Level 5,77,CHIETA,"External Assessment Specifications Document.pdf (https://v5.airtableusercontent.com/v3/u/48/48/1766800800000/J8ROFCblgh0JnswPK7xNAg/f6AgQ-Rl4t_PZdmA4LjibtcKUCy_JcaV9H-AppQ7FOHpHU0_7IWjQYxhe44Uws2BTvdHk1RoCBF1e49cxvYGqJWMn6jUt6OeF7tWThGTC4jvrrxB2Cxb2B57u4NLUXkP2nmcW_Eh5QgN6ssTB2uDLuiqSltu-g4g0eBBSmNT_xY3JXYZpRb7jdFC4mUJQD5-/c9KFFEBbaiED3uRU0Fjnjfd7jSnkLkARZCMOocMq8UE),Curriculum Document.pdf (https://v5.airtableusercontent.com/v3/u/48/48/1766800800000/fa8D7IzNpAjRS4UODayMMw/XksSOVAe0YlAEIiCVxMYKsqmZ7oVb1VN-GA7doPlARnX2vkLxYG3eOddy1Rq4EYvbdWBgUWTeoA46AHSW3crDgxTcwokbilqnniAnSVWO0ITRN0EMI0TvM-4hx6YfnMQDTRXFObQ9HuNKs1eP6zorOTetuMcHAV7FQJviQrNEiM/LIEJAwigJcGw7fsd38EL5o28hsgvjQKhSIVWITC3D4g)"
118737,Health Products Marketing Associate ,Occupational Certificate,https://allqs.saqa.org.za/showQualification.php?id=118737,NQF Level 5,92,CHIETA,"External Assessment Specifications Document.pdf (https://v5.airtableusercontent.com/v3/u/48/48/1766800800000/xZH1BDjgeuu-dyx6rpRlig/DD3OJbN04L52Ax8Gf5oDS65CAio75JqniR0RD6vRHtuQVeDxweWdtX2ujG-S0wTgxjiO14VgFuojXTm7ySGrRJRPtbutB-T5S0YOdGOSM8mhL-rbKbBVj4tnSF1rCkA3gDAxIZLjGBxmA6kimvIdANTO1-Vn2OwsRhESLwQNOfH17tpAMwMW7Mx1tsZfA4Ez/PXNxUrYUn0bu7kJWIKAlR_3ERSombA0W4nBDOa0vsjk),Curriculum Document.pdf (https://v5.airtableusercontent.com/v3/u/48/48/1766800800000/qHY2RWLcMYqdd8UB1WxUfw/YxX_efqQpcj2pEHXIE6UXimJ65omqElSL3LVRFerAisoswpjgdq6Qy5_9LRjzwc65sq6KaF0cEML455VsXAMbucj9ad7UBcfDOU5FB6Q0T9g7lZOh74DPgLkNuHAJ-8_ubq7-cuJaKGyHp1SbehJC9Ix_S876LcpyGDIsFXCTtc/CpC1fVanuEg6G-4HtxiNSkE7Myl4p5xVueOY0UQTfV0)"
118739,Health Products Sales Associate ,Occupational Certificate,https://allqs.saqa.org.za/showQualification.php?id=118739,NQF Level 5,112,CHIETA,"External Assessment Specifications Document.pdf (https://v5.airtableusercontent.com/v3/u/48/48/1766800800000/BRizNggXcN2na0qQvXQk8Q/0VHfJg4DRiLe9OUqfxuFp6nWU6mODTKn3QDJxJkFUNEC6tM2Fsg5oMIjHKa7WBxvDj_K9rg38F28L_vfsAYiXz5uljXha83GdMB34W0EetKyFiTviXKLrnUuD8FMLsKr3yrbnkPNvceg4F2QuGPPMpBNCSH2pepOiRG8j0xzl5qRlqsJZ1QZG0adzLZi18F_/SaE66pGGhBlQjz0vngOS3-2GZMW0DBa9sVTqtGCdCLM),Curriculum Document.pdf (https://v5.airtableusercontent.com/v3/u/48/48/1766800800000/XjhhamapyNkLbR6BXiLOYA/gysCytDAd_R8xrWTr1OMJOK8MjP09YxETb31KiHqWk9_JhWj-4h3jbMoU5xeBMW7tWZa2GM6zgxW58UvXKRhExT2ZunXfTlUAcC3Wi0n9B82E0fNnrwP9PuU_Xi2tn8K_53_2-4cnKsnfUF1DAyGHSw6Z4TIixbJoribwnl2mC0/yUG02qro407ExCVl8dK96IKeezgv0dBjS2DeAd4c-Dk)"
118735,Health Products Sales Representative,Occupational Certificate,https://allqs.saqa.org.za/showQualification.php?id=118735,NQF Level 5,173,CHIETA,"Health Products Sales Rap-External Assessment Specification Doc 2020-11-23.docx (https://v5.airtableusercontent.com/v3/u/48/48/1766800800000/xYevRfwU4d_5GC06aV898w/QBJfFyTU67_larVQHrixuCwSiKZEzd-Bp78TvavUu3FS1uokSUgchEqSSGsgbbDmrlMrWkCGHEFSWP0mC-MUGFvTH2P6hMz2BsPDn23j26lsLB5uRr8dKXTPOQe6PB_AI08hsih2Qnic3uRWqF60hhHevblFgwuJno1lUP4Tk4sRDTjzhB2W4F7sZSj4jjk86QdFq0UJK6x3Y-pNxenaiqnAnrUSBGjv5_6knt2htF4/CE5NXlDpSrllwggtNxdOwQmOF5PgEZg_iu_aTgVYCH8),Health Products Sales Rep-Curriculum Doc 2020-11-23.docx (https://v5.airtableusercontent.com/v3/u/48/48/1766800800000/6J7bP7ZVw1LqBSt_9ZAI3g/5JhA90in1Nmco5-flkd0XC6axvj4yZqXMsGjBGgLiweNMJJNLfCQJ9UGbmHJW6eZQKtlmlTAY-H4u-J6YBANpa24fK7LVEwixZ74p0hxyC6tcea7XCSjiaB-PiCoXSDjHguyLKwtRACvmxNOG0pi7TvAwwDK_CDLfDnXiiEKaZ9763_KGhMhZ1-Bhk_aDpwa/L3c48jwAJHy9eOBd0LM4t92tTMSfdBpgtReBRwyd9D8)"
94597,Health Promotion Officer,Occupational Certificate,https://allqs.saqa.org.za/showQualification.php?id=94597,NQF Level 3 ,163,HWSETA,"External Assessment - HPO Community Health Worker.pdf (https://v5.airtableusercontent.com/v3/u/48/48/1766800800000/8Xg-zsvXy-2uMLNrmdbE3A/GMb3W3vtolly1LKimcZipIXzJXdqoIMLowtPxehi_6y_ZoaY94Y_JgcdPEI4TAr6zPZG1gUwgZrlBuwzwRpaGH4jvUUyOjMqGXCEtl5etRIP5m9HMfB-FpxZzB6ec9C049ZkOPEVioVoEi0F_MS5i7dE7ZdH0m15JWOO0Xca2ZbKOitAmvSujWLkrAVweiU9/v-DnC_uNBajke7G4Ms-w5egb0yIyKNkz1FxT7Z6delM),Curriculum Document - Health Promotion Officer Community Health Worker 2.pdf (https://v5.airtableusercontent.com/v3/u/48/48/1766800800000/_2od8FzUF5K7nvL1dAsW0A/9Ke9NfBh_Y5gDoMAoO9wpvzJD2eNSdcXbnkK1WsB6InQfwiVXJX_dYdX9oZ8d8_r62sWf_mXjGWMAGT4daoRs2094MOEG9JFZyH0jLQ2xZQ2rvOsuF19eXyFvLEmNndt-RKyfTLYCEGNvTn08amxDq2eH-0YCeaqgiqALzwa3mcnb2f-JfksT9lqZ20Qh9mwIbNFMJ1Aqu63ksXacwjKqw/IxrDeL7m1qYbKy5qcr0tlZnt1eXnkaMjAer1L1c261E)"
118730,Healthcare Cleaner,Occupational Certificate,https://allqs.saqa.org.za/showQualification.php?id=118730,NQF Level 2,120,SERVICES SETA,"External Assessment Specifications Document.pdf (https://v5.airtableusercontent.com/v3/u/48/48/1766800800000/U3lP_dzlZI1WtM6Buf9PCA/nKGnVDOpGcpR0nOOWk8UTfalg3XA2dRqOhcJFKmuc-7wyZaU5a1BpPIY1eLnnN8eqg5L5GT3L2WmZFW_QRN6l5Azxzc7LFo0_-1FNKZwNAg4JFORDOkxC_UPz72dBGUIH2oE_NLQANc3r8Re_nvFF-O5gdRXPgvZh65OpAJZSy9mzFYAxMacIomnpjFC5ccb/daBZRlEI1EniV50cx7m721sq49bBsmn_-tJQSE_m3-0),Curriculum Document.pdf (https://v5.airtableusercontent.com/v3/u/48/48/1766800800000/EczGPUSr54CYuROkQyrS1w/sRORhJ6_BJ_O3mruHevdpbyTDR_Tv1PcWf_zVjfoF70M4S-RwiZahUbU4kBdD9PV4ojE8u0B9EXDiK25WvtkwbhmoCtNnqVtKlwUoWrfm0eFY9uYIjXEV71FNa9ArecgoPoddkMVHINGshEoGzW5Y5SCAufZyM9fGhrcV2aUhDw/JakmwSqdFlKuO_wax3mEJe9SMIwFCXM4_aOsGycjpmI)"
118848,Heart Resonance Practitioner ,Occupational Certificate,https://allqs.saqa.org.za/showQualification.php?id=118848,NQF Level 5,60,HWSETA,"Assessment Specifications Document.pdf (https://v5.airtableusercontent.com/v3/u/48/48/1766800800000/9LzG6CYGcDx0BsgoQeB2Jw/Ll4dTYUe3btPwYeadn_KmhamTu86N2HNRoBcuV-7Xc0hq36xMrKM0nvzeupjh0nrRyJDCcimI8xrjuPe0dLqUaqtI4unYMt0yY_S7k7OtqFUKCdZ9lKAkk2fVVHgCTA10Spbyse6hO1y2KdwyCg2J760w4ZZ31SJdlvBz5Jp0CY/ux-wfxgL9ndr_CjtToEUxa6aNuqi0Lsw9Olg5fl6qi4),Curriculum Document- Access the bars practitioner-Access the bars practitioner .pdf (https://v5.airtableusercontent.com/v3/u/48/48/1766800800000/Z39d2M1TPuGCBt-o_7Du8A/FZYiiguLIpcJceNqtxoMb1OXyAdt3D5Tb088W_wSeCL9kz3dz-zL4amd26iGxBrXetJg8HNtc6zc9I4PvpORAVvz-9TOJ5hEZ2uN_rn_Sh7CSEt_rPbj01zVpXEVPqeJwbEXGa7ZAPMyCxMQJ6gOZ7QOo_8xw14DEVeGGa6eP5TZoy66Tav4xqxQKml9RXvfI5arAe0BxcTJRN45YEoDuLqzlgAstJ-NR9HHPFY2skc/moGtNlFVbnn0yidJNjR2cNdrieh3SylWBle0I0f5QqU)"
104620,"Heating, Ventilation and Air Conditioning (HVAC) Control Fitter",Occupational Certificate,https://allqs.saqa.org.za/showQualification.php?id=104620,NQF Level 4,155,MERSETA ,"Assessment Specification Document.pdf (https://v5.airtableusercontent.com/v3/u/48/48/1766800800000/jaFX2r4BcwE16snzTJpw2w/GFjiAEo0gkVk5DsiqqrAOUMIFd8IcPwu3MVpJkXDQ_KT85YcGv0UwK8Qp-97xNlW1Ckv_8J0hb8Bxx648NKKxJkQtnZORcH-wEvLiU5wgum7BYTAVUh0aywi6OINeuYtNe7P7P1ulnNq1LeA7EsCBAcO60mBskpr-QXFmTSbj8Y/oOQNbZJ6oLLB110FbG1-d70A618GUf_FNwV9ai4Lcgo),Curriculum Document.pdf (https://v5.airtableusercontent.com/v3/u/48/48/1766800800000/2kF6cMnXbjKVwze3zJAYyw/u8nUDA23wmvdBBtmPiwotrJh3T5c76q_r3blzbgcxfqye5NdsEwdSLI6xb6IuX460SL8A0DpQ6QK8QyA4nZShIyTDnEYGoHMj2DPu1ZKBKVOvqG3xSuq7i1B9L3L5E6wqjjfbFhHeh2HAbvB7d567klJ2On8eERBH2xESNMxwTk/XOuN_qtAmX7HmDD4HEUI-wEMcGG8z19hMpnmx3r725o)"
119437,Heatset Rotary Offset Lithography Assistant Printer,Occupational Certificate,https://regqs.saqa.org.za/viewQualification.php?id=119437,NQF Level 3 ,299,PIFSA,"EAS - Heatset Rotary Offset Lithography Assistant Printer.pdf (https://v5.airtableusercontent.com/v3/u/48/48/1766800800000/8sAPBxeJaAkV7c8v_mF-iQ/Xs2B3CZhuDVYBhVfzGUkfmsdJKxoUsDHqKx5f0VO03lmDnYOuk0lxWx9jUjSQGi4JO3-iM2ExvLSFHAcgsIJfSbdt_pv-TPLN0jx1voIq99gJIY8WTdLpRjE1eN1yyQbY2iogQoCPuWwqADl9Rjb4L-SsJyCA9-rrZKdS3cHQddZU5XV6ghviHvKktM-hWvGba3bqnbzNJPN6uKm40y-yQ/IHa8kAKz3heOP9_SRkYUjpgz32qtrFWEFQJvCOzmcUg),Curriculum - Heatset Rotary Offset Lithography Assistant Printer.pdf (https://v5.airtableusercontent.com/v3/u/48/48/1766800800000/NTM2CMXaJqgyWgzJILh1Ng/DnOenQ676O3GwqXdo-QwqmdmphHAhN4FJ1HpHl5IOSlhXbccWsIcu5ktQQPsYwy24S2VjDkt2z_ZusdEvCQpmwkHrPc0spz_AloUjyuFKfhunrjGDs77hGwsh8r13pj6ERQRnPDVwzR5IhKshk5om2QMvRP-5nd7SyeJctxaskAUFS1F38kT9Y3W6xO8nNmfNqq4GNpobXKVjrXDrRjta8A8k_jSITHW_4OlDXo7k7w/gwFZDD1BBnKN8bL5yFRYVVJZQP96LUCDfNOS1mLBZ0Q)"
119444,Heatset Rotary Offset Lithography Printing Technician,Occupational Certificate,https://allqs.saqa.org.za/showQualification.php?id=119444,NQF Level 4,631,PIFSA                   FP&M SETA,"Assessment Specifications Document.pdf (https://v5.airtableusercontent.com/v3/u/48/48/1766800800000/bXseoBbr6-liGrvbdHdg-g/tHsL1u7GyyOGkjLOePL4uwFH3bHFzok0ZcVHjA0wOyp4zjJ8VIdQfxXYIdZeUNENAfaY9rdxkF6swFmy5Eip-_vD7Qdj_4T-IGEgb--Z6ZBtHgfQsnFE2pGRKEvQkIcb4ks7s7vd0Z-7VIJswjrw7KoVXHuCuXcd7a2dzLhFrUc/E0gYsoQfP9sej9xeK8PsckSEsbsK5smmxP9_WeniuxI),Curriculum Document.pdf (https://v5.airtableusercontent.com/v3/u/48/48/1766800800000/xU9A8S90vYdxlXvmZkZcRg/4EIaZzW-my3-qxuEfmB93QVkAY2gtHKwtM7ELhNhKBNiPBmZy24F8sJ5DR42q88d-ZMyk9l7JiFFaH_MSYGURupVgDvPqZrFrRBta10imm9QQ8k8h0P-tWAEkBj6al8DE-PNFMZOGKE42U2E314bkOC-zAEqSsVDr096SMuHatk/SxTHHiXjWZY1EiBWd435Jhahoe09_pMwAZIDHcGztUw)"
119431,Heatset Rotary Offset Lithography Reel stand Operator,Occupational Certificate,https://allqs.saqa.org.za/showQualification.php?id=119431,NQF Level 2,147,PIFSA ,"EAS - Heatset Rotary Offset Lithography Reel Stand Operator.pdf (https://v5.airtableusercontent.com/v3/u/48/48/1766800800000/RFncVR3SBmNWwiJh0clXWQ/a5ixvhFw4B0-2EiUjbXHmEUrUbvzV-OBe7Mg_ofD7GxrO9FTp6Rk97xk03ChI5IHo4wiDyv227xWqfEiCuxQziCmgUbKBepVz9uur2jY6CltHX_py4THH4BHu5g1Ih6-o_nYxAl8WG9mqzYlr2H_lE3dZ09HtNicl9bwkb2NinW9Wx3sFqTnLDQXZgbipHGXFjkVwB0Q7Fmg7WhaIA0kTw/70LPuzNbBqDDFmHgkyg2KgnqPv1luGq4vFM48c5cmMA),Curriculum - Heatset Rotary offset Lithography Reel Stand Operator.pdf (https://v5.airtableusercontent.com/v3/u/48/48/1766800800000/-TELYUgRrSc08wFEiF3O2Q/J47dVeccTbkqY4_WA8Qi0JPjZ-MI6btNTwajPRPY-iFI8ZrUeomblG7w9oQD8RLzg7U54me-ZZibn1Oz46kmplIydnC3cAv9dOpWNbWWBuofOE7TiedEqaZh0qm_iCEECuqKSMIqirDtC3hgciRG6CBMwjVhM21fZq-dqw1_6M-ziZkD6euScYKAgVQcs9dJFF2CQ6UZtz9nbU1gNGaD86_yjk6FP9qXjwZIAmujZKM/9eJkSOasETdoFkMqbqHjb0-ZfFHoVOmqQypgm6lFqxM)"
119439,Heatset Rotary Offset Lithography Stacker Operator,Occupational Certificate,https://allqs.saqa.org.za/showQualification.php?id=119439,NQF Level 3 ,163,PIFSA,"EAS - Heatset Rotary Offset Lithography Stacker Operator.pdf (https://v5.airtableusercontent.com/v3/u/48/48/1766800800000/JGUDDov2-akFjnb7LB8FSw/x0heH1ArxgioU7O8J0vwE5kDjcPaDtIxrs0n-tjzRRHZwyfgihYlYlvNLkZzo8KNvwQEoftvLY_ABvb4WM6vFhzuz1VwjRrRA86hs8hZ6oOvvGSwbce9D3fTlU7qGN04flupMUbLpTGwfSPrA0aDG5v7ZhJcma1gj-D0U3ec67_MhJwBP-vtT4Wqb-mnYA4gnbhbemSb-s2RLTqF3q3n9w/v3-ZrWzUdvDETFkp7ChBVYjltTnqJemi6BN5FTleK0c),Curriculum -  Heatset Rotary Offset Lithography Stacker Operator.pdf (https://v5.airtableusercontent.com/v3/u/48/48/1766800800000/CEP-0m4ehodJl-JLK5a5pA/60huyUZq2aXxBt_gLY478Tm4fnirNgK_gPXnFowrYnr7EhGa4d6O_jgc4vE4UPzwwN1UlB7c0tA17dHhWyRYZvHT9NuOhn1MCNZW4O2Zs_Mw9jPgVNGqvudLWVp-UhYlfMjBLIE29fbp_WXkIignlqC9gVprCaiPIauexK2yBU-btQCDtdbtQ_2IqLIRm2XUxZNht7owQTwiP3sbsVTB4GA9mIjYsS3q-lwf0q78vzU/Yjxj6nQ6QIpbiTKrpP7o2b7R0ouUdBf6mA5gK6i831A)"
117234,Heavy Duty Clutch and Brake Repairer,Occupational Certificate,https://allqs.saqa.org.za/showQualification.php?id=117234,NQF Level 3,168,MERSETA ,
117357,Heavy Duty Drive Train Repairer (Vehicle Transmission Mechanic),Occupational Certificate,https://allqs.saqa.org.za/showQualification.php?id=117357,NQF Level 3,159,MERSETA ,
117359,Heavy Duty Hydraulic and Pneumatic Repairer,Occupational Certificate,https://allqs.saqa.org.za/showQualification.php?id=117359,NQF Level 3,157,MERSETA ,
117347,Heavy Duty Suspension Repairer,Occupational Certificate,https://allqs.saqa.org.za/showQualification.php?id=117347,NQF Level 2,140,MERSETA ,
117348,Heavy Duty Workshop Assistant,Occupational Certificate,https://allqs.saqa.org.za/showQualification.php?id=117348,NQF Level 2,153,MERSETA ,
97582,Heavy Equipment Mechanic,Occupational Certificate,https://allqs.saqa.org.za/showQualification.php?id=97582,NQF Level 4,540,NAMB,"Heavy Equipment Mechanic-External Assessment Specifications.pdf (https://v5.airtableusercontent.com/v3/u/48/48/1766800800000/u7Wrv3msQ1aSRGtpssOWrQ/O6h4gDBaup0OYd7aEjupCTclD_Imi4OAns5kFxhFVJfLlLKbXz7qm-FQKu9-Ddmqvv9_LKUsAy4rsRVfkJxsDYkuzGw0p85Q-9ozimth46c52M6SqKX9WGGGQ2QrGArSt_bn3ZhJqF3OK--TfpVTAv1Z-b2ZU3jLjUp54Q6IHFlsf5aMhsfh8967UcyQT5hil4tK5rFPuT7ASSAm2Wr_yg/mSC5EXv6fOLUNWgZJHWQKM01S7fyT83_ZljlSFCA3wA),Heavy Equipment Mechanic-Curriculum Document.pdf (https://v5.airtableusercontent.com/v3/u/48/48/1766800800000/8OvhoLH3jG4YNWaac7wWoA/GrdqFCKpC7ricvRvv-Y9m-WkuVpM_ZqHzCaT1l16K5Uz5XIqE67EVlTHfb8b9u-ghyvsLemQP6ImA9QQPUmjdbPR4HfIEP872CmbRIX4I_uoyBOdw2xlnqaWbxtp6HjGZb6O-zkOqTm9KZEL3TsAJyKSBS5uI_BFtMdSUNYvhslVPFVsu3XlpMGyFWusDefF/TUMBTkXGFnziTiBD42WilyH_BTH5LdFtTJlfLfmdwII)"
121692,Higher Occupational Certificate: Architectural Draughtsperson,Higher Occupational Certificate,https://allqs.saqa.org.za/showQualification.php?id=121692,NQF Level 5,120,CETA,"220912- EAS Architectural Draughtsperson.pdf (https://v5.airtableusercontent.com/v3/u/48/48/1766800800000/vOG66CNfboyoib-zkxcDQQ/64gKllhsnVErCKSxSRINKA5CxXzH0tHz5Zn4Ctal53bStFBD0-_WR8ITGAdz3DnQrwFDiC4-lOcxsrWfCr_Tc9l2BdhHUlJwJcWaoQGm5DNnYywdWvusdJWwGXrEcl6R0bQ8HN4Nlwdk4JWiNl1vKnCLVf2xNQ6sm-XIHJy1ugR-YQaD87OgHTuT3RMSpWHH/qHnh08PL7CG-cQ1ny-_YITjvsA8xdUeWPT95qkUqu1k),220912-Curriculum Architectural Draughtsperson.pdf (https://v5.airtableusercontent.com/v3/u/48/48/1766800800000/UEZkbGxk2PzlMzc9SsDNoA/ANRuyhFibidCn1tCOI9yMR0xhm5zwQb0o6eEQL8PZLHT7l3VeVI4D4Wph6hUFPqs7dWqDY3feNDQ4AdmRpcZ8oOriAVzQJPYlRmgDifFphh5GiRp9bMlL0vlXIIWr0OYhhnRS5ku_ez_TANiJCZaDfDYBzp56kgS-sh34fqMzX62mfKHzOM8fzogcZEws5sqWBl-whg7F2ltXJmhXqUs3w/crnzuj3-gYkPYEi7NJuydb7JcZlH8-waaacV5cjWHdk)"
104779,Home Based Personal Care Assistant,Occupational Certificate,https://allqs.saqa.org.za/showQualification.php?id=104779,NQF Level 2,68,HWSETA,"Assessment Specifications Document.pdf (https://v5.airtableusercontent.com/v3/u/48/48/1766800800000/bmwtHF_AbjBALVrSR7Sc6A/k_wcXJ99AjDS7bMgp2NTVorK0DdLmLpVlxWNmqkwWKl0QGYqEq22wTqYSkaMHBYIsDTaUs-wSwMDt8VbQBkOfPpj8cMKmyeI6MNX0LpyRFTLP_ZxJyR_cyYDiDS4V9dphXtesRbEBben3cExjhuJxj32PdJ5nohNSvluEDuzEy8/C1eT6GGl1qgr0bYsXOzhEcKustENXxnc0R0DFrR4hi8),Curriculum Document.pdf (https://v5.airtableusercontent.com/v3/u/48/48/1766800800000/8r-OLzpGQ6GeJmSDZVWtnw/2VbpsVXdvsC-8S-ttFtPZgR7LeAQontc6EOo_9zfsv2HFB7BiMwt_icz-h9WP7mwu9ctzdn6ujKQl8wO8e487zVat9a5TSgHdm2Y2XTF5xs1PLhwOAr5jVUHFx_PDePbMvlDJB5bfQfrR94_INk4sEZaXfEicJTZNKLW04EtwAE/KoWrX2H3drCuV6-ezfjlXmTiiFKpVAoKK3K1i9P5oJY)"
104792,Home Based Personal Care Worker,Occupational Certificate,https://allqs.saqa.org.za/showQualification.php?id=104792,NQF Level 3 ,135,HWSETA,"Assessment Specifications Document.pdf (https://v5.airtableusercontent.com/v3/u/48/48/1766800800000/6s-owenLOFcP4g_NzKHEtQ/dbrjS0hTS2JPMV3jm9QYmNLAnU_j4l0VrZuVpDC-vAI1gBbhHYzrw0K9dH3SY9ayAI_tCTml2S1F5H7C4tba_IQsqXj3KqTEj3VUCjtvEJQnM0kNmgQpHpq7KqThsSCjQqVC6lWz1ZS9rtuHhDbrAVsJIeXO2zxKtfcTUaDLIik/syHEzWAIwYR24nukLZ7CXj9KvPCglpk9_OpTUAaf3Nw),Curriculum Document.pdf (https://v5.airtableusercontent.com/v3/u/48/48/1766800800000/jVuenb4uOpxul51XukImhg/YAYaLOPh02A-DDix-o663-zQgGTXh-3sa4mD2aeOTjmfxj7aC8dMSK-Onn2mFU7I3Oxmue8YrnGDEFH4tl43VkcjvsWLG5Ldxw9adKxfpMo16GArP4XXqshqM8CM7BIN_mWQyB8D6i_ZWZWbolaFcDIIkCV8RuG2RC3_ynvTIZM/p9fFKWZtE06Zql6tLoKJrQ3TaonOTGMAl46dMHz5q-0)"
121767,Hospitality Laundry Assistant,Occupational Certificate ,https://allqs.saqa.org.za/showQualification.php?id=121767,NQF Level 3 ,64,CATHSETA,"CommercialCleaner-ExternalAssessmentSpecificationsDocument.pdf (https://v5.airtableusercontent.com/v3/u/48/48/1766800800000/rpH0KiDPapNmf7WjCB_OhA/DwsqpfbMO8UC3eVAmKiMA_U-YbrMQRIZMNDDFRWtl0DlpwaP0F6Z60kB77Mwwg775dU_GBv5wq_el8EqU1g3kCHP6GqqtDs8kHUlQc97xSS9oLHRmf8hl9qndBrmfJ2Q53PivglcYemjj6Ac-z9MFKTws_NlvntFOIUovOiqCpma6AggZsZgG33c1_Rt4AeVkjXLMj7OlnItV_PaF8n31pepHTy5VEArjRBYeuIdA0o/GALP0symYeLQJYu-LUyeH8pj-s6miq_oh7f9-wFnUy8),CommercialCleaner-CurriculumDocument.pdf (https://v5.airtableusercontent.com/v3/u/48/48/1766800800000/n_zsZWSePM4ZtEt-QcUVCQ/7qyxSywX5wNEtRJ_nN8aWUDmXo9j-c1GB460khk4Pm8EoKuKIoJWIkywmsAHQSl455ghX1IRYU0XDZJn5h6flRoJHhuk8SP5U0GiM93lzVz3gFqkTzdVn7fbiK875Jqt32hr3bRIrgPoVPxFJRrne6egQA3X768RnJBT_13l8vIb4uBv8VYnLZNkCNGllsTW/q3MDr-fSWucH_LNQeEHcfrZlHvDTagxTHcdd44pUmOc)"
117028,Hot Mix Asphalt Paving Machine Operator,Occupational Certificate,https://allqs.saqa.org.za/showQualification.php?id=117028,NQF Level 2,46,CONSTRUCTION SETA,"Curriculum Document.pdf (https://v5.airtableusercontent.com/v3/u/48/48/1766800800000/J6mUcUQ4Lp6MhG97gDkvGA/G3_US5ft6J38ec7ihNihvAdkEzJi8t5v1FspNikFVyQa88kkonB3FSkE0VGrflFPL5RDc8mEmIt7NlxSbnWmqDaG_bgw1NMd7hY5NkifTMcQAijSfwGhEw9YI22kxXaQbRisYjjcp_SiTRdqoKWmYyI-aeVbaEOh_M5bnMjmJ88/8e2Lz6UaOQ_qx-WgCydtCKHKJ6vsDAkEerEP8-zJQ8c),External Assessment Specifications Document.pdf (https://v5.airtableusercontent.com/v3/u/48/48/1766800800000/_DbDRi85XspZkIfjdo87cw/irxHMum-Kei1IjocoxRSVIvnMfcMiVbKVJTpiOgow7vI_enIsqBG7JgMBqR9muGykE7y1enIYSnIuO_rgRzkA7He-kkfF_x6dhjFwUVNgzDllp96G8d4rpCRL3vX1N_joEONLhWZOERs2DUv0C2CsJzM8xYlpTd3enyB6_FDrOixyMLULaokGsI8yTfZrySj/AQr6Qm9BdFXNs6lCYK6RvhW7ukRfs7ylsi6fbOAQ6IQ)"
94620,Hot Water System Installer (Heat Pump Installer),Occupational Certificate,https://allqs.saqa.org.za/showQualification.php?id=94620,NQF Level 4,67,MERSETA                 IOPSA (AQP),"Curriculum - Heat Pump Installer.pdf (https://v5.airtableusercontent.com/v3/u/48/48/1766800800000/q5uiVSUZvRSAgcpvHVeIqQ/Hn8Pkiq24F_Q7wv7AoWjdi4f9sCTs2MBsF3YKoXQ2M7sdtb7gcP9Szq7ernnYx7lWWkb0uLfUs9cJ6hkoyNiE3rdo681v0yQQH_eKnbQi2Sx38x3-MoxLsca4ehG-KyiziAj03t8pLdTzsvMN55e_2cS6FyPofnAMeGLplMju1I/Vv1qWtzwR3ZCNX5pvadMVF3HOyGCbeWCPA070aJ0OM8),EAS - Heat Pump Installer.pdf (https://v5.airtableusercontent.com/v3/u/48/48/1766800800000/G0B7uw9V59zGuXXDsAE8YA/cgBLn-0kaCA0lZ31Ohls_3CfUS7nj9-6I9hdUbdUU4LVKUIr2R5WbsJwtRTfwsbrQFwSLRojzhASCI83kcdgVLRnGiT_J66Jxo6-z0F32jhhFj3NZHNS_vPCM4ObMFRGKjbQhSmg1nD89e71Bivq1phPr7D2PEcxz47SoCZLZ1s/MXTyWumnPpf2hTl7ruKwvsSimr_NcLiKI_Mtmf_RZF8)"
94619,Hot Water System Installer (Solar Water Installer),Occupational Certificate,https://allqs.saqa.org.za/showQualification.php?id=94619,NQF Level 4,67,MERSETA                 IOPSA (AQP),"Curriculum - Solar Installer -Solar Water Heater Installer.pdf (https://v5.airtableusercontent.com/v3/u/48/48/1766800800000/sBfVGEiOjZk7lmS_9qf9EQ/rKNb7dK47KvWaz8yOqYisrhoLMrFm6Adk8yQQKoY9NdX-lzjzVPiDJb46XIm3Kovci2nmoe_hxBegfS4g2EVei81SanvPMAwCES-TPq9hwjqD7mZvH3wtZZ95EldhsL6E3oBtAmhSH4G40CE_rAGXVF-wIhBJmtfYlI_92eUmeqs7gecu8H62bbIjp-l3NS2SDgHAxP9tfCKcSA90ONPBg/yDQ2jSuO3RrJ7Wj_GY4pm9RhTmxWm5-XN-Cigzi9SA4),EAS - Solar Water Installer.pdf (https://v5.airtableusercontent.com/v3/u/48/48/1766800800000/_6ndAyOW6oByHRazLNlw0w/Id5td_OhxscLTW3iX-OBqo9DqBH2wYHcAu1FGx8bu9p-mWJ8FA36FYo2sfb95IbvoJTwOjqbyKf9ziTNW7DhYCBg99LsIt5dq6PkXqa3CrYLnFzvb4aycmKDtDJNKXhZz-Rp7y4DeOTSOddNotjad5z2Ut8kezW9Q0LcCGkEDmBiKh0sPQaDfoU6dn6Erdb5/Zv6rC7T5Wuq8OKTTeHiAYQIw66m_qfiGq0BjrZKy-bg)"
121150,Human Resource Management (HRM) Administrator,Higher Occupational Certificate,https://regqs.saqa.org.za/viewQualification.php?id=121150,NQF Level 5,120,SERVICES SETA,"HRM ADMINISTRATOR - ASS SPEC.pdf (https://v5.airtableusercontent.com/v3/u/48/48/1766800800000/q6MgC10JI4EKFqIaorixWA/FrdKN6fNxmJd7YFekoV1Iai3GOHI-OuNgfpWCXNbcHa_SAqjBWc65NMzUAvEdwbM88yYqwyNm1vb5g80rk7eqC0b6j6ZiQm8csQJ_xTKZBHmUqBqcYapvbmOGWMrJcj0dN7pQlKmCxKqJsynPnKersgc2ciMYVmdb7XqHNy-_KU/lNbI3yYSkTKBUO6p0SIpw1js3mFpQ4oNTNoCh8tiTZQ),HRM ADMINISTRATOR - CURRICULUM.pdf (https://v5.airtableusercontent.com/v3/u/48/48/1766800800000/G05MXd8VLeHszPWPfv8NuA/We8K20LkPHa3-6Ga7BVOdHJVG5geeSIU54N3nhvlIHjxOgiHuVPzlPYnvRp-EqfaegLtmtKMwjD73o8-wpX6GLVlO-CrErc3vi8UM1pCqJ2SRy86gEs0SphA5sLmjRUjWqiPexnsTJjDufV_jcM7H7V2tAeqBko_qnngnVkrN08/zE39-wVG998AnJWgWuC4S2I4q5NPwB3QV8DUuJ4F7Gk)"
121152,Human Resource Management Advisor,Advanced Occupational Diploma,https://regqs.saqa.org.za/viewQualification.php?id=121152,NQF Level 7,178,SERVICES SETA,"HRM ADVISOR - ASS SPEC.pdf (https://v5.airtableusercontent.com/v3/u/48/48/1766800800000/TtWVcLrLCtHA0Xhqc0X6YA/7a74g7WttYilFxbML_CCRqsXZlKx7B2o4DdPjkzL1krFpecmTLnFucQElO9hcBqdZHzJp0Xz_xCNwYefxU_aCeAKkNnayLHeXZARJQkwZ9waJekhNMDOG5P5Ks3Mt0ruJsr_OsLijU-bT8CTSnFYsCrS3s_RuTitfzM7gbA6EEQ/HyLKCKnUI4ImxHTzOe8WHxu3L3zbVLjANuA2DWBAZEw),HRM ADVISOR - CURRICULUM.pdf (https://v5.airtableusercontent.com/v3/u/48/48/1766800800000/FE2Q3p2EbEMrE-EUOTDwtg/KhptVBoF2wV9VujfHbejE1_Lil1ngTbobJ3qhnP7zo-cFwkzgJqAHKzXMMRQrb1bwkYTPIE-oYskXJWRX_f3ADcQNeCyPXcoVyaDUdCZQoUkniNcX_97KRJ4ksomFpFgdWrzLtUzIyVYH_3jIMxbW8wEzCrgY2dDb_tizz21BVo/aFm9u9wP5V3no7oMxWO89J3v2fLSE6uFln14XhYvjDk)"
121151,Human Resource Management Officer,Advance Occupational Certificate,https://regqs.saqa.org.za/viewQualification.php?id=121151,NQF Level 6,134,SERVICES SETA,"HRM OFFICER - ASS SPEC DOC.pdf (https://v5.airtableusercontent.com/v3/u/48/48/1766800800000/I2g-vpYxr9x4jAxBGm9sbQ/8yKIvn1ToulJhAHY0b6BQaTgeYTb2HbyX7PYXHTV7VuxwCOPmywCZ3cKiwXpQLLpMj78CLUfKD1Hn7F5z7kGE1mzGSYxvSRxbKNAuX8SfI7mWq4wSQQQqGSc26uOBnmGNapEVVPy8hi2l8gb_fn6KMjW2tETS1a_J-70P-jDzPc/UzOhOYWGPGk10QjOhQ-EEyTQaW_EuWwtxpPQzPCkiwk),HRM OFFICER - CURRICULUM DOC.pdf (https://v5.airtableusercontent.com/v3/u/48/48/1766800800000/MnkaYk5RYT7IrvMZjcr4cw/OsOqAsJuVZKHzFG9kItFG3fSB7bYPZbQl-NchnqT1iKEkZRh42w5JPlOc5ZOoyfZSPN5NQmzxfbvSGyBPIPipC5EZlBc1UIaEnupGkc_7UR-OTzOb6_lTXlQiakuKKx2sSb0OX6WngqJ0kYyfB8BOj172qwxF_gbglMMoXzXB4A/gXxcs4hCdBtV8TTA6Z_jKfOxPQQvU9XJH7U9PGH-eiw)"
101677,Hydraulic Rock Breaker Operator,Occupational Certificate,https://qspe.saqa.org.za/viewQualification.php?id=101677,NQF Level 2,54,MQA,"EAS - Hydraulic Rock Breaker Operator.pdf (https://v5.airtableusercontent.com/v3/u/48/48/1766800800000/kA9btuGZCHKbFi0Nj1MwUA/U3_5cE5qkvzNRrpNfLpVYxUXSjy7VA-3ZflAsDjrwRBy94hyBiw6578Jz7kg0ytOl8Xo-C8qMdcaY_BjbQGhBlsBCbrH3YLfylLcx4KBTVLAf9dWDrg-tLRg_0WrWYr4atgKlOj0OqJGXG2lowcPbJ2yfVNE7vX8vGfzZGMDeraOYNvwP7RlW_Ew1GUyReXc/eyx3jEonzEVHVZyVjalO502KpC-zyNj67mmaoxoS0Vg),Curriculum - Hydraulic Rock Breaker Operator.pdf (https://v5.airtableusercontent.com/v3/u/48/48/1766800800000/KCOpbdS5R-BSeVRpZTby8Q/pGkTQUCwCCQscQvLK7dyh0dPfN7BxAxU7iEUH4ATTEU9ghM9pZEK6zaZ4EE5nhPWC-TM99v00DwrnsQZ_Tvgglt8dOyRaqOSR36Yeu5Z8h-LJAKL1VEyUV9L-OKFzA90RbPu2Am6K3NjHF6142b3WFCt-vz0DpmxUjjplywaaM4leinyj0AX-9bGNTLGDCWVRDIrolJLaO3Cv2y5WXEsiw/b3s8jx17qs7yo41V6a0DcNKv9p4HUkfhqWD2Yd-h7Qg)"
104458,Hydro Power Plant Operator,Occupational Certificate,https://allqs.saqa.org.za/showQualification.php?id=104458,NQF Level 5,340,EWSETA,"Assessment Specifications Documents.pdf (https://v5.airtableusercontent.com/v3/u/48/48/1766800800000/ddcH5PGUr4q6xyI5XI7esA/v7G0XpjwhNZFSXYpOiu9R14nl2w_Z-LqB0XEXBDOuv_Gbs_CQiYOS0fAgwqdpzKz-F0MIIGq3vsUmVYW5P6s6uFCrY92bf6xrFHYQQ_orIZ0I6aCxazskLJIzAV2ERV4bJkRAx635-8aIugqmFZD8ZxjuiBq7U4j5XzXO-1IKuNNQYsGxdbLVoAWhNhrW1XW/0Uji4o7bUN9OdJHer9OEj_AQZpPliJGXcoT-jiljuj0),Hydro Power Plant Operator-Curriculum Document.pdf (https://v5.airtableusercontent.com/v3/u/48/48/1766800800000/Dv8tuJHtR_DEMCcyHDSzUA/vQAK-AfvnJtS276MBEJ3hfWqJRQ7US97gaUF38wMxFQ-vyFksToZ2kh5kSYAhQLdAsPsH5snwvJVrjeCzFl1VqWcqa9tyi9Gwfy6HPQ6ZAbfm8Qr-JV1iu8V7aaOjMSDRo1OrhuTlR2Tkr7u2bvflUAiWutCAKQ2rVtNz9wU4Hm3o91-dt3k4fBZqM7Ns-76/7s78IF27Am4az0PuvJMUU-vXkS5i0FGutw3X2RMEV3o),Learnership -OC- Hydro Power Plant Operator NQF Level 5.pdf (https://v5.airtableusercontent.com/v3/u/48/48/1766800800000/78fXXINFeGvpWe3XNJs0JA/203dIpOKqsXrmgBbc1UnHxwh8e181h33WB985y8QdfWKuFlsCh3T-6drPP4OefsGi4KjhCzAWRsbglqFiOmRT0iVuJ4E7uMXAFNTCN80GqRWGTZu_cFCgIxY38pipKlCsa8FOduLid31cpMMAsrJABXJUZxR_7FN8ct4iTbTLtEuRHHgDfGm4MoeXEkXY0BO/GWZ9gX7FnjwqSb2LLR1vBv3X70AN4BuwSncfD85dRPM)"
97224,Hydro Power Plant Process Controller,Occupational Certificate,https://allqs.saqa.org.za/showQualification.php?id=97224,NQF Level 6,189,EWSETA,"20150128_313103_Hydro Power Plant Process Controller_assessment_specifications.pdf (https://v5.airtableusercontent.com/v3/u/48/48/1766800800000/jXHkR0pZhBS4qG9HDZNjHA/3qhuOAOtAE3FcAtSaQpSM1U5HVHB7sUTzXkYqKveawrJMzvFqLUaTrTFe9olzGgxv7izn9cnNdjFHEJtQMlNJZ7jUYRz8osGAx2ZsVuq5roSg_5L2s-euuIQO-Av3jwVbvTI4jIQNKQQJUjVT47ix4WEc06Di7vwz4QDc9wNbLsdFh-um3UwYWx92grkzq8P4qzY6NBXe9-IY_SUQsydSxAV19Fv1tiL2uMr0Z8UuII/Tsq8sjuW975Nxjnp7CB3rGFxXBzPc7sm1QQeufJZ6aw),Hydro Power Plant Process Controller curriculum.pdf (https://v5.airtableusercontent.com/v3/u/48/48/1766800800000/LaPCFxevXFo0Io6UMJ6FBw/ICs84Q597n-ceqQbkzwFWsbigEAkobOfmld0eXyPGGfz7GqFvgJIoYwZTPOkW9_xUhIvlXGe9VJ65BvVk5gNajCa_5yTWxehcC3T0cRIP86a8IQ-dLrcnIv86giJ8NGBD3HOJEOQ05FWj4HNHDiqTtZGm-CfKQiEorCW__ZEnamUpT8LVs8sJsGdX_xwDMgZ/PbMJ7MEEXO9JppU8SWf1pXjTlPvEtuct4r2PEzxPsB8),Learnership-OC-Hydro Power Plant Process Controller NQF Level 6.pdf (https://v5.airtableusercontent.com/v3/u/48/48/1766800800000/3TQ-Zgd0L0y9k0xoQcYu-A/60OB0eGbRmL7jx1ANe3sgUzyzlz_JjXFQaUYQxqjEy36IqSBNSBab-cVKxUjEXB8FNFwZX213CIl1dJA_yKnvV7-FUKYGHQ88C2VLcKiaW0eFHpDG90TWErzlrCnAUm2mkQO1ksRx1l1bdcAoinOMm1HDxHXPkJwRLAJ2QJCtXVSwrdZAb4BFnijEFRftNo145IF7l1sRqYk5jtS3bSANg/naf679-ZXuFCq_H6J7b4OsC_irk2O_2hy6hCXcvvioc)"
102946,Ice Cream Products Maker,Occupational Certificate,https://allqs.saqa.org.za/showQualification.php?id=102946,NQF Level 4,156,FOODBEV,"Assessment Specifications Document-Ice Cream Products Maker.pdf (https://v5.airtableusercontent.com/v3/u/48/48/1766800800000/tfCdT9SA5F0khFYNy3NPXQ/y0z9j64peiLyzZUchRnLmeIqy6sqzTaeSgtN1CeSdEkaEvi2ZKusmlJJBjAKE8E6RhUUVle1baduWbVFmpoy6FAW7Fz1Ai8SZmiBPLvcOwIyQvF7tZDzlH3RePc9UrVRUR3vhwWUGuwmhTv87vpvd1zeuRT_nxLb3GDzUXWh2CjT94GeTQvb4S8lJGmOycXz51SAqoWpSKyNtXyVXkVj6w/SoxoBgz9lUR1zXKlR43YzEzEEBVYIzIe1raCMXySsS4),Curriculum Document -Ice Cream Products Maker.pdf (https://v5.airtableusercontent.com/v3/u/48/48/1766800800000/UHNNmjlv0TsOJ5h2jbtRMw/slbrpYSYiV-onTxFIeav1W5LMqkTbizKdNaKGpWgTupvvNWYx7jz726UejqL3dQj5broRM88gSzk3YGr5yoQEAzdET77AyshHq-qktUC_hOzmeVWo48XceuP3SvgRJmU7eC8bdvk2dB5wljHAzUevHEgG5JG1IZdSSJQZn2PNKhJayLr4oGna2Ju4ECryFXr/oatt8jh6GE7zUL7jt2rlGJTrbpEUXfp_5_LMRiFGsAo)"
103264,Imaam,Occupational Certificate,https://allqs.saqa.org.za/showQualification.php?id=103264,NQF Level 5,455,HW SETA,"Imaam- External Assessment Specifications Document.pdf (https://v5.airtableusercontent.com/v3/u/48/48/1766800800000/DTiXzvtLfaAZJ6okC14xYg/ZLBYDUVukZSfmhm8oB5Bk112CUeMTG7lrkMaAwwxa3s23uYV0FUh1S9bmOMDi6he8nxfKx_YyAkNBnZfvigskbu2xBoRRUjoZEuD7FWULIMAodVWPaUuQsNEgmdOzWggwvqocJl9Eb_TJKGcuqxG4hX8E8a8spNjCbjXSp3RL0X2xYi7LSsRbnMKUjW82OLG/ZuWLor8e6mzrzGJvp_Py0vH7qOe_97RPXZ3zNb_aoaM),Imaam-Curriculum Document.pdf (https://v5.airtableusercontent.com/v3/u/48/48/1766800800000/gibWOTKe5F846RSs3gzC1Q/f8ofG4x93iMDamtho3SccnZFrnFYuZkhWwzD0JUVjbJS6hmWeZFJPq7qHhtZcM8vr1yrUufxBRgSjhg9BUC67gJL9aZZj_fr2fn3WCDUY2VkYSoHAdIbcmHD6-KXu3sT5OxbqCYnl0cLQj5rbh4BauJhz1IkOEeiWERq1lEHmfg/eJCvvIatkKKfg7NLsWMU4XNoxmmpI1Q6hkv3uETk-i8)"
120684,Immigration Officer,Higher Occupational Certificate,https://regqs.saqa.org.za/viewQualification.php?id=120684,NQF Level 5,178,PSETA,"Immigration Officer Assessment Specs.pdf (https://v5.airtableusercontent.com/v3/u/48/48/1766800800000/RHAoL_CBbQONehAJMcQTAQ/SV2hydNovXryjDyu3xfwN2IklMCFbGGn3icmnM3acgY_NDxHAHTC2cfEmJ7eloZdOlzeUiSitIx7FOwvQLycHpkJN21gY7ucgMqH8l2beI6M135cVKBCWCAuKBuaUFE6PQ08REy3CExUICtMaNoWwV0AimIbZveUPrD6Nfr0fItmEAymfdqB77ub4G0tfpYG/5b5Na4H9REkMKRoyHtX78fkKR7rLNbPvSck93-0HTQ8),Immigration Officer_Curriculum.pdf (https://v5.airtableusercontent.com/v3/u/48/48/1766800800000/zKR0mDm2uaPUn5go6dzZJg/xYIwEC1wBhF0_bdTbDg1cCmhNX-AUZmn0wPJwvk-ExCpVRS9xPsCKSnWxC7DAaBHAhjMmOV5yc95UdO5p6x0dZSjLcHapyCjXGFMTii4EwyVylGyD6CvhhqRdpxTJH-aQegqEROtuVpzXBcPfne0QvrRCOiDd4SFKYAQey2N7LE/AfxCYrvOr1mHAwChTe5IRWu2u3Q4ZI_ienufnpilI9w)"
118690,Individual Fitness Instructor,Occupational Certificate,https://allqs.saqa.org.za/showQualification.php?id=118690,NQF Level 4 ,108,CATHSSETA,"Fitness Instructor-External Assessment Specifications Document .pdf (https://v5.airtableusercontent.com/v3/u/48/48/1766800800000/0opzu8jftQpqmDyGU9SUig/RGnMFUbCZOkd1aOgHvSvCbVmd69rm4i4ZvaTndX1LAFsQrkN0GyTfu3Dm5l00eMiwvijQHVls3IJ0FWqQIEkOq0qwEWNUmX2qA9o4YLWadMZ2nkSiIHZLTcWBxdcclCpTC-sjk_KvFwpC4gbGu4H5pqmzPZx_ijBEpb956YULSYQ8e7CxQn1ETENTUV97Q826dIPvxe3ttMCsYg7B2_UbA/pjs93hNUEXoZr6hio1hG7VnoQIZzcQu8XWkAE36nnx8),Fitness Instructor-Curriculum Document .pdf (https://v5.airtableusercontent.com/v3/u/48/48/1766800800000/pf9-LJhRrCIHsfLDWCmFJg/oCHGagaKBOk76MEy97YPu4smT40wfOy6PSRoegwVqRdGKo5YD5DDNiTYx3KeL8eClzltL972G0SoE_PP2sSO-UXs0PUX1uJA_QVovVm3hRxopa8gEh9blU5j7OMvK0UzyILCLxBVPn4uTbOh1tDieA2w3G6kojq0YHarwDq1Un-xa7VHspTZ7_--F3T5kmbl/Dr9vxgMOf9Nr8jbfCB0Hi2QDyr1sm6fIF8OmTUockyg)"
103280,Industrial Refrigeration Mechanic Plant Room Operator,Occupational Certificate,https://qspe.saqa.org.za/viewQualification.php?id=103280,NQF Level 2,112,MERSETA ,
122620,Industrial Thermoprocessing Gas Technician,Occupational Certificate,https://allqs.saqa.org.za/showQualification.php?id=122620,NQF Level 5,261,CHIETA,"EAS - Industrial Thermoprocessing Gas Technician.pdf (https://v5.airtableusercontent.com/v3/u/48/48/1766800800000/1HdiQDj-DbXLWFMEMou9Rg/E69_JGaZNKCS3nHkvU4VwCiOwUFOtBOIScmJCBB1ghn5-iQ4T751Yp1krI5sdTc7WrEuCX3N5tK0EOF3KKFJHPz51YFuEzcv5vJKiiedywAIGdi2SVNdbRTvUG7Obm_C_HkuUN2QIv98oO8Bhblr-ru8gVqFAbEn5zysskx_sLN-wYgBUhRBdxwRM-jRu-Jeez5raDRcoHWdP3glx6Kt2g/AVAYkPxV_z4iZHquwJncTcP0BCuMMMTp6prxRkjZ_bo),Curriculum - Industrial Thermoprocessing Gas Technician.pdf (https://v5.airtableusercontent.com/v3/u/48/48/1766800800000/fkZE8KQbLncvxiUXFAmfKw/f-JHjtSA7I65IgY8URwWn_LECe9t9H-6tS8h5SxZbPqBE9Qi_PueBI-fxr8UYVJeF_WYJZgXIqwt8O_NgubH-AMS1br9p8IiD2tlKJTRqQFZyGvXAiCaOhGP85r3rMNeuCzWNAn5DP8vwQpHHsBJ7hO0hadDVGguuxr4KBk5cnOEsi_ZrK2KvGYCRckSIeZ6jjRB9C7xcm_8idkvpqzCLA/DF8A4EaHB3C40uTlW7S6C1tUs4qYfA_6tnluKGmNTDM)"
102758,Industrial Water Plant Operator,Occupational Certificate,https://allqs.saqa.org.za/showQualification.php?id=102758,NQF Level 4,262,EWSETA,"Industrial Water Plant Operator-External Assessment Specification Document.pdf (https://v5.airtableusercontent.com/v3/u/48/48/1766800800000/7EhCZpc3ZoxgHDIO9Ea9VA/nyDb0wAPFcHlAhweUVxSsc8hx66qP7M3IbAZXhgzWCasT7lXQwPQbPBz6W0hUGzo2KxTgAM9wwEAehbc2vNY_EjSWYMwH0hKtuf1jbLiHu2RSlfNGa0rgNGUxo-niRUxZlUOGOVWc7Himnij017cuwGckE0R7_HZj4CuK_zc-6VouRC7J91q00E4hGQ8vgosFZi6u5kZHwSp0mXxWx0PDMujxCt1rEGs4eiUKsEyHyY/MgYDOWHBdjW5l2EUVIp1WAewb1x5xwABaaP-rRnNfbo),Industrial Water Plant Operator-Curriculum Summary Document.pdf (https://v5.airtableusercontent.com/v3/u/48/48/1766800800000/xZqo5SOrNRWPTBv4PQOTDQ/nztqDlw8WnZvAGYkrToGNP0toHjF9smHQXLmHDS4hFVv0thcK8I9QIl2so54zxoX8YZ3zibxIBJodFCDfxZgCLGhZKcELOuD7vGdfK2nVHMvtIZ-GWZshRKD2gNHucebCEjDOOKwPFl6iG-gK4Dtw9nTvQEMG1kvjriGWIHwZjP2MQElu0kYWT8ErN8J_6ZGgTC64qENifGIdnBxD9IZOw/KFo_k_FA5CW-6ngYv7KMu5Cw8SnE9YZkNCliL32eMpE)"
102578,Industrial Water Process Controller,Occupational Certificate,https://allqs.saqa.org.za/showQualification.php?id=102578,NQF Level 5,251,EWSETA,QAS -Industrial Water Process Controller.pdf (https://v5.airtableusercontent.com/v3/u/48/48/1766800800000/8zj4gJ2H0OMtDhAv030YmA/9_ueV9cxsUhWAp6_FxyiSSM1G9rd3Ga1OxyrxI9AIhj-0h-kV6Xu2Q31KyYXiLJzuGI1Gi34iJHB5cbbWG8RYBP_OPR_C89nhJ8emM0pfdSZnlukNaj_7Qm1exyPVIJbyBmIBNlSOZDpO8vaMq0czCEuDqVrSfBihIu12Iw0ZI8WcA5-QiPuSCPanA5yWtRp/5axqzga__y5ArH-Pdw1Prt00hZBJIYUJweOS3PVOs-4)
117330,Inert Gas System Installer,Occupational Certificate,https://allqs.saqa.org.za/showQualification.php?id=117330,NQF Level 4,323,CHIETA,"External Assessment Specifications Document.pdf (https://v5.airtableusercontent.com/v3/u/48/48/1766800800000/zCeUHuBRCyjKMHFWWOS-1w/vuLCOvLo7LuxzVfKa5qmHcwbgcmS3rtF3iDwx0e0M4QdBUaNiactjfINo0vH0VkKiCXeP4FlPD4CPpRQoiRmsUvj_kPOeZVrqfHKuxiMZQhbqrvSyC4IL_GTV9SPr8a6UtAuuCeZlxyQSuQonBkMFccYI4u7DsroOSr1jSBVEVLh5WbIw-rdiy9FuYNu7jBK/bVxudgJhvNJ_fJNo6F1ig05hIwd5jPeExGGmLdHf7qY),Curriculum Document.pdf (https://v5.airtableusercontent.com/v3/u/48/48/1766800800000/qOFEImtQc4U6kh36Ls8ztg/5FLw8RlsqP69b7nOZwJK-okJSpCIDsScVs3OKRQlvShqzWyEUEX0ihXQnKmTxk9T44gianA3AK5LhBCPD_oaFMZ7ThN9M5it6VzFjme2o-lmSg3vwHQNRNpCwoLGKX_r_AIfU63tLCe4aOBVJDM12Wv_DC4bwfKLAsu3ZlLyq1o/ubUQgT4obTKQFmcpjINrBv9V2OjZESI6Di3k52IyFHs)"
120749,Information and Communication Technology: Business Development Consultant,Higher Occupational Certificate,https://regqs.saqa.org.za/viewQualification.php?id=120749,NQF Level 5,120,MICTSETA,"ICT Business Development Consultant Assessment Specifications 27052022.pdf (https://v5.airtableusercontent.com/v3/u/48/48/1766800800000/13I5E_j85caLM2COQ1inUg/7XbhZp07Izo7ACq5_KzPS3FwO9qpdEBKIl426Vc1b1ICkSdQSAOdUiygNmSJ5k1FF6eVLQDlVe_Ow5hWctoxg62pYYrCsd0_VniVuErTj7KLR1Dwq0Ps2YiTWfn-kGcJRkzg03H80QMLYiYKZLGA89dRhUNxEbZFn-SomSK5tufAL1yhrNtDjQ6mhjs7YKYSNfTWwu8cCumTSwZ6amQ_qQ/7wKnFR5BAGlp1X_83MPQYBpTGYikdM_d1cwEXgOhddI),ICT Business Development Consultant Curriculum.pdf (https://v5.airtableusercontent.com/v3/u/48/48/1766800800000/upmhoFbL-BXhn-yhZG5nYA/VLQEt_SVEcr1HrT5D5js0TJCG3qaHS1UqHApyVTeiSdRoei75g64CF7seCiJr1fYxCEFEX-ia2fifc-nmYQF36ovevJ4dysDwvVYVn41YAOHEsgKTpWZTq_2sEBdpxqDQeVy0QVAWGtQxX12y6yigQzlJ3u-XqwbFPzuwJfCgrj0KL6DCI4YF95Xy-MkSXFv/PPUuBZbfzzzJAf1n6ush01F7I9XBJhCkocHH17u57KA)"
110318,Injection Moulding Machine Setter,Occupational Certificate,https://allqs.saqa.org.za/showQualification.php?id=110318,NQF Level 5,301,MERSETA ,"External Assessment Specification Document.pdf (https://v5.airtableusercontent.com/v3/u/48/48/1766800800000/gMRT0re1lsFCmSqpClLjPw/PQggLTZA5_VAGRlJamc7Nw-f6jzU0Pg5Dg7Aeej7OknwFmmlGXe5iF0zknXFYOajPTguiWfuocK7uVAi_ykzSz78-Lh7xelRLK5xLlbcm4gANZOc_XncG8LSmBKtByCQs9o2TQ7bIf2pKQhlU51S7Ki2sw8S_O7mZe57iJHhxTs8Ih_vhxOBK5b9od-ofuGc/4CyLd1VBzi9H-un28hDji3dexQHBBKMHvJt-aFspNzs),Curriculum Document.pdf (https://v5.airtableusercontent.com/v3/u/48/48/1766800800000/ubekyhAd4Z0wQ3HF6fA_KQ/H1GzJIvMs1t_PkQ8QCu9KdKkUBRdKykcv0_dcoSznBhiRltLMc_HKsjI9Ku8wTTMZFG7J-j8RG0XvKxzdW3EWvetn-mVS6WhkKEDbnszmydf6BTUw3ofGMm8JV2UNYcI5d_2gfqUCeqQEK93C4lxP6VrGs65wsPJPfJaBM5obhw/tQFUNFFS67IlKuQfgFxTcHIuoA3t--mTBzSbTQVokGY)"
94701,Instrument Mechanician,Occupational Certificate,https://allqs.saqa.org.za/showQualification.php?id=94701,NQF Level 5,469,NAMB,"Instrument Mechanician External A Specs.pdf (https://v5.airtableusercontent.com/v3/u/48/48/1766800800000/GRS-KZTSGmt0FOsQgyjW3g/BTwown3YwvR15y7y6acG1jWHvltkCuCtiBmou-kW3RcsNmp7h0afwu9YTCVmW-67fAUqCiTiDAtce5zb2RO9sr_JDIaW1gM7wWVJlA4TfHiDU-hjb07f2tfA9X0uqusePo2UsMierkm5kWVMSDkXMkAfq5faGIXwwv-NT0Vlm8MqoTNB8EkR7GLOPEE1CAEk/vYWcX50qmYKmh0JV8Gja6GNqrJr3w72tiYMAA1dwbFk),Curriculum - Instrument Mechanician.pdf (https://v5.airtableusercontent.com/v3/u/48/48/1766800800000/iB2LFV0-HHuVQ2C4LS86Zw/bdCcmpUoiH24FOyFL1Lbiy0FpnPuicTGDmuQdIRO2nb6ZhA3s-Nnh2C57nCe7Ml1SklYhOj4sVg-IxBhbngD8kPrQTwLcrnSgknEYwzfa93ayB9MA_Kp7J63BgqH_w1OvG6EzcZy_yzJ8nxFhxeVxLeatqxh3ebN0EmL5ylN7pA/CbV-8arT4_xTEBJTgtr_qvW4gmWRDvbgDLqCuaTR5UA)"
109560,Insulation Installer,Occupational Certificate,https://allqs.saqa.org.za/showQualification.php?id=109560,NQF Level 2,161,CONSTRUCTION SETA,"Insulation Installer-External Assessment Specifications Document.pdf (https://v5.airtableusercontent.com/v3/u/48/48/1766800800000/Gjy4kkRF04ir1q3KvEpftg/J-8SDIbEJlfSAFq316uqEFnRvVPFHunc-8CzISipdKOkhowA06gN1t9NQiIeqzcZGLOtyK2dcZQVpSXEqq-DKLBq5Yb0S-Fw5wAayGZJP8jp9WpJIfIuFx1Bs8Ydm2SYgAlGxRYLjp7fp9k_NpiiwelLlRd0NIVr8B1Zy52g6BaUpnBEQfcvjheTrbu_-Wg-_NpDdzCQFbkklVo4r4BKdA/DLUlmeWxPmEb8PCxO_SUTveWHPkuOE4mvI5wfgzUZ2w),Insulation Installer-Curriculum Document.pdf (https://v5.airtableusercontent.com/v3/u/48/48/1766800800000/pPiRdneFuezQzQmK_dXHnQ/0OyPOWvbMtxmQiswhg6eSFFSQfKYBSLu_DktP37h0rvV4X-gQS-sSTEKXUf8jqvdXHu4g4xUCg6lzv8Z-3bYaSW3kk6fptOrBzGDQJk6PaaHHehVf-17bqTq_LEHnJUS2O52OKJyab8nuRTJPOUvHXnplTcixegtV6AQbJQMoF-4YiwEL1iTcJGDfA8016sT/TYpf1HA8qAq1GXGU_6Kmk88byH7ys_JrzQk0zOtrXrE)"
91784,Insurance Agent Insurance Underwriter,Occupational Certificate,https://qspe.saqa.org.za/viewQualification.php?id=91784,NQF Level 5,156,INSETA,"EAS - Insurance Underwriter.pdf (https://v5.airtableusercontent.com/v3/u/48/48/1766800800000/7BmMQPifL1xWFmT8yEk-gQ/tnm1OghXpKvC50VlnYA1wl55nVacjYqngJAjRTF5MWVjN3sUN9_1lpg5amNbbHLmYyual8brmZJKrWbxwVR3n2I6jcPW-19EwSqhU9pKC9oZvtUzWOeekrFBgSkWvr_RKwin0gKQNL5m4nCtMk7anz-lqCNKdQ4Zb73z4TAAO4EWLgApr446cfZq0sbWK9ln/n3XTs0O1AvdY36If8Sz1EpLNe3v9ZD3W6pk8SnGSybo),Curriculum - Insurance Underwiter.pdf (https://v5.airtableusercontent.com/v3/u/48/48/1766800800000/XlgoVRWX3zHyY3hrAncPPA/aT3u2fjj7-P63JQW0hvsKLEiDH40L9Z1QLpuuH635kXKv_g0APLTqsTQcD6ai_XwfjvBVbjzDI_OXTzsQrqsjykxLJs5mgyzdXlZMhWDR0YkV7Umyy6T3zF1JYz5fXve3y1sBd7kiDdvbGt9uIggEjf3JryF5Y65lv-uHMMqNS1ckvrnlRxSbVJsUIpg1Rpp/ZDFR1Eu-3v8_LYmDyEieo3xgkWyG4um3z0STAzCCvZE)"
99668,Insurance Claims Administrator (Insurance Claims Assessor),Occupational Certificate,https://allqs.saqa.org.za/showQualification.php?id=99668,NQF Level 4,131,INSETA,"Insurance Claims Administration(Insurance Claims Assessor)-External Assessment Specifications Document.pdf (https://v5.airtableusercontent.com/v3/u/48/48/1766800800000/w6I-flTayZfzGTQWNwRIVA/PjCr6unPR4dFLic2txZKSPO5jqRcY6diWSz3O7JgzOuNQT4uI46Jm4UGSQEZZt7O5AntBY-l3RZZ4grAmuYWMXaH-H8ZVXxqqveFjwSyBYj18ZOWrnrORglpkQhfiVReZiR6ooBZRDtGdxiifX7DybGviEJZgxj-0J5WdZbuENR8Amc2VOF_rjfO2fR5yMLw3jKYw88_cLQVpmTlguAA9NYklKQuUhPQmu1S_QYJPludenkNo0m4IeDHTmG7-Uy0/8YZdpJj9H7aHFTDs5ALAHhnTh2ucJZ6pkh0MZ8tD9ho),Insurance Claims Administration(Insurance Claim Assessor)- Curriculum Document.pdf (https://v5.airtableusercontent.com/v3/u/48/48/1766800800000/a01X35KDs_nkHEelUdHa5g/xD6UQ3Fu4Jm8vEEP5v8xv4BDpyBFWI1g_EoTVlNRwX2B7-NnhxAMwJNC_bcmkc2hF8EFWPDhrH72ba6_NyfkVbtlO4hhIMX8TyiHEqY3cV0REaMgm21C8RpkXqarXN2BaGhCTLBORZa17vmxq3y5p8ethtLpCLWDhbIDDmnKh1XPpecjWb0n34DrnMgx_tOxKmGD4Bwi7xY67Z-9hzJ_CRw2GHuPgqkMWt82X2JVpTY/1wvEVcJX23GbgZdhVe7JmbrEIzI1kzAvF23LQLtZfr4)"
117329,Insurance Underwriter,Occupational Certificate,https://allqs.saqa.org.za/showQualification.php?id=117329,NQF Level 5,163,INSETA,"EAS - Insurance Underwriter.pdf (https://v5.airtableusercontent.com/v3/u/48/48/1766800800000/2bZUV9G2IAE5zGEwE5z2Vg/3RcXAos_uJjaC9s3gsrYYkre_8aXYOUXYGlvk8nlgmnwPE7mLLmF6jKPALcg_CPJnqGaRFn9OtF4059izHjrGM6ThydGzw7YPuAI3SvKQHSyEdc-YPYZXFFQ_oZ73LgALRJPwi-U6Qn2tuYE9GGUCCgkBYyEoGtWlnkXDCZ7JlY3oHOV0RB2Nb0gBSmtslRa/kMBldTxj_jTk4mu9uYgHqaTQ2gMAnRh73MDfzeltZ4U),Curriculum - Insurance Underwiter.pdf (https://v5.airtableusercontent.com/v3/u/48/48/1766800800000/zF64gHhlokaRYqO6SaO1fg/B64Logi9J6rSin-9gWktWn_kTbD9ut2tppCghB_HXGPqsEYu2kW4t2nRJjeM7u6AQIrNK1MSpW6frBuhdW5bf2dDiLt_8-K-89mMzO-8HT3RdQFJ-u5DPzZwsgHf2jXUmLkGW7y8NRvcZLLmL7k_S2fUQ5H_k5x304yj1bcWHYhI1vzaHd7HLxxx6-GBAtcy/OltcMDSZ_i6-30D6R1UIpWJGGNRLgRmPQuk7PbUKvhc)"
122664,Interactive Media Designer,Higher Occupational Certificate,https://allqs.saqa.org.za/showQualification.php?id=122664,NQF Level 5,229,MICT SETA,"QAS - Higher OC Interactive Media Designer.pdf (https://v5.airtableusercontent.com/v3/u/48/48/1766800800000/bPwIV5xlx-vnV5MjxS9pOQ/nu5BdRozNnC9sK3osXIluf8ubNZpVlaEhsnLEiXJxCt7sztrh6dVkyaNMypljeBoP_ABGM523VuYG_VWtT-L1OcbRUbIuyToKevu25tCpxDampsRxWmDks3fzrcKnYGcy5LRV9XvcrgNEPzqzrFqBoUd3NIIiq85bsStSAcwVmDhGe39PI9Ibk8YXT0DkQa4/dn8pJ-I1kXmDUfbXSrTR7sglWclapeOWOf0ARBQXeFs),CURRICULUM - Higher Occupational Certificate Interactive Media Designer.pdf (https://v5.airtableusercontent.com/v3/u/48/48/1766800800000/HPIJxQy5EzxbNRXiTpaODg/UOCK2P21DYaeoDb820MdTkosUCOFEA0nMXhpTt0jtMeVD58GbfBm2KooqGzHakMMlkxzSsLfzMmq0ckImt-tGznLkrXns1SprX3AaUnxJH7f1aK6JdfemFeLGlcgy07M754EzMDUAPiJU6TDmqbyK8E3eBUKX7eeOClK6OZ-7nGkw3l2BFEK0AeDbYOmFD_U7ZGMNkSn_vkhqhAhnUELBZQ3NgTHZvWzZ345BqVOV5k/RTpKeCb5eVdEaDvv8Be54G6mf7OAaFGxJ12LITloaz0)"
101520,Internal Audit Manager,Occupational Certificate,https://allqs.saqa.org.za/showQualification.php?id=101520,NQF Level 8,233,FASSET                    IIA SA (AQP),"Internal Audit Manager-External Assessment Specifications Document.pdf (https://v5.airtableusercontent.com/v3/u/48/48/1766800800000/5PSPdrDVRn6nl6rOzhwiPQ/FECPqDwlNOhsgo4qG3HGs3fVlKnPEdMepPDx6DhcYYl9Cy1gd98RG53k73uIDYUKRJUd3Uzgo5C040mdwUdW1HNrd3KaUPpJMm0axE23sK3gQDkx97Tpwo3SFl1Wi2vT2dqsojEe6ecQYSXrtAXct89vte7tGRHvqzlR0I6I6zZy75B-rgWayPBSAhr7YytZHqaJTui2tictCAGJmTwNiQ/w34RTh4A9RnaxF65EwAs3TlDZcMDyj_6yOh46DoXZmI),Internal Audit Manager-Curriculum Document.pdf (https://v5.airtableusercontent.com/v3/u/48/48/1766800800000/F8DvCgVjhTts7ky9XVytBw/JCKyXJghoTFI5NYIQfnr6YJBmOJvVpjgKEFq7Ks5k8J6zm_OuVWdBEDAVFi3xRoJ6P18MgkFwIA2XCVHud0qrYFiwAO8U32CcaAduF0zJBe03C_em7N4t3QF1b39t0U8Hf8wZBNtD8yxlyn0vEUk9Hb1qcNuybLTepxgv03pbE1V0FM-mMIJP4_5jauD2hrV/5dyPv3Y8XFI6qW3XJliL2LQsRhVeurJvYSThP4NuYEE)"
101370,Internal Audit Manager (Internal Audit Quality Assurer),Occupational Certificate,https://allqs.saqa.org.za/showQualification.php?id=101370,NQF Level 8,116,FASSET                    IIA SA (AQP),"Internal Audit Manager(Internal Audit Quality Assurer)-External Assessment Specifications Document.pdf (https://v5.airtableusercontent.com/v3/u/48/48/1766800800000/PAlQuJ0YRsH42yzztHdaAw/earr6wcuNrAcHkAY7H1Cw37MQjXX7TVJ0TIjtMUmkdLXAqiPLyjWLv39nDcRdN4_A3GPBh9yIk4nSzXJbzQrSvdmUFhrzoUN95h6SVMKddxy0ra2hx5X1D6Z_mpWT8L77zMTXVMRmItB1rcu5Xo74tZe4WG8c7i0EelwKo9BlwSvuZ3H4jGm_MeKfLvnZR8vu03T5Q3ve0wV4BtXPcM5M8UisTtjCpqcQM1yJoVly1hURw7EbgTZoyzbvHTIADZ0/bisgHENhoACsg4APCwwPOmKeZ_Bejo8mOQff90gY4RM),Internal Audit Manager(Internal Audit Quality Assurer)-Curriculum Document.pdf (https://v5.airtableusercontent.com/v3/u/48/48/1766800800000/UXKHpK_5slXdZ_YSY0h2mA/4QK-EuxOXoS19OKP8h7myXRcy-H7t9YLJJxyXF77PeDmHOVAZaTj6NmhvcZg_SvadgfCKHQXsKOlAM55HpxmCYp-ZhP-kofQ1Y2TVo6WeLtn1aBIvJ3Tu_RkaJJn_I17QIuuq2z1tkCT4FXMfHuJiAXBsl3tKrbymMvsoAkiy53Kot80kYuNXucLR56PyQJ9Sk_83mJtzWCjm40V063jdQ3iZJG_R-FW6yZhK5PqkDg/B5nuhvWKl7fJCXO_6eDKt3aBLBDEK6PlMCHEyzDIuzY)"
101839,Internal Auditor,Occupational Certificate,https://allqs.saqa.org.za/showQualification.php?id=101839,NQF Level 7,345,FASSET                    IIA SA (AQP),"Internal Auditor-External Assessment Specifications Document.pdf (https://v5.airtableusercontent.com/v3/u/48/48/1766800800000/l7Tfwg0R5_9YOvFTsOL6Rw/Fcmz1t3GrsZR4sj5QEEJubh-FFip0P9PmAv2sE9Cl2R54oeXU-USc3c7gkrQlITw1ykrgKh8ReuBDRjrplWZW8t64YWMMOk_6xhb3L6OKN7NQzxHeLNFolbAdX0BgvcxCkKLKvlE7fKXxnLCqiNiNUlOHmFsF8KptjGWGbqEQ_IRTG7SDpvjUoBhWPRghbTB3EyO_ypKE1dvQvRGlLfk-g/XqeKSTHQAKz1dhcb2ehPbCQesPeMy5OEBv2KKLzbYTY),Internal Auditor-Curriculum Document.pdf (https://v5.airtableusercontent.com/v3/u/48/48/1766800800000/jPIbY2JgABi6HADA7PHINw/hEdqbMYGxKB2ydiMtzSKzDDlJTRPDxJ3UYMDsEXxVNNqW_ygfcURAL2tqKAXkHnr9I3I9K6gQwgW_KKFbF1iabqoXw9HBkzKAWCJgWrmqvlVWRptt-otWnDHRQHRRJJ_b7zLXjiWc3IcddC-1B4Qx64qgqdBYUg_f6dTv66F4MHdsa9lPChZVZuflSYyJGcH/vxcfcKQELF39VSctpf8-rznOKItgW2flRJ_se8F7f5A)"
101405,Internal Auditor (ICT Internal Auditor),Occupational Certificate,https://allqs.saqa.org.za/showQualification.php?id=101405,NQF Level 7,130,FASSET                    IIA SA (AQP),"Internal Auditor(ICT Internal Auditor)-External Assessment Specifications Document.pdf (https://v5.airtableusercontent.com/v3/u/48/48/1766800800000/mBuYhdlbopQ7QebRz6h84A/RAJzGZ3KdgTK752cyJ9GxE3Tw1YZ2cOWy2iJ01kYcMwM-riYH8hlnWo15aF8OGUEzSPCQg87ImPvR1pIJUvU8dMhkBYPoZyxrPWLKnGUYWO05KjRwHDBEeWWQPQ89zXuI49HHQfc8seXtPk9F9Aq_a0rGrFRN-SVdCmjYekLZDZ3oM2rPJMO9-E66-SgPL-gOJDsZM_WuaaetaOhi67v3UuGZ9CK_7x0iZj4DYbl0qU/XoAYQbAvhduIOSiQuNm63Jjjl3EgYHHmi1AidW7p0t4),Internal Auditor(ICT Internal Auditor)-Curriculum Document.pdf (https://v5.airtableusercontent.com/v3/u/48/48/1766800800000/RLYHvyZtGcGuk0a8KIGA6w/EiaEjEaTgGNey6Em4PSl-ieQ9g5EvMxeP_sbTTkVL3oA0eoAkZveYapzkzjRHJlAGq1pqi5D_kI_8vHHsf_rujgAASBeTHQt01QN8SziaPJ7wd8jgdxVGdsH-qZrcs9Vf3zddwqp7e2LwzpoSApgMhHY_NQKaweVyJ78PSG6q1PBBgS3KCovarvO1b9MsX5Jf1Jc_jNiARQ2oEyXDDMG-A/mFyBYgz3uG3KSlPcX55dv8kZi-LWfVFSi8Rl8K_tXYQ)"
122625,International Trade Administrator,National Occupational Certificate ,https://allqs.saqa.org.za/showQualification.php?id=122625,NQF Level 4,130,TETA,"QAS - International Trade Administrator.pdf (https://v5.airtableusercontent.com/v3/u/48/48/1766800800000/qoLlAkD3OdST48Aw_7_h2Q/rr60OHnnN28L3La11Ah8xEOOVj8ChCFEf8YhD57y1zms0Z5wfuYNxx2m-4NFN9AQnKqExNhGx0Jfu1qLZO-9vunH3ukF7GvJslOiEPLEIy-EDg1QE-BxKnVVNSqe5OBo3lgRPC0j5IMz15mH_tzQ7EVrW0E1e_5RT2oZsxJ5MSOk5C2Ys5-yX-hHOO0yRd0Y/PlBTarfJAInunQqTkyfhVIbpDC_EqxB7wZSTZe6nsDQ),Curriculum - International Trade Administrator.pdf (https://v5.airtableusercontent.com/v3/u/48/48/1766800800000/4DCkAp8FCXRe2Mprxf8HJw/YOTcaGnFuo065tmFymawFDEFFgXPmN1icUPpIUt8c60h00emYla8kHf2LGVvCKTJiyp4RWHbnF5I5WSwRGzOIGJ8r2hycv5ldaJq8VeZYxSWMlz3AmKy7SQfH12zjHzbu1onVsgATlHXYZJtRMs8wrtsFf9iTmPoUamtqkWCMc22eVd8cL3ENvdwqTii4NVS3jHDiqNAUyZZ81cXEBC79w/D4hU6UI89bo_z3wCcohxHLaXEfUNK88cqA0sFkWZvxQ)"
119262,Internet-of-Things Developer,Occupational Certificate,https://allqs.saqa.org.za/showQualification.php?id=119262,NQF Level 4,141,MICTSETA,"External assessment Specification Document .pdf (https://v5.airtableusercontent.com/v3/u/48/48/1766800800000/2h3Bs3MbCfv5FPpBXRj7qw/NAEawcbRj2aH2AiA3HFFNkmzy7tbypJA2XoCbzotLy03YIb21FeHY_OQG-Jm9Z4AuzMV2bcFqxSaGnCj4FaRCEuRLqIjYeIczfVI9hUWzSKuHe3AaG_lId1m1lsxkSnmi_jEthvOSXmusUP9QPBJg79KogzoYIf3LaVd39sU-FHkhCII2FE52Xmp2Kxylzj-/vaav6_NGuavftAXQXBCLuJBGTylsp2sMlDNQd0JnoMs),Curriculum Document .pdf (https://v5.airtableusercontent.com/v3/u/48/48/1766800800000/nRzt2lfAonNMGOEujU0XVw/VAlUlqc9BGR-OW5Pq8ebIrePABXwyMAtmZ_Bu989Q9ZNAl5Frrb68DOXZ4znFgmqSVqWWON27rUVVdQgop1H0rWgGzZevufuNdnvjWcZXCjDy3xGJVRfcWhEyWJNSpv6MYceU6aHjbJvvAq7gtA6C4eukfGSAPPlKTVxKhOoUXs/-3pgLbE7O0_8OSnio_k-Gxt3ek9rgLnbSCKLKC7ib_Y)"
105021,Investment Adviser,Occupational Certificate,https://allqs.saqa.org.za/showQualification.php?id=105021,NQF Level 6,213,INSETA,"EAS Document.pdf (https://v5.airtableusercontent.com/v3/u/48/48/1766800800000/Vcw3wGlr-9hYpxOcKaZzNw/yW2LyYBOK6kkm6WkP4hOnpHGl8Yn-EtSfR00ttkijT9BZpv_AjtI-fmkIuBkWw3rVSxsHCKJJNoYHcSW3Y0TfwiMyERhSC0xdrX85GTC50b91uawCF6mK7kuOlgLhS1GeWrCLo6mYHn-hM2nTvEQdQ/31lGohvQS-E0Grysprfn9IKOqe8BjSt5E2Nq2XLn28M),Curriculum Document.pdf (https://v5.airtableusercontent.com/v3/u/48/48/1766800800000/pdkGFm0_-F7I_kggP7qjCA/fVVEc68Et3GrSMEUocoxR-0k8Lj7X-cGC_D4DdNT7KrnNZt8pJ-S-8n8PVE4oTexoQieZBscxqb2adhSu_XvLhq5Ih77ksd7Kc-4Hmneen5AzDIzsReYrjkaOi1w13olZhAU9PRLJMLq6eP1RnidOetiR_6aqJ7y1KXcbO_MOcE/kSSYwtrw48aVD11LgPKpLqZVUt6exDfuBlUj8maL8QU),Learnership-OC- Investment Advisor NQF Level 6.pdf (https://v5.airtableusercontent.com/v3/u/48/48/1766800800000/FlfAX7v9mbKP3q6rlLM9pg/1Vx03xKGZTmf8xdp4Q5be6qHSSBnyW6tNw9uBA7yAU6lhndWMeYsQcneNqP8qA6TH1N-LKAASoanSt_B9LI88Zk4BehN6ngHziJC4PkeL6HS9gNL7kQMkKUDbkkKnzmBZKrML9o8Axyd4ERtRfUXYt33YP-aDiJXVRjpa5bohb2RfotX4xAJ5TDr14WaMWxP/l2Cr4n9Pc11ScEhIeK1jZw_SNGa4pKn_ztW_BSIgxGE)"
101872,Journalist,Occupational Certificate,https://allqs.saqa.org.za/showQualification.php?id=101872,NQF Level 5,193,FP&M SETA,"Journalist-External Assessment Specifications Document.pdf (https://v5.airtableusercontent.com/v3/u/48/48/1766800800000/BUeQ-Rnaj_M22PiFP2AHhQ/yIVwV-i9XD7XeVxNiWqk6SlK8zUxVWZbk_EF4ey81cXsi8-sQWZsqzcidB_Y4W6a7eI0vr2FxJLibg3ZuVPnBO83DhGvb4IvlVLiw9Ra2vdonvqy3xkKttFtzrc4seKuEBUB1UFrLWRUt3vliTmY7mt8qdJbOTxF5qOPwv8WnwfekpkMyyaWNEbj_z3W90By2F2-B-RIxOY190gOMR3mQw/Uz0zyF4OgcthjyuHdce-6sdl-kXZ9QkDDBE8FqoD25A),Journalist-Curriculum Document.pdf (https://v5.airtableusercontent.com/v3/u/48/48/1766800800000/vLDfKs1LiiDvJb8Yzgyk0Q/tJN_PGJGcdhdtV5XMM0jIIqiw5c_I6ehzf7_m5wKpkHxASo2gGAjo0ELQtIs2Q8f8juIOYK992SAMpZev5ooBc5OI7N-yjt7ELqoyX6e8xJ7GvZZN_oDHhuwOxpPi9DmBTeaYSQpX_0CHqGJWHiFwtY6b0vBSB6s7x7ExreCgBc/IAo4g_F-7MVwmC-cKy9QqREIHB6v55IEXlzbH-KxREE)"
116118,Key Cutter,Occupational Certificate,https://allqs.saqa.org.za/showQualification.php?id=116118,NQF Level 2,58,MERSETA ,"Locksmith Assessment Specifications- version 4.pdf (https://v5.airtableusercontent.com/v3/u/48/48/1766800800000/xBAfCz-7XQA3fNa9cjeSzA/1b50lvUYYsX9c78l5N5Iq-IXXNgpZzE-3PlJtCc3CTVWCbnrvpJ0624Fnt5zRCpnLq-lRLTZVjiZGD5Wwl9E0fi2AC2jh-BnUVKgsogtCkM_09fd2XfNpf31cITESoE1iKuAigMIpl-iHrqg4UrMrcah5lbIHTQ_jALb2kgHMKmbAYvh7ULGjNxiHGXwl-CK/cqcOaHnNN_hSa_JEr76o7vhdYgMcJfgiLD1HeV3qOko),Locksmith Curriculum - version 4.pdf (https://v5.airtableusercontent.com/v3/u/48/48/1766800800000/DYZ6bepmIvl5fS0gcOeKMQ/KMgb4rstKC9D_yxXr-Enfe68v2Tz4ACmdn4DD9sVBQndqd12vajL2teSYn4nSpBywcmZ3fQYpYO8HsNlm3e0XKhV_HPh06ofupSPdUR5h-KvtUT744EINRA5o4532d7VOSkFHKiVJi2WuYkcRn7SYCNMo75JBQ64lm3Ng-VMMRo/i_cHxAw_SI6eS7-ToIynsyPty_aV9NY3vhFmS29njqg)"
110354,Kitchen Hand,Occupational Certificate,https://allqs.saqa.org.za/showQualification.php?id=110354,NQF Level 3 ,52,CATHSSETA,"AssessmentSpecificationsDocument.pdf (https://v5.airtableusercontent.com/v3/u/48/48/1766800800000/sT5LD1eUaY9-DksNwf3BSg/rlO709pNAqwLjZ8txOrLaEZ-68g3W6nNCYgdzIBCGXB2MyQKZxibOplVg1OHrh1o4Kcv_JvAat3CC5tx9UOKe_crdpbCoez7_kAbu_DpSh5qaDWvrkP0fscCOc-mPLxHPu7NqkNEIKfn1Qyg23mVlU3yHunS8qeiBAJBWRvCmAI/GWR1ZXKYSKFyeyYC9DaBofi6bjuzwq003Bxk3H9zIQE),CurriculumDocument.pdf (https://v5.airtableusercontent.com/v3/u/48/48/1766800800000/bP_ybNCEO0VQ6svdzcFRqQ/xx1LSMA3yH1YL8NsoebLGxNJkAEUYH2ivLM0zBYF2Zk2XVW8KjhqseDIxwqTg97bJ1iVAdodhWtEyYkHP2BHK08VMjSR8QfC8rpENXbbmTEKfOlN4pUks23SGE5kMJyhAsSZy1edtCPM-rb-xen-5bswaF9vQxpEwXgxGgIsPHc/TnTJe_beh6782vFVXLy23kTl6uW-XyBO4_JJMB7nNfo)"
118748,Labour Inspector,Occupational Certificate,https://allqs.saqa.org.za/showQualification.php?id=118748,NQF Level 5,209,SERVICES SETA                          ,"External Assessment Specification Document.pdf (https://v5.airtableusercontent.com/v3/u/48/48/1766800800000/B5DOUNtM3ZsNHGG-tHOYoA/X6sbXbqKsyujUakPzSX90zGwyei7SOnmxnY-BLsImc6SAat0-24iamaN1pu-QOwFfnioP1P6_dRntbeQXnCY9hWvCeN66J9JzYwVAzlxxWUxXIk6G1_L4NcEaDCIlEpbE1v-639cw3D2UWowDwvtpomfsKjv_MlDU6f1ppQLfMOoGLPeOOjzYfmxDtQB1STw/dK349AdE3XwHfFjBpRzWoF03pJwbf7-WLQtRSSqnRP0),Curriculum Document.pdf (https://v5.airtableusercontent.com/v3/u/48/48/1766800800000/9PB4eKv4g1eOEuyb2-_r6w/Ok2w-9602dsqnIXI-b4rRVPJzVj2QUUGSXQTLBbdi05lpxuckB6Z51PxK7nPFHNx3Ff1xCZ_qVv396kZQgHKpEF-G-DJX6LWFQYxNqkRpcZtvb4B7baSnEYiT2Xdd9culbw2TxDZzSPcp0yk7t7Apbza1qb8kaeIe3Vs3MTmShY/AB1n6y85zuqKaFKk1KflfBeK5u-9IlC7C2pl5hB0xrM)"
117328,Laminate Floor Finisher,Occupational Certificate,https://allqs.saqa.org.za/showQualification.php?id=117328,NQF Level 3 ,141,CONSTRUCTION SETA,"Laminate Floor Finisher-External Assessment Specification EAS - version 3.pdf (https://v5.airtableusercontent.com/v3/u/48/48/1766800800000/RE3GDwuNhxHwDr-zMS0QXg/lguMbZpSzyqVHXqIBgUEwnvEyJEUTqGcsCG2giiy00zvS8wT0HvmA2fj_xRBsASh2Avth0B1GOuYeHYp-ElbbIGchn1JfN3gMGFCjr_3YIHPWnW_k9fzCRNCbk_LamO5lwc8byG30KgcbN4z7QhjNa4ssEdwYS8pOQzr8Hv5iVh_ySpaKvu9Ov5dQkyQkamWv-K2iCh5aHotTsD5Bu3cMxa6cSmze3U7tofOfP24xno/Egh15A2RgvJUudIcg6PYKXt8tItIF15wkvH4JEXoW4s),Laminate Floor Finisher- Curriculum Document - version 3.pdf (https://v5.airtableusercontent.com/v3/u/48/48/1766800800000/zJSPfr1y4Y8kvl0YY5kD_g/yWQ8bComoFrlw0YhYa4Cs6Osb_ihomN_1sp28ihuM8LDp0CbPk-4LO_OrYW2ed2cbOjpXCp5aqqYyfTh8q743drbbZAivPRdTAgp0cLg0po4LLHSOxKi-P7Cv60iMrBHzqvkIboPquMH_72d4H9RVw3UPVe9i8-gQkxzdrmSwXE6nN_HkN7KH60ArgwjYqkcdNJMRT9JrkMelDGjfXRjXA/MpQm3ECIzPwCyx2U0ZBtVtfeAnA4MOiZ6o2XgSIqaLM)"
110672,Lamproom Assistant,Occupational Certificate,https://qspe.saqa.org.za/viewQualification.php?id=110672,NQF Level 2,40,MQA,
101550,Lamproom Supervisor,Occupational Certificate,https://qspe.saqa.org.za/viewQualification.php?id=101550,NQF Level 3,114,MQA,"Curriculum - Lamproom Supervisor.pdf (https://v5.airtableusercontent.com/v3/u/48/48/1766800800000/kVx-odmKBmNDr1CzUD4dgA/PqMBTs3PYgs0Z4QzoElkhWTIRJ4TnjOx1AsLJoEm9_DwQ6iuwGsXzOmaN-KcUnc22MGFczBg-G-gbb1yH_r5d2mCRcHOONokLQSLFRX7HkRQhOwYCi5dAWBwPWExded-8GuFWS6Kfrnspu4ylShSGDpvy6XeDcmbumGSY04B5j2PBz-gDhisZu_t8ZnuRbRe/-OX04pAwve8WyziAxFKKxNt-chQkzm4BI2D-q8n2Ksw),EAS - Lamproom Supervisor.pdf (https://v5.airtableusercontent.com/v3/u/48/48/1766800800000/I13rspLquiApFkCXDqrpYw/JvLpz0s4De4jGZ_e_rLFp9EBj_dA4ggD8HE1A1LU4Vc04tySJ3nTdYJmdvs4y4KsiV1KNcF8PYdIi1lmk8M528sAMaHBaxxRlBR-NN9u_FraYWQ3TItz1E5RLi3J_gmNfAjFeuTktRE_TmJVSjsR53WPqrDuLubQGs-ixswDybY5i67NpOtokw_IVheNZpfa/CbnTK2sA6uUYIy1DDof9EDB_0tlLBvKFgx60wd3_rjU)"
121128,Landscape Designer,Occupational Certificate ,https://regqs.saqa.org.za/viewQualification.php?id=121128,NQF Level 5,280,AGRISETA,"Landscape Designer_Assessment Specs v4.pdf (https://v5.airtableusercontent.com/v3/u/48/48/1766800800000/dNmBVoRB4halIKH4leaQFQ/TajlqLcmMMBZjaXnzz6ZJBTj6_evF-MfmVmKI7qILquV2ZXS3ibjqiZp9GQfGyk5muPduSIMyXoICGv6Ocz5a6R-A7R4QrDs0iy6du4e-eA6zh26UrmyB9PxdIZ11d5P7dHQNVkMNSOQY6ftM8k3l57i2t03gLWDH--DpLIb75HDwv8n4iyISQ31XEJo4306/e-vimyfbLpaDjs1nsYtJcEkzAM9ZPutOJ4N3vQG3fSo),Landscape Designer_Curriculum v5_6701.pdf (https://v5.airtableusercontent.com/v3/u/48/48/1766800800000/nSG6gGuwyQVjaQRPhZ8BmQ/D0g5-1UK46zmAkvwYfCHUyKuEBSC53HCh4LJECJFrN--AsKqg8jglqH1jyDiI19FIIpq1af-20QTLVfTuVxEyCZcU6XUWgxobY1p-780qjdLJTAFfCtz7Fad05Bw2YDfpczVVcJNlOduCk4PFMNu3xEHehO_Q9SxsvpiS3sz7aHfod_tghZvB9bmWESZoBgS/E3b6FkuzA5EnDAZ-YPaijvtZV-sri9jgyXTsTfAe7wY)"
98892,Landscape Gardener (Landscaping Supervisor),Occupational Certificate,https://allqs.saqa.org.za/showQualification.php?id=98892,NQF Level 3 ,96,AGRISETA,"Landscape Gardener(Landscaping Supervisor)-External Assessment Specifications Document.pdf (https://v5.airtableusercontent.com/v3/u/48/48/1766800800000/mwhI6LpTljEwxYlAv72SsQ/smICp9uQpMR828hrwKsAgHnV9B-fmn-0c4uQmQ-e6QdCakewq3rfirLQlkpTfJDPnmTVQZARFo68uJJbn47qSApXPpjZt6F8v7M92xk34RC6yp5-Q0muNmLQNH4Us2xvGxOLFbl7A_m-lAO7FUz6d_UyagibH79pNOnyOAYinYYk-esnfpvAGaWRHUYJVKuYup7b7nDXoV5ToySOxVHC9AqzKEuV8bBr7q0QIZnNk_Q/k6FH2K8YLoLhBwnUqRYya4CUkd1rviVikHC9kuwqVrI),Landscape Gardener(Landscaping Supervisor)-Curriculum Document.pdf (https://v5.airtableusercontent.com/v3/u/48/48/1766800800000/epsU-w6EJ0ZxPT8DR5HICQ/DBouEIW8oR0kvYbi4SCoS0L-6EX6zxFcDg8RjGEbpCLzwus_RMKTWxi5UTTYo1A5SPqdzT4OnLvh585KMsA2P1Mn1Qlo5vfq_829fEKZTeekY_Z2JM5KDwEq1K61CJw8e9qIvahakwoiw-LIFgrbROL-gVg8SnNaYe0AmInusNiu8DNJBz2TB3YcgfD8Q8g5HLp8jpZrewYPQx5Nvh6ZZQ/F7dYFs6FIqvnEL95hUcP6Q9MjQRqvyuq1KJDug6PewA)"
122449,Laptop Repairer,Occupational Certificate,https://allqs.saqa.org.za/showQualification.php?id=122449,NQF Level 4,96,MICT SETA,
103156,Lathe Operator,Occupational Certificate,https://qspe.saqa.org.za/viewQualification.php?id=103156,NQF Level 3,104,MERSETA ,
117372,Laundry Finisher,Occupational Certificate,https://allqs.saqa.org.za/showQualification.php?id=117372,NQF Level 2,28,SERVICES SETA,"Laundry Worker-External Assessment Specifications - version 1.pdf (https://v5.airtableusercontent.com/v3/u/48/48/1766800800000/hUqOUXUzkoWNlRHcJ6ziuw/RlokzotIZOpOSQX_v64aLtaK74KN0jgOLHpXUv-9D3OxGh4BTpuztgBBBiEj05-D872dc42B_Bb6CK85gk8TKSlqOLh7N-hJNd_eqcv4h83_dIwGj4Bq-_3PQlF4kuU1QkK3hNgqEUTv80ssGER4n3Vk8KB5RkO0_XevNQnYgcvXUgpPegdsF2Lv1nKoChmtdFepLnrxJSdianNpC7s7mg/Yfas5in-RU_gS-nHE19EpethdVQVHqKpI877nPYSB9I),Laundry Worker - Curriculum Document - version 1.pdf (https://v5.airtableusercontent.com/v3/u/48/48/1766800800000/a8cMDdjyxpaRbEegJNPf3A/S7SPvScbZYXJol5G25_Fez48JT_9l_-FUgjr8GXLpOrNANpLmpZUt6RFPp2iCr7-FyFV6H-J9hBPN12TG3izZm6jyRoyBNvDRYCCKgRInZ03XNDxOD_9izVlCfO_eEJ87cRW1zu-qWlS7_tIlfASh1JiUJ2g9HMWMuhtq93xJlWxwTGIm9MDQJjyIRVb2zyE/tWZiV5eX7Y7-buRDoBXu0L9_WyU0No6FlrSA_MXL8tc)"
117370,Laundry Sorter,Occupational Certificate,https://allqs.saqa.org.za/showQualification.php?id=117370,NQF Level 2,23,SERVICES SETA,"Laundry Worker-External Assessment Specifications - version 1.pdf (https://v5.airtableusercontent.com/v3/u/48/48/1766800800000/cecR6NPlQTwmpCWECiHYoA/m7-WocqgEyh__-S_S1y_yR_sf31pBVPNiwQO4a1mnGpVpiXgv0WvC391K8V3wxpZBkQBcFfM2aXdvfAPrcHapVTlNcvqf9oSTB2HM_dxJDZo5SbWWbk8sTEDYL_AngcSgzqpcSQx6RuiBLVy2PXAplbEXRpPmFUcroTxtga-sraRMY_vAuJPgw5JzkMzDBrBUgOwBVPjfF1u-A3ty7yvlA/3h0dOxbORBx1MXHI310XB8McJJtRoHR-RZoHIdkeOME),Laundry Worker - Curriculum Document - version 1.pdf (https://v5.airtableusercontent.com/v3/u/48/48/1766800800000/X231-EPnjG8vnoFVFhmQHw/YFMJT0kFbjAXgQjfx_miR-TyzA6ZPHz97pKpMcVNxqHMwtVrxJgDXLwWsmY8hz9B2W4ntRX5LiFF__uUJIzPlGb4PIVE-27aRwD6_I62wpjjb6gFcKyl3kDPvhKMyjSl6M3MOX-1eHvjKJRJdgTBTp5BEYGeJsG9vVFj8RKhOCc5cqlHSpuSbMluW-kmXK8L/ZMpYVGoKiLq1rbd71u5e6ZEC6FK6YhT9Tf1yaJvbSPg)"
117371,Laundry Washer,Occupational Certificate,https://allqs.saqa.org.za/showQualification.php?id=117371,NQF Level 2,26,SERVICES SETA,"Laundry Worker-External Assessment Specifications - version 1.pdf (https://v5.airtableusercontent.com/v3/u/48/48/1766800800000/7ktkzauHS2Prt9cXWbst6A/d5h9Agmq3Nue_wESa4-3cRyMnFqiyIsVyqAIfF1_DHuQBTDA3lcNmyTjQs9Ln5IqjebGaWcLp3AZsWTRadVvHkUl9RCvCjevYmTNbAReDloCDyVmHgpMlNVniZ_EmakMC6OkPvqlTuhErOR2iRSp36P4CApFAvMJ5wKlzjUz2CSkvU9GVxEp5I8zsJffnrHyIgP6VlPInV_jDf4Nu_rItw/ArCoJBG4NxQzJWiOzpz0PWpXW3l-kNJRkhv2eAsF8O4),Laundry Worker - Curriculum Document - version 1.pdf (https://v5.airtableusercontent.com/v3/u/48/48/1766800800000/ptj4yZF6Y2HaRlLAbEiNqA/SeoATw6G9nh26zfGnqxQW7_ahmhmCSJ-GXvLZ7e5dywPQrn1efngJJzaCXjKVCVzFHig119xAmmArPPvkpVktq9VUEmKD_1_UIFYxqh5M9rZI2pddrlYPKELeqNyw95rYyPrty6XqgeZx14TXm2x1RB6QTkb_J83EaPt4vDe7msF_LBZf31kn0DtcOOLDmD3/BKV1sc9x5lDGieWO0HC6FpVkEcGwxGCquU3DO324p5M)"
117369,Laundry Worker,Occupational Certificate,https://allqs.saqa.org.za/showQualification.php?id=117369,NQF Level 2,60,SERVICES SETA,"Laundry Worker-External Assessment Specifications - version 1.pdf (https://v5.airtableusercontent.com/v3/u/48/48/1766800800000/rijX5ETLy9pmBey2Z4QnTQ/YLQDRxhRnK84EKP4xNMJiVRM58EjsE6oP3p7owEyHn4sUNhBFZ0jAACuAnsrCYfdlCKPfMb_ZewYACLjDw69Rmbt2KCdFFgfcZkDkL9zUsz4TXUnjSs-fGHAf9x720wfKc4NUb02E2dSACQwf8-0MZyn6zW_r9n9sr2jo4vNO_0ji30FOUa2G57TGkcPnLp4XHRsOw84cr8nUQbyNv177g/HVjc2b961fKmYx_aJNfvFH7uu5KSYCGWLjOaYLntAeA),Laundry Worker - Curriculum Document - version 1.pdf (https://v5.airtableusercontent.com/v3/u/48/48/1766800800000/7JmPBb0pikH8fFvmaSWOQQ/9tdEtJIfjTK4W73WsGDghDuUYC6GBGBCplO1L99H6TxRdhW2ldsvsyjyg5YSPboYlhpp8O2HSlAN6H2LXLI2lvZMRcrd4t11sgnwLG2JXIu6_tW65ITdnYGN90cahh8lVBwKyhRdbmrKzYnD84Yn402XF7sw_NYkX06I3RIwnkz9CxSbSReljP71i29sDNCX/9ilMC7dgQGDmYV-q2ZnCllILX1rJu_eMg2N976kuRUs)"
118774,Learning and Development Advisor,Occupational Certificate,https://allqs.saqa.org.za/showQualification.php?id=118774,NQF Level 7,195,ETDP SETA,"EAS document.pdf (https://v5.airtableusercontent.com/v3/u/48/48/1766800800000/cd9wwY728s26fKZth0UQgg/mu-SJrl9m5PfSCNh4gCMSZpFmWf_92cYgDvGgkJ5UDYU5lwrZ74ud7hdFNQWreNq6jfPIvhIwoo1MG2m7D3j5kXttQ95FZRl-xdLD2fpIGRRhBd1U6MYYpu93o84RecqRjC6CrzRcNhXbuPYVK5XYg/X5WGlT0X0iX-Niwo4LWGRAZSWWdIfVV45Bd8RlMhZi8),Curriculum Document.pdf (https://v5.airtableusercontent.com/v3/u/48/48/1766800800000/3lORu7wiygNXpRWqeTRFYA/KT64pZnihJeizmREfHiHx3sWLEd8I-zClKhg5Dh5R-cb9z0CL-ROPAYuPLz0CO4DcgmdKZqZF2O4tOXlaK5ZSnoDIY89MgA0bG3hORu1UNaScNGrZ6QjJLPn2Mdn4vRKIR9uSPSHJDOO2XdEvd_0SM98zBmFKT3Lq9YQFkXO7B8/MGeqZt8jTQPahD8OTn0iX41jifaanzDIGYxHxO3UF6U),OC Learning and Development Advisor L7 195.pdf (https://v5.airtableusercontent.com/v3/u/48/48/1766800800000/xM1UhnsL1L_wUCeXOz1L9w/3mJhDkIENOuLKQvzkmTrGAkpz6A4Ef4Klqhep52kk-ufXshfvLh50Tni5GgKnQbBtHkOrG7nClU6tM-8BC9tDXa-MBHCQGWv86iiW08nTibtPCZIW-C7LrFqaFSEjc0NaK_-HF7Ppc1yXkgVtpemmRK8f0EViefP_QByizL99K8R0mqvft-Vkgr02B2dE_TB/GYW430YY7TjdDji4KR9XrRrxDIKFlxQJJRWNPITLV04)"
121276,Learning and Development Professional,Advanced Occupational Diploma,https://regqs.saqa.org.za/viewQualification.php?id=121276,NQF Level 6,280,ETDPSETA,"EISA_Learning and Development Professional v4.pdf (https://v5.airtableusercontent.com/v3/u/48/48/1766800800000/kA_HrMgY9GzO-QGcRht2nw/xv3_EwMrUaQ1HC2Lq8KvPDYKIue6I6J4IN_Qb4i25HXdWxTCPy2Y6R_18gG5IP_BOZYLNZxptf1cQvkEOhN3Bjw203ipBt7-i3kzdpRoQg3vy7hMpt7VMlxI-IoABX5EHm1TnMEln_cfCRZ5xR64wtyr9vlmuMVW2aDyO9JsMH4VMV4sLZMqB_j5Parqj4gg/tf21xGPRPpSOjYfnzd6p-EIHJfXCfwlGWdDBqyJ9P8o),Curriculum_Learning and Development Professional v1-peer moderated.pdf (https://v5.airtableusercontent.com/v3/u/48/48/1766800800000/SzKmeDo3FGJHtXzgwiO2Iw/PHlRLCwxCS5J6LpE9ic1Ih63zREpyM-m5UzZWikv8Hcjpd5d_oJ1jRZ-W-L1UgYPUwVPuh7aPLCjMAlwFnzIxpQtHoHq_v3XOAaYHqEbOBEleT0A4sefhkjaIdpPX1tuZ9O71kdrXz97iEkwNIgIJ_3hC3TNKvK1aVVDcUj45eS2jWi_8z8VMX3sCAfZ2i5y3JoMxycY3esg7QVK3zF52A/DOtJTmL5dc99zaN4Xab5mgCfyRrx782Kg6TVqCZtmaw)"
101675,Leather Tanning Machine Operator,Occupational Certificate,https://allqs.saqa.org.za/showQualification.php?id=101675,NQF Level 2,154,FP&M SETA,"Assessment Specifications Document.pdf (https://v5.airtableusercontent.com/v3/u/48/48/1766800800000/uXmwHy9-vaLwnrUG0P3K6w/c3aFgHXSBKghgJk7qJBGHhjbdyFe1qNsiAlItKCrgbIR2es_4Ilz-DPrpjHTmVSeCi6Kxw2Bx7h7E93_pmHXyehY5DlrkypQhcBIxXHXhUdZtPawzs1-bD6Q9-XG7Nb_MMuDTQ9JiNsRY8Z73UYdZnqubtYLYWWpw_ZxJDwR8Y0/YXR2kVaVg_hrJVznsGsY0YnIy990ePiFXAcqhi76rHY),Curriculum Document.pdf (https://v5.airtableusercontent.com/v3/u/48/48/1766800800000/5wRwu8VT4H2JN9Uka1apSA/MrmjkowdQ9GADB0dzCU8qILUpARNjp2vAtxUHDb1_su6n3yYVEkCbg0qN8GVMkjPX7LbFZXOhzTIfP2_4iGAmlSou5L_rqI7TmxDOgq7rsgu9ELUO0yoNwI6i6qNiXyXvb1UtEiFUwTfHel4cj1Q_xp33va2RZDI-4UDAF039QA/N_rWmFa2Iq9Y_M0URFo26zzE4HOT0mvYFnGp84dnDNg)"
120743,Legislation Administrative Assistant,Occupational Certificate,https://allqs.saqa.org.za/showQualification.php?id=120743,NQF Level 5,36,,"EAS Document - Part Qualification - Legislation Administrative Assistant.pdf (https://v5.airtableusercontent.com/v3/u/48/48/1766800800000/TuNfxoMgzNAeao-7FaRzrQ/7fCwfHXHqI-i_qHtNqoQGraZ556BZdffTkjuYsYt9OP2Rp_IS6aFttbJ6sbT4KBWUS15yieFkfverB6PpLK3eLgSToUp3i5vJIBjAKUNcW3ULOVTUQN2wiq9Rz27nMQpvWrRvjUAA_q40GgG5kw67D-QZgb5H8ECBgbO2XBIqeBiwGHx3HE1OjDr_LE8otfO6FcdfxoKFf8OccG4b0pclQ/9arMc76vrl8C2xGAlz5fZbOALT9-JYDw4ePV8I8Lm5c),Curriculum Document - Legislation Administrative Assistant.pdf (https://v5.airtableusercontent.com/v3/u/48/48/1766800800000/OHpoZ_z_HmO1T7pyZuve5w/-AgitVn7LvRNlTqlvtJzVXQC5-9NVfWFj6MLN94j7SibkkqfDamDxO5-UAtHfip1yqatq1kfAsKipYFDGqVcImgao7LF8EiB7wXZuN3vknjP0iZwGUTaj_cLdmkz5BWoySI5bicpCjCZa85ZBD-ZB6xSpuTHBTFXECedIryRqGdsxnrYqoZKAUMXB__u9_gXyPbfVpMv-hAlL1NC2jbUaA/cowYtW1Kp8aD1e7Dy7UD_hN72u4GWR_QpvNICYBANzw)"
120693,Legislation Facilitator,Advanced Occupational Diploma,https://regqs.saqa.org.za/viewQualification.php?id=120693,NQF Level 6,172,PSETA,"EAS Document - Advanced OC - Legislation Facilitator.pdf (https://v5.airtableusercontent.com/v3/u/48/48/1766800800000/KB7yTYeg09cBBzUueXBu2A/26kQhBdMFDNf_YD2zXu4JeYK8Q5n8w-1BJAIM3mhGkOfp0hM4SMQOtFrYveWUbczjoYpQEPft0yphOZzTJa0IDAZ_81sfQ0Q3lPeFvPnobtc7w5M4S0wsza10O1gfZ6_iwUwMJecgbCKy3hVWFdDiO1wrgdZwY5mn_SjFQXrF7eaBgZKlzTsZnPrItf1g_6S/BuZq3ceGLsWdHQpJVL1vlmUa05btPPnD4SYuwPxsQZ0),Curriculum Document - Advanced OC - Legislation Facilitator.pdf (https://v5.airtableusercontent.com/v3/u/48/48/1766800800000/kbJkJAG6E4Xu9FL9eh77rw/YYCXetJcOqzcuoZ5kuPuta7zawHkyTq0sxwMRF6CdQeNpouTSHMNOsMfsHLH1UpdoERXfdUextfmnw0yqsoNSBwNOUteqVeZh5OMpCyPK5HRxkJyOBgX-HZhXdWuk9d3VEzer67dMLAp8QMg2Ycjx8u0DVXNxiCXp--L8-EQQ4CtYhMRfixD9KC9hiLZwvvrfKMXnjlnPeFcWW0rLugxew/PSmKoEXWnikCiUsxTPrt1ynEOEyk38IQGbiDVBojB2M)"
94598,Library Assistant,Occupational Certificate,https://allqs.saqa.org.za/showQualification.php?id=94598,NQF Level 5,127,ETDP SETA,"Library Assistant External Ass Specs.pdf (https://v5.airtableusercontent.com/v3/u/48/48/1766800800000/0UcsDQ3_32PccHjnYRKNNA/Rafus1VSTFjztpV2Pya_yccROremmXbI2uyg8HoB8vFbQ4E6D6i7uShtZUSMXk038NUKHMGZDEAkQMuuMeaumRtrvMgLTYyg5qTPnZLrAcwn9-nYot5hmvgUlyDUIj9ythGFc8oYo_V6N80HlhdEYV-HIelVvUif9h3x6yvgj84/tSfcLhE0tDa1Pwlts6l9x54EsVcxjeM5Oe5j4EetOHA),Curriculum Doc - Library Assistant.pdf (https://v5.airtableusercontent.com/v3/u/48/48/1766800800000/P_SI1xT-ZhvKwWbGF_yTUg/gs4NzrSGxO3YrmcRFPbEPuk7B8cpkkn0rRNFcbDuvRg4UYoeZ1LYfuTmHa9gIts9sQHDWsUkh-HDLjwfydjjzQLkqY-M-lk1EerD84rZvpc6077xzO1GyYSlBcLDpXmHIinVed_RGXOKSH-cXmqQ91-EqD5uap0RK3L6MSCe2UQ/yRNxIkI74F8UrbGhvk2jvh-q53SCx5m4FtE9wMq3p-g),OC Library Assistant L5 127.pdf (https://v5.airtableusercontent.com/v3/u/48/48/1766800800000/nHkS1ByQ3Yz9Mt37llsMCQ/CyqpTybl9ZW6AdQe1AwDF1KcX--fulO7jTj-em3Yqr1ZtdTbph59xL6NRxrczRoB59JNlRbwkGXw6Jkm3t9F71pbS-miVRJlPpown0YsloxN0496CVebslG5_ig-Z00N2Bc6NgPiltA_mjSeNz-zzTJxW-m4KcJTs1hfQN5ekTb6KkTXKSPAEEK6gf9Hn7vg/in5VP-VFYwYlz3O7s_SLJ33k_IzQbDb4xZRYSu9nVZM)"
94874,Lift Mechanic,Occupational Certificate,https://allqs.saqa.org.za/showQualification.php?id=94874,NQF Level 4,540,NAMB,"External A Specs - Lift Mechanic.pdf (https://v5.airtableusercontent.com/v3/u/48/48/1766800800000/38r2iSbU_xf2jNGYLbptrw/Fihm0ut_cJRAkCwOF7QGjpdHTeL5R7GkyjYNMhOYbYyN2utpox9cusBqZzFZCz15ECX-KCjuwjiafhQTT3zM6EURBlzNLvFVcyF-LeO9WxLnQp9ulM43gn6M018lHWYa5A5fYljuz95mNaCJLrdWX9TCd15DEXtgUu2Qs61qlOE/Gaa5zUTQt4GKyaBDAAbRr_z0XLIggEuDutMcCBYUUE8),Curriculum - Lift Mechanic.pdf (https://v5.airtableusercontent.com/v3/u/48/48/1766800800000/_bzb_nX71MiheE-j3__bfg/ntZw-__Slra9V-x_EhdSZfFZ8NnEU6n6JauXq7TbrtJpzvaUb2azEt3xX8pXQ-CSjIOCRcoXFHn5qH58rAFJhYH0IGTGlT0a4x8fuTQajorPEryD3WGcTKxWvdr5Uq5M2n2dIx11A2LdCB__n2jlgL8rGpb5IINysu7dkdV0xsM/D-2wozbFfiK5clswFyCTlmG8WKsmWcmGnBB4eZVi9TI)"
117332,Linoleum Floor Finisher,Occupational Certificate,https://allqs.saqa.org.za/showQualification.php?id=117332,NQF Level 3 ,141,CONSTRUCTION SETA,"Linoleum Floor Finisher-External Assessment Specification EAS - version 3.pdf (https://v5.airtableusercontent.com/v3/u/48/48/1766800800000/Q8Nup95gVZYKrHhNhYcjyw/vzr7NQ4MrjHyiotIXGDykdX_u2FoceI_MLuUC1bnkzkkT9G4aykH7D85_69gxJCtGKEW9BspDgO-PqZ0o0nwJEn5BNBxH3sQWpMVhl4SKyI2LINLqmrcB0TxvWQyP7AmHUx0x-PNUoxsCVllfY53mntitH8l2d97iIjv7CbdQ3ID78sJ_2JH5e2DJIYVYRuw41gU74u1_vXSIlefkoIkQbS0HnBBG5GPa_hcuIuuZUc/zpWAT-Ot95sWeuKlLr_RrGzeo61-qF3g73D1XDt6_Bg),Linoleum Floor Finisher -Curriculum Document  version 3.pdf (https://v5.airtableusercontent.com/v3/u/48/48/1766800800000/x5qESafSzFxPEw-aRHZrxA/W-KMWlXM0EFrSgU3LabsZR1MyIG11sUIEFxbD9clYoMqhyVkzM_Fvv1IDxY7Vcj8xnO_LyS7EgH5VcZMaDqr8AZfkXE53QvYqUbcYKmEyvCrs3TrJxhkw317RDHRg5O-wht_zrnn3Feq9yW8fLOorQJEipfDG6NtKPFCvooCjPdg43whQ4PMt5NEOMTaZTij/ReAjoV6Epclrgop0HRWyjNFzeNhITCdloJtNeOpp_Rk)"
121154,Liquid Dairy Reception Operator,Occupational Certificate,https://regqs.saqa.org.za/viewQualification.php?id=121154,NQF Level 3 ,123,FOODBEV,"Assessment_specifications_2770.pdf (https://v5.airtableusercontent.com/v3/u/48/48/1766800800000/wj_kmeLh_qqv6HwKGGetrg/UaOk80lyC0-K1OZ3id1kk-7IDSyqt1Lqm7bT3WtK0HVMco5I9RgARQXQkEQhPd_KVTVhOefsNt7p5otIEunIhb7ZU0Zjb3JEa89eqQTgm8Go0iYwKoMt_MvD4D-tqHI_4Usj-WA_7YN4AhTh5Xp47lnShUYBjt-TtnTawjd_Mk0/2GsRmlkT2sIxW1WgyB40FUAUvb5K3pC580eLj74sNes),Liquid Dairy Curriculum_6293.pdf (https://v5.airtableusercontent.com/v3/u/48/48/1766800800000/jsuhySra4Sy57vqKAurFvA/cBGcbgqLFjiKlDaV_Mt6BAh6-8RUaoIjmsknv-3tRTc1uABl8jidlSb4ONZFac1VkDd-3mk5eDGoI35S6fSsJzN9_Iz4FyoeAo6Qf2DNsY_pvrlR_tYlEnAlFqmjjSbGOhd_Fqi0fdVNRyvrQbjdrrDu-nMLZvvpd27zroKpe-s/ul6yNZbEsCGGXA4j9g0_qh3-_XkpHc-Pc08O5mPbBII)"
103092,Liquid Long Life Dairy Products Maker,Occupational Certificate,https://allqs.saqa.org.za/showQualification.php?id=103092,NQF Level 4,180,FOODBEV,"Assessment Specifications Document -Liq Long Life Dairy Products Maker.pdf (https://v5.airtableusercontent.com/v3/u/48/48/1766800800000/S3j_JZg5gGYFJHc443f58Q/k863Hq8LM1yPmOkr_kk7pYexxEREcb0IQymz7BfE-Chls5IDPd7Mjt3VxieXe9bpWI2cS5Z0lclZgDnT-KBB-UEr_0e30jI0_TnXqiI2kQKCdwN3uxSmeA6puxEdDDebYdFzTHdyhTVvYBx1BWcpWvf7WtUcUWb_1DJghcZcWVrKb5320KLIXE5Hd4pxYX8wGwcOs1Nf9wPvsXnYtPhqRA/-3P2dkqyB8SCfP_zSk4LlE1JytLwwuwdAlIDu4fVSl8),Curriculum Document- Liq Long Life Dairy Products Maker.pdf (https://v5.airtableusercontent.com/v3/u/48/48/1766800800000/db9RsiClCB9pOKFK-yTeDg/r0kxainZ8I-SdO6LzV9Le2Ou8aVDA6KeJBLzzSoZGKu_HznVwsiftK9Ad-Jj4OK9jghMNSSHIrsZTzRnQNQ0cFB7odZu5vuymlgQRMVOZS7K3BTn8-4a1IIjQGXYjbT_L-Yo8Q4YaejgPnLPEH54DeRQ_qfjoI5GIXg3tw8ddT0ihrrGvZ4gT48j-sVsgeYl/dESyYKfY8Fw-rh10x4OlhNi3L30ZPDNLfJqyrucq3XU)"
99253,Livestock Farmer (Livestock Farm Supervisor),Occupational Certificate,https://allqs.saqa.org.za/showQualification.php?id=99253,NQF Level 3 ,112,AGRISETA,"Livestock Farmer(Livestock Farm Supervisor)-External Assessment Specifications Document.pdf (https://v5.airtableusercontent.com/v3/u/48/48/1766800800000/-g_IV2g_srcZzBQRs3OuvA/PejJtfa-RUD9KEv_J3MNo8thfygGdh6nndfT3s6Gm4znf-ztZfnoIFNPynxs9XzR8gwfe8hn0P5n5H5l-MWOTsbCqGJPABNigwIXCQbUowsHriipJ2ivPtYrrIyK0bTwWmJgCb0LK79_AWGVCRBXXSM6zVfzZi_JSVI-E5IEQzensFfLfES331DhEA7XB0ZmOwAF94V9AZbcSNSue4K8de7NhYFteRWaB70RoyZpcNc/6IbTRO3VnTlElkH5dOHb1OKveKxKINli_SKRBhcH6Fc),Livestock Farmer(Livestock Farm Supervisor)-Curriculum Document.pdf (https://v5.airtableusercontent.com/v3/u/48/48/1766800800000/epQMGpZxxtlLDRt2hw8iKQ/qVVdYH4UHCrE88ez_2P-T4eoB41UISocBJtOQhqRN7SzjZ43mmDU76c5F7KrutN0Oy03RXaOJvjUN8aVwLVUBGh5Fp2nji_r4j5-EOUQn63HzTeYvdx84aAJpqeik74liry8C5BXabmPeeVhkZMBBR1jWV0VXWtrvGmRUAPVQodtc5R6s7G7WdBR_twmax7oeJIuv4XUebgZaE7D_efRcw/ZfynPnjyMuOUKiOAcl6trriWV_-X0pJEn2rdoO49X6E)"
101671,Loader Operator,Occupational Certificate,https://qspe.saqa.org.za/viewQualification.php?id=101671,NQF Level 2,56,MQA,"Curriculum - Loader Operator.pdf (https://v5.airtableusercontent.com/v3/u/48/48/1766800800000/LMHHbxvXGikfaxAyTMR9FQ/HD-EMQPC5QEjcefodVH6DLUv-__CIWEsVSXWPjVPcu-N6s5yTBWZzLceh_MIbwdu_aHPpks3ir8mdIkCoEBtJOajE1aAHtCKMrwCQNkKcWQIpXEWx-E-es85Qf1eNQMT4OMypBayFKT_aYfN3aDUlKJ5YVkRtBdzvjSU_RPeYyDisTD4Ip2UlchGuapksNbP/VyIwjXx-GF60Om8J24Jv-rMQeyV2P23_jiaVpfJLTvY),EAS - Loader Operator.pdf (https://v5.airtableusercontent.com/v3/u/48/48/1766800800000/ps4YZUf7nfy1W6MXybXfnQ/3XUgsh3YZynqHitJ8dwL863kT4qZ4I8y_TYXaXm-KKx-nY2kaM9Q0-446kmG0urklIZjFoBSA6LMPMK1r2P46-izMU-hQ4_iWahf7MEGr_ibAVeBVYSa2z9L4gRzSAx4sUJKQdsbIsvUJL1JfiMIOi-ZIS6cN564sqk6vPoR8lY/br9w1C4jq5SzyLWevy5eO4uZcqWzXc4BQnxvZRCP-so)"
116130,Locksmith,Occupational Certificate,https://allqs.saqa.org.za/showQualification.php?id=116130,NQF Level 4,545,NAMB,"Locksmith-External Assessment Specifications- version 4.pdf (https://v5.airtableusercontent.com/v3/u/48/48/1766800800000/B60r7ruZ1hse9EwV7Xyr7g/kEFish_Xx41aoje5A_a_xz1r96e_Oh0uSi2qgKTYfJRlHuoRCV5J0ZVLWIgJpjVA8RVNpmD_quxRXKDGbGnbwJQwCBqAJjMsrerqm_odFb2NU7SK-zxSf-vL93c5xkAmOku43CrwPmAZ1cc-LpKTw1aiBiKI7mobD9XfFGACNxNB5FuYUKtP2UMuW9c-BezeeacyrdllQ3lDrp8Ixxg-zQ/wZJQTPiGHwtUOyo_fC1zgDMj39UPw6OBtNzx9W4ShkI),Locksmith- Curriculum Document - version 4.pdf (https://v5.airtableusercontent.com/v3/u/48/48/1766800800000/c_dlpYZ1UDmY4SWsXtaObA/zhRAn2aTD5hr0dK-ma70K8RnRnLE4OCiSW2ZPLjlh_8vCMFsqP7MnovPySDvwzB2BxNVFAWOfKVakG6AyuksPQYXvwZ_bNSH5UeWE1sLW-Icmei9vYSgGcA_JoZ6S3-9482DBhC9bhcUB7lLgYeFJt9uUykQwaE2kQWTmSp-3g-XFDodcGNaoV7XdWd9DUHM/1E3xmjJshlyBEGP_ukQsCzs_J2ZGNqJya21HLhXxFa8)"
118107,Log Yard Operator,Occupational Certificate,https://allqs.saqa.org.za/showQualification.php?id=118107,NQF Level 3 ,39,FP&M SETA,"Assessment Specification Document.pdf (https://v5.airtableusercontent.com/v3/u/48/48/1766800800000/_GiqGc_CsEftEUjz2cIyHQ/w4AwIV1R9QB4HXWiBmUisNJNmKSscE4_a_mA0Ft3T8skJNX17-yVt4kMXOnnIkr5agih61XGKZm5XoE6U1MUWTS96urGEivBKmgHjH0LILpT5ojexHP26LBLeG4sPip1tUKFp5vgFHlKJGmcqTLBUxf0HlORtvVrTYz1u1n9qP8/c6q904QuxD48BOaQYoI878KQ5ybSGYifG8k_YDv5rf0),Curriculum Summary Document.pdf (https://v5.airtableusercontent.com/v3/u/48/48/1766800800000/_xSCVh4rX38j4fJdtv8X9A/77gR0vwiIX4h8Y_azMJjiSK14H9cXBP5kgxwT6wKFC4EKhY4bngE2N_aAsFZwSToNIVWfPTl8nV9yDXxvkPWsJUzeU82ZSGNqqY2bfcwSo2z_VH_Mx7gTTb76z34t97EF7Ax7fC2AkdAfvMH9Rqj_ZdeT6Vz5gPehr7ANZNzbpU/HpJkM8uuBpshW66580okuxeT8M-l4vVvxDtiyoclleY)"
123402,Logistics Practitioner,Higher Occupational Certificate,https://regqs.saqa.org.za/viewQualification.php?id=123402,NQF Level 5,120,CHIETA,"Curriculum - Logistics Practitioner.pdf (https://v5.airtableusercontent.com/v3/u/48/48/1766800800000/hyhgHfdp6JJYG2IrP0q-yA/O75JvQQNysgrcrEr5IPtLHc1lQsh6Seprw-kVwQYPky0pNNMpNu4fHFxXCcI5MXRx-hsgqMSeHibab2kbWootD_F0OouAMfOP_mesKEG4LlFvqVliuf3W1hqQmp6homS0yqooTBVnKLx1h7aGds9wWDy7-0lg3a9G7oYF8_3gxc5Sp1rerTLtUMFZa9tmKsz/RkxN2kaavm9xbQGVKGg76Yitq7IAgHnxhYjMCiexcJs),QAS - Logistics Practitioner.pdf (https://v5.airtableusercontent.com/v3/u/48/48/1766800800000/Enr1z_6kqs3DLRXXkC0niw/N64dj3lwjjDLHtB2RftRs111UdTcgPpKfaKI4dNXK7Wh0EJaslrnnTxRqdIdX8L-6_SbAHmqxufygOiFzf9RUDRKTyRvX8N4WyrBQMPMJxYImk9fqXd-xDeHJqRd793biRxQ88foQ65SawtsoBT578t9y6wMP5uK4QKEFGyOxc_hQX6Q2y7ubtRPqnUJKvOR/lX56kKJy8LT69UZm12cfbLBNAhEtFIS4W2UQY9riZ1Q)"
105022,Long Term Insurance Adviser,Occupational Certificate,https://allqs.saqa.org.za/showQualification.php?id=105022,NQF Level 5,180,INSETA,"Assessment Specifications Document.pdf (https://v5.airtableusercontent.com/v3/u/48/48/1766800800000/TpnzOQZFwax6MSqR9KYw-g/SVDBXCsamXAaGWhvkCGTke6rHAyuq927axwjdS1ps_P7QmtRbX64grDFuEgbN_atY5-pffV9qcW79oDwl4j9MqXseemd-3BJ2lv9lcRoisIGiPolfwmOQDlzTTQnsMQxfbM85I9uhIBfTQX6tJoC8Dau8JiK0Dy8SKMtQwoy97M/ugjEDhckv4HX_1wjeEfQ6mzJcTyQwHN0i8NWRLMVIuw),Curriculum Document.pdf (https://v5.airtableusercontent.com/v3/u/48/48/1766800800000/zS0lwJFicfpR5NAHNY2CRw/KfCzsi5wPG3cHZflPTgJU-MweN-AKMXGKkxw_DOnsUFIkK744zysL1dtCn-hxnwPoDYwfRKwgEezE6SkvNxfgfZnxXDHtCWSlFOAB8eetTSZ5Fx95TJ6Xdbo9fjVkQuEDiCwr9Tga7qsZWQLHuXOPs3FBj4QBbgi6j4RhdORYgE/J8xCOoMQZbzxo9SyJ7d4bJD6sQYE8maCp9IZXFKtvbM),Learnership -OC- Long Term Insurance Advisor NQF Level 5.pdf (https://v5.airtableusercontent.com/v3/u/48/48/1766800800000/kwvk3MMe_JKcizV6-XMKOw/wIqaIkuRKqPm_X6AEzo0XPDaANOguCPh4zpu1jv4CAnMbY6yJwDe90cZ0WEGGoOzAUjtL0E5CTrvqU7ML9X1OuJeAZJ0_4JLD4wh3bur6nFplQE3yBwaG4VCHGuKRlIauSy6DJB8nUFoAgaHCmuNtdb6FvJRZ_NzMxdzs37t5bljlFmFWOzpb8sa6M1Mq1GV/Y55BLXtvmhC1G2kbh8Cr5uSS-xqBClvzOOMF8hzwrxk)"
119992,Low Voltage Electric Cable Jointer,Occupational Certificate,https://allqs.saqa.org.za/showQualification.php?id=119992,NQF Level 6,83,EWSETA,
104790,Low Voltage Power Line Construction Practitioner,Occupational Certificate,https://allqs.saqa.org.za/showQualification.php?id=104790,NQF Level 4,259,EWSETA,
104791,Low Voltage Power Line Maintenance Practitioner,Occupational Certificate,https://allqs.saqa.org.za/showQualification.php?id=104791,NQF Level 4,359,EWSETA,
94877,Lubrication Equipment Mechanic,Occupational Certificate,https://allqs.saqa.org.za/showQualification.php?id=94877,NQF Level 4,440,NAMB,"Assessment Specs - Lubrication Equipment Mechanic.pdf (https://v5.airtableusercontent.com/v3/u/48/48/1766800800000/TkdEa6Q36EIsQPPoVpdGag/HS-SnDs2coz9yV8knwNsDgKel-P9qZ8cqMEPrVQYBm4K1Bp31Td3igQ1oOvzv97_IE13VeiihEY4DrHNO1Ojw1ajFDq5u-w4sNiHfda7ooQYaFTCAUC8kgbWF1kKFmscCe9uFnn0BcoJZVKzhNYmy_2M6FUAP_eItJSyY3XY0XyXtjvyTjUBcuPXemxgnxTc/9h521YFRmq5t1vcDKMQxbYGOqxyVX8GLvOQ6XxQiGoc),Curriculum Doc - Lubrication Equipment Mechanic.pdf (https://v5.airtableusercontent.com/v3/u/48/48/1766800800000/5c6srB-dGbVk1PbWWDWvRQ/4E_bxN70sWjanIILXoQAp0K_LiFxr3RzmtWGg_t8gcx40jJ265ve_9uqBgxkU5Pg_DcqTUOFc2SoGeZAHOcbLFUCKCw1xhUOxaWFbCsTD3mRcwc4xzjT1EADSBfB1OzVObqkKhcFrcasOxnI5nHy3WNMbh9JU2zs8N0eJrc05vUe5tyVlkC97yTYXWNT4Szf/gUZgSB9XSE_6biZlmnn1agQnJzychaSRKp4vMpVdf7s)"
101874,Maintenance Planner,Occupational Certificate,https://allqs.saqa.org.za/showQualification.php?id=101874,NQF Level 5,261,CHIETA,"Maintenance Planner-External Assessment Specifications Document.pdf (https://v5.airtableusercontent.com/v3/u/48/48/1766800800000/jOIUDyiQkcWoL78qAsN6IQ/m-zYhG34f4ZKB4Jt_DG6c6PQuBsk5_Gj6CJRKimWuX6wiZiYf8WQfSKWqmnfq4q9yVkEFlm8F1OB7gZHSWS7lOMZQglA-0FPAnBZgRi4BiY7XV2DnPD1X6FxhF9itzYTBvvbbAXV8L1UBIyuZxBM9cxAPRWHXApvq302NfPdTKULw1n5gYGrQvDa9bW6Z2TNVmV56PW2NJg2zIlH2m2iOA/ZtMqzPtURVjQi3cd9LpYNB216cw2_RpBWZ00tizDcvI),Maintenance Planner-Curriculum Document.pdf (https://v5.airtableusercontent.com/v3/u/48/48/1766800800000/wUPakxGpppQQ7N6hExe2Ag/mESrP4SJfgChj33I3H8oyw2i8SP6xg7zPZz4qDQLBCOsWyhbHQZpRwePXFC1bCXHz09tTCKse26VXsym-mLqcbLgsr1sVtMxdKmsq9cK3sl8gXi2RfOX2q_4nC2tcJ9sF1tZ_HFFIkv9-1XkAQt3g1W3tI_L7xoYZYv_MmxWB-ghhakXRp0vxwviG--H0Nm5/1nTzL6UOIPnTu3SgpbXF9nTm7nInhc4ikrlVnR7YCpk),Learnership -OC- Maintenance Planner NQF Level 5.pdf (https://v5.airtableusercontent.com/v3/u/48/48/1766800800000/LJO_7XdPa_4F6G8UDhKn8g/5zQt2jkiikBXPO_dSeZsKCV-RB3EeWqa5cBaveypKWeOUWiuZmxausCGpvwWSJ47ebKJnE_P0gJXOuRtve3Vz2Xmcdv4qUnLRL6jOEi_P6BEpk6q0Y3NgNLbzuOPG_rACRq3dsnfOYrHpxcaJvciSuVv3X4_TjmxpJ1-Em8kGZ51g0-SNy1VBlTo6mdekpr0/2kHqiGDqCyAXZ8HgZeTEM7o_j8I08I_li91e4GBgEl8)"
121669,Make-Up Consultant,Occupational Certificate,https://regqs.saqa.org.za/viewQualification.php?id=121669,NQF Level 4,47,SERVICES SETA,"Make-Up Consultant Curriculum.docx (https://v5.airtableusercontent.com/v3/u/48/48/1766800800000/QZgqA911jgl3Jn1dhpzysw/d_NTQaNZD0BC5ujfofitJbO4vxh7VdrcW_BgIllJFdSmURhE38DsqdQ3gh67h55vTXOLhDBCWIlU4SV_FOIo7hApnu_ytFvRBbMiPcx46h0LLX--EElSbfS_1waEPGJHG-Vv9UvRQIOFW8UDh6fLu4j8_kXYOT3Nf87plCzXuFjxcOKINSlc_aUXbINAuL29/aG4Smyzxt0iX3fz0u53rLIh660_FxYqu7qNddjmO8Dk),Make-up Consultant EAS.docx (https://v5.airtableusercontent.com/v3/u/48/48/1766800800000/JBJVdMWGCqzRcWSmlOgSMw/6H1_jVrTk-fcPaX7RW6FMl6wGtpnJTIZOYR1kCavOp5Qh-RH8g5e5bjKyqQhdcp0RKRfDYBnMOJQxIBQpVzSdRyGpOSVjD44EdPp0h4e0F9R2qSJZggu7BN0NKI9VettryPr-BD4Xnx234yKpqW2qT1ijBkaorNNRXhgBNz5TdU/iX87zaeT-1aacnC18ImRaDWLkxXSIMnT9m1C1L62ifE)"
103146,Man-made Fibre Extrusion Machine Operator,Occupational Certificate,https://allqs.saqa.org.za/showQualification.php?id=103146,NQF Level 2,180,FP&M SETA,"Man-made Fibre Extrusion Machine Operator-External Assessment Specifications Document.pdf (https://v5.airtableusercontent.com/v3/u/48/48/1766800800000/EVTdFqWGONetrUBhpr3E1A/6KPVgZpLJlQy5oRiCubBnR20H47pDhYrjgDTUOU2RN4ht5UEvIUAjCu0s0hujbsIw_ioWztsaI7LkU_QQbdMFSDg70zCFzxcjW9TotEfRnVrOAEflCB5onQdSKoStR1IrHKSL2_xBrcbVrK1S1CAtNs30_w6r8YGS4lKWCmx6qMyU5DfGedW0APVyuR0h-CRPudV6qW-4BrIL4riiYu-dpU3gOnt-pePBaRcf4DPRBg/NzbPAMpwzdS21T1S2AHh2h1HTQnztIalIDeS2orYb4I),Man-made Fibre Extrusion Machine Operator-Curriculum Document.pdf (https://v5.airtableusercontent.com/v3/u/48/48/1766800800000/rx6T0syEpJ-xWvg_o-xIag/npCGVfSUAyi8PUrJlGr4wPI61piPlcYTWr4aUpYgiCknbCrB6UnyjVQSZMeYvQKVul3tIT-CWXQPdKKFztcQjHNcSD4mqVqabraYc3XPS5m5CnkO5g5QOzIFQR8lp7DbvMBeDNKTNRwLiI0j1JZp0gQ2dH6w0TyfWG-NRNVC37gE_hIxfbpW_WxGHNS3KBQLGEVBBvdNnar3KFaZAY84Gg/WLNIcjE_L-24lZ96PRgz66x1g_bZhFSw6RywOZN7Yxo)"
101326,Man-made Fibre Production Machine Operator,Occupational Certificate,https://qspe.saqa.org.za/viewQualification.php?id=101326,NQF Level 2,360,FPM SETA,
103143,Man-made Fibre Texturing Production Machine Operator,Occupational Certificate,https://allqs.saqa.org.za/showQualification.php?id=103143,NQF Level 2,180,FP&M SETA,"Assessment Specifications Document.pdf (https://v5.airtableusercontent.com/v3/u/48/48/1766800800000/kyzeTWCGjL_2A0k17OqCJA/MmJr54TxBumIuPJzFePbnFO7PrPLVqlbjwhoYeXEXRlVUITpYTJw_eBhMyDqp-Jer2urnm8ctrr4AzvRN9OuucrhhKV78WWOI64uS7zGxxuHmkr2Ou6jUNnPsDGGE4JfGqA4BflJwvEeSfGKcqgo5j3775eM30rAhm90lAsVgJQ/NBlSE7s2Rxc-JvXUXIDNaEIpDvPl5lhBoJIHB5bQTz4),Curriculum Document.pdf (https://v5.airtableusercontent.com/v3/u/48/48/1766800800000/tmPhIif3Bm4lM1KQTCloQw/rQKQNg8RtJVdLC4jf8MzxYORtuDlHsk8od-9xMjSkvgxNeoCS1l5UX-XPbDP-Fb1UKKxVMQlGCM-2tzcD9RLwOZyluJlU5NNcC3OFjfFByJJAx2dkvE3rJwqVbZPK_3u5AG-tJuP3p0MHEjOOTiHqzxTAAtaVBo6hLbOo44Ylio/dm3kH5HstLGGdBbtqmoNBam15aN67KVZObxciQ48p-E)"
112809,Management Accountant,Occupational Certificate,https://qspe.saqa.org.za/viewQualification.php?id=112809,NQF Level 8,180,FASSET CIMA,"EAS - Management Accountant.pdf (https://v5.airtableusercontent.com/v3/u/48/48/1766800800000/dth4JaqlmkpiUsOLd6A3bw/jEnyUbVtnu_cVBMQrge_koiddJMn3FTwmMXhijfDxtwaEsGGhhxydPHnZz0C2lxRJXSRL_bLccxPRbWYZ8-RhWx-jhSdgTs96KtOWeJG7NG-zigXx-hcFU9KZsMLFimEU9-pd3lzvzMWtqZB-2mc-9ndGfKTPBR65IwgyrRK-bKg5laQDGR6JgRUsgjLZ4Ji/CC5g-eKUVkLOZchW6lWxaw38nvdsq4CooBIO5_JqvFk),Curriculum - Management Accountant.pdf (https://v5.airtableusercontent.com/v3/u/48/48/1766800800000/CyYYjOQg04_FSreDTjXuDA/qKt0uNOmnUnuzfbTGQwZTbFbN-zY27--YzmrLcVbu-_c6wFjNADn4ArPKZFRTOHa3jbdf9PZvp54YjlLmIdbo_zNYIEDS_sYkC6qA1GoRl0pDWDQN-A-pX-yS3yQQeNYz0MYIf8C7oqS5diHMFDNFkQ4OHUR2XIicgGKg0gv50kKzjB3-sdFVlh1n221fj4Z/QxBgjDkx5lIU5ujpgos_19FJL35hG4hVtgWa5Txhg0c)"
112824,Management Accounting Officer,Occupational Certificate,https://qspe.saqa.org.za/viewQualification.php?id=112824,NQF Level 5,180,FASSET CIMA,"EAS - Management Accountant.pdf (https://v5.airtableusercontent.com/v3/u/48/48/1766800800000/bCR78-Oj0T8tCW3CxJ2A7Q/SIx-DjLDDafuqpJ7NuOzkwahrDUBO02cJ0tIKf4JPApqzMryUHhIKTvBr3Q213dFc7Pn6fECXQLOS0g3wtkYGKWTQywkzuBUkZpwrbpbwr-Q6Y-0S4fPbj836pzmQflawLnKCsFAUSUjeaP_udyVWMKs6WREbBCMcpop6I39uIl97hNworUhC_aiUfObyQxf/4wNhCMQPxkWwWkB4Ei4mmEG66VJO_yWrVkaMVU1T4Gs),Curriculum - Management Accountant .pdf (https://v5.airtableusercontent.com/v3/u/48/48/1766800800000/sfYQ9AxjyuiQVzZ5X7DEuA/vpsNY_DgrFAf6Yl67nT4599zFqLTtbYs2R-BShrsbGW3cO6vfY6ltBV1m7x-q9HKYQhGnh9w59mZrSMqWDix_mHfgYYeRVtAG-2qsYTo0u4IzE7AHEQv-nnZiGhZZ0u5WTR4ayXCnkEX2ysxICUvMLEJ4uXHusqICe96M3ri515ZVbhCn7rVA6fy5Y-jhG0P/NIforpPAQVUNOid9npSF4vVNEnqbb1ULJRtztEyFOiA)"
112831,Management Accounting Practitioner,Occupational Certificate,https://qspe.saqa.org.za/viewQualification.php?id=112831,NQF Level 7,180,FASSET CIMA,
112829,Management Accounting Specialist,Occupational Certificate,https://qspe.saqa.org.za/viewQualification.php?id=112829 ,NQF Level 6,180,FASSET CIMA,
101876,Management Assistant,Occupational Certificate,https://allqs.saqa.org.za/showQualification.php?id=101876,NQF Level 5,316,SERVICES SETA  (DHET),"Assessment Specifications-Management Assistant-20210624.pdf (https://v5.airtableusercontent.com/v3/u/48/48/1766800800000/DsFNAqEDHwPpdiuGJ_QjVA/vczTd8Bt3--1Q6qbvJoJuPV_gJOn5nOWiaarjcfR9z6c_wk_zUnC2luD0KhlD8Xy8m3T20YWnkOePQvKIpkMUOInj6916uoMcmtdzMQRLG1etU9rbC2MpxA61tcqKo7BQuSqndiywyN4zVjmjC1D5EMnoSRzD7rAUTKNi7yngMU4NZl2eYYOKN_3BdwSB9PQwl0_p3RYtkX3aE3kEaYL1A/9z3mJvn2RMSWReWHHcRTj961NIWO6tNE7kyE_bp7hUw),Curriculum-Management Assistant-20210624 .pdf (https://v5.airtableusercontent.com/v3/u/48/48/1766800800000/3SrJfjdV2oG24OmPFGOBkw/KrPiDMMf4_Ba1uYuhg5pRFa0dj7zrSGDAqS3ywcwTqj7DLCmMFQE3h-VUu8fGvo7tQqa384ezQrZYgin1mEueTJVTpC7wWGf1URW4-s5SCV98P1-OmPESFl2eA1ylb_VF4LsKA4c0i-RLQfAWxQVRwICtFbvRlxaAUP7cBVBo0vSqV3hrE53i0h9HMOJGCAu/KMTvvzhP-84LRQm6RV0sG8gB7WprwWrshGbMVBxmgXw)"
121667,"Manual Skincare Therapist, Level 4",Occupational Certificate,https://regqs.saqa.org.za/viewQualification.php?id=121667,NQF Level 4,60,SERVICES SETA,"Manual Skincare Therapist Curriculum.docx (https://v5.airtableusercontent.com/v3/u/48/48/1766800800000/Lcmi1Z74fgrehlB-Ko5i5A/BJqI0o409vQrQ83eBtnL2kH5GBRnuHBtufPYXwSLXla2JjDhrsWnzkemUrI15AvggtCrwHfrzb6PlkvdZ3L7-E8PHObExQL_luPDW_OGonoj11xnCK35MvZeUrukRtNIfaymatc4igQMWiI2KCOQ-QUPhWJKKL6ZwNwflf2xmOC7vLcZllgbNh19dYhZOrse/_3vA7IWuTmenH-M7g94NlI-tX7Q0CibbHDrGmfJfuOY),Manual Skincare Therapist EAS.docx (https://v5.airtableusercontent.com/v3/u/48/48/1766800800000/Vmup9cvRijIq8XW-XPuqLg/CgBgeiclInsG8lAqduhv-hIHYGqUtACXxiD5pTP1pe-QF-WHUzqrkc8ctvmvXNuP46eVeUJfHP7XYVkpd0E63SJR_Q_oyB_kEBZsQFxlkZcnUznWzIOYGbTYCCtOR9HZSEBcdP11qO68qTQgs20HnpT_eAoaIRdUGZ8CzCbADwY0ceUUe8jZP4yeo-Dd1vs1/fzi1qnp-NAGUSEObzZExp2ySwhO7ABq98Iu_4i3nzIc)"
117327,Manufacturing Production Process Controller,Occupational Certificate,https://allqs.saqa.org.za/showQualification.php?id=117327,NQF Level 4,140,MERSETA ,
103018,Manufacturing Workshop Assistant,Occupational Certificate,https://qspe.saqa.org.za/viewQualification.php?id=103018,NQF Level 3,58,MERSETA ,
119342,Marimba Maker and Repairer,Occupational Certificate,https://allqs.saqa.org.za/showQualification.php?id=119342,NQF Level 3 ,130,QCTO,"External assessment Specification Document.pdf (https://v5.airtableusercontent.com/v3/u/48/48/1766800800000/LY-dJ16OH2dHgU1IT5m6Gg/XUUAyJWRA6Xc8XqApY57IkJQW0WMDNH2PoErBqRqgOFUoFUWtnT7vAPPHg3fSjzHqkqJdDJ9jIwDY0r4K4_w1KIpQpdbdM7NusRXEK0198T0OBdisjr_UeU2u2B-QqsDJQjlomDHNUJ_a-CmkhLWMy6OdMqAd-33mDpyRNi07IJQVUu4EnUklYxCokviWpo5/vuD4QgaWw_3mTH5QMajnHojXLmxCoIzH7a73Dcc9U04),Curriculum Document .pdf (https://v5.airtableusercontent.com/v3/u/48/48/1766800800000/rdijJV8EvQMoxLylQ2SN4A/dDf_F6j63qNS7En4Byv_q3XUdl-VOS4GCINZPnh7gh1xjYJxGgUj2qV3t2oXZVfQ3cpNs-LGIJJz9wSH_TR4Jl_pL5oGtFXSnqlXrCW_hmdQc5KTDHggS6-Org1sCuSNLWUrgG-P02vQ3fR2gDPKb5AmRsUPUGEC8vaVAfC5Td0/Eb3ETUGNVn-Km9j5VEfkHyyBoIYKf_wdmRJ9OAgl2Nc)"
119304,Marimba Tuner,Occupational Certificate,https://allqs.saqa.org.za/showQualification.php?id=119304,NQF Level 4,115,QCTO,"External assessment Specification Document.pdf (https://v5.airtableusercontent.com/v3/u/48/48/1766800800000/-DJ4xFT-uEgS3G_rqCUxHw/GCVsl-iRfJsfTLxGrG1oTqoUknbKY_KBubBOGOe2YEL17ejpZYosGaoUeNfuq2zI7X5Ivzu3zheegg8KIRfHGIz-I1bcmFhOfB0j0tuwRbixYvi8PU_DvdCJnJpaLy0cigde4eQxXgPZz9ZSWeH5xtFJnikRGzcr20_XbibaobCi4CiG0I3xl5zUXK5knLNq/vbELZtgxSOjvknkNELbT4thix9tw3kR3fJMtLs__JD8),Curriculum Document .pdf (https://v5.airtableusercontent.com/v3/u/48/48/1766800800000/ew573xjYWZ0eOQi-EmmUAA/i3XxJsQXGpIs8IpMcleyrlSPhkPDxARpX4LDRulSGvtCuOSPE0rZtnXJYsZL1GiDRP74ZzXocfSFY0eXLdBzvuXTAVxrJcnUiV5xV_YXUyflR0_w-if54ZsC7qzvs3yUiUl1gew0rZavXMx2Mf4_tjzUvN6LMWmUzBpx36ZzdtM/aPuk9IKh8AqKDTQKSCWP23ZyuXMPI3PKVWeKtwnXa3U)"
103281,Marine Electro-Technical Officer,Occupational Certificate,https://allqs.saqa.org.za/showQualification.php?id=103281,NQF Level 5,655,TETA,"Assesssment Specifications Document.pdf (https://v5.airtableusercontent.com/v3/u/48/48/1766800800000/vJT1IDFOJshNaplQItjDpg/yezZH9L4ALRENYS4S6iHv-eyBFOBlVnw9nfroFIP3cGH8oULer9wCnkH9cyVjTH7ACzRW19JcGAQQLbOCw72X0xGPj7ObdZg74K6zo2Kh8sfc5jb9jnc6wbTdXUn84JcwK31DO7NzNRODX8OVcwbCDiHKFCNDQ5VjEO49ejBXrRRt7DtD8ThZYs6df8Uf6y9/624tLSiJIN3UBLGH8tmYjs3eqMGGYQguGWtJq0pcdro),Curriculum Document.pdf (https://v5.airtableusercontent.com/v3/u/48/48/1766800800000/faZwmxuyaT6m0XAwyvu-fg/G6XkZrn7xPlhW0ypcT7fNtzRpxQX6hosEGWLjq0RcbblcGYyCgf0eHxpPG9VROohOvqlYimm7Kp0ejl4miceElcJEgpGw8JlR5yujDr4yFS5lfMyMoT8FLGcmRSMgJYw4OXTR0alWRocMpanOcjk6Sy-OOpivbS9QUsLAladScY/YB4eMNM28PFrP4GC7mSaqbxW8VwSbf7nJB2za3UyM5A)"
103260,Marine Electro-Technical Rating,Occupational Certificate,https://allqs.saqa.org.za/showQualification.php?id=103260,NQF Level 4,333,TETA,"External Assesssment Specifications Document.pdf (https://v5.airtableusercontent.com/v3/u/48/48/1766800800000/0CU6lpm6y-cGt7-NTmMFZg/u8l4KBt9R8M2o6t717skfao_cXFOwJAiIGbBaly0qnvsOHS4CarZ04l-vfv3TzqBzY4j3bDGml9umB_Yzs0lLpaqUIfIfiTwksQlJu_ROyOvhi_WeiM0743_uI1e7NaWrK0qEiqhHDQtHCXmu-BqeHpfjvSkhek3WCuPCAeMFIu0SHzAiB--Edr0mJ_QlIrR/XLesLAHJPeqilRA2Xf7F7NIhkdcDS_blMPUfcTGKYwo),Curriculum Document.pdf (https://v5.airtableusercontent.com/v3/u/48/48/1766800800000/TkQETbz1XRa_e9RTxgLpSw/wPn-YzdOqheqczJVYSeSl1abJNraNaO1igQ3bGZrE6HukP-6KzNlI9Oqo14wt1mNywZhmSRUiGTNcT9KY_wWwBGr48FtDPXDRi8sp2xsX2iNIV-prQ5fF4ZJxivtn3_2pGfAzCypokmeuBBi2y6FYEEXgOdni2s9RCEXXnOzw-c/kA3snzrjUblypHw0Vq0lGTckW0XxmDJQih4k4C_RN_A)"
102579,Maritime Search and Rescue Mission Co-ordinator,Occupational Certificate,https://allqs.saqa.org.za/showQualification.php?id=102579,NQF Level 6,250,TETA,"Maritime Search and Rescue Mission Coordinator-External Assessment Specification Document.pdf (https://v5.airtableusercontent.com/v3/u/48/48/1766800800000/HSWBuRy__cN4CUnmR60aTQ/C1H9zd21Doeudro1zxwul72hhFv7e6hEFlusNvBQxyBVB8EgGpPU0lhcGzJWARpjlsaSCuJmpiwY9bpxP1yDUaGMfmXEfpZUBpZm-cQ0Ovt02oqS2CXaSqpEW1-FTSMZm5ZeQfJvYaUFRqhF9qtd5eE_PBIA6xbLUx5TI6l9p_Hfqgi_6SDiUvuLu_GGQHexz7Gghkm7QiZWhG5Tq9ReWc-sSDE2QtFhHWm4heUmPoJDJHQycndUqnRWSbCWy-pv/-xezv7OqFoTdAtNWSr318Z_UGtpsTajkC_zX6pzN83A),Maritime Search and Rescue Mission Coordinator-Curriculum Summary Document.pdf (https://v5.airtableusercontent.com/v3/u/48/48/1766800800000/xufw4V5dB7hr9in1dPyOwQ/9tlY2u8iiXX-_5-5AuJI2w7rllMk0bIx9kJ8-xKSYv2yVnr4PoCgtFVgqFoBpQDvRGtbcfisBDyKXw-oSawYo7OyOqtptrekSXK8NjMAF3MPtzJJT-wSoIJtU8YyDr3xVXPd8x9UnNM92HgBxc2wr1RGyETJvCsZlgKx8hDyf95PTEnT4yMXgTdJvlEK0N65S4ET-oozWz97Ode8H3XwjetKdBqoVbYPGwojNZlNqlI/NZUeh-OE9kLjrw0tmjpUCTKZTW9Hl8oeTCU9CnT7k8k)"
119450,Market Research Analyst,Occupational Certificate,https://allqs.saqa.org.za/showQualification.php?id=119450,NQF Level 5,240,QCTO ,"Assement Specification Document.pdf (https://v5.airtableusercontent.com/v3/u/48/48/1766800800000/Ncmi_9xLnd5jGHlI69xPeQ/9tfkufSQdfrcZw9t7xlm5AssKfmHSn3dDVVQtXC2kn0yMrEpWhi5B24LyRWLZ1UaQAiEBPRNJavm16dU1V7cqjiyXOdFQ8sefR6Yov3QR-22acfy_DKhbfEaY2SdWABdjkmbRxjgI5zd3DksZZh1-7Q18hm2L1_goya3HBhxlOE/95lAWHOFAYVtKpbSQHCEW16geFUrzn5K96hp5sAAUCE),Curriculum Document.pdf (https://v5.airtableusercontent.com/v3/u/48/48/1766800800000/y9AXeV3r6JR60CiUAYQvwQ/ALkv3iJYiDPJDVJ4kdwBl6URy_CAfeKEln01cidC-Etti4Z4nsLm0DvSYVtvVlgGlmI8ubi1HTq7tUr7JHAgiDD3wknB9bc95ar9WZ4NfEuEqBYJYIItVTdofSEyqbRRqAoFdC7ADFtWiEErd1HQDPHsw9lry38STQo-GxdsHcU/PvjVulNB8pfjvOSKprez_I_Lt2PY2hDeoYMAi-rtmC8)"
118706,Marketing Coordinator,Occupational Certificate,https://allqs.saqa.org.za/showQualification.php?id=118706,NQF Level 5,175,SERVICES SETA,"Marketing Coordinator-External Assessment Specification EAS Document.pdf (https://v5.airtableusercontent.com/v3/u/48/48/1766800800000/hDeEzBU392_Lam9UqXCybA/h4oI1QAym9TdhTExfYpxxTU36NwySMRUpu8K64P6SAbtfjZMN8mVW7tLVDRefGNAQf_iOgiMWJi9KFBdmmQKFhoZ25acWxjAv9n5XmvVU0zGbYdxjhjPxsPvE5h9lFgCEBuSAHy9Y0WFWoJePOx3DqKEbMzPkIfZTwXrubS6Pw4WM5Ya6icgcktXiKhOiI-vYsysFh4y8Jy6uFyabD15pw/tBqfCQkfHdic3lTmqFpIRo5IJWQ8JQCCPB0lxCiiGIc),Marketing Coordinator-Curriculum Document.pdf (https://v5.airtableusercontent.com/v3/u/48/48/1766800800000/nWwcyp2QKkae5TeMV9vHgQ/hIG_kg6Zg-iJh2WkHBIJAokaDghBK0cnd2gLH9pg5ITYyzV5SiOBYYJ7LWyNF9zgWmNUVFupjFMbF4nH110CoRloBHPvNI54Mp3doFI_ZSe3UXpPi0qmGyz6TI6fo-vM2CoAq1_vnUzAUiZwYyYnx9C3QK6JwTdonAWf5fO5H0Y1GadNwlaH3CpQ69a8Pyq0/26TLHDln_hqFn2RJVaKmFEFWF5aPvfws16qUU_qHxMs),Learnership-OC- Marketing Coordinator Level 5.pdf (https://v5.airtableusercontent.com/v3/u/48/48/1766800800000/50DP4B5A2EHt8Uy1NRRwiw/ELfPUoh_YNV62sZm9QW4icfNIvIJ_MKZfu5JOXaLZgtOq5Ma0-ZQs0I9h40CSTVT5HlkACmBzhgYmM18wjjcAtf4oMhArw4XcQh__tdkv84X4lHOvDY9I1-w50HZpCKME0a9gYwSQAl0gvRA96kQoH7SOrxeNpBqQDdqqpOUoc_NvyodPTZnd_8GEncf-fmQ/ZmX3P-fGSArA7Pfmlax7bJR9b8SZMIHLqu826ivW62Q)"
98920,Master Toolmaker (Casting and Die-Casting Mouldmaker Master Toolmaker),Occupational Certificate,https://qspe.saqa.org.za/viewQualification.php?id=98920,NQF Level 4,240,MERSETA NTIP ,"Curriculum - Master Toolmaker (Casting and Die-Casting Mouldmaker Master).pdf (https://v5.airtableusercontent.com/v3/u/48/48/1766800800000/QkuO-JaE86TIaq4xI6CAZA/Ix3iEPgLWb4oCfqDgBPnkTizGTbznQi6SmSB90ctymOg3Q5HsbdOJ83PlN4wUiIigo4zZTb8wu7xRKD-9hd0MaoWiBbemfbZeM_dfEu0sJLyvFu0KLrK22lqSzsc2LHqCYLMIZ-A6t8SzklAfA9UoyDRXbOMMsJYgZo5pqyQTlH5OwUVdRtk2weS7veN3j_M7GI7VMEXuGDHWWNMRWMg9Z2x7haOkQe6FDwfBEcBNaE/ftKbwpx8QvI-QHkZM2hhAm9zae_vOYKkJjKdYFJnf7k),EAS - Master Toolmaker (Casting and Die-Casting Mouldmaker Master).pdf (https://v5.airtableusercontent.com/v3/u/48/48/1766800800000/nNcbHpGd2C4TXcttqYKb-w/5ahAeYu7ZshKR4AgNXGa4RzWpxou4s2rcS_nwZTX6CGE3EiztD7M_Jek215lILO-6tj1avdXUT4u7nMLnJCBvTka0Sp9MS0zeWmyN6mXPqkRUoUkJoCDD3uiy3Fjw5s4ndLWvEuVKSiStvZY04ocdqn1bcSfARN_AXFzgs7BdCYuqzGbXDT6g0bDA1Y8K8fjZJGbTVFaLHc304u16Nh3cNz9d6JYT3NN8RHobcEA4Vo/dnUG7RZeX6qEL8O7RB8rKFSpAcZ75rcKAZXm-mbDYp4)"
98827,Master Toolmaker (Metal Forming Die Master Toolmaker),Occupational Certificate,https://qspe.saqa.org.za/viewQualification.php?id=98827,NQF Level 6,240,MERSETA NTIP,"EAS - Master Toolmaker (Metal Forming Die Maker.pdf (https://v5.airtableusercontent.com/v3/u/48/48/1766800800000/a4eNkN1bdOVx5TcRZ3t96g/dpslDjPSlDM5fgskTkrt9hilb3PpmmSorDjc9Z45Wl_AOGcVrmAT-i90g58z29XDuDjQU1TXAef1EDlaJKxmaqMJqaQ1I2FkZeKk2uYwsdgrtj64ueJa2Fr-f2p7Tr_M723SObn4mqLwTxbtyX2aWcKhA1gou9GDErAnGk4YVWiam4QBKVih0GlQR99wBS1NvKKnArL0F1AZe_T-xJQ-tQ/VDlcoXBxGnQ6cww4CGP7770PBuvIUW-EdFkZUX1_K2w),Curriculum - Master Toolmaker (Metal Forming Die Maker.pdf (https://v5.airtableusercontent.com/v3/u/48/48/1766800800000/4lkAsUKsA23r4wO3pgYVrg/Lcbao3HRfZDdsvoYphcsENso9NKAj328gITuvLCw1RjmGDgQ2Pvq2lbC2s1qZlKgW5eHs-0JNAximT7o8AN7uNLm9bGbUCZps2xbsBy4T1sIyc38nb0AzHrWj_9UiWXsYvZCLrRaMIzmHDi3aHnPTeELMPp-2P7rt5kxtWPxPErOmeRj_jkCI3odxxx47VYA0-jvVPerXfEtWERmr0XGlw/icMKtgK6NQK3aSooWRmkmUNYBkI9nR1pVe8TWgD5oJc)"
98888,Master Toolmaker (Plastic or Rubber or Glass Master Toolmaker),Occupational Certificate,https://qspe.saqa.org.za/viewQualification.php?id=98888,NQF Level 6,240,MERSETA NTIP,"Curriculum - Master Toolmaker (Plastic or rubber or glass toolmaker).pdf (https://v5.airtableusercontent.com/v3/u/48/48/1766800800000/wRYvipp3gWnFzU1aM70gxA/lvVv688S95abcP6E_fxbsEcVTLa8jrAPiV-g1-_Nl30hlAnud_DAbPcuEpbHdU4vYMvHJFWK7mT8cIKYfLyUjKPsCxpN6vxzsXwIsWzIbbjV4rDqjfqwfYyT4Qoxk6rRdZe_AsKfFy9l8udIW_3iRpCzv6T9v7o8B8vlezMEubq1numXYYgG2efrK1dqavEsHDgQKyJMaXHDRYeEwBhyD5RuTKsYmrsm6UDLk1B-znU/lDqc_rw4AtJJAHDVh4WQkgumOSnGrWxhNN4Cgcft3Ps),EAS - Master Toolmaker (Plastic or rubber or glass toolmaker).pdf (https://v5.airtableusercontent.com/v3/u/48/48/1766800800000/xy4aZVUAKS-vAoBQj--S-A/TsMvaSjQITU0-EoU_dRXMzkSsfNX1o3peta6PojIlTFBI_HuUZGz4bOJQZ5bc8CmFDNVEn1uB5yiL9Tb9OXCVt0LD23BZBKOlJa67fRjyVLOZ2mfXD4QA32g5CQW_6Hrx7z9mW9Qm2Ygrn_g5t3Jgv5WBndZITPYqBa7rCueqqmVU0MSvDWq-vjGBd47Ob1qGXAJUt_QcfY_F8yw9Aabfw/wcPSdtj3Sij14dERcKkAnWbxLbjaWfbHWaKyMflMk-c)"
98889,Master Toolmaker (Purpose Built Machine Master Toolmaker),Occupational Certificate,https://qspe.saqa.org.za/viewQualification.php?id=98889,NQF Level 6,240,MERSETA NTIP,"EAS - Master Toolmaker (Purpose Built Machine Master Toolmaker).pdf (https://v5.airtableusercontent.com/v3/u/48/48/1766800800000/Yv86Asy3X0Y8bbm4GF5qpA/ybv4Bh7oUnrHENspYloo6jR67Bvec4yaEyiQoNK9p0Rq7-VKjvN_1vcmnEkt64UnYPg2m1IldHpX3YZmuLHdXZomDkU_6yfmfgmtxq6g568j7O7SoF5lTC6oaPbpDNeIEoUGu_rfTXb7AUqDVZJfD4fybdMOC14xyVin0vNyhDZRxmNS0SPexMPHfL7VJJs8Tr5lRzKb47gojpB85E-LwA/7T7l3vbIK5SNCXtunY7ve2ZCKGO7ZeRpzFtBS9Ykp7g),Curriculum - Master Toolmaker (Purpose Built Machine Master Toolmaker).pdf (https://v5.airtableusercontent.com/v3/u/48/48/1766800800000/c5p1elOSkqge4cRb0AFfoA/19a8mCJ4pJxp0P4-X60enyFlOXDcB4u1FTB4Nnq2Y8hCGKZjGUl0Pm1T0MlMfcU3RlD4WysM8C4XEofhPjGMvSGNz0iJeHnPMB74RqPWvrKbJ5hmKGfFg_tPiOWwzif5AZG9rZ3CLbSYcUVO_mQVa32QGOd7NEwX5KATUYDBz5LPooxXU26h0Wq95mT8kGhFCyOz8GaZUuWeo3_wuZlySZKwKmUSF5kfzFAkGAyaOjA/HAkhMbTi_OW3MGQUCZ7xvD53XHhIa7rKIbuTLTp16GY)"
98891,Master Toolmaker (Specialised Tooling Machinist Master Toolmaker),Occupational Certificate,https://qspe.saqa.org.za/viewQualification.php?id=98891,NQF Level 6,240,MERSETA NTIP,"EAS - Master Toolmaker (Specialised Tooling Machinist Master Toolmaker).pdf (https://v5.airtableusercontent.com/v3/u/48/48/1766800800000/2w6Saw2CGZJuKEjuH4-TpQ/h4XW-wUup0aQr4mBugzwMnwd5ueUsJxgNEzjn_92RkzM--lXxMVe3IDyT9yyvar6ifswmkCZsyb-XsVc8-a5Lm6I7BEMGMTFfOkPuSA6dUzIFyJluXDZPZWXycm1qo3xlA7Gabuxtnlp_KQa53yz-qiK4pwwzxdw9aAsSDNQNEXOKAnvVUWo6tf9mMByIak3TZk5mCvhblg0dNtxDApWm-hPbcCZKr2nXvxpXERfwVg/tDf-x_Vjsc99f_UMszMAeLPp5aEbRr3O21kptKcGxeE),Curriculum - Master Toolmaker (Specialised Tooling Machinist Master Toolmaker).pdf (https://v5.airtableusercontent.com/v3/u/48/48/1766800800000/tqvGBTsKv79cTc5p1ht0Zw/mMQ6UhQIu9VmHOI95CL5sy7jtSmZjxpJz66wp_5cUMusn_-JZBn5VPSc4OD1nXxTQRl54xItxMcQxyWXbCq9THe98nDrb_NIUPqA98i1WCv0MCNCPtfb6UOP8TgkqOfvlNfYbAnpWigJY_Gi3EQ3G4XTNC55gaAJ4NYb8FP8HVXLr0IC__lGj9_CUe_DRVd8jUeP5IkoP9T7dFLPBZTo_k-HOuZhfsv8wSP9CU2guh8/7HcTE0cuMdRIxNMrg40n_Qe32q5yH6qD4TYkevqiNe0)"
103283,Materials Recycler (Paper and Packaging Collector),Occupational Certificate,https://allqs.saqa.org.za/showQualification.php?id=103283,NQF Level 3 ,138,PAMSA  FP&M SETA,"Materials Recycler(Paper and Packaging Collector)-External Assessment Specifications Document.pdf (https://v5.airtableusercontent.com/v3/u/48/48/1766800800000/BW-KRfpKoDtEtFKnp8Jh9w/TQFDqFmufGATZmDCj9UBd_meXBk5659T5Nu2XTX9mnM5HJOhDd9KgeGTk2aM9Wrth-EDa-9Wbnc0jknEnRfVJV3rccCL2xdqhiM9xwcjYGxK08y1EsRNCPkP2rFM9PJSvUyvdj1NtbGshvs35-Sxmt2mHNZTXvQUehC5EK_qPbv6jNu9rXTIHTfoKmaEZ1jv0bUGHMp8EWDAgqme5WCNND-gOrOaPivtzCl9DzOgDT_kxwikAGoXqvopqMWEAPzY/S5vHWaTmtTF-bjpt86uIEe5PJaFCWtq2sP2ZqVbGxCs),Materials Recycler(Paper and Packaging Collector)-Curriculum Document.pdf (https://v5.airtableusercontent.com/v3/u/48/48/1766800800000/GbL-sKoVe8KF6_8bLVG5oQ/CSVaapqRdK_5H0DYm_SSPZEBDTD7oB_jOKlfFz8vvH4eBTqP_sZmD0BmHgdw9aWTGknPap3pJf8AxQFeq1NQMYDoPtAY9AHsmqU-oSDDGSu7ArdLjthzPb2eQNxjBG6rB_tFfLfuB12PeCKIwL8xtzAJv5s-66DhMaJ3OyJRUK6EA1EzAOzhpYPex2kfMw5_7SRxvIoT5tPh43VuTgMG9Q/M7J0mW6aRhgNDmlWtWGc4SMDuXrxUDung0sPR87YZKQ)"
122232,Meat Examiner,National Occupational Certificate,https://allqs.saqa.org.za/showQualification.php?id=122232,NQF Level 4,120,AGRISETA,"EAS - Meat Examiner.pdf (https://v5.airtableusercontent.com/v3/u/48/48/1766800800000/IkvaxmFx4_glGJ-E3Kr1sA/mgPD1MrhZfKunoHqQlBb3M3XqvJLMff62OLNafw6YaH7dtoNBvMuq2xATnCajD5ASfyKuJvZ82_uvUYqPFEMJ1nYEAdvAXHlj-ust7RC4-8Ufp7FYcySnZwqhGA4yggRXGu8JypLWwwEQhuyi0VkA2Tz_Fjw0xGL3KpejNd39W4/zqWBf0ZAGWHcWa_XeA_egJsF94zY9F_Xspc2I3gO4H0),Curriculum - Meat Examiner.pdf (https://v5.airtableusercontent.com/v3/u/48/48/1766800800000/6vD8Ox2DJjicoHpOEBm1Ew/QoKaN6ZNsOAYKfX_5xub1gCOlkygS7q7MXwWf6z-uo4EPVE6ve1GSvkYHkuCdmiNM63wFTsVEct0_tiKfJo3f_k4J_CVhtZAViVWlOM-zNJY16YDj9OHAgzPIuRNWoqIXFe72IBj7hO6BJ5yv3RVMxJimj4PYD3RSMP-8Di0hJddW2G4TAESwTyJLeTbmpQm/a4ekBmUvsVJvE15ANPiunn1vovH6wT0fQ64BBcy08pg)"
121153,Meat Processing Operator,Occupational Certificate,https://regqs.saqa.org.za/viewQualification.php?id=121153,NQF Level 3 ,123,FOODBEV,"Assessment_specifications_5743.pdf (https://v5.airtableusercontent.com/v3/u/48/48/1766800800000/D8IfMwRZph9r-w48CwSlzw/ibwYtxPAp7iEkegkgcl1kV0X7hZAuPGMnvLHlIToAbEY9uIyo5CHJ8-fIquB5_AC4aHrkSM0dHAPSl_20J-ECFpZoHDat0WHhp0hLFa4Qe7unhxioAL4ScybcBrf6bngnsL48jpf6jNduKIdJFNcLsz7udS1D4gBj5M3rjcmVaE/MGqVqZZHlJFA9TFpI8gQuaubos-sThyfMQhDMltsxR0),716111-000-00 Meat Processing Curriculum 04042023.pdf (https://v5.airtableusercontent.com/v3/u/48/48/1766800800000/bN8VzuvZFIJosKSqzWEVvQ/QbFYAK9N8LAHHYLVBTGIF1aUvOgiD7oC_-NFYZkDXCYjJiM3Vk8tUtwe0pNwzckXS6JP2V1RDCX-OXMMVEWYXegVEv7_8kiMueX9lghKg4QFmcxHHwJ9oAB9crI3AFBUKs2OKb787_dC_ATOrtCxL0Sf7SJ0IF7-0-MET6WPS7pC9erzThv4ni__rbsa5rxu/OY_dZXfCzfQ0wEHsZpcka50nIoN-JoblAWL6z7Hh4Gk)"
122626,Mechanical Engineering Technician (Automation),Occupational Diploma,https://allqs.saqa.org.za/showQualification.php?id=122626,NQF Level 6,417,QCTO,
94021,Mechanical Fitter,Occupational Certificate,https://allqs.saqa.org.za/showQualification.php?id=94021,NQF Level 4,410,NAMB,"653303000 - External Assessment Specifications Occupational Certificate Mechanical Fitter (1).pdf (https://v5.airtableusercontent.com/v3/u/48/48/1766800800000/XxBjWQPvfWRC9jAgWsIQsQ/sLCp8XxLitVZ5MG8uGxlHgsm-wGEaCPz03nuTkrBqQtN_hKaaxIExpQlAe3rgnRWkcOd8s5CCyE9Lm7Ax33XhwSVc7XQesU2icUEqNLziBq0MDZi2knmmub3YzfpGiXgtSh79zZ4gx35bd5U4WbE1YtuovVf3NDyn4QUOcGbNx9Y4GoYtZ2qQAk2H2V8Ns6N4S2eI4lVk_7lGsapWruDy37Cv_KmBQsGvBRJQ9OkmgOl0Oi6pAcO8e2W1BePPyAN/QH0QTG-rI5RD-vNwOrcLVjucjaKpojqbblCqH84iIjM),653303000 - Curriculum Document Mechanical Fitter.pdf (https://v5.airtableusercontent.com/v3/u/48/48/1766800800000/n0_Jgj1QgwodeDeLtvp17A/Xt5KqmsNLz8vpjUuCa1xGbHsnEBfd9d11tATAvz31POdnoDwHWtm83jHyS9r4FjQlQAQZn21QemUHr54DzxSWy1qvIngyEHkVcK9i8qeuLIGf9FEXcmQkK-ESre9akhxXqyKX2l3VeejbvJDGncKi5mblonp1hSrJuFRUAKVa5607tzGvXkXPAp8Mjums7SB/K-3z8NiWJQHPguoCP-0UZSojUcjfjqFjHZhsClUpGVg),Learnership -OC- Mechanical Fitter NQF Level 4.pdf (https://v5.airtableusercontent.com/v3/u/48/48/1766800800000/csXYF-hQuinMk63ZMuKGGw/8AnM9q5HsAA8kwA7_3IednLEU0XTK7HscZQmQUYBtbEkQ6eakIb4M_VybZ-bY5QsCTKuCuEMI0x7BrkBf6uwKcbD9moY5x3bQ5bD5SmJSimqTOrIXzT-JS0OMk_hmVUkgbrCCeCY_HwXOe_EXML6A0VS8rMdkrKKKciNXp1ewQNe7_Jy8JjRMDV-SK_qoSFp/PjXs0CqrOCHv0Eo1Y3z_AGCaX7jA75dxbKEazhVxnFM)"
121407,Mechanised Hard-Cover Bookbinding Technician,Occupational Certificate,https://allqs.saqa.org.za/showQualification.php?id=121407,NQF Level 4,578,PIFSA ,
101700,Mechanised Soft-Cover Bookbinding Technician,Occupational Certificate,https://allqs.saqa.org.za/showQualification.php?id=101700,NQF Level 4,579,NAMB         FP&MSETA,"Mechanised Soft Cover Bookbinding Technician-External Assessment Specifications Document.pdf (https://v5.airtableusercontent.com/v3/u/48/48/1766800800000/kCoda-F5MnPdTJA8R2i0Dw/k6HQIlasGl6ft2_tDnz5-I70LdITgXCshfS-NHNNaUF4ajqL3-34kbL61hxJxQ-3NvheffBvgWE4NGtRXtGfrE1LRyvas4_s2naLmkVYfJHdTyG4weYKiAJm9zkE4mrWRAwYJqbQSmZCGVqRYuWZtJwQlsC2xsMX4Im36hQlFsWOF9qhznvr-fJeixdmfS8nuhHNcFKiosY4qd8KLIym_hTdZxmfoYMiUFzIJe1l7zMe22f9QmZy0N1w6XHDD9fc/n51OFUwwxcggFj57BfkhdlgRyLXxE4ma8DDSV0664n0),Mechanised Soft Cover Bookbinding Technician-Curriculum Document.pdf (https://v5.airtableusercontent.com/v3/u/48/48/1766800800000/hjWnf3a1emyk-g1-DLv-Lg/Nh4yjDmg9dOTsSm9W24A5xEH1A-kr-USOpKXfQyoCcvDXGiVZH_xFZRDzE86GjgKl12BvsUj-3SgPOXSsAFKVUMictK09sbtEP7VpZ9-Ks5jhSNud_2nI46Tb_5ItjsQt5kWNX_ID14zaxiWde0FFSz3TsJ3bfsmBZd_kGgYOBqvCD8Ks7Qv6rgXiMg8O2lsp0kGjTyNPkj5qsesBnT3Iw/UnLrHQMNn4OVI4L--jDUJ2uHTZayg8q04-oVmBaQBPQ)"
102004,Mechatronics Technician,Occupational Certificate,https://allqs.saqa.org.za/showQualification.php?id=102004,NQF Level 5,923,NAMB,"Mechatronics Technician-External Assessment Specifications Document.pdf (https://v5.airtableusercontent.com/v3/u/48/48/1766800800000/yGgqwPk8lnC8jak-LWF6tg/7Zi-LiKj-855FIcAt834QpUyNlOXdEYgdB6ykc2weC7xuq9qNQaYsqcpo88LG-uG5K_3IeUtqSa65cJLAEjBEZIacIoWtt3Av4MGAjm2RqZv6fqJ-WZOaOvGCcnisxqOR377hOTQEpPvTpwLtrTVmXyLNjoPiZFtR41csi3JcSIwVqJgKRZZkhvIxc74Wubfm6hKNqVaQl5ogVJuuQ-szg/HLUONG-E-eysPb0t8O9NRoFOd1qn7woO4EktYr2FdHo),Mechatronics Technician-Curriculum Document.pdf (https://v5.airtableusercontent.com/v3/u/48/48/1766800800000/IttMxOMmfu14IrMOjyONxQ/pcNDRgZjAWfIEKeod9NEbxLbalPbF0rU8HsD2MwyKM2eJgNusO-RbSzky7VRLR7UQW6Bt3wP4ca6Mn_M0EAwALh2OJvaNUBJtSdb49Qmp5gdJzQ7b1clPYWj-nQc4DP4lXQkE5t2q_wNwIPZWwnbCOP4_PHxhAC4iMrK4YtZMPFxv6PGONxPjNSYblNZf8bw/8c-xnRmqCwgeNF4xFoE8RioIbM3OiibaPfIpwuCniZI)"
121157,Media/Programme Content Production Manager,Advanced Occupational Diploma,https://regqs.saqa.org.za/viewQualification.php?id=121157,NQF Level 6,241,MICSETA,"2. ASSESSMENT SPECIFICATION - Media and Programme Manager.pdf (https://v5.airtableusercontent.com/v3/u/48/48/1766800800000/MJdlGbOfZFL1rlMqYZ5fWQ/UJNdJdzyeIDr2Xq_lgioY-cdIMVUXdVV9vg1A4z71BCfuchY8PIPR0AnlqYVZr-Dc02_NJLl-EI0q6KXb0XoGcGfghU5oql1tKs_gmtXOzXcchFCkGK6illLWMiKWABWntKH6TCck-hUIvGB1XYfCbwOyxs_beH7Ebs1INcJ8UrE1-Pg75GvzGUZ9M2STQvEveJnzV2R_SNZ9q0yt4s-Jg/2xFWOHtpvA5l8oCe0ArGOdwQ9qP8xUAK9O4B91lFv94),CURRICULUM DOC- Media and Programme Cont Manager.pdf (https://v5.airtableusercontent.com/v3/u/48/48/1766800800000/FQgvZJM4wL_wAsoC0S70_A/BGcyADD3Wy3e4dQCUPXWdVxN0uyMOIiyVqbkLxYz1WgEF5_UqDlFmacXBs7uzCmIzOLgCWVxEzYm2Ka1wzps2yQr1grpgI9pNqWJycuYFeG5_99-kht2J504R9cqzJDN770CyUZ0fj_pfGhtyumz9lPRncy0fxqgTHlHb0W_UE3n8q0ERcPuAiDMZcCPwgtT/DLtqtws8PpZXWtvUunlw80Xeb2BmmGNlOL3RcDYlBuo)"
117334,Medical Gas System Installer,Occupational Certificate,https://allqs.saqa.org.za/showQualification.php?id=117334,NQF Level 4,353,CHIETA,"External Assessment Specifications Document.pdf (https://v5.airtableusercontent.com/v3/u/48/48/1766800800000/Z1OM1fqCwPLaeS5MXEsH4w/bgLMWoh6juzjhRkcwiTxW7QDrFAKIHH9RHcGI0b6vdw_5s2Jf-1FMtXJAhy9sumSSB6DCCKXS8mKpnKzNIDUJSL60e9yF-uBsT3cvuQGNd-a6lmGNmUojeMKmq7BnYnAFRgwsirW08XzUv2OTUVKUDmkCeDRgHzuGQYVa-sf_SaWes-8p7gV5WyJLSYNF9CT/8jVOwtUOk92lu2VF3200Ez_7vZMTYIl8UO70UFUaR-g),Curriculum Document.pdf (https://v5.airtableusercontent.com/v3/u/48/48/1766800800000/yoGW80dRxPc2_sQsFmVQrg/gUu6PfqCWjiq8VkIu0Pcl5ROrst1IF3RkOsYoEbVtTo98B0EHyy0Xt5NokJzrtlEVQscqPls0wN2RW-pbcuMZnefYlF4fQ7CNAlHjepVDYArAvIT694sYY51pD-IpSyZG7IbQ2wFgVpCRP_Q2ZywwVZNDND-WVaSugbTtr7AuJ0/YfBtICVuotL3zpkQ3upBs9yoDN_d8Wl4q2VjPmxqbdE)"
104793,Medium Voltage Power Line Construction Practitioner,Occupational Certificate,https://allqs.saqa.org.za/showQualification.php?id=104793,NQF Level 4,291,EWSETA,
104795,Medium Voltage Power Line Maintenance Practitioner,Occupational Certificate,https://allqs.saqa.org.za/showQualification.php?id=104795,NQF Level 4,403,EWSETA,
91877,Melter,Occupational Certificate,https://allqs.saqa.org.za/showQualification.php?id=91877,NQF Level 4,361,NAMB,684913000 - Curr - OC - Melter.pdf (https://v5.airtableusercontent.com/v3/u/48/48/1766800800000/_O4e7LmiYCU1MHr_5l4A0Q/qu8JW0dAF87zgzNBM9OBgTGzNpQq6WLHVpC5rZ1Q0jYB2d8aiWwkWkFYBOGlOyJwsRSewRlO3REshn_xfC_EUXu0_oIDDF_t6jSoS02HaqfReraHSEE6LbBf2widV8SruqTswz95cKdyrN4AKno_KurAutpi8XbXWWwPRUCI9O4/peG6g2koMUGHE6HKNGnJniY8pMCcYql8eaIiBS-Z5-0)
93625,Metal Machinist,Occupational Certificate,https://allqs.saqa.org.za/showQualification.php?id=93625,NQF Level 4,520,NAMB,"652301000 - External Assessment Specifications Occupatioal Certificate Metal Machinist.pdf (https://v5.airtableusercontent.com/v3/u/48/48/1766800800000/ATJTazy82crFn74mUWJvBg/cOfjv8lDdqdytciYHBhSf507zA_lRGb6x0n8shMXI5KImgEluUQ_xkRuykj5o74N7y3dI_5QvKZgKtSQj8iwMgbIlAVOsDV-SOqBglIm9lfAa_f4ixFHSaDuHIMQe84iqwmJVNh6PfWVbQJdrCiGXpgMG8E9PzwTaZCjSGJrw_xeoC_GiAydcU5FJe94Hp06VvvdNiyy2sZn1qVsJE0Ohn7Ug4SiUPf-Z7cULZ8UmmY/_gbPptpLFudQurVP0GhqQXDqv0VNk4HzQrYbUU0Awp4),652301000 - Curriculum Document Metal Machinist.pdf (https://v5.airtableusercontent.com/v3/u/48/48/1766800800000/t7g9LedtpvdT_Zy0jkpKwQ/UKecBUX6NMOYlhq3qdfLaAlPXegXyF3CZykgz5O98jzYlRwVxUEwb3JEqwld49UUrsdwcbVoLv8s3NruyZ8vi2A2Vog0aN3a1pPtfKDWy3jat_SlR5C_Si9OQ3p7K6Vv9XqVPeRLiYpTkL0xTq1LzHnwMyovFapyUY2O5_zzzbPn0zwseTQJnc6mkQqXv5Jz/MWQfioLjphxipAqN8i9enurrN7wBl6se5s8UuYj5ZyI)"
96398,Metal Machinist (Automotive Machinist),Occupational Certificate,https://allqs.saqa.org.za/showQualification.php?id=96398,NQF Level 4,540,MERSETA,"Curriculum.pdf (https://v5.airtableusercontent.com/v3/u/48/48/1766800800000/MThZzAvWyLoobZ1W9dXlmQ/PV1T0bkcjiGnn4PQeXPXXVK5cH06g_f4YA8YZzjJ-PE_nZIFTtFEbhLzSW5ZT3Ryjh4qQBWL9bJUdTYV3DkIkIwaOtytvApfYFKWRnuUoLXTuNZvCB6PZMRjzIPtXzHNzsVwoGOc53uXU1rZh4smchS5PBNxQngpcVw1MzsDU7E/W8BRP1af3S25WxlKM0g_--smFUlhRlR6YAhI7-zHQys),External Assessment Specifications.pdf (https://v5.airtableusercontent.com/v3/u/48/48/1766800800000/KJXyw7CRpyJFcJlTiOTipw/EXSwVvR0XtVxI-Uwd4SE4ufGzLoCyUQeWHBup8LEWuZEIYkSLp6_TFM_wDKFbSWW5I6opc1smSNd2-tI6ocDqyMpAntm5nWERRYW2rHlmpw4Pp7ARx2NHA7EMUA32WdShl3k0fRVjyxVkMhJmhQWf7Oum8rub-AJYptKYHYuoIFBljp79YTh4Ny6lQorUe3A/oNhGxENjJKnuuOAk-VPRpqjcKVCaWy_-_3uIe_Va8C8)"
102160,Metal Manufacturing Casting Process Controller,Occupational Certificate,https://allqs.saqa.org.za/showQualification.php?id=102160,NQF Level 4,205,MERSETA ,"Metal Manufacturing Casting Process Controller-External Assessment Specifications Document.pdf (https://v5.airtableusercontent.com/v3/u/48/48/1766800800000/jkwzihtiTGVG20f1gI3SVA/SQmaO9FivRcHtN7RSfWuPrVdSYSGi9f5EShR7iqMmIApSjshebg6vjwT6mpEVD51YNprXzagL4O2XUVpn_BTAFTXrn-2S_dDR794XxU2_pmooeqDUJdTcn7bDaFslcirkPK0HMxRYxLJhqQIFxdsWhQw9OZUrXwhboSG94WVAEQ-iHqXliS3z_wtpn1YmtEi7pJA2UbYphU6CTjFbKXB1U4i39cqCHIrJlUSeVQcPIUVObvd0TExbFxrsxlSL6Re/EcELaGgyDGwpBdIxtIWQ2JsoB_kX8u-22h5cPP9BPVI),Metal Manufacturing Casting Process Controller-Curriculum Document.pdf (https://v5.airtableusercontent.com/v3/u/48/48/1766800800000/qkKNyk4dcCg8wNkmenz72Q/HHQEXJV0zINI1UkS8-nS7pG5doASxu_JpbHnCoKt95qioC_siytI2B6GbX44fP34pEkiSrISOdblpZCVGO4l96RYX7REejEwVbZuFRRMszFAeYK8GEhzPvdD84ZeboVGGTDfM_gxzuerWrYZHnHjWrYoFWvUcs2i_PJSoa-g7VUK2VTc5eN_5R_VSFyXQRPDZtjzpLlG0cfaC2ElB-IUJQ/Wp_1i3VRcMu5oUslN0DJu0Pwa4SCWq93YflW6czujlU)"
102154,Metal Manufacturing Electrolysis Process Controller,Occupational Certificate,https://allqs.saqa.org.za/showQualification.php?id=102154,NQF Level 4,201,MERSETA ,"Metal Manufacturing Electrolysis Process Controller-External Assessment Specifications Document.pdf (https://v5.airtableusercontent.com/v3/u/48/48/1766800800000/IY9vhH4cQbZEj_T0mq893w/Xc6F3pRGNRX6cZ9_Spvej7pP6jar4o5bpZWiA2ONJAKQrA9Hma4H5gf4c1LZl_lFoPfyh-mIo_FLB6H07TIYIyt2d1b9stp60XQvInc-0tPJO1G6TY_jtf34wzv-rZbYiJTc4r1-oojI7W1EVduikpWlK5bxeS0etb0temEj8dW0QZT5hYFQrzBDXVDZfn6IgBnzkhOfrLTBdPOu3YtPwuRSQ4z_OJgjzoGwx6f-SNW90NII_2JrIXciZzSboqY_/Ffem5yDB3AFNgAO4o2h9x8jpzKdo4u-BkbwVh5PnAac),Metal Manufacturing Electrolysis Process Controller-Curriculum Document.pdf (https://v5.airtableusercontent.com/v3/u/48/48/1766800800000/HgOdScsiLArzABNLPRQCeA/tVSX66WKOCIW-5KGMdMVIYc37msOfVkGobEY0_odkuSzAuKoHaXxX2biO4sFDdSwP0JI3jmIpLnCEd31sXqsOFfPcD0sxD-hGE3osm5FKSG8n8BSp8EMgFuE_MEnfd1eZL7NDVf_3nIm-AFNd-PqRJaCgGw18U14GRtcRRr0Y0OV4R5dAq9IHZI3eGL2EG0TChNEou1vEVfGx1i-KJIWgFye-63z0_SseN-BrCuaucg/xWRH2yap4PCVga7GBJ_K6qa4FT2MnjqOsuRHPXMjXNQ)"
102153,Metal Manufacturing Finishing Process Controller,Occupational Certificate,https://allqs.saqa.org.za/showQualification.php?id=102153,NQF Level 4,201,MERSETA ,"Metal Manufacturing Finishing Process Controller-External Assessment Specifications Document.pdf (https://v5.airtableusercontent.com/v3/u/48/48/1766800800000/3FoPp5bMXLYACIqvKFN_Ug/mo86lVtMHGCSpk5dD7ibRYAqkd2fQNe5w6rlxwSaWdXRTh0yD3MUELxaDJ6ZUKqohj9_nyRAi3jJg08sDoDCLQ-2Mbs5BGtL4kb1QtTNf4uv47tjexHKtFoD8jo3xeiLpfkWjn-fC7mmb8HoDfDFJPQ_X-KmMQLtjUyd7rIPKGzeHDr6hovGyTQeFsQIxXl94odw62efLSlFtwprJhoV-v2jtpueMGNQJNjdwczUUoGguoSBEookdmPVKIWBRx4Y/mnQ0lfNiUD6UEdviS62AYMZRnA8KwnlxW2f9cqn_1KY),Metal Manufacturing Finishing Process Controller-Curriculum Document.pdf (https://v5.airtableusercontent.com/v3/u/48/48/1766800800000/IivwoG2eGJg4MLExgv_DiA/j3Kbw4fVUrBl6APnXuyJyOeMpM8ZpqtkP1aarkUY53lifEhhSBVqMqvA5SZVLBeW0PwDO7PrEFx92uym8dgXQWWFtQXRRRKjAH-HGrwaC5UX4xfV8J9GpLsF7175TiYW15zOXE5SGrJU1sBXarsalDOIvnYFG11TVNWP4Z0HWdVikFvytNXNgLRAG91QKwjrWm-XUWyB1iNX1wjj7TSeaA/YhdhwZkLvSCQbM8Nd0PqKt1or1aCVDeJLkSM5HbSkhY)"
102157,Metal Manufacturing Material Preparation Process Controller,Occupational Certificate,https://allqs.saqa.org.za/showQualification.php?id=102157,NQF Level 4,201,MERSETA ,"Metal Manufacturing Material Preparation Process Controller-External  Assessment Specifications Document.pdf (https://v5.airtableusercontent.com/v3/u/48/48/1766800800000/tqx-68xrqeu3RK4AY9LeZQ/Ns6C-1eW7DXmB5E5IYJqtZ8PdAJBynVSl3ut6pi7Xs0hVQ3kQOt4DLp0PXRBnbmty4LZrfOdN4ch7P59QSICbFlQ3gezqHUJsDGiz_kV2vd5fKp1Hv2XZBaULZ7giMKMalbq9qvVuLtvfJ86Uw1v0y2bJzeK3iggfwhuYJ-c4vdeScQEEqdYxPhzvElEGaqstjEIklyexMs2PfSCElcEuu3EOjY8s6MmKus8vaQLvpD-7yQ3FPKg9zyr_O5ycz2v/voa4k1UigqA8Bzonv8Ql2u8PgYRX_bbNATN1vuHAGtE),Metal Manufacturing Material Preparation Process Controller-Curriculum Document.pdf (https://v5.airtableusercontent.com/v3/u/48/48/1766800800000/Z-KbgHeqcyrGIvHHpWbkLQ/rTFU2ZphVSdQVad7mwFaPnt-q__8VMQZ2KPKvKgIuHx3TTke4xQVGaakdInskVJuIaPCjjbtBsNuN8XBl9WNo3mjdLYHMgqtWLyK3s89tyzb-WA4rZ8y2WOn9kusjSynhCNEIzVZIEpgHmKsYsOeL138VrcL-8dmiql5SKYyCQHivy4HbzddJ9gn_YtmGarh-VnlMtdX78WrZ1yljafz0fO77Ao8Q3Nq7yGvNysfhcc/pD2_KsRNJ4p8rhhYYTTw_y2l7bXMt6R22O9QnNhkzNM)"
102155,Metal Manufacturing Rolling Process Controller,Occupational Certificate,https://allqs.saqa.org.za/showQualification.php?id=102155,NQF Level 4,205,MERSETA ,"Assessment Specifications Document.pdf (https://v5.airtableusercontent.com/v3/u/48/48/1766800800000/1sMfzrL6nfET6HSMh-lBjg/IAZyL3DWgc5KSRBR5Rm0t8iRKyT87pJtNHxEw9it9HFf_UziSyvC1XgPbrzQTrR5vut-f3I1JO8R0aW1A8IFynfJxbDQw5Kp5B8GDxqsbTLrPpTV_rWfhiigbbghTQV28iWhs2Rhx6eA8NGJXLn1CMEmcZLG4iTFKhijimPQTtA/XTwwkh-KqGnGi_HLOgvadEN4-A8kYIRiuqGJKMX_gkQ),Curriculum Document.pdf (https://v5.airtableusercontent.com/v3/u/48/48/1766800800000/ANgkPvbT43HFzaKg8VTcog/oJZOadc9yJhU4NerfezfWR_igDWckqLf7jurE2KpJN_2xS9US8o5Av_1IU-oREWvZWCtBBhKUgBeKd9En_8ca_qna2tmw7rBpso0YQ3QNO9N-koeDkEj8h9sNI8r34GT0SbXNzXQsc4rIztKiE7N4hQaMuFIjTbBYu42s59hPt8/y6MWYcP9r7j-vsXN_ORL14Oyf1N6DGhJGgzoGc84dYs)"
102159,"Metal Manufacturing, Melting and Refining Process Controller",Occupational Certificate,https://allqs.saqa.org.za/showQualification.php?id=102159,NQF Level 4,241,MERSETA ,"Assessment Specifications Document.pdf (https://v5.airtableusercontent.com/v3/u/48/48/1766800800000/1aoviqdLlqLY-yrXiPnMNA/4vDwjSac_NEDKyGLdNdefcXxN0dYeJS6frLKZhKYFIdhc5dnPPPLBwHhZA8GbKcZLQUNwzuAhI09HuBM7ViIMB8aGSO2T_XUUeZ2SZEzsYL6kBWycBSxb8SUvJiCiD4fL6TBAAmB7jVHnoWuy8BVpc4D8YAXVOnho09x0_VdnyU/RhesnQ00ess7wD2eJfxTTPhzO8JRLD_DHSD_LwOUd_A),Curriculum Document.pdf (https://v5.airtableusercontent.com/v3/u/48/48/1766800800000/3srP1umSzu6ivS5E11h7Vw/eXai6XOdzsT3NaPYSSeFND5l7HanTkVfBF_q6nxqaPY1bgmVSycWOS0-A8n5GNOlV1h6BVQB5myo3iFOnaVfxYwWc78sv0_SrIdIr-vfqcg7_T_XTdPi40ZXMgoe5WDQmRiQU5oEiERgThH9KsmhvMoxaRcrJ7McCblh591kFtU/W0H5pfyaNCgRqCf_s1g13_8TpBoGpbxRmeaJ0mlXfvA)"
118868,Metaphysics Practitioner ,Occupational Certificate,https://allqs.saqa.org.za/showQualification.php?id=118868,NQF Level 5,77,HWSETA,"Assessment Specifications Document.pdf (https://v5.airtableusercontent.com/v3/u/48/48/1766800800000/a0SVr-wp4_9f1KLkjqXBTA/3vl0NF_rIN1or9Mjo96K1b_oQqNBV-strOACZ49nVCHG0d9BChZjhMojl13CKwS8cn9Ezj2sMRKgRM3urbUVmb6ncFnkpfiBU4JpRNRNbpBtsyqPA1MdpbTeL7a9vOPxdBLto_PKZC1lIvovP3WsQ7g6lEGiALfdPSDJHpWNclw/zL_4Dvny5igHRQizQO6lGnVoiOFnyIbu-3to2nrUcuU),Curriculum Document.pdf (https://v5.airtableusercontent.com/v3/u/48/48/1766800800000/FAYHP8ut02GpXlQy3jqzgg/5tJTnu7dYHUfq_I1YUODadzXAd8M3AY0HotKMM15lWC3NBmQ6lrXhMy9AGjD9hreuYt7hJ-lpSAN2COqOtkk8MBHwPL5yAz4EI4Ru4b9TsW-m5hyiv2pnckt5KlfTNbAkMekiPCu4UvfFQ-XxFVIUDkxijk3gRlgZPhP8iW7jSg/DwucAXGdmXH_Isy3nN4uc059PbvX-luuvMsimFJCTxY)"
121790,Meteorological Technician,Occupational Certificate,https://allqs.saqa.org.za/showQualification.php?id=121790,NQF Level 5,139,TETA ,"EAS - Meteorological Technician.pdf (https://v5.airtableusercontent.com/v3/u/48/48/1766800800000/z21CZeeJKmg_cL-7ettcQQ/wBYu288BrnEQrG3mgQPGEe2C03YYBwyRJTT9LrAGM9h3gZCzis_IU-V88orCDS18ckT25mhkwAsxojZHIpeEg66HTZmixOcu9POdQlBOpv3FTyZu7mZyojDUYM1JraUl3m_MmoCXIL-uk_ropiqB3kLxFS5KimAzfDRMV0Ft5xf3kaI4RrbyEVaMZfSLBqok/HXIY2myh-KRbls-hGos8yYzp-zP5zL6TMihk6cgMTcs),Curriculum - Meteorological Technician.pdf (https://v5.airtableusercontent.com/v3/u/48/48/1766800800000/bv_IGvydIwN_YWt6P94dvg/387QWcBcIrvNKpDHDzvNwJBlHbs1sO54Acrrmbo8ArlmXFB8Z0DYuOntbZs7fmrLnuC-F9A6yB6jxd4LRDHIKaMUngmZCyI7q_jIjGEt3eqO7u5W-ZZlPm5f7CuCEr6NERbsdeZ4kaxhAzmoFu6QClzt2EeGIx7082e2d9RDNypFQ-06ds7R5p-PAebUu0qP/sCD6jPK1sBMKWY8_8j0iygvVJhhGQMDo6XFPGUmSxvg)"
110351,Military Police Official,Occupational Certificate,https://allqs.saqa.org.za/showQualification.php?id=110351,NQF Level 6,264,SASSETA,"Assessment Specifications Document.pdf (https://v5.airtableusercontent.com/v3/u/48/48/1766800800000/BSvIozFPGuGJTxXihYjIHA/0NSgOaqzsA7ppOIJnY3VOzCJTqehXx-U5NCPloaLvSg1i-PScfbQRvyx6U8gULFdNgyA9ywI7HwVWbcCcuxPqVp-75j0gRNd8acwGNN_aHehaX-dPG2CDVSbkEKVUSM5GoX9LhaD-1kXmoaloZ7JCXxTrWDlykiCQWLNfMu9TNM/WJ_QVxapcj0xYn-w2CbdqM_mXQ3mwlpRQJ4Yuo8QvbA),Curriculum Document.pdf (https://v5.airtableusercontent.com/v3/u/48/48/1766800800000/eiwbv2NQHpbORAaYpFgEqQ/No4p9T2fz1UT8hlJgR86KWj74WcsFEq38aD3XPHyjCB4MygindxpTpuLzisw9jDC03r9eN7p-N2sqnRyyGSAx5btBt3TjfRgYj8tnEpO-DVaCXe3oMW4LD1F4dDyA_Bh58-6rXouFFX5WJY5_Wdc2AspZTIxbw4oXN1-0RQtxYM/G7T0xWF4ZrlZqz_vDpuUg3G82VNCdNq6u1Dp3jA1O2U)"
97204,Miller,Occupational Certificate,https://allqs.saqa.org.za/showQualification.php?id=97204,NQF Level 5,401,AGRISETA,"20140822_313909_Miller_assessment_specifications.pdf (https://v5.airtableusercontent.com/v3/u/48/48/1766800800000/2WoDKaznoCxlRqgHKfSzqA/rlSQu0ynyPLTQ9bH1dfLqvxeRT0iIDZ-FP0PXQE7WpEjRGegpWqqyCnkRczyJTELGsgf6XBwRK02QTJMfy-L81fbLPXD8gQGP1_9wbz3O1VNvP-RZ6YahTPLwatZRHUIizeXMJiju_PC8EtNVhSE4nFornRRCF4K4yXObrNmMWlEsx2YDDesrnDrOjDuSSw0/Q-Q_B3PRaTZWXSKq_xbnCKlGZoIIysI3wBQtmkqhcWs),20140822_313909_Miller_curriculum.pdf (https://v5.airtableusercontent.com/v3/u/48/48/1766800800000/Ku-5UxQcYg_K39rL-MsGIA/vN0xsGgQZWPurHzUz0lH_5tyPTbOJzYnlmzkKYyzr_n34VAwDOAJtJtXKrlGNYWozgcxTcEhJBrJ3J-1cCYrnAVytEECzxWQRHvslnL7yl5QZraKuQCkAiKf0inErogmQ3UYZMgDCqTd7yEp9pXxmQuBCCTQB67i7M7ESZbKvL2E05J-0OTTrCAQt5koKWiZ/JFPpvoJId0AtS1OUbpS6kUgNoSup0GKsKu7MbMVZAmY)"
118807,Milling Machine Operator,Occupational Certificate,https://allqs.saqa.org.za/showQualification.php?id=118807,NQF Level 3 ,72,MERSETA ,"EAS document .pdf (https://v5.airtableusercontent.com/v3/u/48/48/1766800800000/X0Gs-gqARcTpRwBlYy5uFw/7W_03ogCdbj8QD-HhZJwJObqHGjVWGKBg9EWaOHGwiaPNKQfhk5Q_hzCq3-Ppa1rHwV2gWURR6XfKBXAaRiukojK_eHijIwvkUrwD4N3NFD3DjUnjQk-8Bb4gd_Ba-jAWUvE2nck8R5EhDu7GbrrZg/R0c8meIYW9XGp2uXQIUKIhpUKETpI0khdW5UltJswRM),Curriculum Document.pdf (https://v5.airtableusercontent.com/v3/u/48/48/1766800800000/07OrZvyz8HuygX04zz-J7Q/DrT1wje63EeoXrw2hd3JiU9WD8oKvcYx7xNAhv1_2Tn9lP2FWXT_-jG-y5EK7x-QnkMa7BY7EcjAlmxoyMVD9T48FBTLdg0E68AF1dQonbyZEVl3mgRQRWDCQLnVSZkdsSOa279tHfew6rnlsynHA6GxVcgJWmgG4XUmz37IY5U/YRv-oT87dVQhc9M4fz0wnzn_il3WsCxtaM6EtC7Ucs0)"
103019,Milling Machine Operator,Occupational Certificate,https://qspe.saqa.org.za/viewQualification.php?id=103019,NQF Level 3,72,MERSETA ,
97585,Millwright,Occupational Certificate,https://allqs.saqa.org.za/showQualification.php?id=97585,NQF Level 4,697,NAMB,"Millwright-External Assessment Specification.pdf (https://v5.airtableusercontent.com/v3/u/48/48/1766800800000/KYPQU9IuVQL7Y7iWU84i5Q/rDoA-DxUyKSEvYEfEjjMErxzIKFv2l6jHn1etzAwIZXAMUSd8Y7qsZFMT7hm78B0PozwoB6KJ89dk6b4nVnMZADTY6GSVAaH5pN9DXOslznNOoWqayLopptL00LEsDmrqkhQ8bKkXuVLJXe9zBtabQnOdkeNfMgQ0xtp0kE9dLQtlL_B5BF2yFBtjg7mBxUc/GeA3FQsQaOwkvO1DJbLBC29aEl20L1e_o1S4gnD7YBo),Millwright-Curriculum Document.pdf (https://v5.airtableusercontent.com/v3/u/48/48/1766800800000/ZNGw4506-l82HtBq4ceQLQ/ZeXc6V_B5xK5fMEZwWFb5XnTFSYkp_71rrCtIDIZMFltH6Y9X2Dr1qINNuJddhR73xLMTlLU4C2EbbzG_nY2bWZjLHrkBgBo3iw4S7mYdVUW3IKhrGFxOEMMUhRw-enWfwMmsfHbZuHNAdnb4OCli3sTEyLGCfvEmhKHY7AAxwk/rkuglVvoktION7h-Osl3TcatcIjzN0tMonSDOPIYeaI),Learnership-OC- Millwright NQF Level 4.pdf (https://v5.airtableusercontent.com/v3/u/48/48/1766800800000/QR65ohG5KDgg7T-hPtoYlQ/73ayKLF_Q3y01TGJ9Lbv3BtCegwvk6-UKaEa6HVte0ZV_CiEhqzwrFPfufgYmCP3f-p_xcJwVLPaGGBhdTuBoMv1liQT_Ox2DOKwRU7tmutmqAOY30-pT0Jg4lkJ-5Se_RzUPoOO3HMXOeDTDnPAtyQmAQbOUw_SZ3PVTUouS93f3Wr3smRz-DRBS3JlQF6B/ibi7sKXRaTnpvYausQZoHNsTU9OMkErfileF8vOHr_M)"
102162,Mine Environmental Control Supervisor,Occupational Certificate,https://allqs.saqa.org.za/showQualification.php?id=102162,NQF Level 7,661,MQA,"Mine Environmental Control Supervisor-External Assessment Specifications Document.pdf (https://v5.airtableusercontent.com/v3/u/48/48/1766800800000/0ejkHQcyTdnDKEBHiHW0Uw/uEKbyyeLAOkI164sPaHsmBngH8LBdPc3JzuzRvzctioZqO-XwCv82nN6eVP_jFEuam59ETnM6tzZm22j2O3CZfMMKPymVMagjf62N3aNOpzaQsfVLVJVp3ftEY4hV9IPDO3TEQaO5XhiMT6Ie5syi5eg-5mOl9YVqjCtbAiGNihsQjAS7IBBdVaV5zeTAylTb_Ki-JllvlokrnH1nki3EJ9or70z6YYZEdGzVDJGHEU/g4ZpLx18PSDJqu3JSv-DzqSM-_Q6i_XQcxiGKXazHYQ),Mine Environmental Control  Supervisor-Curriculum Document.pdf (https://v5.airtableusercontent.com/v3/u/48/48/1766800800000/1yuvq51XLgSEBtTr4jXMkQ/Fu0fwwuwtBHmpajJmOz0lWzG81wD14YE8thrhSfQGpnlPdf8tuXj52xXbXKk0Zz7Zp-l1LA2kxEuDawwBXjqQhhxb-Y40oek9adlzJ6vzJgqlOk5k60tGqlAL8i7jmvROb3QSeDh1deWGeDwUeYoSGsGs8xbWIY6HcWmAz3DWHM6ztt9sKo7p95AOJ-bgiyU9LNL6VCWztSuJl-_ga_zcw/qezKBGjqS9fUXCsJD7NsIrfDA4MaYrFIJNNxKnw9fxg)"
119979,Mine Manager,Advanced Occupational Diploma,https://allqs.saqa.org.za/showQualification.php?id=119979,NQF Level 7,460,MQA ,"External Assessment Specifications Document.pdf (https://v5.airtableusercontent.com/v3/u/48/48/1766800800000/w_QSyWzhDyxazx-awUaVUw/HAJaBoPID-XGe_-h9wVgLnytj_Slp-x27GwFaW8mNeBudvEasBd6kZ-8HBWr1C03nkZAg8wXHnb_dYDYP4Dq4itcZl4NdPZZPTgUG28jo6zvr4BpvBvmERlrk6jFqg3-45q2KgPbd5cw50XJkR7yvpmHAnCaIXDIcQXLCdktY6I_z-yRYIfaeB9n7Mt9H7OB/Aoja6mWdM-Vdq19obwrEQ6hgETE4GjyiZZegRiXLxCY),Curriculum Document .pdf (https://v5.airtableusercontent.com/v3/u/48/48/1766800800000/3BjLS1pPCJYT8_2DaWkQoQ/zOwS6YmgAvO6Rlt3whJJcRES1eZYRi4bSlybqZE6UdqQOVe3JQz25z2-vQMMTe4EdhM71W-pm4KQENc6hyI21742UGgii1yqA2fV88aOT4ekZQurVZm1gxKcAAwGzFo0RMCeehrkbJE3giTO077gszTm4AJMuQ-W9DI4IW_dadw/eQTftWSVw-qhRoJPYuQUXfrH5KN_qK_LoMYvd8VJ9Ps),OC- Mine Manager.pdf (https://v5.airtableusercontent.com/v3/u/48/48/1766800800000/FP7jUmQlHapOELXG0la9nw/QHRK17I8YRVa-X8yLeJvGlBM_vfmHOZHl8tUJkYio35jESpFRc2MdE_jkPwuImQSGcx4SbZPSe288vlGYNEzRVUj6yVq9EA2y1inNY2J83EZH5GgNXFMY8j98-0NVUD7sDoULAX6gPsfeFIBG_cD4A/o6_1_1glnYAMbSpKArfgbzlA-jtYDg4kjuiqJmRZB9E)"
119283,Mine Overseer,Higher Occupational Certificate,https://regqs.saqa.org.za/viewQualification.php?id=119283,NQF Level 5,200,MQA,"External Assessment Specification Document.pdf (https://v5.airtableusercontent.com/v3/u/48/48/1766800800000/6u99fZ1OmLE_pChDo5bDGg/k1RN4UscvSG_BGFNXH7WGzGb0fV8c7ISUSnWabuPcarW3XQJe7xlsp5WrWtF0UiVcbgDUImEx6unjCgybCTRkENsx3doKiiG6b5hRZSmkYatoz1DQXnMIUaKEowntI11blfEA_QITDtsz0CKa8Y3aq-e3vqRB0ZaxKloks8pzKuVESt1dOkAAcooRxgFDeDP/DUBYeeFowm5B6vTdzMCOcIQA-h-SqUl81hQm0jqnJWw),Mine Overseer Curriculum.pdf (https://v5.airtableusercontent.com/v3/u/48/48/1766800800000/qhCtQABXJzyW5eVrYOBGJQ/2QrhtgLzqVbWxuQN5H8VN5Jsf2ou56un2E4U8aD_KQFHWH6QgvUKu4Lo1Ynl3r4kv5ZgVHx_bx0vVzpR7f6CdUiqTzcgqhbMWWuOOTNVil2aqFn1cKiBzCL2bBwNT9DWgfqZDTiAwlRMq1X1cLapesxbuPQq1byYw-i3asvo6eM/sgu5dGQNv2-Daqxt--AUbVZGpBoed_s_po2cdxUbnEY),OC- Mine Overseer.pdf (https://v5.airtableusercontent.com/v3/u/48/48/1766800800000/PbRFtuGj8ko8PWfAS6c4TQ/CGY3uqULXGxdSybVgsW_QNdHdlPQ5oWZOsp87rOHH5JYqqQPl1YMuK3p7Px1zjuC66eoTRnYblleGJS4mhjWIk2QJRggjCUcrocakVfQcT1dr4WzXPBMzw2jyQbzfPumy4-pnS75iFaXDTAGHbRscg/PZOy0bkAadWLv20SVRpAYB2q3pIgIRGUTJTLrgSICUI)"
119223,Mine Shift Overseer,National Occupational Certificate,https://regqs.saqa.org.za/viewQualification.php?id=119223,NQF Level 4,196,MQA,"Curriculum Document.pdf (https://v5.airtableusercontent.com/v3/u/48/48/1766800800000/5_Loqi9tHCBVuCHcqHx06g/NdkLVL_Mgyh28czhhnhgIJsRQbuXQfx74qcW8jRQ10JOYX7pWqH6Rs9Z52Y1fwvFN6J9jYU_ugf3UgvLxeNXp1i2PoSYSkLaXgb8yXJA1GZ3CXEWYqTuyxLL-rPMdr_ZLo6s8_oBUAGYGYKwXfXRl-eKmhFlaGtlk63bFm-JSyQ/WQZrWgP-CORbSHjJa_h8Fy7ctq7RpdJOcRYTpV1-zL4),External Assessment Specifications Document .pdf (https://v5.airtableusercontent.com/v3/u/48/48/1766800800000/DJXf--us4XM_OKZ415ilyA/FH3ia0TgqyjggDTcyfm3jblg5qrxyBoG6k6pzVpNo0wLnCSPHop7cTBdz-bJilXYUOZ4x51nx6_vwm8tjT65Wh4y1mbUXIZUzuojVX19H4CH744aUWa02-gnt5rS35_yWgfviHmJlPonmAYEGyGNB0NPnLbzj6xq6lkUveww3jfrN9TDGzvWPRJrGdL_dsL6/0DHddXPc5RQ1upkyVWvpUA5NnfWwdLJk5nvCdipZQJY),OC- Mine Shift Overseer.pdf (https://v5.airtableusercontent.com/v3/u/48/48/1766800800000/j5A-smTSNVRbYlGWtIlTuA/Vi8kvtzw61Pr46GMIKzqTDutm6wQYwnlp1LTAk3GYwRKPQ7XIcE8s9OgYBh2fDP3cc7Z00rqc68_GuNKTi9d_bSe2RYSuwHrSGg1JPHgmiyrLXSJp155opKyj8ZOCOVb8CVQrM20IhJR0xf3YC5WCX0Hh5S-ryU4ucg7eVXnfsA/Oupn7GFoRpUqA0s9FMpXzxSoHpAsZFRreDS1_q58zf8)"
120057,Miner ,Intermediate Occupational Certificate,https://allqs.saqa.org.za/showQualification.php?id=120057,NQF Level 3 ,180,MQA,"External Assessment Specification Document.pdf (https://v5.airtableusercontent.com/v3/u/48/48/1766800800000/5faqXjYx66_7DjDsAqR0oA/UY7HLnfIk0dKYKmCS5MLrKP63mM57luc_eaV-w49x0R5YiIpazRSLtliRgLL6O6-cv3TvoKlskQdrJBZI1G9yxcB9g-cyKjfRSNj8zgv4ireOKfyTy0Lqpfu9lgklGEPapo-zVjGXAP5WR_hyY3ybH8OozsELignd9hw158WLcwhLsFwLCGjSw9ZAlMH34P7/MPrbwK16HPPlTUHrWk8KBN5r-tK1btY7SwOh4F9GRjQ),Miner Curriculum.pdf (https://v5.airtableusercontent.com/v3/u/48/48/1766800800000/7BIQXNUgAAXdMiXDI1KTXw/J4azqEj1fTgBtW14EoBibMOFgPr-plaZPzNd606kW8ejkJDhcPva3Tz3Tiys4s1_jjAI0-JOpE-0wlY_08Rx3OHidrHwyfasYpbYXcmA4YlNajQ7uH0hgPFf0SNIx_T2OCwKavSBpkonc5GO7BHx9w/AlEU6elOrx1hS8MoViJ8UtYCbySX1wfZs5ssFLC1nUM),OC- Miner.pdf (https://v5.airtableusercontent.com/v3/u/48/48/1766800800000/gADJFDTVYj_o_mQcEM0DDA/zpHWsO7QIXwky_LsXPW6eC5ZAm8ab7C3GJ6zXMnfYZir409wz_2paRhs-cvwIAg_ADbSQ2f62ppZmEMpHy9Nsvjkodb7CBxMfo-we19RgpsVOYV6-iYaMSkm_bxNXkScdtMzwoJlizsJz5roDnG4mA/5E28jHYtnc7t_KcHEdceuSV5vu1nRvVWJT25_yiT2RA)"
99427,Mineral Beneficiation Process Controller (Material Handler),Occupational Certificate,https://qspe.saqa.org.za/viewQualification.php?id=99427,NQF Level 4,168,MQA,"Curriculum - Mineral Beneficiation Process Controller (Material Handler).pdf (https://v5.airtableusercontent.com/v3/u/48/48/1766800800000/g97tIQlnnl2A4Xgw4J0aEg/uboPSLPrcL0zNTsJTB6KI453A45ZfmoXb0bsDTBHDX4eIr2LOWJ4bRpIbChf_N-W5arvKctva3IWgpWZPX0fAw1NjuSmONRsf855FgWWOyJPsKCUjUFx2GzX0TKJJOrOXDzZWdnz19RWhJ7xAbINUxiSuF8yuCnXEc8wzAGZMNXfuz02HV_thzfcwMsXaHWHThJr1kj_wO6r2DMr1IGdghL0J5ymw6lVjQhfUMpchzA/JWaeLeQiYKywyqc519vNim7V3VRvOLYqqHLaI8pGZsU),EAS - Mineral Beneficiation Process Controller (Material Handler).pdf (https://v5.airtableusercontent.com/v3/u/48/48/1766800800000/6NwOjKCB1I9tZPiC6cV_oQ/XY9_q7Ao3gi16gdgJdYCS1aLu7B9bzCLi3nHU4JlknOKanbupdNM-9M0DpHMhpJukkxxmzhN4jkLba0JUrnqmHjz7poiHC35tSlTalXCRFe5UlZbFWCEmcAL0jVSZaFvoOdqpPopg18klZrSBsFGmVIHhEB0hgZ3b4nOckEtEMMM6IfsFSTUHDTqeWwJtdLMs9GOsNswZguL3bceTlaeW1ezArab4LZdCohJW3nHIvQ/r3ulcUuIAv8VZtIipgLRU82lxwHgo1lLMHJTIcQifKQ)"
99509,Mineral Beneficiation Process Controller (Materials Preparer Lump Ore),Occupational Certificate,https://qspe.saqa.org.za/viewQualification.php?id=99509,NQF Level 4,85,MQA,"Curriculum - Mineral Beneficiation Process Controller (Materials Preparer Lump Ore).pdf (https://v5.airtableusercontent.com/v3/u/48/48/1766800800000/7VJ5x-n9QsdoysTtt8uBTg/jagI0aW6JQZPd5jshVDSxc6Cw6Wh_sY6z4eflkDPKz4s-37CmvaNdDJPE4FhP4de_pqxAPqWPdZEfQh16YTooUNoMUKxSJ8OG-j6g2SUvY68RfyEyMkxT0hGy7FIC1OdB90zjTyICY-ivGTYjZehqLVtpjvkBjmmjGMRp5x70Qry8JkDrmOIRbOnhCzNPnsTrq0lMotLlticMBU0J4D5xCC30cW6yptiiS0IwzSD4V0NG1txk6It_FZZry9IUwPN/KKrb94-UKHZxSYVuwa5u8-MR08-CPgGj87o4LAmM5O0),EAS - Mineral Beneficiation Process Controller (Materials Preparer Lump Ore).pdf (https://v5.airtableusercontent.com/v3/u/48/48/1766800800000/orS_5xxc5wkyg6bfmpt7ZA/qoYk98AuUii-vpz6quve2aNyXfGqcO27PMTKNE77awTOGqo6xJ6u9nfqrcwjQw3vuLm9zywr797lcpD5Sd9e7dJr4hMDFS8eJVLVx78c5-uQHjMG61JYpNxEK7wCD6ps4AyipmJNPtsOXZFRdUF9_764icOQXZnLTUAzMPEPhDsjp0a2F0B-slwQMl33q41CW9kJHB2zqMoC9Er4vhOaPGyFBpKrVYePW9jkvFETnZs/4fZ_pMIAS9lkeh8DlqRksTiKlW7vrePqcX36dKMwDJQ)"
99512,Mineral Beneficiation Process Controller (Mineral Processor Calcining),Occupational Certificate,https://qspe.saqa.org.za/viewQualification.php?id=99512 ,NQF Level 4,100,MQA,"Curriculum - Mineral Beneficiation  Processor (Calcining).pdf (https://v5.airtableusercontent.com/v3/u/48/48/1766800800000/_kA-Y6eu_GKmPOr5eTlAgA/mVPOn5KhJltEL1RAEF8Xt49QI3luaA4nKj2UMUSwmyAXyVEKiXkqw8SmL42PdqdDGF94PyL7cu0NExtPpx8Qz6ydyiR-yHkC2zIyeT48FTSLe9Fry35rdxl_WvCyEIOty96zb7uWCHs8yiMJL3b_1DwSV4UCtSgXU3m0JI9Fcpxnc33QaAjFyvPjtyb0f1Vy-2guLW1Hb0l5AlhQDCzWxg/j-lkv1RtwJDRu9zbdtBEXAMyiaLA1gVMiOIrsyV9gwk),EAS - Mineral Beneficiation Process Controller (Mineral Processor Calcining.pdf (https://v5.airtableusercontent.com/v3/u/48/48/1766800800000/lto7Cr4Eio8GasDe1v2EcQ/bgBKR6fTrr3ztdOs60tOnVN9beWXgKo9V5rk1UO-5u_P9OrvXTGMJOo8565qkA3qo6Y7hlOCZJnOTXVZJk3Hjq5opik6TY4w6p0K9q3IL8jhJVf4jKaxQg9M-71T1Zz_COrn0ASWwF9q1_B4xWioMqBdxryPA5kx66VqX69B2PJMqDHZccAiFdpwjYo3svqOiWa-yuZnDiI2IrIJN7iIfIfRRhTwEmiVeWu_ZFjGowI/z_2i98FW_fbdwK_JIEnlOWdu7W2_fky4I89zem-sOeA)"
99486,Mineral Beneficiation Process Controller (Mineral Processor Hydrometallurgy),Occupational Certificate,https://qspe.saqa.org.za/viewQualification.php?id=99486,NQF Level 4,113,MQA,"EAS - Mineral Beneficiation Processor - Hydrometallurgy.pdf (https://v5.airtableusercontent.com/v3/u/48/48/1766800800000/pe2rzyaGp4gYyhPVv8EOfw/E2qOi4IHwlmqTtnfaydMSo6At76NsxdY6Eph9eBpH1Qi0QR7WhSCtOqS0dfYKK_ZzR1oCxJOrpup7o2MLUDs1NZ34G_Mb_6OVhdZG-WXg1mcysYSrdzpUO6sxqZ-PCj4dBrJSfdnvp2_bfIBZ-ULapAuFoLSKSBBT3DN7k-EGfjqp4GukYmtlXuC4NaTbVRUV8rdmjHwEGXiW2ebU7aOeQ/mMwRFFSu5kKL8hZDadsgkV62aFV4xL-4YY2tOH8rlHc),Curriculum - Mineral Processor - Hydrometallurgy.pdf (https://v5.airtableusercontent.com/v3/u/48/48/1766800800000/_1mM2Uo9li8l3QX0qcjYbw/smjQsb_w0-ehi6c2_9vo-6HlTWdu5Zuy3cF4iqodIrwQtN6Ib3PyawDbCQ3-Vq2sLudytEJcr9lSLnH_hhcScUK1DETl4hKNWT5utUA3Ms_d4qVWYeOJwwncmHkW6SgjySEmZyzTsa5BAv1MA3tSzk_E_8M_g7sc-lFnf-mOaD4pKQHaoeWSy5tJd70QtOS8MAMR-wYYAiJgzuLJxFqFdg/W61-M51v_T7bp51mMWi1gJSv4Zf5WNSajr-3-H5GoTc)"
99506,Mineral Beneficiation Process Controller (Mineral Processor Smelting),Occupational Certificate,https://qspe.saqa.org.za/viewQualification.php?id=99506,NQF Level 4,100,MQA,"Curriculum - Mineral Beneficiation Process Controller (Smelting).pdf (https://v5.airtableusercontent.com/v3/u/48/48/1766800800000/WkqrRaQ91xXpJ34HSZ52vg/-Cpe8Cv1H3If7DkmxKgXobl9X48HOWoUzZmuPZ3gWTMEB0wk83mv4_24KQu5s9DGH9bJrpiEwqwSo8TR9SxvaJl_ePIB9lay6cT-YWNTl1tvWkCqFBAQ_LZvnLKzruyl4OfH8Xbj4GneWl-xM6uLgTCNNlpciDfdEMI1qKXYNpGtU-gSU9nUibEsFU9Pk6FtEg8vPnAhoWUH6NVOLIF1ILeeHASs_D8jQFxIOC3q_O8/2v93C0nCRWicFctAkS4bgNY9Vq2ChVZrckhEC6ERui8),EAS - Mineral Beneficiation Process Controller (Smelting).pdf (https://v5.airtableusercontent.com/v3/u/48/48/1766800800000/aJxpYnvfZQpapkTVR7kynQ/l_mfYoDf2re70yc4WWUsTw808YxbjUbZAWf4kf9y_16YWKJsuAcuIODUYFqIbqVNVAbTik3NUrsQofJ63Q4YY3OqVOLVq7W0YrNXpVf3nrQXe5uhDSBEk-qbU0J2yseBNd1EakYR5eVpzn1McP_akUhnfqVL45RrdBQkifwNJ0-_oNu-dBbEM0eD7u-TIe-UhTUKmEAXj6UVBk8LVTRuNw/LUMggNg45ZKTBVzsBOilNrhR96UMSeRn78kL4pNz7Qs)"
119266,Mining Engineering Manager,Occupational Certificate,https://allqs.saqa.org.za/showQualification.php?id=119266,NQF Level 7,480,MQA,"External Assessment Specification Document.pdf (https://v5.airtableusercontent.com/v3/u/48/48/1766800800000/YPOsQD9xcyXULFKy444q7w/qHDx4tUL39cqoXHchP2miAZeA1PW26lvtbiNLOJrhZ0RyUFbxtJCZZQqdXtEjlQTpWDYBTBugIk-JtxWJ5r6W7-XWUhL3683pzPvXUyH1uTBqDjHw2-mMov5JlkAHHNg51xtBkWFdOxC7YfxsFGg8U4yv6PjJD5bs2TZBNc6GudXuGmbRwm80j_8hxQUnJHX/wn2WTJmDbDsFtt8C9i0yXsZA3h8WIYx2ebouvD4pAeE),Curriculum Document.pdf (https://v5.airtableusercontent.com/v3/u/48/48/1766800800000/azUKVeK4ZaY2GD3BcfR2MA/Jd2zRi1TPlWqeE6j8rS90HkLYId2cw211CzZwOgzykZ1NUYuDgI2-sO-a8IHg-GpEtKOyI___R_5eIg1TIYcE3s_4vccXlapZbPQRX1CKt53cy8vRpKmBZ_bSBNLK3S8Sp-XSNK5G-i77NUq3guLjgkTeq4V6L2i1asmtDfG-M8/G3pzPU3vF_z3_QW1RSWUsJr8HH-4mrK3VpEy1S9-FFo),OC- Mining Engineering Manager.pdf (https://v5.airtableusercontent.com/v3/u/48/48/1766800800000/kbmpRABhN7W52K3NNy9A6g/Li5jXqfwgvAF6FFPXIwNKJ9OVWQVvzAkByOoLoFTH8ojuz4_7bjQwNw0FlslsB2i7bG5kICnLUicuHh28-693lVgPud3XJC0GgmVhKWWvqCo-psc0oLi52gL_tzsBECwkMaxrFvMBrvYFyVfBxB-nU7Czsdn3a4rgNyp5RxxH-4/U7Ney0iS4p9JWtRqWsChML0t1YRJQRk9K9tRhXFbo7U)"
99704,Mining Operator (Drill Rig Operator Underground Coal),Occupational Certificate,https://qspe.saqa.org.za/viewQualification.php?id=99704,NQF Level 2,70,MQA,
99702,Mining Operator (Hauling Equipment Operator Underground Coal),Occupational Certificate,https://qspe.saqa.org.za/viewQualification.php?id=99702,NQF Level 2,66,MQA,"Curriculum - Mining Operator (Hauling Operator Underground Coal).pdf (https://v5.airtableusercontent.com/v3/u/48/48/1766800800000/s7J4snF7iiTD3r8wAjFdXQ/oc1vrWgGGXCbzqOhR54I5_M4lCgO5EU0XAB_vK7mYL7dnB_wdAsCIiolYc6r3eGho6Pt6m6GMHplU54NNVLPvvgJsiTkC5mRfLuF1OChd0ToyoB0ZrXl4f6EPlcJxKwLYt_vKBcofJcGqp9UiOeLzgNjpENOPehhx1TDk-_VHf9JQc6CeZO-N8YwWxYVQP1EzHmC3lVWVVeT6bTlIgfOzZ1LTOMd0q0W6NDycJU3lyY/ox_COhHYFXqdYTjT4vvOgB3KwtigWpZZK5hdOYf9zyQ),EAS - Mining Operator (Hauling Operator Underground Coal).pdf (https://v5.airtableusercontent.com/v3/u/48/48/1766800800000/hwkn9NB1gL4mRFS6VeleZw/MbhtBNQ2IrOzE271tbkHWQotpilkeVKt4qbMP2veGL51PkvgB8JAwivrloTCYb4lx9Z032Ow2NciUy6eM8igQKGUVea8TBkOTdduIbb-OUUCOAN1wWuKqum2wMKYdx3Z8d_EO6gCgo-MB-A2k5K3fDw2L0dAbVOR6gpYOqohRWUPLaAODYjG9rRm9K6wnPZ9y_chaIbWsZMXmlOiTjtq1Q/o5cGCDX7aH-xORsJUy-yvgizSVkHg9y_JUGJmCnq7jo)"
99706,Mining Operator (Loading Equipment Operator Underground Coal),Occupational Certificate,https://allqs.saqa.org.za/showQualification.php?id=99706,NQF Level 2,64,MQA,"Curriculum - Mining Operator (Loading Equipment Operator Underground Coal).pdf (https://v5.airtableusercontent.com/v3/u/48/48/1766800800000/0W3fsPayXWxlgOrRSUG6Hg/nTVL6ehB6nMhOwMxuK098aRj-_B0uLNhauhpQffj6CVUIPdvdHSE08EU8pNM65jxONYhqHb_n6kLmiwEuwHfZN_CnbECThG-RCt5Z9RR6EyscYroMBpKI6m2VJw1MouZTSAvkMWwWOST0IjrGrFTRFv_i4I1XjfOOpF4Srp449GybUsyLizcmDI74iwRJmSWJO3BNCcGSqfZm2O6eSm6w7hMCZ5hOpDX8Rwf6iS5NTU/_ebWKIwWR-l52SgNbxsoQ-7g8K_MgAdURfjEmLFdDLg),EAS - Mining Operator (Loading Equipment Operator Underground Coal).pdf (https://v5.airtableusercontent.com/v3/u/48/48/1766800800000/ilmJA0Y54mF24DJWrcKRDg/lgYbaDsInAoTZ6BlspvPR8BoINuyZB9V5HEBoa0fi1DW1kK-q5WP-DQ3TZqPl6nqDxQybnCGC5ZjIC8IQkaZNU_Cdh12m1cIszmAVymr7Q0_Dt2bFRaNUsGC-OLD2TEDnX04FCeMwiu0EBkrQ8L9XCKZghjFZ1wQJfsegN5zy8PsD4qPk3z2rEjK-b8N9ZNwHRGxzMwS4GHvsFGIWv61aOGQY21BUDGnwqvqw6vjdiA/WgPGDFHzG1qeGGL4hArx2tFph117sE_g6I7qxnDRALA)"
121127,Mining Team Leader,Elementary Certificate,https://regqs.saqa.org.za/viewQualification.php?id=121127,NQF Level 2,120,MQA,"Team Leader EISA.pdf (https://v5.airtableusercontent.com/v3/u/48/48/1766800800000/jEEO0G3AtkEJ-XvJZ5epDg/PXcG1aGk_jxzwNsyv-cpwdn0AnYwXzEdI40UCdT53UFXB-7o-ghteG8DkpPSPJW5RH6paGVGDBbP90QUX6bi6ygbtl8idscN7VBr58pVoYdGBML3SXKBfJ9vW7VRsUd6m0SOOl4c5CQOIyFVmxbtKQ/tdK9T3ullIGyIBPUtdVOtvInqV6gBgm-K9cISFpxq7o),Team Leader Curriculum IQC.pdf (https://v5.airtableusercontent.com/v3/u/48/48/1766800800000/H-0wP6UMeV9Edrft6ZaosA/PO43zuUMNk5Xv_iTl2IS3h6pqcB2bFjpU1y7rbm2HhGRsOTdGqSyqVE8MhzbPkHm4hOgxbohmoKLiXcc4tpJEXHmqvNhaEU9I8Ly5vzJsmlTufWR7JrhniS7CnPMBCY7ZTHcu6Dqctl8CXg8dCQ32BF1VtkBop8P7DxmtQlU0tM/eqol6A1POBBKGlBhxnY1zcL6cCBxcUVDIYP__3mR_9M)"
98929,Mining Technician (Mine Planning Practitioner),Occupational Certificate,https://qspe.saqa.org.za/viewQualification.php?id=98929,NQF Level 4,248,MQA,"EAS - Mining Technician (Mine Planning Practitioner).pdf (https://v5.airtableusercontent.com/v3/u/48/48/1766800800000/qCKzMQuZyNW2nFMoY5Lx4Q/wJDQb0Wud4_Lb2Rd8uv0rMrO7obMXSoZF1W7dMXuo8yEWLUMJfVlYGlSkU_WAOqJHesqKmTYGobJfn--rY36FOBmE64azP_CHKU_itXiDH7C_qWqyEdUWpWgVHtc9OOysswrHXzqVQ9kMx2pyIZvmIZ7fiVSbP1jfRTbnDs5FOjFcWeWb6W9r_6THJgPoxLNUG4hSCvIjmdNMBQjn1aY4A/aaECRbqoyICV7lUsJuZUg_R-OpJ73YI0Pr1iWjSvnRA),Curriculum - Mining Technician (Mine Planning Practitioner).pdf (https://v5.airtableusercontent.com/v3/u/48/48/1766800800000/BkcuGgyUnXD0ad2WwnvRng/54OuTM0fsDil0GIRSWDWdNBM5DbIvW5YLTmvzLXO55xIwsliAtbE2Ac_XY1jECz0tDA3VQs7yi2yZkJFJXXsSVzPEN3PijvGRbRvVptbBbxHMAYIAgwpzU-M7m4IlmmDqaglUN62SRUTmHzQBaV2im07qXcUQ2pVStBEOCSNk3K3xvlu5_luhmImE9GosujXEEp4zfwg6V7yMsDCy_rtBg/2Ohzq-65ccWuantEVlKqj-8QUv3b4wAZzcdV9A3IIxY)"
98932,Mining Technician (Mine Ventilation Officer),Occupational Certificate,https://allqs.saqa.org.za/showQualification.php?id=98932,NQF Level 4,214,MQA,"Mining Technician(Mine Ventilation Officer)-External Assessment Specifications.pdf (https://v5.airtableusercontent.com/v3/u/48/48/1766800800000/BdZ3p4gHK2_QcTzFfnO6Qg/BTXZl2l7nqbQyN65SZFxgJdK6QTtLMcfBDK8agqIZIYxGNT0pNsSDbE1k0_ho0M_dgIl4dnc8yMPKUR9FPkaINckVSRome_Jrde8VSx1SvMxplqezJUXg_9h8ApNPZTRq3UG1ijFr6pPp7N7kRqg-sHFsioqY4q12FIA9xShrcsGFuMNsRf0wRfUqdAMzkCw106ZiEP_BdS9scw5TRFhicCSMlbjvgeedCuGeodxg2w/I32u09h4wGW2HLD4J6EGRIVJ4Z4PM5Qunl8Z2Ch9O1A),Mining Technician(Mine Ventilation Officer)-Curriculum.pdf (https://v5.airtableusercontent.com/v3/u/48/48/1766800800000/n7MWJLEBjn_K3mxygpPLPA/LnXP5FzzMdNsd8AAhGPa1dlzf25n96W9gAVYLnZPSnmB5S9Skf6ZgHriC-25_BFscdorlAIs5U1bTAt5HYlWtbombHjC4byiyBQMRpbvk9FT7byx9QQbXZCb-sTR6TA3gPJZCyXNDJeC7ZOQCmEW4IYRyc3TOxbZr9J-hcyvfgaxHpyxHvpV17_J0ux6yvLrNzqY25FCpG7tRTYpnDyk-w/Zi_oyfLSztSN8WWcshJv-91MafsjMVolUz878JFvGbg)"
94870,Mining Technician (Mining Sampler Hardrock),Occupational Certificate,https://qspe.saqa.org.za/viewQualification.php?id=94870,NQF Level 4,168,MQA,
94876,Mining Technician (Mining Surveyor),Occupational Certificate,https://qspe.saqa.org.za/viewQualification.php?id=94876,NQF Level 4,218,MQA,"EAS  - Mining Technician (Surveyor - Mining).pdf (https://v5.airtableusercontent.com/v3/u/48/48/1766800800000/hi7QZYg8ZhmKdrLdf4lK4Q/99rfF_w8lmKAbraLHAi3k79lE2z5mKdgqOaeBCIK9s1n-kLOZmSR2YzdnCK8Yhm6jRgn0vFRnLmnjMWAq_szouXDXc91FovTkZkBX72NX0eD-IDOIArt21ISCsIPfWw2SG875FP8fav1t3RTQjA1IVhCX9zk1GI9jjHmW21SOhS1sKJnO94qxAyCgOOHDdpg/n1B0TxT3N6REon8r3mbl-TZiSeewaN1l8d36f6Igsic),Curriculum - Mining Technician - Surveryor Mining.pdf (https://v5.airtableusercontent.com/v3/u/48/48/1766800800000/F0uilw8A-ytjuWRw4hrTRQ/pZ5QK4iPIjJZDPeo8r8f52kXnHoFsxcoZtpRzQSA-aWclp8mCKb82rJEBKtfoe1_vyBj_jKLezh_lATl6HnOCzLO3CvcXS_gbpSLITypSF4y_uQaWsc-EhPhTGGuctjJMqjJrizbRasQ9x7xmhaUXxQe3IpKnc_u40qfeJC6kDmgq6GsCDJVcWeffK0jsfvg5mSAAT4lIpKCkCMvXd7ofg/q1EFvn2cQkCkXbw7LGfWlUsgUlDZpJzveuC_H-z21jc)"
96464,Mining Technician (Strata Control Observer Underground Hardrock),Occupational Certificate,https://qspe.saqa.org.za/viewQualification.php?id=96464,NQF Level 3,108,MQA,
94038,Mining Technician (Strata Control Practitioner Underground Hardrock),Occupational Certificate,https://qspe.saqa.org.za/viewQualification.php?id=94038,NQF Level 4,198,MQA,
94878,Mining Technician Strata Control Practitioner (Coal),Occupational Certificate,https://qspe.saqa.org.za/viewQualification.php?id=94878,NQF Level 4,264,MQA,
94572,Mining Technician: Mine Ventilation Observer,Occupational Certificate,https://allqs.saqa.org.za/showQualification.php?id=94572,NQF Level 3 ,137,MQA,"Assessment Specs - Mining Technician- Ventilation Observer.pdf (https://v5.airtableusercontent.com/v3/u/48/48/1766800800000/bS-o-LoBqL9kTSiMOaa5JA/rnLIh6XrnO6uxnnH2hvJpXtIYUSBSKaM-iHAsouoKtzlcjXQmrDysAB7UOscr3Kvp0-PoBxZ-xkrVby95CEKBUVGq5bTTh_CjMgOdyn7wSec7iXvletDvjP5uzXw7CyCHdmUgC2vI7r8EtuMSLZM4Owp5P_Is05372-THQ1KpWM32uAIeMTdjBE0TWsJFKyJ1ciPHTic4JOrOQUF7NVEYQ/15JK9A18mPhAK66dyVMJUd4WgO6tTZI2xhnmGLQELbM),Curriculum Doc - Mining Technician - Ventilation Observer.pdf (https://v5.airtableusercontent.com/v3/u/48/48/1766800800000/G4XWyW6n3uBdQg5V2phoTw/TKilZmAvLKFKYzxcFh4lB6mxhZrc_4mzVf7BVQQXVXGDXdPVWzHH72hBNen_yKEXeH0e5eJMWuS-oOzXeGfP0LA11bXg7xnYcOlOX8lcJfGDDwX7kYQUrRzIM8XOKdhlRDJTntk4OnAF7g9fkc4f7DonsAn34DLEENJIlLzG-tOUfFpJLZHufCNuXmQTNEYcCJNjvysT58Ps5rQMzh5OKQ/YrmngEvZSq8gp3p_lPxOOKLXcbydUCb447c160ArTFA)"
122428,Mobile Computing Device Technician,National Occupational Certificate,https://allqs.saqa.org.za/showQualification.php?id=122428,NQFL Level 4,172,MICT SETA,"EAS - Mobile Computing Devices Technician.pdf (https://v5.airtableusercontent.com/v3/u/48/48/1766800800000/CLNhudKspmKufedBZdCb-w/nC9DbDv55w5yxGqLPEfDEQwSBblpp-jqZosq4g5BlY8WH3rvbINsY7zRptsQDNegAIgijoEmUvoJW3VopvE1Vs0Un4d47vsQ7hZNIYogI3XAu4hlDWp9nyYsRennlp0U8LGqGJdUDnMtQfa3tCpwguFL_hzczOjwyLlLa9tyG5DddlpnOnxvEFWht_4r7EMu/6PEdZpcWT-Gkp40Wl6ADGOxLgYBSbS_KCfofj0Zh0kc),Curriculum - Mobile computing Device Technician.pdf (https://v5.airtableusercontent.com/v3/u/48/48/1766800800000/Ww5PQ4XZ3RvRcDzz_NBPzQ/z1S7Js7UL9L4QYaTTdYIhtfb1RoAlQ295IlYMGaTQewtKOJdWORA4NACvW_R5osjqK2u3gvSyT_BAZmCvUmc7hgvF9idxXhe03MGo35Zi1T1kcxkdGMuTK4ygCbv1CeZly0qI-c96UsXe-6HhhzeOHWQ9dQLYaCxt5-2LlQ-qYS5Q9-Fhwpni0Y9LlZlsB08CaV0KSPF8TiSWOMHy2dZFA/f7MzGDvgxf-RJjzKDKus0g_UUUJKeegYGpViuEynwtk)"
122468,Mobile Device Repairer,Occupational Certificate ,https://allqs.saqa.org.za/showQualification.php?id=122468,NQF Level 4,104,MICT SETA,
120664,Mobile Explosives Manufacturing Unit Controller,Intermediate Occupational Certificate,https://allqs.saqa.org.za/showQualification.php?id=120664,NQF Level 3 ,120,,"MEMU Controller EISA .pdf (https://v5.airtableusercontent.com/v3/u/48/48/1766800800000/HCKd6R0Fi7-qjA6Aw4iAPg/BqpzYOIpZ1oUvoddZnfMT4k_m9_EHbZ5pi1W27LjGvbUuiw3-ARQiR8ZUXtVOB4jyL0XddWT5G0yHK2RhrRVUlONqK2fzo8iNQQtU34FO836oU85x5w7dzg4IHI3iqtNRYQ03Xy3QGzZ-DTyEWZnHlugStoGhZWMDAw8cVvgIkY/3mP4IhI9wXngHwQv0QVdYsnholqQPACNVd5dJrN8cvA),MEMU Controller- Curriculum Document.pdf (https://v5.airtableusercontent.com/v3/u/48/48/1766800800000/ZCX8WaNHvVi8dIHWu-q0yQ/osgnHHOaoABOufW4_2GgtlP6NHRZTZRnfsQh3LF-zgcJXt4B-TmgpBxTEoxaPaNX2aYKaNwfh4UPg5166ZPjS9BZASHKCOMLfsuZ4piE7S3SSKu9XuoBz2d4dzl76-me3p2fbJBzp3bC_FRh1xcBTVwEpk6h_c5WSeT9aQ5Q4WNk-69eAiWjlD_jrQMS9jbl/KlaBOPeS9-lCGz3PwDxA3X5gdFYt8SgjfKzfxI5Gbz4)"
112283,Mobile Explosives Manufacturing Unit Operator,Occupational Certificate,https://allqs.saqa.org.za/showQualification.php?id=112283,NQF Level 2,48,CHIETA,"Assessment Specifications Document.pdf (https://v5.airtableusercontent.com/v3/u/48/48/1766800800000/MFGd32RVnLsSdZG6gLTn6Q/SDZdkcX6rX4h8fBP3Mn2SRxpmQiLFuGCclcT5-QoLnLMtvJdANhDZUV5jmbARICjKODNDGOXUynnjB2pZ-Ngr7nnJr2p5-lzY3P8Lw7cWvBHSPzSSA3qlO52Ip9MsAHPj4kjd-NlGw-pouqqP7-SUx3FAiJ0e7aLJjev8CWhF5g/LkAF2XlUGtPOU_Hb1YEzSOUZUOqhPEhVQhZMYrtaofE),Curriculum Document.pdf (https://v5.airtableusercontent.com/v3/u/48/48/1766800800000/YQcP_LQl8vPYx3WkcRUiCA/xGESvBw-_G5e3Q0VLCmdNYM6j15jU2tplKmNHgCtma7OtWCi1HgxT2oNfXxpTln3LHC8wX-a7Zk00dIEWG-0NK0m_WAzgmU7Rx-5Zc-XYpTetjS2pTyjOf5PPQ1E86ll1_v_WQd0KB8moB03ZPmZUZW1cmLZEAUxrK6NnTy7DLs/ghPddWrAzEDjqyNJ01LSoMFhEPGMKjVy9Vi4z2U4x38),Learnership-OC- Mobile Explosives Manufacturing Unit Operator NQF Level 2.pdf (https://v5.airtableusercontent.com/v3/u/48/48/1766800800000/WskF_KCLtCREjEtn1uYBHQ/T1k-tAu2SAVK3qCS0Q2ZEtFxx0z2yi4-12yLHpzX-94LHk_ovGx2q1_veiuq8qt31rVAPlLsw4dzjxUaiDB2iQQEi3PyOTpYz4Zp1xQo-wIlOeznuhMCcNFy7NvqCzb3EXLwHk2MN7xDXONuuieVy6t_anN4WwIQMACZDVJJiW60BetMVwhiUfu8Aa2xnauJFM6CCRgGZhIA1h8uGVeOLf7TskO5Y2ZeUphLUJIt9vs/oHs_ZOkg29o5nu_wj5m11NffsC90kmWantL--dNSg4s)"
102943,Mobile Mining Equipment Operator,Occupational Certificate,https://allqs.saqa.org.za/showQualification.php?id=102943,NQF Level 2,65,MQA,"EAS - Mobile Mining Equipment Operator.pdf (https://v5.airtableusercontent.com/v3/u/48/48/1766800800000/Oht5bfexmFdA_YQXVTuCyA/kbKJOWHcX7-xi-uddt_71Cee5R2bt4fVRgviiE3kCrm2BeH_KS2NOBcEP7TF_5YRswD7sXv19vMfwJVKhKPvlgNN2fHwZGQVEeQHfSw0aFk__6iPRDO1FVAFptLmgroVrlkerMMelwJJ1F597QLTXplO0eYFMw3wWb2j0cPpvW85pXUKHWXhP-a7h45MLTDH/AzWjJpz63hFKl7rwERelcb5Veu6vF_qoJq5NihnjCPA),Curriculum - Mobile Mining Equipment Operator.pdf (https://v5.airtableusercontent.com/v3/u/48/48/1766800800000/Ie0ERSwMlYuSIxMM7RxhVQ/p-2Xpn4O_GVT94sVnwkR2AIfxBMvvS-P9Z-LZg7Pzi6BqUtwcMcv6Si7fl-pcqXr59kUZs0vzURXZGCryNZgRTox47itdNaCwfuLPIMz_k249bpr49pPmiA0_y11-MjQDqLRjnYUjTKoWrKu4IpvXqQgGIQFCy6NNQW-fTipA2h5dG1irxOtI7L2lSTTBmvD83hahqsOBwLuXNsq08M6_w/Y16Mcx0qz0DZyF62VffmvoxvaFEpgG672R1-AC39xZU)"
103267,Mobile Refrigeration Fitter,Occupational Certificate,https://allqs.saqa.org.za/showQualification.php?id=103267,NQF Level 4,399,MERSETA ,"Assessment Specifications Document.pdf (https://v5.airtableusercontent.com/v3/u/48/48/1766800800000/Q7U1LqFO8CkV4W94912hrw/UyWfeMua_32sYH86eoCp5lCSjFO85EvD8xnPUGg6dJCgRn37wTweDX4hPTW27X8doW0NDmlP7bn_c1BvSBXZda7QdNvO1Dn_Ihe_34x9DcD73dGTSeliKMQltPrwFV5I1_ENJoqVP1U6Vop_s__bXUE1r4mRtxc9DuIvLfJWCHo/7DzuFPvMGSm4p6YD-VMZNAmMPq57PS-dh9E4UKM1miE),Curriculum Document.pdf (https://v5.airtableusercontent.com/v3/u/48/48/1766800800000/t7drLvs98o1SGoQSrQ8ofg/GjDPj8cYMHexw2Ka5uJZwmRMHz6Ubjqa2Eykl5p_aoAAwFGbPyXaLW6XNSGwnVD2rNJoilwzFmsggHwYsCq8LUt8jZew-TbKJuJc1AMSueyy3c-a9QZN2smaOMlJNibDEJyyKuu27F9a1UxCQCNYi1zqRRa4Yc5RoREeeEfVcdU/HfN0SUnsEOs4-3hM1H6bZb3_gWDxRJjic9nLhWaAZCM)"
104621,Mortician,Occupational Certificate,https://allqs.saqa.org.za/showQualification.php?id=104621,NQF Level 3 ,150,SERVICES SETA,"Assessment Specifications Document.pdf (https://v5.airtableusercontent.com/v3/u/48/48/1766800800000/7YJ7lQHYRzxfWvLLNcJ_Ew/WUXRwRPP169BrGje26EQiCJQ9MzplMnzvgTSkXS3X2C7tenCpCwW7zWxGc7HncamqzFmQa958JxLF4Lz0b5ekoO55is9HwzcQnXtTGJk4XBUYyvdSSci15dFY4adGc9P0vOiMsj-XkfnkUJE-K8pQsmBNp4rgJcmnl3dkTCLvKE/8VBV1ZpX91w0pKjRCGqdJrb1lgxs0vdRsG9l6ZgdHqE),Curriculum Document.pdf (https://v5.airtableusercontent.com/v3/u/48/48/1766800800000/V1rXGQ4wv-gMX-pHej9Gug/cvgy1IfTaO0HjVJVVKGWfR_aNMWZSR3KxT_GkkOCW_MAuPBs_9pthK15wqbykj79XOBPBfCWBGrd1MKIwAYOhap2xvw-eZjbxWXU9jYEWlDzw6L9Pp7NV2VNHwon5m9ZQy1T0y7VeEXYiGmYC022nXtEkfRklanFZGDYgvQ1SO8/swnoO_lti4cpOrY96EMLPUQ9DyrHJXM9oCnIVzn7oRY),Learnership-OC- Mortician NQF Level 3.pdf (https://v5.airtableusercontent.com/v3/u/48/48/1766800800000/38gTonJbDrIWnVZ3QhAudw/fxpBWTlC5m9OjXm4WPNd4LKgL2IpCPj81zBUvldytTl5C9XFVLhzmbHQiSpgUkYtLtb21LqlKFPSIu7iKCtWTAPqzbilJvx6ln5V8fW2SwSgrsOMWIAp9rBy0N1kGSkecEvYkLjG9ElVAKocEIbWerq9dU6MDgigoQ5doU03gYF14V9maBvF4PiczG2aUBoT/hAHyV0xDwMxwp7PUlLFgqaXzzskrgRDA9P4lH8AckFg)"
122235,Mortician,Intermediate Occupational Certificate,https://allqs.saqa.org.za/showQualification.php?id=122235,NQF Level 3,156,SERVICES SETA,"EAS - Mortician.pdf (https://v5.airtableusercontent.com/v3/u/48/48/1766800800000/oYbyJEiboLitHyw0VcUEdA/Xt9n0DuEvmpRwRuKmJ9o-_k1x0ge-d429jgxGyOKW8C408487S7aWBno73TmrVHvSdXFHFRA1AokoEgRLAY0r0ZeLrNqTHh3J7iWk1hIPZJ0jrvz-gCIBn7JIVqlDvfJAvvt59oEq5tP0VW4iq4iPIBd6EUscWLUdJLSwZClmR0/EEW5N3dquUtdYjS-BGH7OpjaRfUsqMwqnVp2oTXkRCE),Curriculum - Mortician.pdf (https://v5.airtableusercontent.com/v3/u/48/48/1766800800000/iwpkvOx5bvjS5FBzWC7AHQ/cchtnOC7RK6-UU8WbuOTbsagkSX5EXWhlg2OtQrsKBsAPOafBCHbpjjPnhhSCwk9ZiFMGNGPI8Tf75zt5VHfHf8FNgaFb-IdI6e_Jrow90BZmIKsAETWyi42wxhPnLOx0qmpkiHbeblce7n6X4SDuwQa14VyIye-knuUoVw3LnE/g7cFwgm5Sk23K_DLLNLhkhL5FvTNBCawupraYBTthnA)"
122621,Motion Graphics Designer,Higher Occupational Certificate,https://allqs.saqa.org.za/showQualification.php?id=122621,NQF Level 5,229,MICT SETA,"QAS - Higher OC Motion Graphics.pdf (https://v5.airtableusercontent.com/v3/u/48/48/1766800800000/-xEaeZqweCX_ovrsX4hPoQ/b3Kfc0uWJn-xLAU20cUhPnLZmpVIfQhd_3wyguMvOC_ELw9FNFiz6ECRRcErq2ZMoHA8j9vsQBMAX5ISzU4Kx_DMiZ0R02QIHM9lrGzXkuVbRklsZU47X9_qXse0XtCL1g1RuKRjuBf5fdjIy0aRIQIkT0is7emdag-mVYl96VnNLP10hX23NjCInXwpo4qn/oznVV-ZSEJ5mLa1nGuiNpCDzlqLZESeS1FpTNLFcf3o),CURRICULUM - Higher Occupational Certificate Motion Graphics Designer.pdf (https://v5.airtableusercontent.com/v3/u/48/48/1766800800000/by89bVl_XSfCQ6liZwueoA/jBshE-_CAl4BDVnMVf0TNmhKZ2hK3LGn8CJJldnQJThjv9akQaAtOyBaRICtjKgODqvUEqJ4mhP552FrDlNC3nifwYFQrhqqnFIWvq_OgZeomiT3hh0q2Cm7fA6TLM7l5C40LAe8Zwlop6dn2UoK4YTbeHC7wvZSfO9xDyLCjduWpdTEJTtEw7QzSkFgxqTFKD6RShr3jX5pgsUr6RkfNB0BZbQsY1tJ2hTqd_jbyAQ/S2oh0TPvUrFk4sUt2z6VwLEK0kpObeDVBkGouZOnODE)"
97591,Motorcycle Mechanic,Occupational Certificate,https://allqs.saqa.org.za/showQualification.php?id=97591,NQF Level 4,540,NAMB,"20150309_653103_Motorcycle Mechanic_assessment_specifications.pdf (https://v5.airtableusercontent.com/v3/u/48/48/1766800800000/ioQyp8wUOZ_JHKkYH2Q93Q/frGldePYSo4kaB8t8woKmYBswbWVuWkA0UA6A7yyvXdWBwuIU9nOg-OEwimP2wk4ztf7zZrJXvxrp-ruDdhwDOlaQrq4SxJr__aPgUo_OVd68Wd_PIaLDp_DtfAi1fhP_qHg75L7tsFBBEl8tlnU2NZu8LfHUspx2BsmyVwKHsAVukDX-_-dkTFu8C3x54nY-5Es4uPpm_j24nChvUN3Ig/nIuoZGHjxDjiPcLF4IOHWyk0p_nbH-gKvIsCPLBzKgs),20150309_653103_Motorcycle Mechanic_curriculum.pdf (https://v5.airtableusercontent.com/v3/u/48/48/1766800800000/dpaRjGbIr2UXs4_LuwtrMw/lNqGpBS-9uVLK_il0hEdLO5KIY1rDgQJOdGrxnj-cuNxTFGUu5G9FVcMZaC2zrHbEux5DFPeNMKbKIXOJlMfrIe4Z6-Z31mq_29z-kTWs3NhxQV6ZRLQsTbYD8sNaBEPrdl1MOLcj1Yq318FC5jcJXDAL7y6ScEM5JrQycYQ4LBv162qEl3Im_4lm1xxvUCg/UA_z1n9lSvRiY02sKmGSRXX_tqo80RUgfrrJFE3ir00)"
91785,Moulder,Occupational Certificate,https://allqs.saqa.org.za/showQualification.php?id=91785,NQF Level 4,364,NAMB,"OC - Moulder - 651101000.pdf (https://v5.airtableusercontent.com/v3/u/48/48/1766800800000/W6hO0rp3ewsjN-EXa3DFEQ/vZ1i-OZeTrAGmbc88bT-U6FOVAMqPT7mnw4alySJFKkovbUvC5KkoMfUWlEZ_HLUQWkmLJHmCJuQEATzodrzLiESDDPk9kOuGyb7kcfiz2YhggmH4IopMrO6YbyKlxvuUS2LPAv0-R40bc0Cim8mDJiCbMsFJJFyzh5y3U9taKs/65qH4bDOCR2Hv_LYpM2KoH-XPOkCaR_RgSXNxsauNZY),651101000 - Curr - OC - Moulder.pdf (https://v5.airtableusercontent.com/v3/u/48/48/1766800800000/y1PkyOnQwSshOCmZfl-85w/fCrtBaxsPxbaQygYvcYtjNi-Bt_RzXcJzo3bupjBcyi1P6KSW3vaG8Ejhh2X6XPDVYvfE-PRCOQ_65vIuFpkxhjUTo5T-TIxQODLcJV4wnNi-LnJ3o2zu0elAtYD7McOb8Q4HgENZBsB8kuy_ZzNtgRFunAv_sxg878N7hnU8Pg/m84Ctj8gGJyCN9DNCUmEVtHLWWRCgnMP531ZiOBqkg8)"
104801,Muallim,Occupational Certificate,https://allqs.saqa.org.za/showQualification.php?id=104801,NQF Level 4,245,HWSETA,"Muallim-External Assessment Specifications Document.pdf (https://v5.airtableusercontent.com/v3/u/48/48/1766800800000/yxXpRgUBwjI1xzZ-GGc6zQ/rW0ixMSAahLpbbR9OzJYawL7DnqINO6mKhFhXlGlM8bBsbtFJAucxj35ZTRPFv47eD5q0-zYxffblNAG4AtNKTSI0yyE3Ek1v__Hc_ABAwodtpjg8rmp3w4rzY5GTut3w95u613ltLWP24F495GmrsPvRByJSzrd2KBtDIQMkhLfNfjJgGkrYkFHQzhp-NzV/0LboZFhAagiqz6MV3Q9OAz37fp6eQMPoxfsM71Cds8s),Muallim-Curriculum Document.pdf (https://v5.airtableusercontent.com/v3/u/48/48/1766800800000/Tq4U_iFRnYxmpFtJoG1TFA/68HRZr87Q8Mz9_edlMSy7V6CIeOEWHGH2Q9GYzoyEjsQVnG1u4CwGQeDGspDnNy-1a1qkdj1nxMbMCn_f0xIEgliu0I8RY9fwBIitNOsHRVKGvetwDA7aeu75jiL3Xje97DjVS8IJxkNaYTQG3xLm1J1gxQZdexnhfBQ7buGCcA/ESOA0Clf0zWQSjePQauXvdIybfZp00JQnYWpTAjgBfE)"
118775,Municipal Finance Manager,Occupational Certificate,https://allqs.saqa.org.za/showQualification.php?id=118775,NQF Level 8,721,LGSETA,"Assessment Specifications Document.pdf (https://v5.airtableusercontent.com/v3/u/48/48/1766800800000/m0ZT7_6iDzHOOk_wZC27GQ/ICNyMme78L8eaERB8sJvuIWV0zdQTQTUgQCyIZVMS8CHD32QQkgKj73QjVl1vHd8pcZ3cES_7c6WQtge20LXf5C_qRMTyUPwHa01yN9R-2O-xJnwK6IY4Ln5aD2ytZkbC8HMx1AzPCKQwcR_o0SF8bf-WTn2JieE2c4gS5JBFq4/IP9dihzvGxPXCWy9MtHVf0-Y0akEofTR2Ug4kbs-u60),Curriculum Document.pdf (https://v5.airtableusercontent.com/v3/u/48/48/1766800800000/v_lo4pkTOAKl7rHHQfgPGA/rwnlh7xfBTzZRgkKPOh5tklpkvkVxwqRCCiT-kQCKI7plgs6KDiJ7n-nYmRAGOskmLUim5f1mLnfblRGb0F7xU0INlv1azN6-rtqjHxgP_VkoJIjW__ISfFyzM82J6aqOH6UyxhyyfYa9xOVN95Nusp3S1NdRvSrKL3s4lRXztM/ek8DewYrH-n0Hqr0xe2Wm2-T2BDfJ6VsTEmQAqAYoYs)"
121670,Nail Therapist,Occupational Certificate,https://regqs.saqa.org.za/viewQualification.php?id=121670,NQF Level 4,47,SERVICES SETA,"Nail Therapist Curriculum.docx (https://v5.airtableusercontent.com/v3/u/48/48/1766800800000/_meYYdGEzKpgwWPkxMbtGg/f7Yp441zXmO3hdXNx213GVToP2FP8F70vbN9DKgvWgoEUofv6YZ7gr0ffrO8-n2ZPkq4jReDN5zMfsAX5-gTNh3qw43LOGYkJYY6-dqwlDU5dpGP01Z8N-n84S0EI-eHdVuA42at6z7wo_Tpf5BnrAKZfKWmizNr7Mll8sHeQGJAIcbRKUY7F5yGdQzgJEFd/eCujDY985gjmZXky6SEYYGTVBphM8M-bxMOHUWDUbb4),Nail Therapist -EAS.docx (https://v5.airtableusercontent.com/v3/u/48/48/1766800800000/S9UDhY7mkoKQDeTxj-KQag/wwIO0rYzHysxBuv9c4BNLIrk5m-PRRLv6Z4tcB0CV1scj-G13ZD_LFXBbnRx5GJvttzCDLIOsylmbqpy4qScpTSZmFcVsB2_0T1E31rGI-idMOvvzXi3FYDW3WXF_VhmGhUdShLT0LQyr57-mssn4gl2wIZbIzUKRPD76xQW8Io/KGsCZerpYj3lFYrVhfayfji-6lPVtgZgdz8cV3nE_oc)"
118806,Natural Energy Healing Practitioner,Occupational Certificate,https://allqs.saqa.org.za/showQualification.php?id=118806,NQF Level 5,276,HWSETA,"Assessment Specifications Document.pdf (https://v5.airtableusercontent.com/v3/u/48/48/1766800800000/XdS8Lt2uok_kDEzPfc9BbQ/pQ2Jd6q1vnW6ZoMiNLP5p9ftDD_qilvENKOAszNVfB2TO2EHkDBa4aA9a9HWALzPRDzGEenB5J5lZAHxRTwUABY9bEfkMXVnmuFbS7oIHE4SgFc9KDN_H6uRoqQgVhn83-WrN7Yhub134h0OYnBLbet7GX0-RssoJesOZh-b_JM/xvtH8nBPL-v5Bpd-ke4We62QllAqXBcDKgPsiNuBzbs),Curriculum Document.pdf (https://v5.airtableusercontent.com/v3/u/48/48/1766800800000/OSqxsFvccY8tJme7DSCbbQ/6WwH9RZMBkI0rTwvXBq6fW29udEYpk8gpjbxzz51OOMDd6rtCXAQ1_TbahZPRjZhkCiptwOA4lZYqFXAqWY943Ykb8gXTFclZOaxKsQHcjjWMvmAeI2cYvbQJLRpUS-AvIRPlPpD5Lkfc3soQydVBee55ekRXR6joG7oaGFghi8/vLs9x63tHOKwvRXFdvFRfrfVc5N8LJRAbE-5TQ9kEl0)"
105027,Non-Commissioned Police Official,Occupational Certificate,https://allqs.saqa.org.za/showQualification.php?id=105027,NQF Level 6,250,HWSETA,"Non Commissioned Police Official-External Assessment Specifications Document.pdf (https://v5.airtableusercontent.com/v3/u/48/48/1766800800000/a404JioBT3y80w6NJuQZtA/XQfl5ejvrKcOAuzWNcnnH7Ee3KaV3CPdINJ64HSnPlWcJES-ivfueY1YbOgCrIMe3yocfQrXGBCis94BZH0s-qgnRLlY1Zzp_8NdIzjoR6qfZnd972-DJojBekZ9GIre0ggyQrkAHO-skelB2wH6bDPWjF3xGy9EvbXCLv-TVBKsMqtL95ofrgJr_-_6waiI_-6YdSkbOZkNoctZ2BSc7DkQQN5oz-vWu7MZRlnOOZI/6Dj0iazxslg24t8rqDF3VbYL__y2XBZjV5LyU-aCMHM),Non Commissioned Police Official-Curriculum Document.pdf (https://v5.airtableusercontent.com/v3/u/48/48/1766800800000/FtJ5R8glCb12q4JO-ydWhA/bTFR_raQVSwVNefPsNjcwqO352dd5hlwgWncM9meOMLdVBYgwiou-sYY6pq39zTVn3a5hhs8hxVh-ZclcyotGnGn2J6UXrhH1c7EK3etvVgwx2_mmzjDaG2smHYEHE9DWPR0lDnkjPbDx3JiEtPnGLetdt3ni02kRNxNGc7fHXGeCTZWzjk_DYBRR4R_JnZ6/_-0wEZUQmAWdy0W2YwUT_WcKdZCUxw6ypCjTl5wJMxo)"
119460,Non-Destructive Eddy Current Testing Operator,Occupational Certificate,https://allqs.saqa.org.za/showQualification.php?id=119460,NQF Level 3 ,56,MERSETA,"Assement Specification Document.pdf (https://v5.airtableusercontent.com/v3/u/48/48/1766800800000/-RluDydwx62NklXEasa1Fg/NmYuNFBjYZBU9cR4INCtsdoSrqm1Q8CFvjsycEycbRPT24GU2s_zp3AxK2ar9IhUc2zhEXFtRRchTDKtFmidhN8LtvdPj4WgYf3FAeN2lN6JmLtoUueQZbb1pH1Pk3GP_crgp8AsrtgSFj7Dddwxotft2JuZa-myhth82lvmalA/y7DUQD8l-I1dXKjINktQrqPFBUrdkXzFBWuouor1KyA),Curriculum Document.pdf (https://v5.airtableusercontent.com/v3/u/48/48/1766800800000/4Byd3SxrfiRoqM8nsghEYw/feZ9uxNBcE362eDrBK1uBmPGpyIkQVYOwn9ycz7TOCqqSh7X5SS2ic0hM7R_V0UA8NUPXmwIXVDF8wU84U48wThS14O1Qn1taw2L2QtqPX6owG_2J7lUkzMioStTgR7NZcy_NtMoFuy4KZY7ene_jvZ14zHSeeI8h-I4Fs3X97M/ofwjxBq9KyOHXkTPB8J3CCJ1mbW5cV-z7z9LBoxxzwU)"
119434,Non-Destructive Eddy Current Testing Technician,Occupational Certificate,https://allqs.saqa.org.za/showQualification.php?id=119434,NQF Level 4,130,MERSETA,"QAS_20180331_311703004__Non-Destructive Eddy Current Testing Technician.docx (https://v5.airtableusercontent.com/v3/u/48/48/1766800800000/UAQlYPeGvGCSxMFDlfQtBA/TLv0s2ISWDCRNXWSbXAklN6S9ss6B2aDfallcdHt8NgcFdT9jzC6OnbSIFmxx7_vf1dnjuo9qfKXOpE0h-QMgXAQ3i7mgJXclewB31CegWl-4fM0eNmgaTJMTrrMSzvlU2dS5IfbTIzfzfP2_An5f7keQIj28mZnl8IYO_vqPIaFjXPBkmMnKCz0S78Yxw1CWqa86wS0tWj0uJK6Qs5pkIfyICDsQoCfyftyr_YHXQ8/VcLTAU3YRF_AayBZztlu2ZYZih3IPIINUx2-slCEBEs),Curriculum_20180410_311703004_Non-Destructive Eddy Current Testing Tecnician.docx (https://v5.airtableusercontent.com/v3/u/48/48/1766800800000/kQPkd31S1ZWBcEHLuJNPYg/A-UEZTaLC0UlViKY-tVaADN5-1Mznn-KNCJHKJMjf4NUrg8cHTQ42zyjlEesxccbUNHrIKwhhgmdW9B_SPPuyTpi3ulnwlpK8TfCiShMga1ziGdr0RmmocfHjJHvkY2X-fhrr5eV1aMaSSp40p3-ZvBMHGf_YyvVQS2RpHeBe5DAs3TFOVh1j5drs8T6wE-Lr9Kemnny2218TCoCC4sszKNweMVFlz3DsjQ3f0z5SVw/PxaOQnNVCC6YoOQLy8x3IWs3uuwRo236bxnH-hNiiH0)"
119459,Non-Destructive Liquid Penetrant Testing Operator,Occupational Certificate,https://allqs.saqa.org.za/showQualification.php?id=119459,NQF Level 3 ,25,MERSETA,"Assessment Specification Document.pdf (https://v5.airtableusercontent.com/v3/u/48/48/1766800800000/3ZwujLxsX8Oey-GgOwUPxw/eFt4c4IEesAJP6x1EqD8ii5NRi6gX4TS3oszubU25X-oqapkjVbgDweJ5j8eUAzsMTK8C592COgS-rpUwsZ5wwQBKexgx5tSS01blIuOKrlaqrC09TTJ9s84ETZh4r7Et3tuxlm66SYviBTVroXyVlpup5sk9ynaWD-Bq5M5xRI/NAIIq4orcCgGc9Sp_qA_snaLGlk_KDZQACAUo8UeXVQ),Curriculum Document .pdf (https://v5.airtableusercontent.com/v3/u/48/48/1766800800000/TcMWDlOupRJnt-ZxlcOVrw/5XyocQw7xclVzoaJBhT0jOl7hFbVKeAHl1C0Sn0GJDOyfLa1XG7ejOWIQnNsFxe37w05nsAQhuSaRctP87Z4Dzu0jeNTsEDiVdvpfIey50sOVAe5iGwqGjjgm08K0DgHSQPOeOPXRKQUM05Cjq3JelWTd1DM2ybvP1AxLuJ1QtQ/H10nmSAxf5V46V9frErm-yljkUG7cmRXjJ39yWTT-bY)"
119433,Non-Destructive Liquid Penetrant Testing Technician,Occupational Certificate,https://allqs.saqa.org.za/showQualification.php?id=119433,NQF Level 4,130,MERSETA,"Assessment Specification Document.pdf (https://v5.airtableusercontent.com/v3/u/48/48/1766800800000/nYwfdRbYA35_wHsm-xJm8A/dTth15GhCpklSw7d1mrCIdqo_jCtbjZyHPUQgLW_hjd_pcbH76jzsL0DhAvgNOwIGr5Gf5-CIfw8xUA0FBXr9VtH17QJFKKaRPb_WEzhaVli7gVMtPOqvF9I2oc3UAF8QNKujQQPeNWA0OLiB5QeS8HAtJvu7s0_KWDI6-c2JJo/L81EHi-IoZlr5jcRH1NkurxehpuD2fJBpnQcwvNWNlU),Curriculum Document .pdf (https://v5.airtableusercontent.com/v3/u/48/48/1766800800000/a-F6RQTlGeeXVkQt6sXWEQ/oHbFtItV7biMz0NdHtPPDfjt-KsOIM1e1CWPLzA-C8L_B_RLAix-Qh_eP96DhD6kyBjp8Em_D4ZuWGYM_vyb8kxxZcQxZfqtSnDeDB_lyWmdl49lLVK9dMKJtZbviioMWbhPw_l5liOVlezepamZzkaqXgnFe2G1NHrfUqF01tQ/rm3W8eDfIvQba2yiIgb7fNvnwwhdD9bVUVl74FoYcK0)"
119430,Non-Destructive Radiographic Testing Operator,Occupational Certificate,https://allqs.saqa.org.za/showQualification.php?id=119430,NQF Level 4,62,MERSETA,"Assessment Specification Document_.pdf (https://v5.airtableusercontent.com/v3/u/48/48/1766800800000/dGogYOTTsBN22yW4ZVI_Dg/F9FTJJpPaE6bGCQ6nmaicTnFszoOvUGqsBi5NueO0_PGm-A_61RYJQ83PEJDRN6iW9IPcM0RzXIUd2G64WMC3Th2UgVdwIlnrVrJshprRm_wnh6IRnMofahLOU4222RFQqSemtY78rozM2KyTDKq3ka7hVdqvUHxf5Ny7sSpiXk/wys4pwJ3Cb7kqjioK374BdCGX9Ovjx_EI2ZcJU6MHD8),Curriculum Document_.pdf (https://v5.airtableusercontent.com/v3/u/48/48/1766800800000/a-jaNE3m-W7MA1t7oZhWlQ/lLz1YZFZ6QCwIvQ8bk-L1onPbXRWxEHVWrHyWlJyXoV6OERZLkVpIIyqomlRV_NhNCUJEbDJMFPMhfqTtr-GRXB13APORnHmB3o5oJad7-V1tvvnxks_QviCjxBZt8FRHXX1YAbl4ROAyPDPh379X9DjvDbctYMTtFm8SJ4iOqk/aJ0t4dvpt-6QPZFVF84x6NmFm2Ix4HEK3aSvxG4nEFc)"
119429,Non-Destructive Radiographic Testing Technician,Occupational Certificate,https://allqs.saqa.org.za/showQualification.php?id=119429,NQF Level 4,140,MERSETA,"Assessment Specification Document_.pdf (https://v5.airtableusercontent.com/v3/u/48/48/1766800800000/tjPb3MgFRrspeALcBgfN9A/FIYlUNzhh5Qf-shTf93VaIWBUV0PoH-UhVPKPtiJlUzs3cC7mAQzc5OjoUaaN9vrckKV0P-9l8fA7lcndqSJNsZmN0dtCw7LEQ3VzfhZJzm1WIAvgk7RzLWNRxro3JPDGhHhP9n7yTNZG94Hry7OMMdEj1sQCz6J6YZBZQCzT4A/6B8y1uaMNJK8QVMhWAzUgMKEcL1VhZpz9m9oJWNkI5A),Curriculum Document_.pdf (https://v5.airtableusercontent.com/v3/u/48/48/1766800800000/koC0V6oXZ-uFwvWsfU9kBQ/GduMyPEzSxvdXsTlxESN2joVzcB0GevoYIKqdy-gRmY4tlNEnrOAfE1RQI09lfGpaTT2m8XntAQbEajrTBc12BlBA6SIsG6JD9VEehgQmO4ZdS3t3AcUU5Kdl3dgqM6twbn_vzCMU48FgmQS9XICdCFeCYnz2XB2H9AykR1IUNc/C2bXCMH62Onh_J7uRBNG_5DpFVUODzz94J38RmJ0iO4)"
119457,Non-Destructive Ultrasonic Testing Operator,Occupational Certificate,https://allqs.saqa.org.za/showQualification.php?id=119457,NQF Level 3 ,52,MERSETA,"Assessment Specification Document.pdf (https://v5.airtableusercontent.com/v3/u/48/48/1766800800000/NPnGlSS4QO3rre36Zasusg/GlwO1u3NhxAnyYrJrWrx1dVy2IOkZmTNzEuhaAcoWprw__Gf5k28kNChvpw9zWLozD5hh2ffAbvTaE7_GT6HKlo8Hf3xC7RjZ1jL-PSaOWfe0UuM6R2EKZJLLg9F2laDV7SAdUY7fcQwr1g2Ng2cyS0ZvF9nzTMcl0M6NZjfk5w/FJBrganNiGsiPY-HI_on06-1xmjQ9z-pkWktf0T3Uw4),Curriculum Document .pdf (https://v5.airtableusercontent.com/v3/u/48/48/1766800800000/Rtoo_YbWBhdtDpYmJLJDLQ/yPzsitiDaeDnaBThi8hEzHOTIjElDET6t4Y6eon9fy7iwVwu8AxDY_mcg-dhHK65tqrz-YRo-qnxZu26hCQ8wOOBJRgFaMMgdDGitXgAYD7naZESCzu_YYgCwkJ0u3RP71sEa0sBTvCZxuUyRLv6-30v97HsntawnX3IwVp38io/7psdLZsCciwZap39tjpkYiv3KK6CwpUmEPW-_hkTfb4)"
119427,Non-Destructive Ultrasonic Testing Technician,Occupational Certificate,https://allqs.saqa.org.za/showQualification.php?id=119427,NQF Level 4,130,MERSETA,"Assessment Specification Document.pdf (https://v5.airtableusercontent.com/v3/u/48/48/1766800800000/xtcalrEEgAnE07xnkqtPJg/-qO0Yh6SbsUbIa4PYrUTpF-YTN6_Bd1Lza9KSdH4MRrdVhVTmwGVoN5vMVcAVH0Vp3iDEFoB_JFjN3B3B_yy7XHKysSTDZfqfAljBcaltq96toTSRnRTEZXzGvUYYktl1bc_rcnmUU3WkIAP9id4YaGejcnDKEyV4ZdqR8MkW9U/XMkB9fOwL9354OMj5wstF5AL2Vxyo4cmejkSMHHiixw),Curriculum Document .pdf (https://v5.airtableusercontent.com/v3/u/48/48/1766800800000/lA2b0PWDNjhlno9QRb5Gww/WPCNtMVMR0PfghYmVckqORzlJIOIgHSktdfhiwuKMwak6cexzxvpEDrXqQalJkTj88j7sE5uzYFpxfVCYNPlWj3fWnS3qQgXToG2GDGyYF6TDM8drcDWbGBgLyPzsuCd9ADX_xmOvjGA65A_hdA7VL_MFbQzPSLBBEOYR9oNejk/l3w21dbj3etRNkOX4h2g8tEiTUuRh_8mNKNTuBalklc)"
119454,Non-Destructive Ultrasonic Visual Testing Operator,Occupational Certificate,https://allqs.saqa.org.za/showQualification.php?id=119454,NQF Level 3 ,48,MERSETA,"QAS_20180329_3117001_Non-Destructive Visual Testing Technician.docx (https://v5.airtableusercontent.com/v3/u/48/48/1766800800000/UWgrCrUEc4n9LhX0UfyDeQ/BAXqOK4julotiaib_zX7NYD1xHfig0lpfB3jbvchT_KprOKNimoE14BKYqK1BFvJofT_kQYRQCHNEpPzd-VjubHY_IkK7q6nyykL91-_BKRQwaAOkTNyjVN1slZum7Ha78g7kb4JncLefI9bviCMv6LWFO6ZPzJF41Fku7QFjzNLaJmBzVJV8IX57V2JcZyZ2u9sb19UejDWSV1p_o-LBg/8izD-shdoHR0ywzxhSQY-xFyxkYZbEYeKEMl8zuJbDc),Curriculum_20180329_311703001_Non-Destructive Visual Testing Technician.docx (https://v5.airtableusercontent.com/v3/u/48/48/1766800800000/9s7sny7mfMirGn6GlEwrGA/9HtDrbJ6ZEUanWGHaTWsxHSJL7aM0C2_9VW78tPyFuUGrDEgcM5bqOqiOHJzrAkKmexU9azuoZDsdxpy9kflmLc82PvXWRPQCV1pUg7GNbcm5T23_oDApcZLo5gePB-XoKPTaJLBNWGGpegcMzTSe-zGtekDEp8mIMY7AYELHaYj7gz0mc1Y77tyXtxMv4c6fQSsToA8nN5pGL-GUSmQN9WakQyC5rQ5XQFqPd55J7g/TNwwVpzOkLw2fZpU7kFf2XzfH_LcoQHMHvCCIaBvaXs)"
119456,Non-Destructive Ultrasonic Wall Thickness Testing Operator,Occupational Certificate,https://allqs.saqa.org.za/showQualification.php?id=119456,NQF Level 3 ,51,MERSETA,"Assessment Specification Document.pdf (https://v5.airtableusercontent.com/v3/u/48/48/1766800800000/XZzu2iFqFqUsW7OwMXz12A/K4HS3v1-xkMU30FZjak9DBVVzVcX0aP7MK8vVH3ujjwLDKw06YeyITPO1v2XIA7CL7dmtOieLIgBZTMFuTrhD6bveaf3noRsEmcvfrdR9wUbVZ4ngCFb35jQBzKLx3tOoo6q-9EjMVzpxVta14pNQ7O9_dxnB1Vp4m9W6KtFMwY/fE7jPjqF3VksL48o8Rpf0QXM0HTEIu5NcdoNvQ2k9GQ),Curriculum Document .pdf (https://v5.airtableusercontent.com/v3/u/48/48/1766800800000/gTjxnIwfeigRmS9-eakx4Q/mX0IlUfD-p1YoWLppG1EZ2DFE-S-FtWZigDywGY5wm80Gkn0dralTwA9jxNo2FsMqviwdbkW3LxZ2SpurNWzMd0BfL-v-_AbvjL0rIXRto_NwORIr-n6zOi9OJRb8Q1k7_ySLtC1L2BXS2BiN3qFfqGr6hHMvRAfNKVIexoh6H0/IfdqkVn4lGMzaiYN6DBo_xmgcYLEq0ynM-zMwBCA3WE)"
119426,Non-Destructive Visual Testing Technician,Occupational Certificate,https://allqs.saqa.org.za/showQualification.php?id=119426,NQF Level 4,130,MERSETA,"Assessment Specification Document.pdf (https://v5.airtableusercontent.com/v3/u/48/48/1766800800000/h46UlMOvfcBvurgo8v8SJQ/fpvx3z3d-YbsG4Q6OvNhBYmmhdn1sRV8HEpSFDaV70IaWmSdHPcbjs39_A9PUFhfp_dQvfPY0HIIRtsN1eBsYaBxkUJZ4-k2a8bfGkirutCwUT4sX6G_n-tBrEm3a_A3stIjfLO6Ik1uvJeFFW7SAkaPnDBWaJXFaMGmHU4KtE8/zFAyvTp0xpB9s2QUNZ6F1Nb_bXfaUUuaSNqPOFDNhDY),Curriculum Document .pdf (https://v5.airtableusercontent.com/v3/u/48/48/1766800800000/HS20SvmBQDoVCqW7TImcxw/i46PEuw6lsMceQUUEC2ma6FEUUeItyc-cNm0-6MmMrVzt24aNWk9BszQ5WCOiYkc1Xf1tK9ya9HvQpb4p4tFP-2Er3-ue_6YVHLCJKaboWLPt-ae7Hr02KpirAZbSXHcyAsbZ1aNEvsHdTTpAFSqOwgJoq3QgaW0Ih3u7fqwW2o/AK0QjJWHUt9gwLYpTwuD1_5DLuDadVuolDFBJV6Gnn8)"
119943,Non-woven Needlepunch Production Machine Operator,Elementary Certificate,https://allqs.saqa.org.za/showQualification.php?id=119943,NQF Level 2,141,FP&M SETA,
101369,Non-woven Textile Production Machine Operator,Occupational Certificate,https://allqs.saqa.org.za/showQualification.php?id=101369,NQF Level 2,328,FP&M SETA,"EAS - Non-woven Textile Production Machine Operator.pdf (https://v5.airtableusercontent.com/v3/u/48/48/1766800800000/VF6a6h_j5WZVVPfUe188fw/VntCIRQBKWbCSIjUii-YK031qhP3uwE1uPxaLKnc67pIJZCPBFahgtO3_NJ0cKeS01lDE80f9Crt8rUO7nh4WBca-iwYhvKGC_8hyfFMSY73Ez4wCuJX0ODxu0eeq258ltkZtkeceHRiDDkvfVH1C1gASBw6RujKRxo3nP7nWFPbFN5OWecMnBVbydIvk70RZNj_mTDRHwsuGVSFcircBQ/ljQjxowF93A-lO7jmQMf8K5ectEDTf8SEEOWIj3Gr0M),Curriculum - Non-woven Textile Production Machine Operator.pdf (https://v5.airtableusercontent.com/v3/u/48/48/1766800800000/mTuVKAcvrm5xTHlziPPMyQ/eqxJxHPDES8LzEMQLBwlNPYbH8xm7hA1P6V3X6hjEo_Z9r17c6v_71U0Xw_kWR_RULlg9AlMkWQixa8gZ-EfbZSjqf9Ghz6bkG6bhZuZZarRFiXvvzb6pHUz3sBuKDMatn7BA9FJuJGhf7iuFa7rDWWGrF3z8-YnRpKzC0fp_NDb4AkL7hIh_qauV0FAQI1OoepiZMwZqQ5fcm560FSdKg/ncxNUTEilr2YpIxLIewfk_L2CFtXgd7iHH3lm-nKe9c)"
103149,Non-woven Thermo-Bonding Textile Production Machine Operator,Occupational Certificate,https://allqs.saqa.org.za/showQualification.php?id=103149,NQF Level 2,164,FP&M SETA,"Non-woven Thermo-Bonding Textile Production Machine Operator-External Assessment Specifications Document.pdf (https://v5.airtableusercontent.com/v3/u/48/48/1766800800000/puy6CBcEci9oDeKVfNUuBg/Xydrk1ecb0PBwXzrlnGrUp5lHYSdRNcW2n7RKOU4d8OyEt4yKAFnakvAejQYWr4c7U7RaxNUwTpNMrLRFLSv4IXL6AwRCWNIjSyC3czWnMVR54aCLy4e1MZRCRY_sVzO3dYPYUcpu-sM2QXShq9iQ2BHZ96UE3DsnRR-l77ggZf8B1rOuPVwGOmfZxzWqbG8HaT6I0ACQVboua_-cYIagXlj9aSdRD3JhtO3M8Mr_t7aOkxtBkWdrtWA6AmkvY-2/6xRzL4yMFtC6ouu0XHRZhkF-aujpTlsMWiy8EzaeLaU),Non-woven Thermo-Bonding Textile Production Machine Operator-Curriculum Document.pdf (https://v5.airtableusercontent.com/v3/u/48/48/1766800800000/ktHHaH-_Um0Y29g6BNWYaA/Xl3k6ZeBxjKbPoUGvFYQcOLtQS4uhDqaDvmOAP4rburHe9LZjQHVOW4CZyHjpDSA13pBDziCstSYH8BsyuC65ckLJ9pAFbFPXhVsDRpRn_YIwBxykYPaO0PVXds6ObsXAwkf30kcExR6ggWGqzYsyM2Q4mt9zF4Mh3lSWOr7ALxZoNio7Kk9CfENsLwvLK5REw9DPgFixlnxLTvUWyQXJ-v6VAf_qBzoWOEU3FnsuKA/x6TAsdTn0hxro7upM4aTlX30McQAkzcfR8h-IMl7zA0)"
103259,Nuclear Power Plant Operator,Occupational Certificate,https://allqs.saqa.org.za/showQualification.php?id=103259,NQF Level 5,311,EWSETA,"Assessment Specifications Document.pdf (https://v5.airtableusercontent.com/v3/u/48/48/1766800800000/yKJvlWRV0nJ5BbY3FmQWiA/nyhi1ua2_i-jy1ciYXQy2LN8TXLnu1y1GCDZ3MOmwTVW1KpVFugGfoLsvEf1I5-Us0ae3p-yhLBBZ2iNbSHZ_3aDCKYyDZ2W53PN7Rr-R3Xr3P0kUS4JU8ge52xQNWq41a4xKcvm54c3P60YA91WHUOUSvdLaXx0sEkbBDGV8as/qtXg3--3p7gyeoyjaAauyXsgPS3HCgI_xFbc9Kfoh98),Curriculum Document.pdf (https://v5.airtableusercontent.com/v3/u/48/48/1766800800000/EY5O2LxukOKv3wzhhRcB-g/dYZ1JN_-Vf496rzX92a-_nPNRyFw27bpQ1QOsDE2ZpYC3astYBhq9X6VmisdEpaCi1hHQKaHxKmPiYFcMSxLuQ43rYRaLZMmdcy5dlWs6yxwHMNlBL9yBQNVO0EWN3KTgI3rA69avEVFY3-fJcF2fkTJZawrmRmWSxFod7oYNwQ/ZWS05vh8yq7qYIExlGlNDa15FEd_Clhl0tSPNvEOMls),Learnership-OC- Nuclear Power Plant Operator NQF Level 5.pdf (https://v5.airtableusercontent.com/v3/u/48/48/1766800800000/r9-IAqUpBZ975cHG-KuvTg/gj-0vBxmv7_2VqRd56MfXU5MaWiAAfUdSObBZPYGgGDG5rdALknWsm4237Mky4f-yoIAjyiVNKq1Xfb2FllBiY05Xyv7EgD5xi23wUcjF3C2IdVIKbTkEqoqbcchKngnKFJIlG_J407HQLgAZmn9KqMl4ZZUcErwbWY_iut3xjeIs92LEoFtMOpSF_Lip5ZBYv9ZM_qet4yo9wVZNF-BjA/lzHgW9FV1ThU9zP-9g82Yv3RDF9fqhV_Z3GzBeu9G4o)"
97225,Nuclear Power Plant Process Controller,Occupational Certificate,https://allqs.saqa.org.za/showQualification.php?id=97225,NQF Level 6,232,EWSETA,"20150128_313104_Nuclear Power Plant Process Controller_assessment_specifications.pdf (https://v5.airtableusercontent.com/v3/u/48/48/1766800800000/J_6LETw0Dj0Mq74gFZh5oQ/vcld8LhLNwksD3CXX5PQ_lRntBtHV50WWWRfKZnEsaK8aifwSGAjzTlGEWYdXf2HorA4xrzWs0b2BeTAXxHAIJdEi8mnuWog8cf_LdotBtlVpFo8x3cmEXQRQovgfwqVrKoOq_UvmTCaxSn0lfzuT5UdcmtpHbEsaHWFkX7kX18_i71pNNXZDfEhyle86KLpBotf6gM-uOIzNquV4Z4tvK_QuY5ReGBg6hou-N2uCTc/uce3P5YUIeiO6e6xi39EYO9HtmUgS-nOlGP9q0Gxqlg),20150128_313104_Nuclear Power Plant Process Controller_curriculum.pdf (https://v5.airtableusercontent.com/v3/u/48/48/1766800800000/VVEdQti_wuC16Gb6fH3FQg/8oGiDxdWhNx_r6Ik4tM2ungo1BPxMF0HEX02oHKyqBGqtC8fAMRIzAoRq39o-k68xiFsjTwXOnIIKCZoCEeyw8xvMewf62KKOWrlvXGTig5cjULk-Yv-ki64Y8s35j7FXIJIW_rULwpA8sfOOESNBYDVPrBj8EGnC2pLqoKJpM9AcRtqyJE4gxnP4IrG8ET6NKx65gXGmZInR7ctLyCCoA/FKk-s2TeuP72loJrZ6eyVPNFj-r5Yz1NOF-yIDc4RZw),Learnership-OC- Nuclear Power Plant Process Controller NQF Level 6.pdf (https://v5.airtableusercontent.com/v3/u/48/48/1766800800000/W_v8DQTwe-pCt7q5VhJMDg/NlzBqMPKeG66PIGW3-_LYkAJRQxf9ohF8ze6dH95sN4BeZ4IybF7FYQrqqS081M8x89UaKEfCdqzV6bbOH6uMtCpnXQZh_MJqr3LFkHmINof1OS8Mf--6X0wvdFHl3LQG3ud_6fD4VygmC-9Vd247-9b34MYnhURa-oMyZe0sE8--NwuDcxiP_cF0PcTlTFKahgLUEKxcWf6O3A2cA7NyQ/Ln3W8teLQeJC-6N_Cs9Q0m05T-7l63zDJH5lvDOMSVI)"
98925,Nursery Person (Garden Centre Supervisor),Occupational Certificate,https://allqs.saqa.org.za/showQualification.php?id=98925,NQF Level 3 ,102,AGRISETA,"External Assessment Specifications Document.pdf (https://v5.airtableusercontent.com/v3/u/48/48/1766800800000/kMCftEo77MFzjlyC83Owww/5pVmkiAaWW1dqOZDW1cn7uGLJ7hrHPGSw4gFNLgkKGMEB1aGeik286ydyX9K8YlTQtYyGdc5G5fSHunwHFguzau5AeryJQCryQ9498-IcnwKQZIjsCCkFQRCfLFxCuHEyjBv4WwZzPErlV6GZ0hJ6Wgf8yQJoMOewFh2TB-wt1H4P4Nt7z0mx9A86JUV7ly5/25JqKet4HyGbu-0s1PsPSbQ1UozLToV6qcjyjyu7ErM),Curriculum Document.pdf (https://v5.airtableusercontent.com/v3/u/48/48/1766800800000/8S9dR_dMqt7j_sT51oJI4w/BZr8eB_QkyXGbqfGypt18wupRqhiMNmQpuMwamVE9B9m9DLjTGNSiK0DvjjdPIU7BKcgYH4LJS_zyUNtuT_GOQbLQOgmDD17Ynbpw7Qzvct4iipsp8HiOt_fQnlfqXOdhAtecCyKP1Gq1UnBo1FAkObft0oPxuzQ_kcIV9AgDrE/oetInpvmh67icaoidxg4cGOIul6hT2-6uf3rAsAnmhg)"
93622,Nurseryperson (Nursery Supervisor),Occupational Certificate,https://allqs.saqa.org.za/showQualification.php?id=93622,NQF Level 3 ,85,AGRISETA,
121930,Occupational Health and Safety Assistant,Occupational Certificate:,https://regqs.saqa.org.za/viewQualification.php?id=121930,NQF Level 4,44,HW SETA,OHS  ASSISTANT - Curriculum document .pdf (https://v5.airtableusercontent.com/v3/u/48/48/1766800800000/5eXsyd-r3YROuBwSbSBXJg/LMbjummoXyJwGJLYxXcg0XdQ-863B-M0KM76XowQeJapVju_4qx4VZoliUhqmus70YxH-r2-lMjNCxPyieRbFqzUgdsD9VIkUgVvo9sjoj21NKiy0EeWZz8ka_MBBrkecep2gHd9_N_n44TkQ3_hrC1hFfa5L3lf_2c3QhzBM9o6U-EvNyCHEBqSv2gL0wkZ/p7halEKL3USWVyL9KG5f78hsRDOvi8vMVDn__szHZ34)
121929,Occupational Health and Safety Officer,National Occupational Certificate,https://regqs.saqa.org.za/viewQualification.php?id=121929,NQF Level 4,120,HW SETA,OHS Officer - Curriculum Document (1).pdf (https://v5.airtableusercontent.com/v3/u/48/48/1766800800000/qzl-GNmR3HTtRGq8Zb5jlg/j3zR4mZlf9j3bRymJKoAJe8iPvFPoxNMUxPs9HcFWEWjfM6-_gFyjXhU9fKgH3-cPLQJiikVpWUy0FrtJvtTY_zEzQmMmAeLWwjmkx8s4OjhbW4hk_XWQxBAbLD6dBqryQVSQBiwOzHAry3zNX4dpwZsiSZjaNTbBdttjPfWQKbEiGIjayKgVbTyOe6ey11L/duLF9XBP5UM6Vk6IJ6olHLMtQZmjTKM1PIxAlJGTg7k)
121527,Occupational Health and Safety Practitioner,Higher Occupational Certificate,https://allqs.saqa.org.za/showQualification.php?id=121527,NQF Level 5,120,HW SETA,"OHS Practitioner - Assessment Specification.pdf (https://v5.airtableusercontent.com/v3/u/48/48/1766800800000/tqp8jyeV5W8AqGpE1MG44Q/e5156kMaMPW1vNhdlQ5L_oaFlGPapZQwRDSbiXh2JIY4BtII68ohiusafUFHEvzyvjnAD8FNUjATLeK09t3DBTLmRbZxM89Ezq6pKnKhx6kU8skPtklevfwMzoZEZsn2e6GbgAZQmOLMCf4NVD2Jf8PBRWfkapZpgijLEaKDb3VqL9HGTWg--jNt8TUj-QhNPCoKfyWPjt7ATO-r1bcVxw/aQ9P-_mX6xvnGJa2iFt2AKxOfwm8LI9CWxc1NQDnFu8),OHS Practitioner - Curriculum document .pdf (https://v5.airtableusercontent.com/v3/u/48/48/1766800800000/JnaRSh3pr7zMAky736v5qQ/YBfRr6_C6Fm-jhW_n9aNsT-ibfZqgLJczy_2zZQ7yJ2_S7FoJjL33k-ZS6zj4fBhI5mFC-yuBNVLQFnzRnTKkf-qTkwO91Ms5xIxnw5F17eeSbvlZV8WVmkY4eegGmQICUKSljANtYK1jFCJt2lzHl7WTpQbclPB9a0sn5jm5QR82aBfRlLeyiGrEvY5MbOY/VLO6sq888WXp1r1_8gFRVMPrfQxdkZPO1q0i6qIU0XE)"
97154,Occupational Trainer,Occupational Certificate,https://allqs.saqa.org.za/showQualification.php?id=97154,NQF Level 4,124,ETDP SETA   SABPP (AQP)                                  ,"Occupational Trainer -Curriculum Document.pdf (https://v5.airtableusercontent.com/v3/u/48/48/1766800800000/wI2acOcA1ge5pOQHQDXOtQ/D5zZ3fF_AqshuW3rAMqzkTCxuCSyvZA6HzBb16DMDO3HUSRguGSA9EZMi1mJHVBivyVl3sZwxHrbM65211NqLhiCe44wjm9atVoTEXxZcRghiy1jmnKPdi-rDcVuSnG4cXk9GEXKlAO3jmQ3A8fRpiwehPSbg-Mej3nWaivULLI_9Rwzq-N1uVdg9p3vB27f/4DAjy2e3pmncleyZ2_9INHh_LGR_AE-lisJk0O_ci6E),Learnership-OC- Occupational Trainer NQF Level 4.pdf (https://v5.airtableusercontent.com/v3/u/48/48/1766800800000/OtJ7tr6qpMJihbqPBz5A0w/tcahZ8YjEcrq6OyCnInA1D-jrxbsjnh4nKNsbXKXLLShEMSM5QmZk8c0s_SXsN9lemygSLCEtA1obecRi8iHe6vJQOlEd7AMJo3gpqgqyygVeDtwT3JstwfsK0M0TUKwTI1UmTvHp5aS8raoTBIMtenKhLYqDMc4oBz7GJynhSVPXjYqWCyC_STU8icsUWou/xyyYQ7oJMBZCUf977hpYfOHi_redIQzCFgD4NAZZLPQ)"
102161,Office Administrator,Occupational Certificate,https://allqs.saqa.org.za/showQualification.php?id=102161,NQF Level 5,445,SERVICES SETA  (DHET),"Office Administrator-External Assessment Specifications Document.pdf (https://v5.airtableusercontent.com/v3/u/48/48/1766800800000/d6BB0r7iHDHOGOl1jvUiiQ/-17zbnR5qaBlGq7pOCrpRzH9AQIIvIZm4SoHIxlK7Wu2fqDdCCvMNNiJD0cJxAWLZXaETtwYhcd0tHMNzGgskhMpr4Jck5YcIxN7hRwblOO-OgPgL2Zu1gtdHvq_6AJ7xNEzPmbz7nCri5MmRQmv9Kd11ldaME6FmMKQk35XnsG6k1IfSUCQD3PCLhH5ibIamR1zuWXTaaIxTTye5bGTag/Y_T4wA5kcI87xFcKIxqcWbU_8mcBX7BIrcgVcOtiaCo),Office Administrator-Curriculum Document.pdf (https://v5.airtableusercontent.com/v3/u/48/48/1766800800000/f9DHnnxcTYd3GXPcHaRgJA/ZUWz5mb782hE_V7lnOHdGfaby9J2o7KtwQOY0wJQ59dU5FTD27iS5rGlC-W8RMN_u18sm0YBnAAUvxYhQIQ0LWkDQ7nTdSxPjrABIwx_qhf93cAGsTeDU8DgE9t3obVExknK0RbXq2BqRz8OpgE_em2X9bp-BtbNCfbHA0_17tFcHHsu53vF9GZR14vwW94k/tQrNmiugPUZrxsFmZQ6vd0WV7bHu57RTXVAEsrX5J3E),Learnership-OC- Office Administrator NQF Level 5.pdf (https://v5.airtableusercontent.com/v3/u/48/48/1766800800000/u3btXK6PnTwFPYtnB5UL_g/UJVATnVgLWIQLiMZmyURjXTmThzgUVRpC-O870ENhWcHc2x8YsDw50fAJyT2CHNMJ4Sc0Bar4XmF5y-zInAB5Dk7s6WxmeFJ7Iz5CQVhhP78mqIVHupcEXWIDOGZZjUn_WFrLSpE4QwQHctTsgPVeN8-zo9Eo8q6vfzQ1JnErmfnlguuUeg7mjg54wdwUAr-/W3C-MP0INZ9swrMZg_4QstDB-y0bPUOhTY70tPezeMU)"
91994,Office Administrator Public Service Administrator,Occupational Certificate,https://qspe.saqa.org.za/viewQualification.php?id=91994,NQF Level 5,52,PSETA,
118740,Office Supervisor,Occupational Certificate,https://allqs.saqa.org.za/showQualification.php?id=118740,NQF Level 5,240,SERVICES SETA,"External assessment specifications document.docx (https://v5.airtableusercontent.com/v3/u/48/48/1766800800000/1HC1uTdJA3Xn1J527ur4lQ/xNJYoEkiCg5NIZ43w1luzOoLN87QyQwnNEHzH5u78jWkS2QOpkcZB1qr41bo_HOl0J9EkXOdQwyo9guTJaG3GW9bbbiDs_YR26K7zLVQcemoHuWv2IQdroUY0k_C7IXiCQmM69FyXmH7-NJwkIcOSWGeRk8swXu3Ob1ynpm6esjDM36ezZR-6n4ZLG-SoXAa/Nq7HZBOLGJBJpFCqPoJuIw9GqTPfaUpKBlUsKDiXL6I),Curriculum Document March 2020.docx (https://v5.airtableusercontent.com/v3/u/48/48/1766800800000/BwnfQ8cmF-emhi0U0_DlhA/hxBWGjgONMUjPP1pgIVwLJNX_-mJEz4oJLPwElxPf56YLo8313fCicG3DAdfof4LFjBHqySdn4XXwK2ksHSe7ykbFvTQSVeAGkadMt-JGX_rJA4OtATzXICK0ho8v7llGAGxqhfJzoqrz-3dU3fpPPvnTi9IqboEboI-wL4GlZE/aWBhg7fWrChGgvCtnK5mSHgDh_XhwuZzaDYzUDbs2ao)"
119445,Offshore Driller,Occupational Certificate,https://allqs.saqa.org.za/showQualification.php?id=119445,NQF Level 3 ,230,MQA ,"External Assessment Specifications .docx (https://v5.airtableusercontent.com/v3/u/48/48/1766800800000/F_RvRHZy-F0nalIdKdNQPw/uVkioImUUExLvyeapZm3pZ_SiZ39cZkoi1NPskpEeLSdFQACvJcMnV6EexrWOZEBS3n1azcAFx8d1ksLY7SQHe4o3aEmhpsCeKXMCQ5tssrR8tynXgTfG7A6s-uw9RVkMC_q3hX0pL1DWMsRIiR9cG8v4badvPhuyQ-G1UDFmLalzZ60jF8BohXN6oaJtAMe/UiSRnsEJKQP3cBiG47n8bzUy2f8tSYTclFDXqFpuQiw),Curriculum Document .docx (https://v5.airtableusercontent.com/v3/u/48/48/1766800800000/Trf14WP1ysMvVV-DYhXO0w/tTb0sgNX_pXRb-1ls4fni02UcC5jGV7C4mKwlh4Vk6xdq9uam_BW3frvgDMSuxu9-EmrLvRZ_D7ZGV8o7Ub6Qeobo2GAa_DEdkcIt6i9BgeDeXkgkX1i4EfR74KgI0E4R70uqepm7sRCZ4SdNIsCaTfAGABMwEh2IrMN-sS5MtA/9GRfqwEzzWeXoryrxDsjTs0Rs0kaTHEGlQod8cZbhnU)"
110667,Orchard and Vineyard Foreman,Occupational Certificate,https://qspe.saqa.org.za/viewQualification.php?id=110667,NQF Level 4,147,AGRISETA,
121888,Organisation and Methods Analyst (Work Study Officer),Higher Occupational Certificate,https://allqs.saqa.org.za/showQualification.php?id=121888,NQF Level 5,211,FP&M SETA,"EAS - Organisation and Methods Analysis - Work Study Officer.pdf (https://v5.airtableusercontent.com/v3/u/48/48/1766800800000/tDKBPe-OFAHyXTGeIDPn8g/wboV7laA1iKa05IqLtC78Rq55dJHB_aIUE-NrUFQol-oBt1d_FghgQmlm6KCam5m5R0tukqx4vBRxXpe06k82Qpl9HAQC5b2TG9LguVGGNWDk6sE3g2OxrIziuh8i4gBFcxIvaybS7wIht-0l339gLwzM4Kyeja1tFYthI--4gWl-aZ8koFCy3NELsL05UUAlDCSGyJfTDO_w1Lp4sahtw/rwQufsuJnIUrs-_Uv8D_QIVtsa4Ri1BmdORjMnsWVXA),Curriculum - Organisation and Methods Analysis-Work Study Officer.pdf (https://v5.airtableusercontent.com/v3/u/48/48/1766800800000/zCLomLvh8u3xqlUTZjpl8A/q70x79laeaGa2Z7Py3E3om8hRKjQaVVrB8hPCoojrMCHbN3jFU7U7eV_Whw7fE5sZZJeJw5DXNOZrTGaqFDI915Vr2uX_4AUaF8MeQdVaytEpM5-jtVIIRgtrfdV7raf7HAnR9xILAVEh4fQrWMy5SYo-X0T561wsGfMKxWT2-b4OgdnZv76EBSzfDHrxn7qU4147LTWCQfHgdMWCbQBcTRiKsyMu7v9l1ETbWyzlEs/TWey0xZNsxXe7LdYVfdvLS6oJ9ieLu-tSx_jv6PdwPI)"
97387,Organisational Risk Manager,Occupational Certificate,https://allqs.saqa.org.za/showQualification.php?id=97387,NQF Level 8,265,FASSET                    IRMSA (AQP)                           ,"242208003 - External Assessment Specifications  Occupational Certificate Organisational Risk Officer.pdf (https://v5.airtableusercontent.com/v3/u/48/48/1766800800000/gGWohRThb_wpTs4ZsLZOSA/ibmTAw8jeWDYh2OyOYK4lZb1ZjQ7iz6hzVwIIbTdEGfrwa0LnL2NGlh5_4dpAOoG_xe5n1kryDeGT7o0hQII_XFlpgHz2IqDOeywVE00tGLbXf8-ljsD2bBfPizMKui6S71hN6QGWlNzbvg2Dn1hKy9616C4nz3NutbQh-li5SLsdlIweI5Iu6adekKaUgvQTJM2vlNUNGzl86GgcVP8IY73t7MVnCLOgtSKAM9BYg056u4-zPFF9IuWGeSyqAP2/RwQcsjHeNzYb1wCugPGvyEBXDomVlhJuCmvceXsCAJs),242208003 - Curriculum Document Organisational Risk Officer.pdf (https://v5.airtableusercontent.com/v3/u/48/48/1766800800000/nu0aqOLyf5xI6-BjZCuBzg/xqgnM8RUSl1WfCoWQowKwWzBJS5ktqTBYxfnKwD7kEN4ArXrCLolR-hJr-zy2tENgXyR9X0VjgV2cxcKnYM8Byrai94QTRkB95gQzIMfcTKioQLfGUS9gKPEQjY091mSqb9ybYv6T62g37WgHF6QmzYzoV9rMUtpV79Rgvby0S1KBbRw7BVmZQt8l3Vvi6-f7kl_weoLb16Ip-99Fjt-tA/NgXBBug8NjjrHpLm-xO6bS1ue1LDlM8XAqMqOUviVUg)"
94222,Organisational Risk Practitioner,Occupational Certificate,https://allqs.saqa.org.za/showQualification.php?id=94222,NQF Level 6,125,FASSET                    IRMSA (AQP)                           ,"242208002 - External Assessment Specifications Occupational Certificate Risk Practitioner.pdf (https://v5.airtableusercontent.com/v3/u/48/48/1766800800000/ezEQS5OhUvjQbRfYhzPU0w/W4mlLPZgT8RzzU60vRCaOTpV6TYioO9SeQb3bTJCB7uZ-wmATLiMpNiAQZuNBw4ffgy4AjYFRNhiWnTbfHZSOIJYxIpYO2pFDLP9Y0DRgOIgK7qScwFNSRUKRZSsoIrNoZ7jzKeJoMxUSKwbyCsgj0oulsnpCScy5AOJL9L29PLWdt_E83co74hY36i4p296iHfkfqjoYwaU8S4nLIgGfrjTJ1-g9w4GsNZKAvHUj5dhpcPhCKlXIQEHfHF8cwzN/x0F_ogxK-pAHnzvD06vzK4PnVEDICsNUjkKNfATbf6c),242208002 - Curriculum Document Risk Practitioner.pdf (https://v5.airtableusercontent.com/v3/u/48/48/1766800800000/QaK7EINswqo8fdoTvRJhTA/0WfQileEKrU3nmVFKdxVkKPBSDVQCRWX4tTj4MVGMcTDroe4_xdChgYzKf8TgW2qiWdHlZHI_M0cDDGLaRVUUSX6Tevb63mzA5PvWgbzRVPhSjJd_7rIr1WAPL5gNabyG5lJYLwDDz7bbTJ38GsFqwYUQS0Z9Klkmz1ARTYpOvK-NpRwkR1E8JXJkO4aOkdo/7Dj8kkMPsES07iosOLWzrWkgJ3JJ8Ui77am6I4A049I),Learnership-OC- Organisational Risk Manager (Risk Practitioner) NQF Level 6.pdf (https://v5.airtableusercontent.com/v3/u/48/48/1766800800000/qcZ5kdLBU-wfXfACOvzMcg/FRNQxS6Zg0PdguNYEvZpRDKKCNJakNoDx07SUId92GwJVfxKXYplatUuG9uqjpCtuG2TD_NjlspKInirC39ZtCJeXWEfD5wuiuTSmcanL78t2JHI1JYaCuaLEYi35o5pkripHxqt2yie6v763dz6ULVQENtGas_bvtp5DGi32vQodpZYq6HFi15NO4jNuph3aC35S0qNhWZq8K4vw6D8nuhnN-fEYZ7HNofLB2dwqLs/gpmu2Bjz-G7O2wwXGNeU-rl6r1JMGsCXBWLPEzqdmRU)"
121356,Orientation and Mobility (O&M) Practitioner,Advanced Occupational Diploma,https://regqs.saqa.org.za/viewQualification.php?id=121356,NQF Level 6,275,ETDPSETA,"Orientation Mobility Practitioner EISA.pdf (https://v5.airtableusercontent.com/v3/u/48/48/1766800800000/B0ggEdDE6JBeLGq_EhAahQ/v6qp4k6yi_iqpo8phjtO4hDKitf7OrXOok0NWivMB7Nhbp1kbBVOT2fbR_Y8kXf2Qc9ZXA97L-4dD7a8xKldbVMKvPraBKIGM_Plk-yHIhShwTOuKcvE0D73fNcPN7Bb09aQRn0hzZNaDkfKmWbR3YP7wt7LkoLcwaTdlNMrGwk4dJs9mgay98MatKKmVdqf/PDPTPhf19AJIdiHeesoxWJTfVVzpmXJAmqmFY-60C6Q),Orientation Mobility Practitioner Curriculum.pdf (https://v5.airtableusercontent.com/v3/u/48/48/1766800800000/BbymsDep9-_9KwfTfR0yBA/021kK6C9BLksIkKKVQQgvbZUSFXmqRzfbNBOZwJta_1_ICU4KWiRmxtWkmqVcUe9r3bH2SEwte2w1JXyJKxL_0c1nrE7lXY7vePK4AU5hxC2mq9-mqjck6JwpYo00Wx3Yvp0pwsJcpqWor5r1lvPYBAXrijNnNO4o2lrsND_IYxV6H4Zm4y59qDANsUFc9Jc/aIfiUPcE1Cax62toNVrTq9ae4mjh-DqPttZsaf3vy1Y)"
117013,Original/Aftermarket Auto-Electrical System or Component Fitter,Occupational Certificate,https://allqs.saqa.org.za/showQualification.php?id=117013,NQF Level 3 ,65,MERSETA ,"External Assessment Specifications.pdf (https://v5.airtableusercontent.com/v3/u/48/48/1766800800000/7qOPIDKH40i4IHlHUhd7zg/ODQbNoR9o8J7XKvNHys9JKptY68BYV2DSfe7bfCncFu3uyVQwy3mLwvhMU5o4NdUfxcDNZztpjR9Knz0ToWkvIxt6_RNSBGa9DI-u-gCxB6g_LFngyRdIOVMNZ_G006dHap7u0zYKv5N5Bq6xpg0bVeVPDtjd8wcugIUfz7tGt4/jjkjGjRA8dXsDZm7DMkv6sOw4ehOLvD56_pUeppoqho),Curriculum Document - Transportation Electrician Automotive Electrician.pdf (https://v5.airtableusercontent.com/v3/u/48/48/1766800800000/ABaWUMQNIo2RFQ-Xia8NmQ/4-pgmSWwmPJrmh8XGeSH4gRleP0A1-VVqK3dNMpmz6mCD046CfvI2Zh_4DnMF48ay-4L5f94-X_Ml4k7fDxqgD61mQlnYqLNp_X6DExKroD5fljA-mmS9hqMAu8kPkShDv2JijtCbLjlTcTypalgCVNhvlPcRmnuOh9YR9V6-DQAfk-56PR4T0DOUTdJZFDxzPWItMtczACHm8GvRHOQzlUoijMxze2MevcWCRcc1S0/jRv-YzK1jY6ycNqLsgqkrhil6EZ-8aqcD_h9zcQrAoQ)"
104787,Overhead Electrical Line Mechanic,Occupational Certificate,https://allqs.saqa.org.za/showQualification.php?id=104787,NQF Level 4,570,NAMB,
117333,Oxidant Gas System Installer,Occupational Certificate,https://allqs.saqa.org.za/showQualification.php?id=117333,NQF Level 4,323,CHIETA,"External Assessment Specifications Document.pdf (https://v5.airtableusercontent.com/v3/u/48/48/1766800800000/lKqTUs1EPNgWcWqttVd4vQ/MMunt3-K35vxWMRD1iLaCSXmZG1MfZs-X0a7S49FTeKQw4IBbwXqeYzdszFG_XVqHxMqhXPtQH0ICSCoZuBsFmVpr2YbLLFZOvR9T9O6fyrp7zI1knuVTCIfaNZEuWxb6YNTLQbU1Y9mN0oZHwNiJYLxYc44BTUs2oZp_FNQxf1JmeZF1KIKRj5o9XTu5Op3/rmJXBFpAOepZ-pajtSvkRXqtC8i-OyYnum3ZxqcfbBM),Curriculum Document.pdf (https://v5.airtableusercontent.com/v3/u/48/48/1766800800000/Yfe0EqjDSmOCBJsk_tqQfg/9JsoDdHrOFJxzKiwcmU8uwnLKANCmqeQ1CRYVQ_mhW7EKTjqsuqxbo8CXLULsAPoLiWlZcLQ0FvOdQH-25D7eMzI1_-LR3HQ0bQeRNNWAVL6lbM9CntaPj0-2loIUqCu6r9_dtJGfzJwQABPonaC6xlZ3cAuFHmoexHTwqMNL4A/Ede-11LaXba-JcZhWHSOhaUkccrFa_NFFmftGvFIOc8)"
88895,Packaging Operator,Foundational Learning Certificate,https://regqs.saqa.org.za/viewQualification.php?id=88895,NQF Level 2,40,IEB,
101708,Packaging Rotary Printing and Re-reeling Flexographic Machine Minder,Occupational Certificate,https://allqs.saqa.org.za/showQualification.php?id=101708,NQF Level 4,544,NAMB         FP&MSETA,"Assessment Specifications Document.pdf (https://v5.airtableusercontent.com/v3/u/48/48/1766800800000/vWI6a9ntqmOJHUy7n8EdSQ/5CM7i1rBzhB-IFG72MAxLfPGCCJZbEo_cPYItjC-MwZH8hYgzMQAXYo0uPualY7soAgBGoSs1-fc_EHJJ0W676OT_05ejRFLaYargL6wIFMZ1MVwnQ3kJJ2L1xX8-pFoIXwUVHRW6vR7ourpQ6VW1hh6r6i8UHarYVivMlXdsDs/v49YgM9Aak4s5l4qX1r6q-TAn53qKlhb2Bmc3spCFzE),Curriculum Document.pdf (https://v5.airtableusercontent.com/v3/u/48/48/1766800800000/YCUmBCeMk39bnglxLbt_bQ/IlXzIZNlrd9SNGw3yjZr3AvDvK1p56GVgt1W8WUgBssRN1bDds65dny4gujTNQOXbk5kzSfB1_KR7esl_Jz2kcIm4Ua7U1vd3Y0R2suvdSxTfoWUfapnO_kcZ-qpU5JyTZuOfeuhldzFxiDmxCeSv7ljaEN0H4q92YSFTyPTPHE/YVcTjENnrPIijGUwZqpT9APEIkfKCnZQyZHDgFJgRc0)"
112832,Painter,Occupational Certificate,https://allqs.saqa.org.za/showQualification.php?id=112832,NQF Level 4,549,NAMB,"Assessment Specifications Document.pdf (https://v5.airtableusercontent.com/v3/u/48/48/1766800800000/v6dKMtUyN3c5DrOEo8MFcw/pZxcFlP8AScYyHTke-BACResZ1nM_RrJpTNKmRnkUz061V4daZmCMQXpc6g2OBiOL6UrnnH60gMyordOWK8mDGb5mpiOOULk1DUlEyWWS28J3c74Gfx1G_ujTinCZHbfVyTqH_j7TqKa0g9nLSmM_R4u0JxLeFavcYlgMT99NVs/aqPtBrQeULOac6eHxmOvuB7AKSpLEp37j0ckWAo9DoI),Curriculum Document.pdf (https://v5.airtableusercontent.com/v3/u/48/48/1766800800000/xROozzJYRVBDHMk0MkdXQw/iI297dMP-kCBMv3RaVE5wQVItck8LXvLvdFyzr4OuGB4saZMGnafiiX75KzRNn32K-ije1Qce5SFaGFFvlS7WZt1FSIrJ1T_1fhS3g9ygoEvFej66yw3Dbf90TstyoX49YZUU3DtG-GLovzBLy04HvZ1i2R_gDSLvWUJs0ZmbQ4/4_C5F1f8Hy-zc89XRBR45ONOgevi1IFrQxVMjO3pQMY)"
101873,Paintless Dent Remover,Occupational Certificate,https://allqs.saqa.org.za/showQualification.php?id=101873,NQF Level 4,305,MERSETA ,"Assessment Specifications Document.pdf (https://v5.airtableusercontent.com/v3/u/48/48/1766800800000/DuA5x4KUgjrZchva3rIvbw/CY9ruwMlGUoRVobc8yFmWpKbaz3LI_KeJc1IU7DtOpE7KZ4mH8A1U-foNdrB-C1zd3bhffBtngtYkmMu7oRLD9817FHeCGG6JqPAmM2VZG_xpkegiYDXCzYyd4NPSNYdRvG8Ch19F6Ygmqsag7zg8MDnjj52QTrGlO9iuutoehc/FaM-HzyxOlXoukvslYb85YJ_y6-PKBQ-_eA6kzdDIV8),Curriculum Document.pdf (https://v5.airtableusercontent.com/v3/u/48/48/1766800800000/cCetHhawXf81EHzQLTL0Xg/AW-Iou6b9EGX_GuIMUcmz22kBnvwZTQpqbEmbE60lMDBFWKZcp6imUzIa_HCSuKytcEunrLn-5OTR-f2hOAcCpvsFVbNTQI0faNkL1jo5A592R8Xs6t-KX0kfrkRrGyFVYaDwO0K4cBocOGfQfgTHF9H9yFm9YDzHj1AX2y09ms/brPT2aPWVdkaIGtguTgstKM1bK1z4FrpiPPixnPKCQ4)"
96364,Panel Beater,Occupational Certificate,https://allqs.saqa.org.za/showQualification.php?id=96364,NQF Level 4,583,NAMB,"EAS - Panel Beater.pdf (https://v5.airtableusercontent.com/v3/u/48/48/1766800800000/1ohACKE9DTwHUydcbSAnLQ/krDGYOH6Or4yKPh3-kVdEZ-O-yGqcMl41l0IIBm-Mq8GuQL_yQaE19rO445uFsvIi5lnc8vLf28EcB-quWCyZt_8QJtJGgPAu2m34SVqSeJPjulrW1kokEdtFbqqZIpsEUZ8A78enSFSN5IldjeIKAGdbawt9Na6PFnu-H4R9nI/Gui49e-8_K0MRVDIS44Km201xbiM-QqtbUEP3sr4I88),Curriculum - Panel Beater_Curriculum.pdf (https://v5.airtableusercontent.com/v3/u/48/48/1766800800000/F1Mgx8Gd-XZf_8z28ZL0sw/gmX8wt7UoiPI4lBYyD6AAH2WwekV5uumzV1EiN3irIGKHWsYOxiKm6vNYCHJF8r8W9aenblA7s5FAnyTvSpM53nPaTUXpegQ56n9XJELNTBAo6UW0rNJtzMwaj_jKZec73GUdOUVXwVDpLGa4eLUHarRbvP3ohCcsxHovjzVywFrVB57voRqFIxB1iruFDFX/psejSEdT4XqW4JhSyLTurYGlaExpHNqB6LkPGPNYmk8)"
118096,Paper Process Control Attendant,Occupational Certificate,https://allqs.saqa.org.za/showQualification.php?id=118096,NQF Level 2,72,PAMSA  FP&M SETA,"Assessment Specifications Document.pdf (https://v5.airtableusercontent.com/v3/u/48/48/1766800800000/YnBFowaw1LHwy9IJtrD38g/m-ZZ8PTL4_wO6w-oYsl3PDgx1WXJdjQ9ElqyKeNKmWTI8O1uoY0WOZ6qP-vnU_kY7vYE2y2TxdhapifhfNs2TPGbgldKh0BnPRB3hD90McugfD2iG8sjENTVTVViAs2Jvda566Z_8p5i4NpNiCvPtjeloqCNHGU3HS0jgMrBV2c/tVjB1GwqHn6A2TwrQSaN3EUflbQrRbYeZB7NGdqeuko),Curriculum Document.pdf (https://v5.airtableusercontent.com/v3/u/48/48/1766800800000/w5dQyykTQ31W8UZxZAhQLw/yQQVH96LAzq9NestHeE0mPZ-xkDFiT7P_hfAjMF1k8trzF0279OaBU2t1Lt5dAy9idl73GyStnM2O4Z6hGqJG98TSsPzBumaV6NftmZ435LF2QQjeAxNObhKXjwSMpl9nCs-NoTAaeuw-wNSIlWYdKxXneP6cpRntKYgjEG1rNc/6BltWgfHwWvFTHKU5aK71KkN-pk8ZbAi3sIYjzizjm8)"
118094,Paper Process Control Operator,Occupational Certificate,https://allqs.saqa.org.za/showQualification.php?id=118094,NQF Level 3 ,132,PAMSA  FP&M SETA,"Assessment Specifications Document.pdf (https://v5.airtableusercontent.com/v3/u/48/48/1766800800000/fuR4fwmwP2FGG8tHx7nqsQ/FGmgUISS0rOcqGTzC8K7xvy_IGJ4LHSYqps6427yGhXIuuRKn4VeA6YUcKDIbtyZs5yR4bjoMSdRI9bnCMHtGibEnp6x33btA7AhK7GY-qG5CfwxUuC938IhpXM4mDDwjaaOMiyebc9ZOd7oE245O5cAEcXN-YC0JDVq4lS7FBk/VIjSKa45FGsPKz-WxaG1N2E55ZDLscmj__Ssy2gB9pk),Curriculum Document.pdf (https://v5.airtableusercontent.com/v3/u/48/48/1766800800000/e85UDQltLu-2p8EYZoC1LQ/F841I6BGjlzkNL3zQSaREQwumBdky3bKwpVHv87pv-DMDUhZQao8b1QY9rl40pKK3RiuHVc9-XfGUZeQC1pEiM_PHUwT_YQqTXSrjlXiyOoXmZfXfcIOiX9b_SG8btSXzCv5uYnKDJkBnSbFjMiPeAF0Ne_uyz3kFgUGNAlOkBs/FQBR5ci2vn2Ex0LXGaYt5hA1_LyuzOwWYvORaBbvTfI)"
118120,Paper Process Controller,Occupational Certificate,https://allqs.saqa.org.za/showQualification.php?id=118120,NQF Level 4,353,PAMSA  FP&M SETA,"Assessment Specifications Document.pdf (https://v5.airtableusercontent.com/v3/u/48/48/1766800800000/s4K1SJNavAto2ZprKVguCA/B0kb_S86OWBMQMvslZVEd0WcwxSyNRZdcwxy0SqdXAzDlVZsRwDVEAuzISkLEHHFK70KQ7vlPbPFTZhB4J-K6MY313renQ2nnozna8qCuPyW5c75qZF0NAVXEcMpaldV6cJGmx3yNifXjAPl5x6JpEek04ZY2dqQlvnK8xh4s14/5n0XlP5ZrkxEy0tFACJdEv9DD3n2az_j8fsRVPjPjpg),Curriculum Document.pdf (https://v5.airtableusercontent.com/v3/u/48/48/1766800800000/DynvghDo6TsPyUiQXx_a7A/l98tRUeByx28TAzLPK5whOPZfTRgMjZZBVc-P8LGgYySBCl4tDJYIjbHoHh-3Sc2hBx5vETGXglY0QLQnuoS6CA-mdgpWUeumOfKf15C2vpnuYk76o4riroqe1We1iJHB37sjU6vQ_fFe0GsohkFN3q-p2M3Pb9USAFrkCYs-Vg/dLTDHIVPwgRubnuCq0Nug-jj7XcnfaWHTdX_ta987iI)"
117325,Paralegal,Occupational Certificate,https://allqs.saqa.org.za/showQualification.php?id=117325,NQF Level 5,330,SASSETA,"External Assessment Specifications Document.pdf (https://v5.airtableusercontent.com/v3/u/48/48/1766800800000/5wWLMlOt2U0pgaL0uTSnoQ/HguWT7EpYQzk02R8QlAs2V5w5RhCMODK9MozQTiRG7lwGIUPlfYHtvHYIx8PU1RaEjhfp3L5G6ZB6_R_Kx3wZJdeUjydIWvdlD92uvA7hyaZg_twRS7IsCwwZGHkrEnXTPdA85FNg8ktBZYTyVZ67u3_xWpY1jzxWRgyFJDcio5PGz9ENBCZnslnNHMmcPKY/5IR8Q9_cJbK6lLLdecSjMhllUabmfXtnqzdUTTmjqwY),Curriculum Document.pdf (https://v5.airtableusercontent.com/v3/u/48/48/1766800800000/uaE-8vvMgw7ILaaMKODy7w/DLUCz86jM8AU8iRtOcz4qm_xagmkq5GgMd_cmUu2W7syIGSlKo4RqUYfPbz1VL4G7VzUaOgdtYqOQUucxe9KZDz1sl5OBvie3hQhAcC8rZCh9hb5iXchTrKZ2sgc94n7SDi9Gx9jx3_dKEDLGfZtzh_9GtIUYFGQkC_I95w2_v8/S7wlA85CHO6ZuekOi6kJi7TZdhsTCQcspw6a35NLzg8)"
121807,Park Ranger,Occupational Certificate,https://regqs.saqa.org.za/viewQualification.php?id=121807,NQF Level 5,240,CATH SETA,"Park Ranger - External Assessment Specifications.pdf (https://v5.airtableusercontent.com/v3/u/48/48/1766800800000/2FiKBkL5QyC8_iA1nEQgcA/OI5CMuATTzmrU4vq3E-gd7xPkvfwPDGn1h9OvFmH5--QsvT3E_6yzQho__qLbnyGkAdsb28o-OzHZiebLhxSgh-LuE1OtjFw_TtByY2KDB3PbGXAldMfbSL6A8Iwl7lcT5vbGGEJRbWdzr9rV7h4FRf2qz9PdMss1RDc8V1PazKB82dsELaMqufD4w1CsSYN2y-t3Eom9l9v1vPNiFsd6w/xfYfO1tH0M9-TypsT8IPX9J83j_y8kM630UVLhHGk74),Park Ranger - Curriculum Document.pdf (https://v5.airtableusercontent.com/v3/u/48/48/1766800800000/VttVc3EPbs_OT4aArTQjbg/Ddj0MegDSHSiyDkBOxEXCWQLyxzu9sLbbf5TLJgvoLnzsZZHwRzSUMPIt1jZP3GUMW0io-2apnQjhqGTFoQbDR4urG8kUUiUf15WhB4oH7bNgOOdsC7H4g8TVc31dObadHFIuKTZuMJRa5CCz7oozOMJx7YsAIaT-Epa-sjqKGYT5vVWeIeVkcix41g6JbFg/RC9rCKvAkB-cMlClx2jzmQnqif-Q5rmQgNt3rTk1Ifg)"
98051,Parole Board Member (Offender Placement and Release Practitioner),Occupational Certificate,https://allqs.saqa.org.za/showQualification.php?id=98051,NQF Level 6,280,SASSETA,"Curriculum.pdf (https://v5.airtableusercontent.com/v3/u/48/48/1766800800000/3dL-knMZMPxFLrMCEXOMSw/VOUHLfJYqhGAhq5mj1ZZTlvbs88UxpRz9XLQtg03RgHkJC_JzeB7uOCz9zeWl7c8rovTwhcnPwZ5vGejVf0qCeA0jtJm0FZdYib0DxgIyVZGeg_T77UBrvFjudRgwizi0TCUUqRrg3eRcQF9j6Mmxg/zDJlusyjqVaLTqSUCIJmTAoxSoRutyC5CTv7AMnPRZ4),External Assessment Specifications.pdf (https://v5.airtableusercontent.com/v3/u/48/48/1766800800000/6UwqEZoH3Ae1alutmefPIQ/IbVhfg8qU87poaSS3ct-nkME5tQPrmaohrxvlGkVcE8idm0vUfYR-gH_4mMS_V00eVZf-Mr5R5M-cpwq47jGNQC0KFUMIcQCqubiLCiI0xRolZm3OJLz9qdiy1c7d5Lvg-Eg_0JF-nJK0KJjHC5qndSPSoDIe-Dtmkf2-Q5VS3s/haBWXol2z76U5pCwexGFFie22mkRWbW-o34F6K8a0GY)"
110867,Patrol Officer,Occupational Certificate,https://allqs.saqa.org.za/showQualification.php?id=110867,NQF Level 3 ,42,SASSETA,"External Integrated Summative Assessment Specification Document.pdf (https://v5.airtableusercontent.com/v3/u/48/48/1766800800000/0EdFYOLbL9rYOdOchusn-g/qaJ3ORlbhXYdOTWmqNoKSQ9pICGVedaOto84_Wp30pZNXwmJDkJ-5ZcYqMh2P2HaT-6BQvU4XQvKpxCIBQdT_znzbEuAVGVRzvZlV8D0s180zG9MVNQrVYqMfyZZBN_z63Nx7f7GQwtkzeWQILrrsJGRBB0NRytWBWlCZz1pZ5mywpEfZgIw1ac967kEyW_UsCKuVB3jSEQgk9w1YREJFA/pVOQJ69PeiLEVeqMrwXQUcB_sWk_YK6i68hRqZ0u54w),Curriculum Docment.pdf (https://v5.airtableusercontent.com/v3/u/48/48/1766800800000/dBrYEF977NeooWlCAu_JCA/r8o50sYTaoRK95f1zuZACAv1YmWJo6AE7KOy1e9wFg5ZFowUqR96icE6qZLVYJ8YEtqKNZBZKoRhTvkGxIOFgWfZ8cQP_BYVi5QBrke-worXGAN6LPtvUnjZ1KbtXjFyUaeM-sOgd0Vci_bbZHVgQtSG3BSuoDkRighclQ4Oc8A/3cnrFpVgr8JaKaMiU52fPUpPWH_wIBqGRAmOyrBMqpA)"
115509,Pattern Grader,Occupational Certificate,https://allqs.saqa.org.za/showQualification.php?id=115509,NQF Level 4,85,FP&M SETA,"Assessment Specifications Document-Apparel pattern Maker and Grader .pdf (https://v5.airtableusercontent.com/v3/u/48/48/1766800800000/JIyUTl9tu-KDYE8KsZ4j_Q/gARmsjx36XBsrvCkk2vnbAqe4_MH8HRIk8mPwUMJOU-jh91c1ZqFW0ZhRu3HLwJsja_UllBJQNYTx5zcU8hFh7cpcQql5_mVTvkKc0OMqTsuTl4H2frjrwn3i5Bpw5oLhQRR_IqSZpj_k4yHGKaxlETBWM0W_u9d5v9D_MYlUSA42egi9klq_OitZbRzcyR_sozi6qB3jvBGzQ-_y0Djrg/M7U82AN6XQkTS5YrQed3B0u7gJZlOzn8EwBMdwoBPgI),Curriculum Document- Apparel Pattern Maker and Grader .pdf (https://v5.airtableusercontent.com/v3/u/48/48/1766800800000/YAxKQS4Ch2b2zyq8_UJYXA/zdXLq1b6qO5-KCfqtBuQKgTJqncwU-WbexZF6I5DbXdUiZct7IXQQpmZ9Ba6hYPQUWqnmyGDrw6SeGDniSslb_-ZYCjjayRYJE73q34AqOpVZ8tPhbuDCsYoHjTIgIs7_Q6AtuOa2_hw5h67JIUWyBIeB1kFTBSb3_goBhCHYuoKMBg26SeZZqDvXQ4rJaac/8ffO3XsEuhsiKKJniugJggb3yWLZZ5N--FTk4mVB7xw)"
115458,Pattern Making Assistant,Occupational Certificate,https://allqs.saqa.org.za/showQualification.php?id=115458,NQF Level 4,77,FP&M SETA,"Assessment Specifications Document.pdf (https://v5.airtableusercontent.com/v3/u/48/48/1766800800000/sCtcAqUmHh9kSpBT0U0gjg/MLfq0UreGv0nINqNPDeoLi4uW8rEitrEFbrQBH9MqHg31D9TJVbec1rGakNIiOyKG0yhpWqsGQ09r9WKw3qdR_jrUp0sa2XmNRlZ927keP2ZBw3tu2htkAdyNBSGZerUpybmjjKeCUqYiP3U67R22eh94AGtFXmdGUS25XzcXNw/U6vz8xU8ETG9_NqEx130F0Ksi2A7tEKVCEDauYgaXYM),Curriculum Document.pdf (https://v5.airtableusercontent.com/v3/u/48/48/1766800800000/sAPAv9AkPBM1ajUS-IGBRQ/rFsUBkKAQV1BbuES-UH43quWK17P7e1ySNIvDawoYauwlpOlVHdWvRuNjofampEaYXF4p0nOfp8TwagNOFWJXhZOk6tBfJSnpITUvgudP3AZ5Gipevz0YXHMyocOIPzppdDfSTlL2p4HgOyWEyA_agfBP9dLETvD3N7unJ9MNrM/PRbhFRjoE1kcNeAfLnk3SpwiK_asLoTIph_ml5xLrW4)"
117016,Paving Screed Operator,Occupational Certificate,https://allqs.saqa.org.za/showQualification.php?id=117016,NQF Level 2,43,CONSTRUCTION SETA,"Curriculum Document.pdf (https://v5.airtableusercontent.com/v3/u/48/48/1766800800000/ySX_IAPJb6RDvZ7BzPVbCQ/xHhiBgaEIXzhaf87LCGXwIWjuxUCYruNb2AxnL53tK_pWwvX1ZbYVS27540kosepV0DU1X7uPg3ETytiSI4Y0q-LHaCmoQhhitDW9iAP0Vp_8ovnzC8Q69ilRVKFrJ6hZSNiJbPCaBeXoE3bLacYwEC2Av9ivqdyofyB1-5Uatk/fFWVhfUST8Ns5lKvB_hcHJAefZLf3P91cC_lS5VSEsI),External Assessment Specifications Document.pdf (https://v5.airtableusercontent.com/v3/u/48/48/1766800800000/NX4BY-sB1t-q4sIv_jY6lg/ywwbv2Sl3xRkwopSy3YlvJs3G6OPIRVYGxhuaHy0ETyClnSfvnd_aOMuKNBmQY_2exliFEaEYuNb4wKpSojTuh_7UQXQAuDYid_U4GWiwyQ7yfNQb7JjB8SzaiahP6OfL35kpQ7EstQT-MVmTXLVszSVnHJZ9vzKFbTu6qctqFmYJHVWUVyzY-cwhwYHauKo/4O_W2VUYuDbvT9L1iZCu0RYWOU10Gc91T09S3zz0OhY)"
121787,Payroll Manager,Advance Occupational Certificate,https://allqs.saqa.org.za/showQualification.php?id=121787,NQF Level 6,240,SERVICES SETA,"PR - 210222-Final Curriculum - Payroll Manager.pdf (https://v5.airtableusercontent.com/v3/u/48/48/1766800800000/VhlZh2JF_6K3KGrF2Lx-_A/Dk1xSgLyqRADnFhLP8dughiO2ghPIYiUlcHY8dbclPwZorw1TtGOYAFSuBjVTjT5ssvj8m5tFf-IHBcYGtomqp3Ik1TpTqINVBjuPu34iTyRVSMqod1AbuhikyDzC1PM_yDZWp-hdGua_OMyzQjzoE-FzyuttF6skCozAQ3Lm_meGJv1XMnAOgZPRmIDbzfI72fGByw0xutPygkQYO9ogQ/hiinlee1srTG25snnVbXGifi95OBp0LCS3nEI7FLQFo),PR - 210222-Final EAS - Payroll Manager.pdf (https://v5.airtableusercontent.com/v3/u/48/48/1766800800000/L__f8bLKU3vFsCUpkivw3A/J0En9LMX347UeLXkEWw6MO7B8pl-Ms8O1kQDSM0h9wVXR440o-TpcmkBI_YvWO-MhFl0XLwrIJsxGzABzxFszlkouAiERTQLpadd9wQf6QsPmuzsNMi0M2DvuWaxGzE603LMik1WJUDdEj1pPnfmHlyyjw82Kx4JDxAaF4r0jEbz1BqmhAADrMNiMtsU5sTO/nP_t79DN7xUxBmq1B1Fna0amCuaqUKTyHC9-aU8jufQ)"
118732,Perishable Goods Department Coordinator,Occupational Certificate,https://allqs.saqa.org.za/showQualification.php?id=118732,NQF Level 3 ,54,W&R SETA,"Perishable Goods Department Coordinator-External Assessment Specifications Document.pdf (https://v5.airtableusercontent.com/v3/u/48/48/1766800800000/xPzY-sd1vxEMRn6nQpdFeQ/t9ulek2A_-4HNm0HaTHkg6P7ts91gTDTbGcMynySUgYlxxzdE87K9JK6CH9cS2uOiaSLeaBL8s0amA3doo3_BFoK5R_8orA3qQDjjaj8W8bPokJ6ySfwHVHHcN3w4IEI5578CFEjF1Bspz5RbFx7M8Dwuu1zEY8fljWw9BiJqm2vZawo3r4v96ubm0PDWwWrEQKEuMLqgjey5Pdh4FNi6j6S5SawzDeqw4Dfo02WlcU/dXw47GPYBYAQnyae7wLi3uTe237Uj1xjGajrQvLr28c),Perishable Goods Department Coordinator-Curriculum Document.pdf (https://v5.airtableusercontent.com/v3/u/48/48/1766800800000/RozFGBKtyoI9eBnQj6iaSA/o-ewFSPurCSzzKM4iwTXLzLsorSL8WW5MKDXNw-XUjNByVgoZhOH4ft8EHJ30AWdeW7FJtJYfEzRMFacbbG4mPVGgUY-cSR8yrH8b7V-uYGOn34egFsN_Mx-uf-ZW2onX0fiUSRd7i4gqfby9YcAODscv1oLUdxgJbKN3Eit6z457gBIi_cnGt1hHDGCnmfNk1zVNzmRIposyoaBAYS6pQ/K2VbdlNGP_CBaRRfEmNtf63f24TxPuCD8HjOip2pMQY)"
118726,Perishable Goods Replenisher,Occupational Certificate,https://allqs.saqa.org.za/showQualification.php?id=118726,NQF Level 2,25,W&R SETA,"Perishable Goods Replenisher_EAS.pdf (https://v5.airtableusercontent.com/v3/u/48/48/1766800800000/BonE4DYnjxTxmGHpJR1MXA/je2JyeW13q7O1KP1HAEX0rxv5ixxA1LUHcVotcDgM-EIivKOFQOvbSOG5_fYGD_09L8Mvm7OlMKB_aJD8rCAXYXlTbnm08JdnrQBD4bZqlkQIzFvJaUoQoGyW_mqVhfB4EUBES-YM2mFcZy4FBJODt9PPv2zshrISAnXHEvRslM/VJLKyvsirlmnSSTGLk3VKwIxW1Qmgd6jMmJjeCHiHNY),Perishable Goods Replenisher_Curriculum document 6_5_2021.pdf (https://v5.airtableusercontent.com/v3/u/48/48/1766800800000/N5S8m8rzgOO3PK3pH4UcPw/zoNPcPDlqj1rl1OXghitHftEE0Elp7dEMgzPkkmfSYEyRTdk0RA1hNMHmXEKYTNqUYynfC27nZUUCX_REnHphOGVRS401dUQJqbF_xANxU3T4ghHAYppWN4i33cpruhoXaQeYh48qfKtHNIgCDZsLMboMez1MR8Auyzjd2JmE52rVewpiM32K7VGvLfvD1lwBoA1i68M2PhpfJDUCUNUlA/2yjRu5PrBcNsS_EoXQAkY0_4KLk8LRxo-TSiVOk_yCY)"
118773,Permissions Editor ,Occupational Certificate,https://allqs.saqa.org.za/showQualification.php?id=118773,NQF Level 6,32,FP&M SETA,"Assessment Specifications Document.pdf (https://v5.airtableusercontent.com/v3/u/48/48/1766800800000/6XuDwAnry-k3qqx181QnOg/ri4V9IgIMKdIE_DG4XFmKj9IQIHQ5jGzinShb62OPmaCd9DE4HDxs-hhwxJ3l7vP-c5YP0aUvWYnoqmULLJi1BbUipeVReh5HvTe2dWTvB31tc1xDtKcqwqbJVXM1D89buFjEoNs4I9sIC6BSLZEoJZKpN_Y3YlHB1WzXuLi8fE/13B-7ct6wOipghG1GoAChYMfAkAPInmAxwHRMWSX64s),Curriculum Document.pdf (https://v5.airtableusercontent.com/v3/u/48/48/1766800800000/KgDylhiyDoFR0npsLTJcOQ/szcfJ5FBiotKsiG-GZEbdP52e2I9p_9ChRS2_2OZf0x_SpWNMDGo0F6AYHsaAMtZqQwINBu60bf-N_z7ntYWaT5FHMbpEZ5-5NkGlv2L8HALaJwkzCTyYvMYBAKwtYtALJ1kRY2iVKaJrSzsWms0mCbwtsHvvRpeX0TfyocScKU/JUs2mO11IXJyyQp8Fl98IjVnl9ePwu68TcJU27TOWwM)"
99513,Pest Management Officer,Occupational Certificate,https://allqs.saqa.org.za/showQualification.php?id=99513,NQF Level 5,257,AGRISETA,"Pest Manager Officer-External Assessment Specifications.pdf (https://v5.airtableusercontent.com/v3/u/48/48/1766800800000/rwWAa7WxjAuI8JHRR7Vs3A/M6HE8R9pLA_Wd7uDB_tncijR8Tj0mNDTtzBhlTSkxK8834UaOs3w-WfcES9UxHbwgt4yqUi3GGhmdZnU9BUdOJWJTlF73AT_oEpDrdFXvJ3xq71OUaOmuWkOAbhlEJdFN6J5CerAZP1vKNJEaVDBcQxLy_Fka18IiJvbzm5kozQTUXG2mgPtqW_rPmFKl_Qk7C04tOK2XJUjb8s92hlipw/AwljXkOhB1ezRD3h0pQGJD7tE-Hv5mvRkkr00yCm7uc),Pest Manager Officer-Curriculum Document.pdf (https://v5.airtableusercontent.com/v3/u/48/48/1766800800000/hGKpblWdy1dmN4qW-xtSmw/VXkYIH4y_2udgIjHt0FsNp1zftTzNyHSLpdMl26SvdawnQlHikKEyD0uouMFeBUzBv8bEOEjGlshRirNxWe2WUdO5l1i2VKHS6Vhli6CbQAfR45j4F_fNycaTJLe-Po9QuHZvct27qUbIqvvamWp2iiOXaPO14LPN_mmeZaQjWtgrQU_L0fjLhXmKg2WgtMZ/FmF8vP4w3sWK4kQ96c6IIq0uKw_VR3itJDswDZKpYT8)"
112811,Pharmacist's Assistant (Basic),Occupational Certificate,https://allqs.saqa.org.za/showQualification.php?id=112811,NQF Level 4,62,HW SETA               SAPC (AQP),"QCTO Registered Qualifications and Part-Qualifications- Feb 2024- Pharmacy.xlsx (https://v5.airtableusercontent.com/v3/u/48/48/1766800800000/M37R5oEpwuB_whTPhWVKPQ/IfIxOkxU3CuKycIDIfcyhDuKq3N2zPAADn3gi7MCuSN1L9roON86AIVJEbZ5v_JU2FQDOmL4CmJAW_z_mPPMcGWV-B0GBLLc825dVkWBUbKGuTcnLJ3QyekC5LLXAfSIgBdDVnAs99zo-kQnFOTSvfGNin-9zeq872YfHJApGPEqxwEXW10p3YxY0-aOo7hjAhP455F4wsJzDEgC8PS3IwCDGS5qhOl-XP4-ZzpltTE/3sb0bHv5qxbndtpEWPOgJN5pEAF-YWWSD9VOjuGTtw4),Assessment Specifications Document.pdf (https://v5.airtableusercontent.com/v3/u/48/48/1766800800000/ZgY6dS5LVoQZZWzzIOKCJw/wZQjteLsqeSeIxqD5-Fgb2w3WWYEFWCt6OkFh8013uu1v8bUtJGEa5V7hC_2bBHiwlaNmZaKe3nx28F1-6UB9xUwiepiHXf19SkolNE9txEX796zYjI_zO9P3InF3uSCa6lbaQsnCxeKeaUdwXDtEd_xEDzPJQUzISZAHZchx3LvBITE5te19rCYzRTOF9Ok/H-6IBSKOe-vx64nWjCvZD8PLztjygiSk5COpteQTFd0),Curriculum Document.pdf (https://v5.airtableusercontent.com/v3/u/48/48/1766800800000/nLAj9xiMzulT1f1tkfIb7A/b0-lacjkarn06BJYqlyqgcLJWYXXQar6uxLbPr8JnYXE5Q-yitehw51KYwnH8tVOXohANhvckafnV-hoS4LuqLrmIQlsERVF3mEC0N1elOvx2WL7u54UGHCnYsr3-zdbPymS7jEJZFPS-rZhm6Nw6-X_fciAY_L5jNwFhxQ4_Xs/FbdWBzg9tAfgEfXjjfvaiRZWK5ZCygwfybx0DcL_Y2o)"
112807,Pharmacist's Assistant (Post Basic),Occupational Certificate,https://allqs.saqa.org.za/showQualification.php?id=112807,NQF Level 5,133,HW SETA               SAPC (AQP),"QCTO Registered Qualifications and Part-Qualifications- Feb 2024- Pharmacy.xlsx (https://v5.airtableusercontent.com/v3/u/48/48/1766800800000/vxIWRwp3UY1UQ8C47j_YqQ/b5OWGdaoAtXRVLjVQ-iRp9sMQl0apgtUL2SUSMl1TmkvlyB0x_YeC4oLv6slhUMChF6gtmKyIUO-Vrl91pK21MbTofEq6xh4ip7WAiE7fSKRTjCW7zPPQyOy9oZbYY04mhJdM2bNlqMdaooY03RSEVr3Quw-AaqySuWutpkWt3306vAape6yNvqrp2IckIoh-VAVqzK-jay7piiqml_9wnTc-X90TDL4aFWrvwsQIYY/ERRqVxtZ_zS8M_-jM-Xme6UPXjuRtuSSUrBvbdSWHcg),Assessment Specifications Document.pdf (https://v5.airtableusercontent.com/v3/u/48/48/1766800800000/OfRImcQbHDZRuU7KERZtqQ/zrYnH5EWiLVvoZJicedPgerjnkRWIBqEnh9KkRKMPaOybUI3GNRU0in3_HVT_oWLa0FI2EOw3NU-Dp5KyoIIEUZix9S8jJuG0MFQ849_gyePf4g5Z4Xum2G0iTIJbawC9EFvFDrY1rxvejEoepQICcP7aLzd5ejvWBIgd63afWXy7yJ2cbeUqdd91bCS2BkG/2k9f3sl9XGoRKQvBoFkZEsu9HYacuPijjLRZiNRLJ-s),Curriculum Document.pdf (https://v5.airtableusercontent.com/v3/u/48/48/1766800800000/c6BUMWa7S4CrBYuiAq8qgg/R-QIt0VtcG_TuUIO9nLG-CWeLTKLzJ4x5CJKoWM1aALcPiQCMyoEuUH7G_IjRQTKDnrcRByvMHZQ02xDgHchvz9uuLduZB01bRej7pNQs0bOePf6LuPza_qhN4kAhpwbqQe8tbQ3nzfPCw0tw0h6WlwSxTwNOoH_XsUVPrBdfq0/3gH_nHtelMw4w3X-_6vdZcU6heENAW7g4VMnUCYX-nw)"
102235,Pharmacy Technician,Occupational Certificate,https://allqs.saqa.org.za/showQualification.php?id=102235,NQF Level 6,362,HW SETA               SAPC (AQP),"Assessment Specifications Document.pdf (https://v5.airtableusercontent.com/v3/u/48/48/1766800800000/FCRFWPiriC99xbEt3hMVYQ/oYd_aikE17wqDNlKeYhPKCCp_GTrkgaz2VEUEl9XCbdIkZdpOAxdaDRZuhEFE7n-vZ6vJqsULil_RhwYBU0TaDbjvlg7NCgTZvEse9bob0C2H6AgFn6QS1xoAbxVz6MWIG2qJolgjrsz4AAKo-LSs02ap-rgXG2aA0eHzuWFZGQ/Ch776ei1ypExULA0ZKadVh8t4iNYOqnqksN5WIjeVjA),Curriculum Document.pdf (https://v5.airtableusercontent.com/v3/u/48/48/1766800800000/p01b5u8Jkb1jl5x9dcsiAg/fExIRfK0I15moaHQ4Ie_hOsYM-7G2-9D-QHhWQOUHEyFQO2OL1KdZ34GVwhMAyv3CCsJrmIrVxU9tFfvJdv3ofd2BYuUZvO6nKiTkaY0B_bpQG-YRwB9NpvXiEvr3u759O6OC6nS6OcIeMnNj1U-LcnYdzafDJNpsiN8_CHiycY/kehtWBm03Baw4PB1kKDK2eA378a9H90Jf78EOyLCHIw),QCTO Registered Qualifications and Part-Qualifications- Feb 2024- Pharmacy.xlsx (https://v5.airtableusercontent.com/v3/u/48/48/1766800800000/4ZJbdPzja48s1FdhHERs4w/wi9chiY8EojJR-prK26rKV-S-LT4f3SIuzciepRlFCpFdiBmoJDCpxoaOfa1IOeI8i0VB4X0xV4vemTH7l6gF4OhGlJO_gshMwI4qmv_pVbmr4ciNnl-UT2VngkUSYLZsmipA-4JGxCW1FXtuEEXZDK339H34dzBSr1K1kGhpl8Hx6e7MFHX4O4eN8UzvRI1boHVrsM0XtqQTdSNr2tW___Z1jXGe-pOyAVlgK5gmmg/U_Sgwgf37VXy65CFRLgckyBATWBzvwfcigMa7sMJyeA),Assessment Specifications Document.pdf (https://v5.airtableusercontent.com/v3/u/48/48/1766800800000/tKYvrDE2KpG1XoZlx1HLSA/i_FQNU67gwFlWbmSiJi667xYnYYzhssxo69eU90lJR20tNdlXWry2raI-AFb2dMtPp4a2SMPtIqneog2cFXk-zifIv0y4AQ1q5ersda8izZjc2gVvQJ-swdjAQuVNqNThG_GnhqPxFqUfSodlz9iZI8pyxkxY0lExxqo3WeTKgrrhfmnDJ7fGqa-8A1hm27X/dIfazHJntv_y-8pkyUFDAYWRVXxTWEVTD1WSQiTwaHA),Curriculum Document.pdf (https://v5.airtableusercontent.com/v3/u/48/48/1766800800000/Kr-BgnZJZ5Qkop_WX6uzqQ/xaO5engmbzCaHcCiU2-B37TSEldNYqJU9hQvM_gFIGR4tb1iaDlKn-DZm8jljBSKxyQTjxSfovmkzBNnr1n5N0faUAvcCXlNR18sLVzYRgXDpV2I--QMs0ISpDCPiA6NfeZwPCKpljveEGI0vsJ_a4ZCMy8Dh0-W9iICmARS0_s/Y0uFhKBW0x8TvA3kU2_buY4vXM_OpoZ3SqXGmVUuAPg)"
118113,Physical Asset Manager,Occupational Certificate,https://allqs.saqa.org.za/showQualification.php?id=118113,NQF Level 7,225,SERVICES SETA                       (SAMA),"Assessment Specifications Document.pdf (https://v5.airtableusercontent.com/v3/u/48/48/1766800800000/J4jS7tAVpZue0mv9Y25Olg/2kys89hkVnYnF62Sh053Mc8EZESL0ohxnNwMidCeI8sTmQN-NDZcZ_1KRB49d4pVTM8MWudUFgRFg7pHqiV1wSV7ijEqM4SrwnwqQDofe4Nx23cXJr7aBsqPb5LUcgA7UJcSSuRMbLY5BfWBks8VgmkiEi0y_Qh5tE1bBlUhT4E/3CYv4bcpDGLjG4FzmVXGOVPrXHgicYjwYx0qNZW6zLc),Curriculum Document.pdf (https://v5.airtableusercontent.com/v3/u/48/48/1766800800000/v6_1L5T5kwG63mlDgf1qMQ/pA1dpC74MvssQ51lk8C1qox50sM4s8V_-5qfZK2I_lTurq7z2eftP_zTxZv9f_itUh7utU9KTgjQuYa09np-Av8-YhaKDVPy_LJvl66Jt2qxEbmT82PYv3WcSge-jAW_hNEh6tfjZGILnf9SdEwd4hHy_U-L_Bx-YPOOPM6O2Ts/R1x4MjNnhnPc096b5l5rHWwzpdAOmE8E14RNnmTPn0w)"
115520,Physical Asset Practitioner,Occupational Certificate,https://allqs.saqa.org.za/showQualification.php?id=115520,NQF Level 6,232,SERVICES SETA,"Assessment Specifications Document.pdf (https://v5.airtableusercontent.com/v3/u/48/48/1766800800000/mXjotW1ODTt8uHctwvBkDg/T69uI5bZZjWARgzHqbEZ1KuJZFvLmFaeiOwU4IJP_moVJrG9s0GqKGktogTORZumOrVDcf6Pyw0m1Hu48cw6kjyc1Q8LOhbalz6zQZo1XIye2VbnBChQpkMbOcNVCv8A4gOwnYmxFZaC_SYKLcRlrJzysfc30sNTECbCZWwdmQU/o6WXjVZD0tKL12BPsKMafA1ZvZrhezzUIqB4L_PmRI8),Curriculum Document.pdf (https://v5.airtableusercontent.com/v3/u/48/48/1766800800000/PB4h_W7h2AZUVsdJS2iEGA/dmCmDjc_Z4ZZw1-afchrSy6rzMSXOI1wZm9GrmOHDDSaGpW6wFhik9LI3Fl-GFb62LCIM92pZcfWBh585my3TZBQvAroThM2OV0-8BlCtmJf3qxfpGGkdHtBYyfUclkitHSVMpxcIp_o98PPye1MB-qai2dntfj9wj_MgO6W1Xo/wJBp4xBKg4qKUO6bB3A7tknZdsGMFfkuO9H7FkSHJ_I)"
99255,Pipe fitter,Occupational Certificate,https://allqs.saqa.org.za/showQualification.php?id=99255,NQF Level 4,581,NAMB,"External Assessment Specifications Document.pdf (https://v5.airtableusercontent.com/v3/u/48/48/1766800800000/m_0HtjnoEpToLY9-ULM50Q/ajIQEiXIg65WFa6KaK00odEoBPu3ojXV883SQ0LBcQ-Ytit_f8jus1ECDrK1dHE-rCjdEtpHJhLhVChfxQgZugzdcIUoxzLNNF6WcrF_ii3pl3u6evuXt9fgZjwXVhKSdFZTgICLwJBgmqIzPRGltSEArv_C7AWUZNmOMhxhrcQzM2NlwvZoPoYNo__9WLBj/_YQvKGnavRWKjvBZQLz3s-61YJc6dvH9nO1lNSX9iw4),Curriculum Document.pdf (https://v5.airtableusercontent.com/v3/u/48/48/1766800800000/YJKYVarzm0kdUua1Hk2CMQ/R_EJTLCoayKcf4629Qpx1wbGOJcau8fwbCzTmF43WliXa7-3RVZMdsQlUBXbKrPG_vK_D_8bvM4QGb1RXD-PXRJ1f8I-P22YkizK1aAOmuZfseRvUVXkRDgErdSHIT7-aZD1ORaN5dFxfEsLIBH-vFAwn8KsDnobh-gkvaPY36g/w9P3tltS2gM-EhkWZWKydI7a7QFbYpRw7BFC1XVTbN4),Learnership-OC- Pipe Fitter NQF Level 4.pdf (https://v5.airtableusercontent.com/v3/u/48/48/1766800800000/Cj0AKX38aBVu9FMmUynElw/6TojESTRwvMkmgw-kmcKDrFz49uUg5L11i4ykAl2idUc1i3zFKJcT2QOQd6LWk-ynAfaTDrJtinkY8wEfu8ZPr5v18tLG3I3UOlMzRiHzTtNludPS_yrfc6Wf641bIEID6QAuoIpW5JJUa5JtpCY8LU1VMfn880QU7kssTJo6h-Sab9D586O-0tjcok8X68O/5rsQNqr1Bpoj7QbYO2Qhsl5kUkTbDD3GnNc293YycRs)"
103151,Planner,Occupational Certificate,https://allqs.saqa.org.za/showQualification.php?id=103151,NQF Level 5,53,W&R SETA,"Assessment Specifications Document.pdf (https://v5.airtableusercontent.com/v3/u/48/48/1766800800000/Oug42bPTcfUTNzSOXF9gFg/le1PmATHmeRlJSamgxIPlK1PuaJPMMNa38IuSXA7WaVnZlgwoFhOE4YxKk-RNVFuslTb_xKV-qM14H2LDIP9kW_8QXK3PlQbjmK-IkddovduEXujIojni9lFuydsQO5UqzF4-ZPtCnB3_vsCy-tF13ZqOK2I1aKxC3Z7yyoZaMY/JdvvERtu8LsyRhiofM5-XnfBo5C_MQEwP0UwSenoc6E),Curriculum Document.pdf (https://v5.airtableusercontent.com/v3/u/48/48/1766800800000/WHXX-RFGpBo18l84wWvZuA/Q1_x50uWEfMxPIRt3tv5Q-B7H9yy5sUzL1UVsFgnrQF1DPhdkpj5lRx9vLqWe_HwWee-fXEb9OfiQ5b2Zzdm0iZxofwafvrWentsgmqgtSut6U_UK4NpVqWrQy99Evax4vft6dRx85F8H4VnehzQtMadYFZXCtKiYzNGs0OAwro/gXkqUd1ABhwzGlmAY53hSfSDeQA1sUHC-LZ3di_oDBk)"
121847,Plasterer,National Occupational Certificate,https://allqs.saqa.org.za/showQualification.php?id=121847,NQF Level 4,560,CETA,"Assessment Specifications Plasterer.pdf (https://v5.airtableusercontent.com/v3/u/48/48/1766800800000/yEKku2hD4Da-09LDzPJplw/wmeXwAU_1sadTJFA9PLAw8Gr_I26v8yQHThPFEjmjUS1oWEJsByY2lIc_oD8qlT9bbGlw2-lSscFjvpZ--RDtGq2-ACB6c5-mdmLyOqizDPiRNzbQi_yrQKyYeEDAM0KlJacyuJYElXYz0TPk4-5IfAF7cXvO1Tb2O3yn330R_QLTDWDVT9qmct5sMebNs7e/EugAug3N9Rm4_87YqWHWKnTY_kUycOnSeCBG_jyfy98),Curriculum Document.pdf (https://v5.airtableusercontent.com/v3/u/48/48/1766800800000/KaGyxgRvomgrxDuCDsxymQ/ieOnfqFQAegMNba947zKymAKwSZtolp_d_UjYT0jT5Em5GZMy7-Qiw-85Qw6YUkNbvDRcDdB6aEWb3k-pcBUTIWKANAWhMllHLxYzhlRqHSxsP4jEi_fR2MXuMT94ueYJSDET4RQdKKkjcRV_boZiETZLFDRva0HYcyJpClXtPY/5Cd8FxKp6_34-M2W_sfgaAEQ2EPzEZcPwhTdFwi4m3w)"
118697,Plastics Manufacturing Machine Operator,Occupational Certificate,https://allqs.saqa.org.za/showQualification.php?id=118697,NQF Level 3 ,150,MERSETA ,"External Assessment Specifications Document-Plastic manufacturing  Machine Op.pdf (https://v5.airtableusercontent.com/v3/u/48/48/1766800800000/ZTgLG4okt8DOUyQGerEN_g/iCoV8EBSukEArliI194_4WskeypS6XszABEoqfncvHxJi0AI-C25frWh0dwEaWmszfDVra7Dc_o1T3fk6fp0hy-N0VU_KZB6zCpn_6NJcw3H6vX59awm3Y44oDSJ620HFoCxgujxAJrJacuRem39Wtc4qsggA2CxJZhymiIAkfZPFojAFSMBUyE3-QpMfMW9oJLhT7tF2ZDP73nnSSg3MkPNjpvZZ4ydUapgTd8gkUg/gAYbuPqoXbzXtvtLRZTsy-YtzpPwD8Q_-6Ybnckjl28),Curriculum Document-Plastic Manufacturing  Machine Op.pdf (https://v5.airtableusercontent.com/v3/u/48/48/1766800800000/0CyK8YvVuaAID4Zj_4kJFQ/d0rvQMCjFtYyQlm2UbGs6AceveRogVwAWeejr72qmLpTfxlmwmCYW6Hr1V1FEZ5UfDVTSMTYHLKsTQP4qjrnfT8Y0uMm4lLtmp9hnE41ZYMnUPb2y_P7XAxf1lc4GjADQMC7LSlVcHhT5fkHB5rvXHixSpK_8jv7Ni-iFSrUjEWlV6rQUUEvcPDgX8pq-hVa/GvVOMpgRDPCLA1kfXKX3O0fF2E20PvNElL5CJCi1TZ8)"
110308,Plastics Manufacturing Machine Setter,Occupational Certificate,https://allqs.saqa.org.za/showQualification.php?id=110308,NQF Level 5,553,NAMB,"Plastic Manufacturing-External Assessment Specifications Document.pdf (https://v5.airtableusercontent.com/v3/u/48/48/1766800800000/gL3Tq9rXD-OLaS0uE7SzcA/c4t_WN0eFv2BW9p0QBzFKtNUnrrTssVMdLEK0nb4uQtGXgzHMcY-oNsALfTLDTauyK_bZBG9lhdvmW1dMwPeouzqT9ZbNaxpOLQi3UZ6BMmsRw7jwQ0aAX82iCmEQb44JM-3SzgDcY4kkNbtGTNy8_z1vx7ktskmSPasziUsCCf6ZhQhG3cuxfB8OJ4KFi5t_LSeQEHzTJf4mUZ9GXHb9w/0RFdW6yVJs4Z28FklLqjOgqQNZa2P1hl2y9UzerW7kA),Plastic Manufacturing-Curriculum Document.pdf (https://v5.airtableusercontent.com/v3/u/48/48/1766800800000/c9qLq__avPpUUgBD0JYD5g/7HFBTeybXGSfMC-0gjF1y6CjOkZxJjCPIjNXxqm7fVyLq8PitTIxezJLJgtditLPLT5KVS3sINLTc7YHs-kijkI-jTh8tkZqVcYeTAnAK4Er_r4c3P0eYVzzQFvaHSQYOZMMTwrZMGO6bSzINSjoOi9lnq8ti5rxmVpgBgbM0GroXa2hfEYNiiFgSlPWvEyi/bqJgfkIARtwqSQcSZyDj_b_Ofjo03yiiGfOdqPpwIws)"
93598,Plastics Manufacturing Machine Setter,Occupational Certificate,https://allqs.saqa.org.za/showQualification.php?id=93598,NQF Level 4,432,MERSETA,"EAS - Plastics Manufacturing Machine Setter.pdf (https://v5.airtableusercontent.com/v3/u/48/48/1766800800000/P_1tqkVwiuguFNzSE2LhjA/FV-dl_kmCiPMG8nW8poFRV6yjZMDdNfdhuh8HNNhyObG6_XHw5iBxEy9TmJzTnzRdn-v4TWTHBYctm4yZSNj0y9ZxP6X8OgqZ_TRywjqD__eZuXoVHbHOl20EX5fbR7a2jO19NKeF6HtYkQBxhvwPL5uGuWeSShUpCck8p6RNso2cfjpj80xb9GMWTPPT1ObdNEGEQjapbd9deQrBhdKHw/Opre74s6blyCAmH5L0uKUmAJytr0XCAmkixgzUFcprk),Curriculum - Plastics Manufacturing Machine Setter.pdf (https://v5.airtableusercontent.com/v3/u/48/48/1766800800000/rMA4qv0EvI3shBZtjPwZdA/suTrhCqemWVeWLel0HNDNzQLS4S6HekTTWwRQ1aGAgRgT5n7y8Csc-bkICuXy7hL_18sU2Tfz58YzX9GvyYuOFISGBMzGbnf0Dxr_tofVYTfDMycVM8OQ5SYljRfAUTqBNHklniraGkVAiPwBU15eJWDytW7tf8PeBrcxLpdZeNm50gWSI-h1pWwCJzDEp-mommhk0iAbBH6lYJz3s9l0g/2eQkvfIqX3IU3HOzNezsDwxLJz08sZKUDQaPl9nkpVA)"
91782,Plumber,Occupational Certificate,https://allqs.saqa.org.za/showQualification.php?id=91782,NQF Level 4,360,NAMB,"OC - Plumber - 642601000.pdf (https://v5.airtableusercontent.com/v3/u/48/48/1766800800000/uCWF-NCxZjn5g_biOvKcwg/wTGu1jHBHeXqpLfBu_ZHC3d6vjjShxPUzaoIgwOYZkn9FsGeZu4MS7bzcvG0Fa0NsBoVqSlVy-5EkGixisunNt6lVzGY239AHOwUXvAx2tg74y2BINKLBHsd-UqhIn1W6E3UXoD_1uC20EKAYlniBKrp7W4OBMYYzGXl4R3MsLc/9_YA2NsLIZxLNn5RcUy9-Njx5nI_DAZ5SZ3yZAGhonY),642601000 - Curr - OC - Plumber.pdf (https://v5.airtableusercontent.com/v3/u/48/48/1766800800000/LkeQUWxoJ_sPAMeXl7GkEg/ncBmmaEVRoFn3c3_tM5mpY33X87V8aDlDo_O8rpmurpHavCbOGJQzDkTDAEjx-vaQJTzcyn-pEVSnX2g53HXeZOLNJLHDgF45ybZruMYBL_0T47yofc5U9-tG6-nAR7Y_sl9JLZTt1xtnLd0loLcZAbYFcI5nZds_Mf979W57wI/g3Q5PjDHdL2w0j88eg5_gx745_TfNHn9c5spbGKwvUI),Learnership-OC- Plumber NQF Level 4.pdf (https://v5.airtableusercontent.com/v3/u/48/48/1766800800000/tXUU8kn0CtbjoilUbQ9ZwA/PHlpKEMT-tOjj4Rp69OA3i5E79cO2PfCr6Z-i9U3GWo_Ie3wwnLnNSAgQBHXOPD4MXN98_7u7wCuMtha0bSA2TApRqjWGkeImefaKZZW83YL3iQ-eWKoQSBodHTN2IFTzCQOoU_HpLSV6NdQ9UKKzG6ghjeVe_2LtNXFfVj1u-g/0GgyZclwV07SyyyfeZupoOJoZzD1b7ydV0hSGLESy98)"
94026,Port Manager,Occupational Certificate,https://allqs.saqa.org.za/showQualification.php?id=94026,NQF Level 6,132,TETA    ,"132407000 - External Assessment Specifications Occupatioanal Certificate Port Manager.pdf (https://v5.airtableusercontent.com/v3/u/48/48/1766800800000/IyyKCkLxNvshFpS1Nf0AMQ/7y6Ab17qlTBrINz6x6GMXKBMKQP0gN-8gZJfXzQOV25kff1wECbiaahxEW8y2vRYMWxwd7MrjK1PUAB9BGfqVNm2J_tFsek0IZpAzd4ysBKUj7apYIOv2GLTzAjVHmrFIFgK4BFbPDQnBhipKoHafA3K0HycUlgHzzQ41iuoZ-KnlVZ1HYyN8TLi_FrG5hlHcvZ-x0xH5PJ5phC_okNY0InLhoqMrrQFRr-KJClJ__c/T3qElP8Qyf8dwVFhTF3Xm7fTeokl8IUX8o-IKIwXChQ),132407000 - Curriculum Document Port Manager.pdf (https://v5.airtableusercontent.com/v3/u/48/48/1766800800000/A55xzYKNEQ5siQGU1ZOh_A/rZPU2hjSHfWPdONN2jwbSkAyJ3GtA6N2ZpF48q-yemDiYHVL0hnLHwzdJxq2YpKAYjeqx5-jTiJjMv0gAlKv_ssvCi_l5FvEi-hC5WJSU4Xd1ek4skoHOTuDUfHCyVZeShLqyTibBi87gXhZNIfh80rtVMET5Kvxk5Zkf7vpJ__QvW6QEEK6neXzvcQt1ebC/4umFdwC0GwZEnPd0Ehkxgn_7py8E_qzYswm-Iy5g62Q)"
118767,Port Manager,Occupational Certificate,https://allqs.saqa.org.za/showQualification.php?id=118767,NQF Level 6,132,TETA                         (SAMSA),"132407000 - External Assessment Specifications Occupatioanal Certificate Port Manager.pdf (https://v5.airtableusercontent.com/v3/u/48/48/1766800800000/B2u2auycDiRwKxW-lU6f7w/8sIRtLRyHUTvFNhAuPTq6MJBDUcbtV0fqTJ5INDdwgqnz8A9WrphS_sx5_T3mn0UAoA0SWUnzH7sNIR2baqigPBKJl2Vzrig8kR3rZWX9lGEMQ5Fsf1V6sbIY8HxBUbqjTJHP-abb0boH-n7r5UiIIlTy8C7jjB-Nl2MBu4qCme45bqWuFmivg7ebD2fD_6Se2v9A4MRPxEjme_9WK9Zq9h2q33h8QBgOKE1GzCaMXg/VIy6t2iuguIXp4zhqnihz7o390a-3I1_xRnQahxSP8c),132407000 - Curriculum Document Port Manager.pdf (https://v5.airtableusercontent.com/v3/u/48/48/1766800800000/XlwN54mLHsQYpb9NdF_BFA/urL42ikycu3wHxPQuaFzUF3s-5nu3XHMHHTCjgh0rrqYgF7f5nN3QaDVT4O2ClPMwD7NLO7wIwMhwmg3MNQ_nOnmN84n2TmU36O0uEb47VA6fSofIw-51S7K85K9HisGpZgVCde2-QnoWBevRSB00laizrkl77G1ehysUyDJGsKYpxhm7xcWYmU_Tbt6y7rD/OFOnBWHWyY4Ad0U1QbXQj2DE2BwZ-OVhisTFzF9zLUw)"
99027,Poultry Farmer,Occupational Certificate,https://allqs.saqa.org.za/showQualification.php?id=99027,NQF Level 5,226,AGRISETA,"612201_Poultry Farmer_assessment_specifications.pdf (https://v5.airtableusercontent.com/v3/u/48/48/1766800800000/sRgXUYJCA3hztTW8E3fxvw/nM4WLIk-GqXvWZrbinBQPca9gB-bBt680LiXB1aEY9y9uhlBYKLZ_Di-6CCdZtiJqWxBk2OZtNla7bB8mcNHKa9uyCC8yQhxc1svB4bFu4611tafQA22V3EHMzu6Tund8uimmCjcpweDoniy9YRtRZvSTqyPip63sUVOhTkHqnRci_rQnB9gyH9y1G0vsgmx/VRm823M5Ncq2vdzdslU9vBEuMR2JSYX55i7-1GE3mL4),612201_Poultry Farmer_curriculum.pdf (https://v5.airtableusercontent.com/v3/u/48/48/1766800800000/vjOLvzdIcM1AQ7-Vgn1eng/Fe1IGQj1UcIye6awcyfNFJo_QbyORcx87mcQogfaB__1ddmtkvG6Y_ovB--s7ur6K_JuE9GgIWLDTGvc6_len6N2CsYwgxf5u_2zGNwJ1yQ9J9UMo7_tls5hOjYraIn9wYu_e4UEBqPdezWw6dxFof1rDpfKm8REeAnQ72FELA8/4yd5CpLuZMi8VqulXFaoRUFACEDEq0nSmq8_l5shvPk)"
121156,Power Plant Electrical Network Controller,Higher Occupational Certificate,https://regqs.saqa.org.za/viewQualification.php?id=121156,NQF Level 5,198,EWSETA,"EAS Power Plant Electrical Network Controller (1).pdf (https://v5.airtableusercontent.com/v3/u/48/48/1766800800000/2emtNGrsO9lW-ttOIt-yzA/kUSlcM3KNJGbTCOAnCDUN_aUgcMTIBI8FzQOg3RGw5GJFwxPpXi5_TyCbzH5XRUPbqtT34z9sgs1axIdJmop2OpFP7_2yf4WuydAk1W4j2M9pFbCKBqeQBKkO1Hpqdu-fbhQMHc1Ke4_VaEDLgDQD9JjCvxjpLkS3LbMV7xwx2YC9PoZk4cRpOLcSTY9MgjW/aTRG1JbShLnQsSZxw1jIahOYVCRW9zLplIAHmNKgEPs),Curriculum_Power Plant Electrical Network Controller.pdf (https://v5.airtableusercontent.com/v3/u/48/48/1766800800000/rgJQyscp_i5t3fnBKTShrw/FlqjLTOkfwdJEU4D62dsqDUALadNmQoKBY4uByEgXg6MdLJuIz674sEAAqhXdxqlyZGHZXxi5eBT22LDlLdVBVGLHMyTN9pwAWgX5dwivWxex6HbRvZvJ2zO1TfFOFm9ZsqpC_Fg265hUugUQLP0d1E1DtUgYbWfBkaDeCCEJZMEYxTqpFbLJHFr5AJG_p0J/UG6pofN4vO2Ynhq9ROfgi-lrOugTfVI9pRSeZmBrv9g)"
118089,Pre-Fabricated Glazing Solution Installer,Occupational Certificate,https://allqs.saqa.org.za/showQualification.php?id=118089,NQF Level 3 ,280,CHIETA,"Glazier-External Assessment Specification.pdf (https://v5.airtableusercontent.com/v3/u/48/48/1766800800000/tXJYZE_jo6BJ6CdfXudhGA/GIVZPbOsAzN4CfjMU_IhaSakCPzlSNKD0GMqV92RusHwKLO2VB4aAcHAVG7tI3au21sqBicOgwXqkHEFgY-7WH7tAasPBCSsFkKyoo2hGtir53DhoWxEgoM4y6Cnl8lolqJhoDvOsXfEw0Kpqmjiya7l973Q3SgOQCtXAMduBcEnmDBMHlXT_AKLi4HYJZob/YvA_d_yiJsrqfKozRnYGCgKi3DrpCFZvXAyMyMueQ3A),Glazier-Curriculum Document.pdf (https://v5.airtableusercontent.com/v3/u/48/48/1766800800000/vaAhfKII0KQyGpLYVT7r4g/O3zF87KE4vzlZUI-rtn6B6ZaqHkW6d-t3F--rorUEm-hVL8IfM_3TfKd9yGIxpoY_t-9tuzgq793Cvr6baf10WSlZO2YajfxZepbxqe53DcAyBFcEN1qxc3GAk2PssRcW6AvKHF5rI4KHbFXbrJ0nJLfo8YswSUrCaASOBZTLSA/2XNCncKNJCCvINq-BTMF3GiOk6ORsMV7BQZOkWFdsAQ)"
121691,Principal Real Estate Agent,Higher Occupational Certificate,https://allqs.saqa.org.za/showQualification.php?id=121691,NQF Level 5,160,SERVICES SETA,"Curriculum Final Higher Occupational Certificate Principal Real Estate Agent.pdf (https://v5.airtableusercontent.com/v3/u/48/48/1766800800000/BeUhek8SJ9F5hPiKk2ecaw/ujDlfXe6wuOfExH01nuQKnkI-y0xxfipNu-3nX1UAP8bT0xD_YkKJfgOgjsdf9AS-vFZ94zKtfGlG4YdEsxmGdU4NQ6NticsmG1kzyIO6I98F3ePWZTYoconQnrLsx2yqdgRlYm0VJhYzh5n06sQa1pAIUpmIUD7UYZb8BQgVPG5D0rMJgSdaPVbISWhweML6Ak21XmLWzXxN1U490BBjVf3blMq-0VCUX4jPUzQRmM/1JBYtC1NefR_-yDKQeiK5WjUwZYv79M2hoAoX4lRbLY),EAS Final Higher Occupational Certificate Real Estate Principal Agent.pdf (https://v5.airtableusercontent.com/v3/u/48/48/1766800800000/kGb_d_Fw5Z7kairk4mEY0A/okmADfc8hnLPXfIPTNycDpG0zU3z_-R6547KHvqzjddrjS15u9RNXS-cHr1gyloaAnT5zBgbGEmqT4KQUTQa4zFFk3AIZPOv7N6tg0pLg52Sl118vTADCG4T7ff7LpuQm-ndm-g4aOKYDNq3gk6D10g9hPA3845wNmvV3BwXdsOUzxk6VNr2aD_ySFsJnZFNlElSoY1RMc64_-t3Abz-pc8I5Os9yw-9Fa8wZddUl8o/UcIz0ikoZOkwh7jObKVvf-KvCXXITUDpqQbahkW0jVU)"
98928,Prison Officer (Correctional Official),Occupational Certificate,https://allqs.saqa.org.za/showQualification.php?id=98928,NQF Level 5,371,SASSETA,"Prison Officer Assessment Specification.pdf (https://v5.airtableusercontent.com/v3/u/48/48/1766800800000/BFsaKPOk6ifqWJu0BWbl1g/ehz0uXIRjEkp0sPCgY1sqSLS0_CnxPaq5jKVv7l2TfkKYwa6q5wx_Fvvmc167WDCUbmHsBjRfvOZqewzqU9QjoVnJDOO7FUm3ohit5_OEd13XaT_1vgnEu4jCAU6AxzLHPFJukHEdVpfbdkI6jL_VDhenExggBSUoTa6r2CYIOgH0gryKRWnifd2h_kdCwtF/I9RPB8uw-QeZaJywMtvH_aMHqpodyRXtoIo7G-k4y3A),Prison Officer Curriculum.pdf (https://v5.airtableusercontent.com/v3/u/48/48/1766800800000/D8fei4hXQjFIV-WJzB8NKg/119zDBN3C2xM7WuXiGEl190jvB9ZhLAZmei43wKm_mtVkuaydm_KH0bLqno6NF3ocNAdVqrmjvvM3x9mImLnIbjQRFKdmcmmsLyUw4H0chkx07n9qa09iiJDr9tozis9XsqZtHg7szA2aMNo-_hbdW9TVikINxvDf3uKRi9F1GQ/xjobo6--vAjvJgtQb7QcnSaWqYhj6Z2y6wceySDDwxo)"
103097,Processed Cheese Maker,Occupational Certificate,https://allqs.saqa.org.za/showQualification.php?id=103097,NQF Level 4,135,FOODBEV,"Assessment Specifications Document -Processed Cheesemaker.pdf (https://v5.airtableusercontent.com/v3/u/48/48/1766800800000/QkaWfbkFlhILmys7z2_5WQ/GoUw9DlREI4iz-rkFjudAYt7KHyLh8aU4eppkDodeSLQrgsR37IwxAdquSAuUr48pykmoRiMQNJVftliYbXp-sKJBEQ8ABKwbhd2MvC4_jIdkp1txl0zcmS9xWPqIM8pRrEVqZlieiN2gtGhB9_H6X7AtdifVDom9ju0rUYzNlzlITghQv2opr493U-9mCzjuIckF1Xe99bSwPJZU8OVYw/OjmxvL4h5V5jJaTt06mgbpVlY1n3PgbuEHUdaRPePz0),Curriculum Document -Processed Cheesemaker.pdf (https://v5.airtableusercontent.com/v3/u/48/48/1766800800000/y3sV4j07_9plUz_ysMpkmg/X995D4Zc_eSIOdbRXFi5hJSWWFQNY7tf9RSl40FDF6p8kHuMWZYoORgMd65KF41KDQoy-KSknEULF4YxCGR0x1FEIVc8ryTPJcFNJlaRRwvXX2BXPaxzQmwJwBuJXOeOv8IsweXk4a6Hahs91DI1OpVPsYWAMbIb_AHu_2rMW0mEZ2huPJc5rWqbjKA1L4-q/AyWuZ2dv-M2UnIh8av6zxEqpyNh0Nv7zMDPQ_TBQduI),Learnership - OC- Processed Cheese Maker NQF Level 4.pdf (https://v5.airtableusercontent.com/v3/u/48/48/1766800800000/sEqFSMU9KU8n2q30oP0Lbg/aOi7f3tJLAlt3I_oweEYa_813HKhje1Ja7AvZUAyEfDpFBFTnRz8BVVXiEmsXaQ4Cy_R82oDERMpjr-z47TSFQsWLd3hywUkEoy0mDRk0YNm98KG8D4ZMeOp1lmG6l98Bo3NNVqxBvCGkqcnchJ67Z0AZFbDPheBmx_4yvkC7-PURQRUP63aY-bXl1tl7awE/0BRhFI184m2RJBOX5WUhqiQqIIqWgoVXB700h__vjVs)"
111445,Procurement Officer,Occupational Certificate,https://allqs.saqa.org.za/showQualification.php?id=111445,NQF Level 5,180,W&R SETA,"Assessment Specifications Document.pdf (https://v5.airtableusercontent.com/v3/u/48/48/1766800800000/0MS_Wg25e9AjNZH9OJr3-w/xWuJSefvWNN_8sLsxRneu0dqQGzGvZs-Zvgc__xEPYIsFV9ewgXCKJhv_56e6_sUWVrq8TFrpc3AXeP0avRTBl8UVwVOcpewu-LD8TRwsApX8Qbc8nNSXLcrBaWhVljwOpCPB-So-kq44J-X4QGSwi86i_N86ajjA7ziap09fII/RW068uhUMq1HQRX0kMFWTWQF9bisVJ4MqtOBnOIaf-Q),Curriculum Document.pdf (https://v5.airtableusercontent.com/v3/u/48/48/1766800800000/Iu-OfmkwZBy3JY8acBkP2g/fKiuMwDjE8imNUz27Ekq01HyM5ss661wUy3KUCb5AR1wiV_XVRvw_QfBr6jE1-UZ6mKsjaZz0NiIvqAYMPT3NpUcHFg8qRTDje1m9A1WkeGcmnwJH3LzND07TVeEwwG-B_fU5O9DarBYP9ZldOTmyD2cCTu3hWJ4msjNB_Ge5Es/IK0DsqdyRbMueNfQlXIdHRkt3ZIyhQt0ZYvRN_ih4Iw)"
120037,Production Operator,Occupational Certificate,https://allqs.saqa.org.za/showQualification.php?id=120037,NQF Level 3 ,122,MERSETA,"Production Operator Assessment.pdf (https://v5.airtableusercontent.com/v3/u/48/48/1766800800000/74jhpXkI1Cwl2d3BJkfCrQ/KE4zyqEZxL-s2sGC3WQhcPflWR6TJ3571xACXMUaLghiOTlSmweeIVzmK2yIQGQx-tdysHRuVB0lZGpfJfUS6V_nsL4Z0kXk2jUpWzps6sKKGaGVroJJlq8o5CgtzO605WQxkrwXjCVoSHSZUqugtjWi9LcrdxAuCePZoftHfUo/s5M9AcCc36lD0xBvEsxjguTo2FSqk9Yjf5aDPsvjyUw),Production Operator Curriculum.pdf (https://v5.airtableusercontent.com/v3/u/48/48/1766800800000/7qt-6knSz2dJCrATR6_z9A/kKorWZ5dLkBM2CafqAvAvceX1Yij9uRTRpsfFFTpyNBParYtnhwkDrmuDU8XOyT7ZdlVlHKBDAhj059R8Yv-fYCAacDetEYxrUX8QaTrwIPECOh77HgWl_z-J-qRLN84KiPJpruDYdlJs-LWhhpvcYbLY6VKo-NX-VkukjeIpYU/sGrakWdNqaZkHNYS8J71FqSatl2-kLY6cniq-Kozc2g)"
99709,Production or Operations Supervisor (Forestry): (Forestry Production Supervisor),Occupational Certificate,https://allqs.saqa.org.za/showQualification.php?id=99709,NQF Level 3 ,71,FP&M SETA,"Assessment Specifications Document.pdf (https://v5.airtableusercontent.com/v3/u/48/48/1766800800000/UC0BZsFc1DnARgkKo2d9hA/Q81t1LKOgYY0vtjnR0KLpLdXXUbdLvXByNga3s4OmXIis-o-DuM9i55g0sBJRxFeqLGuq5yrdtfDtU-L_stJS1Xs3IG-ZvcCrx_QvOdE10KV4VmVBvLBQKLvMOGC01SSR8YSyDHfiunqxs4IuC6tzc-6lJZpYi5zO7Chqsx1mpI/oevcl9bTxulElII5t4OxbNPrw0noEdU_Fvdv-cC4fUE),Curriculum Document.pdf (https://v5.airtableusercontent.com/v3/u/48/48/1766800800000/3hOLDAZZSBMrdT6N802YSg/HdOsINKQwcSnjNOoZfSvuO21GCgNeNIpo2UiIrqS2fhpSiVypJ8vEyC_kNyBqJIBYFQZ-A2rIPrIjt-hrylfSgleZdws9gbEXTvn-nsFrq_3Ai0e70k1oHOmF4UlAr9d7tC3AO9lc9KDMPDGkw7t2w8S49vOYR7pC_trmY3ITzE/AYxFCU77nKZNgNCRgGfwpNOsUeOWKb4KMq74kN14Hc0)"
119977,Production Process Controller,Occupational Certificate,https://allqs.saqa.org.za/showQualification.php?id=119977,NQF Level 4,140,MERSETA,"Production Process Controller - EAS.pdf (https://v5.airtableusercontent.com/v3/u/48/48/1766800800000/I3TzlVwFS22sG74lWJfW_A/Pvu9pEZW7ZnGiOgI0wL9E0P1tQZ5JyPneaAgk-qFdcAsbpQSEgWaNoCnKiRV-8YzzOuldp3f1ZKLOmafLbVkjihBeiHK-w7FyVmEj9bv3hZdhZ88yRHMHK1rIGimbfacOCmk_2ItjoSg0VwlOf9YbOSebq1QPjL1i2ZICTq_hlY/m7OXYM-BF9ZzGfwMXFw-Q2R74TidqoqGZEJCc4pr_xk),Production Process Controller Curriculum - Version 1.pdf (https://v5.airtableusercontent.com/v3/u/48/48/1766800800000/YzTdm29e-81EFfqMldmeBA/oHnQ-4r1fCsn0jMbq-VNz6Q-LHaL3vifAqeIEU0uOvClGSLljaj-aL4yM4C-k_hAR8jNpftD_Ou5XqDcvcNu4W54Oq5mOleynwx5gmzt7tAfKfynp-t6ZO2r5rBD4fOLxj_NJA9t84MYpKUdvLgsRmGqUTJiliJIEDPuaawV3GI5u8yqbQu85BTdsoW-awqS/4X1hfHYLQqy69qscoa40l-Yx2owk5RkVKSxLfS_rYLk)"
102580,Production Process Machine Operator and Assembler,Occupational Certificate,https://allqs.saqa.org.za/showQualification.php?id=102580,NQF Level 3 ,103,MERSETA ,"Production Process Machine and Operator and Assembler-External Assessment Specification Document.pdf (https://v5.airtableusercontent.com/v3/u/48/48/1766800800000/SxqE3TQRvLsRkrOSnIG7mg/o1s82m5Ya9qQ9AgGi6pVuvY8xiBaoWl9vrM-oPdANhacIzO89QxVRc33941qmEK-WlpT_OOryUWOXsXgWo-lQghzO25vNXGKDJNdrpcP-HYaqf_Vnev86Z6rQjcjiXNMvasCKDYEqWFjJAe_pFODmddAycWUMOvO9CzjJKTU1jlm32ksbGxjwijcth-BdjcfjSsSRC99KIzUurKG3ToP5Ydf9bWNItr0Vh_GiQRDmS4wdchFTw--jVVuLx1Mv0hC/a9ZlpO8ixkiiBI4h9xKBd-oMaqau25g00n_QpqIW1JM),Production Process Machine and Operator and Assembler-Curriculum Summary Document.pdf (https://v5.airtableusercontent.com/v3/u/48/48/1766800800000/7jwYraCaDNSpscxE6dup2w/1ZscGLLWoreimGHdnjg7lv-3_RkqBql5F5YrO4WLM28s6P1npdooBugd0--zkqv-8XVVzKuW4l6wCTOnOm5l9inTEv-XZhh8ZWMQWsmEMNzG5R2gVo66p6szGrNSIW6tBNq7_-7Hqg0dpaJUqFyyG3er4zBIqkbTN4k6XZtEbWk6nN6ZzVyJxcU-GJSISZJMoX2kFXEer_h8xzT95BiEiowD8GQfb6oXMSV6XF12aM8/FK9q0985QO3mtq7g6gghMekla_OVLYKOJ30Fn1M6PoQ)"
115723,Production Supervisor,Occupational Certificate,https://allqs.saqa.org.za/showQualification.php?id=115723,NQF Level 5,216,MERSETA,"Production Supervisor-External Assessment Specifications Document.pdf (https://v5.airtableusercontent.com/v3/u/48/48/1766800800000/ou3MJUyPZ4JIp_WAoe1Kpw/ENHPoL10gTQsdccye8CSR_ZrOlUzt-XRc_Ko45XqwSXaxwd1jpb5WUQVr0R2jjjP2np8eMmDJYW7ehm_MAic4QLObKEIeS_yhFWHjxaWU2rHMZABf7bYu52CC9REDiaQoHrqOtSQ4jpIhokgdp49tHgm1KyjarT2qTNNUhKa5BVGBgDAPtgU50TdMb4b1tNOEZNe8-MN_DbFu8c6yN17_Q/_cRNGfcAHvnH9zPFlNP7L9XaU1TitN0dNKgXUuQPAFs),Production Supervisor-Curriculum Document.pdf (https://v5.airtableusercontent.com/v3/u/48/48/1766800800000/tdE356Z0-MDtOYkSKDqf2Q/bMKk-4F8b3THeLhNhi4z5AVGQdrn3z5Oc5LZS7rGe2MxY8A0IPcPppLybXM58R7cEpQta7YSrPnrOJfytvClMZvPHYqO8f8js9Yavd-ngnwKX4G6UwVieaQ5z0k6IZ3olVl4xuTXG1BxpGoPKVWpg3speELDrUoOIRuIn1RW-dOJQ3f4N-TIoVUPIMQw68Hz/6ooc_TjUFFZiF7ta7mA13n9bVmaKE6vVGTRAGx_L0g0)"
122700,Professional Construction Project Manager,Specialised Occupational Diploma,https://allqs.saqa.org.za/showQualification.php?id=122700,NQF Level 8,180,CETA ,
93602,Professional Principal Executive Officer,Occupational Certificate,https://allqs.saqa.org.za/showQualification.php?id=93602,NQF Level 7,150,FASSET           Batseta (AQP),"PPEO Curriculum Final Version.pdf (https://v5.airtableusercontent.com/v3/u/48/48/1766800800000/HbvZJpQtXptneKFkAkzIOw/UehNrYluW472OgFKzEN6smc76G4-ibADDVR3Rb6PY4zE-o_bKV9CW_sZoLx9mKbR-bVXM0RMwF8tkSyvSN6DI-hkf2XDU3jSjddDZUW6tj3QKvwGwHIFE1wiC3RqOfXC5USHnQsYuYjKII1i9ZCvAtJc7SyAekKr5m_6YAyl7FXQiWFiPAwJMCvAJ_lHT-mK/L8oAegaAnmFzNWv6xEqkr6SvRQU-zoItBTYubCh7X6c),PPEO External Assessment Specifications Final Version.pdf (https://v5.airtableusercontent.com/v3/u/48/48/1766800800000/Jhozpr_fZTVUREeLzXcogQ/qLtSQAOQM1jCgaN6-qzfe5AzJGS2TGutS9aDFCOaVC8FEsAnO8aXnEHz9Fs5Zr2ONNIzjxH9QyFAUUGhI1mamkj-fKIb4kRS6HsUi_BsdhmK7eKIAKUspZxe15871aUZNLKhHhN-vwt8_H0x0y3eWlstY7ZerZy0dGNzl7jJsvHes8Ye07_0usDFT1ndbMmSYHChIZlAHwbPzxvd2bYT3w/AtSV1JPEWq8-gS-rpn1sVwCB99jLQF_-cPEHPZQbEno)"
99574,Professional Principal Executive Officer (Retirement Fund Trustee),Occupational Certificate,https://allqs.saqa.org.za/showQualification.php?id=99574,NQF Level 5,120,FASSET           Batseta (AQP),"Professional Principal Executive Officer- External Assessment Specifications.pdf (https://v5.airtableusercontent.com/v3/u/48/48/1766800800000/oRsL7QFMqHHoA5a4K1vvsw/vkeXHr_PAM9R1e-XC7T5G0gVOSByqVgSsv66NEpllDCkCvpgW3mlEdNoPJhp0lDXv7BveLAYnLKWX5suT8-9hl2kYrweH28wAUivPq2zFWbSZFOz7ONm2AkmvDnquWkMXXTmU1k8Lcl6v8YDffAP7-8YzkQbWFYyD8dwSGSFuFoDJNvX7swURL0NH1k3d_Cl7Jn-fQPB0AD3wrDB3cZt9LfbuHY0oVaou8Kxs6oXZYs/uTFMGQ7OCqBKFzKgBpLZryYv8M92KprBr6VlFw_mf60),Professional Principal Executive Officer-Curriculum Document.pdf (https://v5.airtableusercontent.com/v3/u/48/48/1766800800000/ITrt9cPCE3CIbbYyKb9tOw/-8mvr9lY5oM_jzoCGNAwf94p6C4Jh6OhL8hvcSoTYeeShMbyZxmr3SqPP_f8Y11fiLtB8xQ_kwi9KnYQGesOezgL6PADIbd2Hwb6shm8HOddNOLJM6mBLQAKfjYRCCrrnukgGXbVJ1men94tdag0NA-HqSNu0TogbNVlaKoe-MqZfPWYk67ppKa3BkdkshZykHHotKakc6VvN-KuavmhVQ/1giwbEG3C_sifv820RzkMcvToJyAJhW33QF5Sw_Sa1I)"
101869,Project Manager,Occupational Certificate,https://allqs.saqa.org.za/showQualification.php?id=101869,NQF Level 5,240,SERVICES SETA       ,"Project Manager-External Assessment Specifications Document.pdf (https://v5.airtableusercontent.com/v3/u/48/48/1766800800000/5JRXa711y_Ofw_Acq7JDBQ/jww8vIiRxTcuy_mNY9WBmD3Ze9y9T-pMT8u1NnxGNUCUPGzavRd_b28I40Z_4nawysLH5aNMIwzc22paAfDMOibbsjiSZEkgNRAfezpGmBvlEa7CMqAa7ZVIS3_JwymcG3ZtkzCyNY1MeQ-smdqBtwRy0lD8a8sRCMi-PDjkKN6nNDcEajruqIBdRaLaBUy1RJ286ynwbEhSTnRE4BUB6w/ZEF_fWUZuS6U41BUXBT-rZg3SVrDgGmEMAMk4-jirio),Project Manager-Curriculum Document.pdf (https://v5.airtableusercontent.com/v3/u/48/48/1766800800000/knp2h77grGpKvkUSJ5zSow/Hht9NTUREAkiHabGcCtPOfBCnmv1_8U9alGgNsRjlKOJOvdu7oUF1kh7Nx9848E_EXqoh6QUmUTxGhb8c9PVOjzQ3zMqi7XfpqDcsz9rzxB3MH7-sOH-OPbkGfRskbdNtSRyoxz8fWiwMHee--WcFdCfuqBDJ53S0Vs8j1bN79Lwhc71h0XgoJy26cdUFG_H/MZJ9-oxeZiaHo09laIoGb_SdYgdNcQEevhycXIX0K1o),Learnership- OC- Project Management NQF Level 5.pdf (https://v5.airtableusercontent.com/v3/u/48/48/1766800800000/12IHmZJD1zAhE3Pb2dsh5g/lLohw8NhSuouohFtajP7EfCmwl2m0oqQDX1CbFUDoxZYeHyU7VDn2-yfc_DPebZoGIY9Kkha48hqVGpQ52T8LfisybtuUA7cL6vF5crsKzNnsAk4MVh2ouRdjZTXPdKqNjW8DJoa6EB_AVp-xjLQi5oT0AWUP4Dffp2kx_bSN2hXsoofJBQ7n_k7WMlpIaJ1/UqS7WaIrqYmafWWKWureegfsfSjjLmR1MiCCelI238c)"
118772,Proof reader ,Occupational Certificate,https://allqs.saqa.org.za/showQualification.php?id=118772,NQF Level 6,119,FP&M SETA,"Assessment Specifications Document.pdf (https://v5.airtableusercontent.com/v3/u/48/48/1766800800000/F0s6oool0dMy4dv0QWu3cw/pb9aYa7i0T28EY_aD4mEji6PSbYQJh8x8VUQFv2NpmtjXLX4H9sAVN5o58uDYMDUvxPZAnsuipJIPP-lIOU3x8dJkDQKZJuhKlVsrQOHDEPTh70HjYzacin1GELqvgxirYBVc5-b_WTQUDQrwyUKzjrJqV_RaRRTr4_DziIPJVk/41HyAwZ-G4u7mnH6ULuiDr0XU64WO-emC0ftOAwwOqs),Curriculum Document.pdf (https://v5.airtableusercontent.com/v3/u/48/48/1766800800000/wPgVZQlOLRXxcQIWkQlcBA/_wyPAvVuETj9iS2CPq6qhwjqxNdolL7Kt2wQbjkKs4LmS04FCrzbbTyMh7X76f2EjLOEchExEVLJ8V5eoZn_6DZOX9rSVXp7N_PsqRWE2FeFw74AbyI6ddPGCqBkGq5f8tMGAjGKXAibP6jcYEjzYNlnRzY3Bub_yEjQ90q26VQ/g5TIIQqSEjuvSfPf9zsq2KEZvmDIccX-GqGpACG9T1I)"
104799,Propeller Workshop Maintenance Mechanic,Occupational Certificate,https://allqs.saqa.org.za/showQualification.php?id=104799,NQF Level 4,162,MERSETA,"Assessment Specifications Document.pdf (https://v5.airtableusercontent.com/v3/u/48/48/1766800800000/WhBEyH5f9NbtTmoDpMsm4w/4EBiOUTAL2fHpLLTPU8x0zF74VxeqZuq2KEcHdQgo2dTF8rG_5tYkmvYPsgBc72vClaPkhnF5nHwZEOQ1RU4mt8o1lcbXkpXGHYRKza7zacGQP4Ii0XnLjwDP_aTiK44UjGaPYYNQA2yeknfx_S8dvUprPsooWIjoGW5cR_U6Xg/rDzmg5fzF5gTIyrewh-OwutkNwpHkZN5CxsCRG8IJXo),Curriculum Document.pdf (https://v5.airtableusercontent.com/v3/u/48/48/1766800800000/ThWHYPT5WiXi7yl-j9Bg4A/H0YDn4N1z8AlCxM37Xws-Af7_22-f28Hdc0bEBxM7d8sGMgo49siAAJFO1F9M6pswgOL1iazwuPXVPgi_x1Qtpr_UTZgaNM1DAUesJ1ISfMfqeuB6qZZdgZeVCB9qbIkWJjRisrZkrXRh328YA03PAtzz7vYkFhiyAdr8OST9UU/u3Yop_Vm7CwjxFIkKQLaEVTtKXcK1pwjiYEqLpjUhgI)"
121747,Public Area Cleaner,Occupational Certificate,https://regqs.saqa.org.za/viewQualification.php?id=121747,NQF Level 3 ,74,CATH SETA,"Public Area Cleaner - External Assessment Specification Document.pdf (https://v5.airtableusercontent.com/v3/u/48/48/1766800800000/RjC8xT_wYishTx2jkZhnVA/kZBNXlytQXTKMMiYdGEQ3_5eAvGj3Hy6ttRZPevy_6OGM2HgylZQrejVy-vkwJhyWeBDIS_Mh4--5vepw-gIr5XruURMcQc16Qqx5elFaxYsS7DkMo51NQ-Mn9Qibc6MiR_yD875TEd-VZ1FoYjn6EDN3Me5EFBpo_tenuo-iF-ic9Got6siVgi8hWSnZ4rH7qofiamCZqo2y5eNWcicYn4zJaBwJH-K5IJW-_lcCxU/EfXxghxEIubg5ES_-WtROy3T_hMSGpXE91RkHOL3TyI),Public Area Cleaner - Curriculum Document.pdf (https://v5.airtableusercontent.com/v3/u/48/48/1766800800000/94Z3vyPLlUUWJCLif9Yvsw/dV82ETmLo2ZmP68fpYwW8WU7Dl3ICBFAKH_vG_KTiqhY_3vLvl-VkZKI6YH2Hzf_0KknQrq4knnA5m9gFdKLHtGt79gkVq1EMj_hkXB9I-TjF1EcURzFVM410K0QVEqRp1yTYc2-1ExWhOB0tLMiKpRlwkjaTzduKe03RbMamfX4l_wcszOw2fsy2sbj0rq5/MwV_LyY8nH9IVJQ7ypfeaqFmVanKWew5WaH4FSXeevg)"
117326,Public Sector Auditor,Occupational Certificate,https://allqs.saqa.org.za/showQualification.php?id=117326,NQF Level 8,315,FASSET                         (SAIGA),"External Assessment Specifications Document .pdf (https://v5.airtableusercontent.com/v3/u/48/48/1766800800000/1aoh3q2vsuD_5lhAQB44kQ/w4_5Cv8LjRgyqWdlZAc3N8-0aWoAB5gP5GILJf16z1VklSZBTMUc52J-cMfIG3N2bSjXMePQwYmTSuv7fQl4D9_CIoRnZ_rTNDP-ZfBQCXIzkybhirvQ5JxUnUkoSfDjjrRe003xNOEQxA4mJDNJ31E983EppzfmSvTLCeh6ZnEvNhOTKPh2E5KAoxP5mAcn/buaDFDrPsbHoJUugLUMYeHeBqdcbqFNcjtAM82lb428),Curriculum - Public Sector Auditor.pdf (https://v5.airtableusercontent.com/v3/u/48/48/1766800800000/_yuypK7ZhinnLF7CosEF1w/a-12JsVaGUYiQ-ZV3Ca2uNls3pg2NEDj0xivCuNFveCsuuFCUtud-z_CuFjwSAs2Qfat01SUP1lp332dYB-t3fTBj1L-RDqMcjfPEsuUS5ZUEUD66NFbHi4nysmYPGnvarZ54C29dhmdUcm5QMR4uCjfnXLGGDZN8OHnLtGyNXk/F8VKBhBRCn2nl1NO9y0lJmfJgJk_R4wte_3yKDtMuLw),OC- Public Sector Auditor.pdf (https://v5.airtableusercontent.com/v3/u/48/48/1766800800000/8toWg6aKv0OU1suDEwQMHw/tDDFyrc3MoqLs32aRADdnWj5T4H1wG5ROi2ZBO-Rr47xuKXAkadFiSrS6c7djghiZxkfAn3Ghpkf5iFZPXZ72QO9MSOWrlR32cj98VeCgw-F56GGWiix7XD3LFmnFfv4XteEeICC-Y76aUrOQ-9doOD1cMPN2N4A9OwqV4nCfIg/VrfvWofKGRMSD87Byu_e19j9Bb-y5-7gb0f1lVxvKAs)"
118766,Public Service Administrator,Occupational Certificate,https://allqs.saqa.org.za/showQualification.php?id=118766,NQF Level 5,120,PSETA,"Public Service Administrator EISA.pdf (https://v5.airtableusercontent.com/v3/u/48/48/1766800800000/XH8WXcwQfMLQcyteic92vw/P2ccE4ZUag861zWRK270J30l_zVh1to7LA-V2QHfUm7Ki2aiNoePMsNLjE_FF_09y_3Q00Cok_n3xwd7ky3i2ZBy8E11QOuaNU8h7Kp594HtO4628VVTIRtFc0GmCSjBXo4MBuxW4_IdwsUuMl72RVLoc0Ir6o0LhaRjLQDXiz8/UqNRBlSnQftEb-RUXJUfCf_XlhJpCdSO-d_2-jBK-Wo),Public Service Administrator - Curriculum Document.pdf (https://v5.airtableusercontent.com/v3/u/48/48/1766800800000/lHuf5J82iOnzFO0Ak85fYQ/ppiGHo-S5MoarKKTzzQCx12gw2n6P7XU4u69PWgYRI6iKIUIeMIJrzOopG2uLqdjBwZbxdog6DvnEHhRKn2NNb5XbMVr6qKAanxWfgiFH_5pm2YvjTPbHcdHIMXEkcMVKUlfDgCh4hpi2cL3fkLRPtypVh7Cd2YPmDuecSuDHwHLHPFHtMkiKlH0JmcxhwfO/jIhtMxWb7UzWWv7Msn8k4WXWjDW0n90Et-SaNqsz9u8)"
118088,Pulp Process Control Attendant,Occupational Certificate,https://allqs.saqa.org.za/showQualification.php?id=118088,NQF Level 2,73,PAMSA  FP&M SETA,"Assessment Specification Document.pdf (https://v5.airtableusercontent.com/v3/u/48/48/1766800800000/JQbPobLtrf2FfiVnt3USug/Wlfuo4IUdCSoWw-IGTrZyfbbpWNHp_5iY7wn2Qku75hgZreZKhycVxsuuPajERb2W48NweazqFKPUKoS4sYF_lzqXqb3ZE3GLYgtPQ6chK0QpRj8dcFQ-IuB9xu_1lcu5VubXYMHDnya-t9DCGA0Tx1lPJJheK-KLPvvJOrQFKc/5NNDxii9mTOsYZbwN01CyROOpSKDS7PGYAEfFbkAVm0),Curriculum Document.pdf (https://v5.airtableusercontent.com/v3/u/48/48/1766800800000/EZgrr3beZvJtIIGGEDsxOQ/Dzuxee9UF0jXZvNaN9N-55aYxJUGCBFJIMb8D2VaIY6FXjR89QoPXQDEBARCZuq_Hh840AsdrrYYSwWRKEKke-1SPerbyN4Q8syhi0XcT7X2ec4EdSEF4I77iERrcLcJ9BRjorem5np3WCBxaAgVCFZts-Zsopl57GIYF_pZhjQ/NKu8noTGF6_vSjBrT3x58NkeFk_lQbF5QGYao0H5TqE)"
118085,Pulp Process Control Operator,Occupational Certificate,https://allqs.saqa.org.za/showQualification.php?id=118085,NQF Level 3 ,140,PAMSA  FP&M SETA,"Assessment Specification Document.pdf (https://v5.airtableusercontent.com/v3/u/48/48/1766800800000/HNAQc40AP0y7d9jec8969A/hLZVow3XpNi--_oZLUU4ePM0_w08fXtkYGH_am3rtddoiIljpz9sc8P_PKae2dyOOsFLGaXSCYLmR6M4LMJ1U9LFHsMWY1abn8xeMffMnLx0Xsay9juI-m45IqCYXf-fRRNxYv395DlxxzSu8b6ZCmLoyIGJOVRsTXUm2yAhrDs/swveMmfsyaiykRvDLl2JqEHHSX6hLxWb3OJ1o1N7xxk),Curriculum Document.pdf (https://v5.airtableusercontent.com/v3/u/48/48/1766800800000/173E2qFYQGiKENDkor4EBQ/eHeo7A0BQ_qbPqS3NJBL6uieqW8PYh4wLL7nCuZcULOC2bP89g8Hhy4VdaB9HHB2Cfo6eXEFp_dLc7tPHYqw30z38x4o-ZkpsQb8UtjFLP9z7SXpprVUB8LbPXpBJZBBlRHYFSuZV3VNp8QNvcn0iqHr-qrkH3FaxdqXv06xwb4/HPtuu18PF1n1aGNIVTohUMihMHDiUua4_1BEzQ2wGmE)"
118121,Pulp Process Controller,Occupational Certificate,https://allqs.saqa.org.za/showQualification.php?id=118121,NQF Level 4,337,PAMSA  FP&M SETA,"Pulp Process Controller-External Assessment Specification Document.pdf (https://v5.airtableusercontent.com/v3/u/48/48/1766800800000/e2lwZzSM7rNVTsod4vmzvg/KofdCXSUiBYBZjhoDOtUi_9FsT_U9EstuXrUyp7geh83KML10jshpQteQxOQ8pawjhnFVEYqLZzEhbOaZ2HkDJEeruBJPX_8aXJdBfH59AqF_2SFBjBo79RJvFscUOSbs6Gi_q206Em2qvU2RhCr3ZmV5U0vZxxPZAPRwp2Uu0syEEKdnfd0lGwYneyflL7oR42jOmDcsyP-PR7bj89phg/Z09oBQ85o0VgQM_WeAT38MSAaGAhVS8pWDLZsWvte3Y),Pulp Process Controller-Curriculum Document.pdf (https://v5.airtableusercontent.com/v3/u/48/48/1766800800000/FcRr8RO3_YHMIByNYhkyFA/MiIoEs5LQVIdiNNNmSf6N7yYaFMHmpqfr9pLLviZ49xEkvhWnkUPJP__gPAjGrGV4Q_MShX2CyTz2ST6tx-MLGfL64DeT4Vn-YYAbZp-5epkRbbXfFEfqpgF6o8czcNoVFzxXgK_LH9E-69_frTGx1ZM7cmfLZtOrXwm7tmSHTnmG5TTHc-zSknn7Jfok6GD/I6-C3JYpacuEBPKLLTVvIM4mhsHBd_Vnq50t8uvKqtc)"
91788,Purchasing Officer,Occupational Certificate,https://allqs.saqa.org.za/showQualification.php?id=91788,NQF Level 6,161,W&R SETA,"OC - Purchasing Officer - 332302000.pdf (https://v5.airtableusercontent.com/v3/u/48/48/1766800800000/zYhXZ9NlUWg5OqCQ9UCfEw/MT7jwTZ_731dU41ExAh8XzGfNACfpkrLJWwNXoWjhWUjP1OxaxpZLA4Lja2aGSieni1dECLaqSpB1MQOtRymjkWn_BoBFW2h0spu1-A8UfLDcB06RjDqbF8Y-5fQVxXTGE3vfiKZS2NUWpuzynHCTEWFb0-U6QuJ4Qxnn8b7Qwo/D6AVBNK3ajNAVModx3cLsEharQPoGqi8XaHvnvC5CZM),332302000 - Curr - OC - Purchasing Officer.pdf (https://v5.airtableusercontent.com/v3/u/48/48/1766800800000/Q08zXgJ2XhOrHND4-FEXlg/Zu67gClRto5Qqzor-UJiVWSWhCA2uiJIw-U8IAK7leX4uyPBXmZzG0r0923N1fmtuFr7F067lrK9pNRlJIHb0rHJ3rll243YekW4RsRThmp3a-molXlF19YnXvJQcfTdsmj8EVyZiFog47okZcLi4x6EE30SQ0G2rfThFkI-yn1uALKFpddCtKgU79MVAFlH/UEv3VijbrMGOA_us4SzSytcLVNM_ifeleFGZ2pKcsEE)"
118769,Quality Assurer ,Occupational Certificate,https://allqs.saqa.org.za/showQualification.php?id=118769,NQF Level 5,106,SERVICES SETA,"Quality Assurer-External Assessment Specification.pdf (https://v5.airtableusercontent.com/v3/u/48/48/1766800800000/PogGI7wIwLjIK3QsqPnkRA/X4QUl-pop6BW583snMXBhW5_DKNFFwdNYMaNwsVsGZ1Xn3FKAMW8a5hJRtwgOlobpjyZ7LEkkSDoPRYyajJGoZV93-RSfDUm4dabf3T9JwP5pWA9WiodU5zJvkr5xCjahi8mrHV6IpzsyU9Sfq-oiRB_aiZHBHnrbQzUgahzVvj3GWTWqUmEFFX99aLIa9dR/R6gBC75rF-zgyOG5_WaIociMkvA_8QdrgqYa6haSGOI),Quality Assurer-Curriculum Document.pdf (https://v5.airtableusercontent.com/v3/u/48/48/1766800800000/r6D5yv3_IlG_jwSgjR0Vbw/tlm1C1-bv5RPf_6oVxjBkT_r6mpMsPkx36cERqEsd_Ecevr_QU38nIF8ahz1CEYGsgpl8LJdkW3Eby14zANYBuc_YdukO5kWR4-X_NS9jPLsoVV5qCrJ5fDVDRLHyQUrXSa6UrXMuvdQF_7U_ZZnL--i2eWIuYvyZe_5N-DQ-_f_NCa934uOiU1XlFI6G-kU/31ZqJ6Rn7o0mo1tsuh68YRu8o0VM3P1WC87wFuwvfug),Learnership-OC- Quality Assurer Level 5.pdf (https://v5.airtableusercontent.com/v3/u/48/48/1766800800000/ipVne-YrNBpHQmylIiBzJw/2Z83SVEd1gPprnJ5Mu8Z2-mrOSWo_NbDyIaZv_9RmzSwqfqnXzYFf17UWpjeHOLlkKSGxe8LyjWPin7Rw7ZS42namEZJVw8gt6f7WAJ17S7D9YNPuckKWqYjBTTjCryKpMzQ_6onAYNEJOiVo4Fs8qCrqH_OUjybB5U_MSQaYknNW7YjWyZ1VJqvdkvPNzpB/00umI1UqZ8jvfDA5SKW4IOqFEUJc0zCape00hIPnthc)"
117309,Quality Controller,Occupational Certificate,https://allqs.saqa.org.za/showQualification.php?id=117309,NQF Level 4,173,CHIETA,"Quality Controller_Assessment Specs.pdf (https://v5.airtableusercontent.com/v3/u/48/48/1766800800000/UrVqIsQ7xxJYk6ZLF4r_MQ/xOsvDhKEXhuLBBFgGLU2NhGfc_febzVPI1eIw8qcLiarYN-prL4gPY5xGgId906hVyAfFFsKhf3nkxnul8H4d3ZYnOlHyO4mHtnnJYOATuY3Y1ybIi7kNZZiA3ixjeZtrFeud35nQTERSNOSF7O-YL1b8Ge3phpyK4SgIJibdPmsCYWGqRDJcKH_1QInb5tE/y1vssq83l-Ui-r_adJ5rYyatg0p-9_Hl4zBQyCvOaCo),Quality Controller Curriculum_.pdf (https://v5.airtableusercontent.com/v3/u/48/48/1766800800000/oTiHfE0hjTz1XGZVamG9lw/QgldZBKxmeaH3HiodmgNdgb1BzXNTrWo-WXBQio8Yo_KgoOeqK9qR3QZsd9UlxPmIe3mJHZ4NDIvhCWQYkzooqnA8xNGO7RFxsZPBpFRtAcBAqsEk-XrYdH2-56vFEQW7slmfv_BH-iV6RNZroJMKDR51F0d38HuYGFnqnhjRak/YnaKCSQKK6tluupfwLMF5wu5O9gtUiQqIkmvnsJGNmE),Learnership - OC- Quality Controller NQF Level 4.pdf (https://v5.airtableusercontent.com/v3/u/48/48/1766800800000/xOTYw48m4QSaWYQTQj3Erg/GLMQlG-bE-Gi4cnXLmNsmprqgEvux2FBZ6RUvrOCwoXGA4ZAVu3j2-ThT0aZV9tECphjwHobbObcWWaVRG02ZJKY3b1zE8HYm9-alTppWDZWbgP7NTuHLcQHViTaf5I0_WR0hUgMPAVdMgqC7CDPnNVGYHX4xK8OezrxEQ3BZMHTMqUZx1m_y3q8vSGUIrpG/7s33D1Kxz63W6xYSBRs47Z_KOQVurcB-s7u4E51H5Sc)"
117308,Quality Inspector,Occupational Certificate,https://allqs.saqa.org.za/showQualification.php?id=117308,NQF Level 3 ,43,CHIETA,"Quality Controller_Assessment Specs.pdf (https://v5.airtableusercontent.com/v3/u/48/48/1766800800000/RUIt3RqnBIg8EllNYvWQgQ/TTyoPUzD8vzvL51dy6DcokLHln5x_52yUeacCwc1ZDYluwHvvKGFN-7vJvssrpyocQXSl0qA9PILplRT8U0I0qB22LqfvHUB8ydNV0jfNVf18UtFmwvC87JJvMXh9waZRkdyNQMHEj7eWW1eKNENaCNMaeb6c5Q7ZbptYGGYA9jL7oWD1xDswf4Et0Gyrfym/e06SWRl-V7NaLFbqlN6UOG7P09Od2HLTbXqlw0BABsE),Quality Controller Curriculum_.pdf (https://v5.airtableusercontent.com/v3/u/48/48/1766800800000/z1IqXMAu-dpXoqDt68BggA/KW2U7W1uANNo9pfXHmOsyezfBT3vtQpdFGduqF_ptwP64XBYncYHnzokrX29gfHPvfUBxThaQIvSJ5cMgMBmG_8opiiHPZyoFa1xORdp8ZPPbVBhmIFjsTp-urE0NMrJ7Dhm9EbW0dvP30iIfadbxqmjzbjKKv-FD37mBLUNAnA/UKz5ix5kBBWWFpB3jPeEaGJYSfee-RXqDBU9n_fC7r0),Learnership - OC- Quality Inspector NQF Level 3.pdf (https://v5.airtableusercontent.com/v3/u/48/48/1766800800000/caU3rLPipv_qlZd1Wx1maw/CbEAddwG2_dif_hQNjIyBv2n1GBigU9H2xPn82NRIZWI0-hbJXpzMQuoFrdWdZB4R1cBcyGq8EtuX2Iw2zzx7dOA-im4OFyWoL-rtWXISk83EYF3D_5EGcoV32GdKOGym-_fqDCy4i654j9bDiRQ30-9GrrjSMEdrlRw22bntDMFQN2vmHOAcBDoXe8HVVkr/WRWMUDRv_4XXRazbvkpEeIcGazbK_RVGMRRrAXGh9dA)"
118768,Quality Manager,Occupational Certificate,https://allqs.saqa.org.za/showQualification.php?id=118768,NQF Level 6,270,SERVICES SETA,"Quality Manager -External Assessment Document.pdf (https://v5.airtableusercontent.com/v3/u/48/48/1766800800000/SFFmBbQrpbbOrgsIKadGFw/jkumopza7sKxo3r_hCPA1f37W6h2c0ErTihVyH2RLHIZK_ADVT9Da-p31-gm-aOdHMJ-dgN735G8HFugIDNUVP7x8HGu-YzE3vywZa0wn-liZzLSCrU3sUlG4nIrmBT8kLevnNkft42qI7Zi9zCx8c2uDvD0z17B4-tCRYKmbX3Ns98cpGeasu8yM-NCmp23/DWgD9AWkyn1cKaFbq6or2zsLEhHnFvcfaWnJT_TmDmg),Quality manager -Curriculum Document.pdf (https://v5.airtableusercontent.com/v3/u/48/48/1766800800000/kY-JlRB9A46kqIEr80AE3w/RyQKYq_hkGFnetkUbjS3P3mgp2ebZPu2BFLkj4WOq9023VYN2Z26z6T6DVAxlF8i8N0Bn8Mx6zc2sddUakFLkIP7b91m6oONCpqqSFDxWKdd2SMgyQYZtoApDaBiONGqNW5hVnPFfApw7viG4UvvnkEsnGy44jyRAyQzEbnfuQbLmkCoPmXtiOXtSzxy3lsO/qU3QTpUEmw69_4kQfsCgUZQ_UBJcg9zvg0IAB44Dlpg),Learnership-OC- Quality Manager NQF Level 6.pdf (https://v5.airtableusercontent.com/v3/u/48/48/1766800800000/Vt16dHf9Oyw67Vn3Vc2t8w/OmgTAf0xeiTVy96nE6DoOKyJD3P4tGhTWY_j06HyleOyubDWFr7EUgcNBFIMLhXB4al1PBuZXsMh2-0JguzUTnIyxlEEIjhntuKxCfru6LUhfnxBzw7RedLnuT-c797vJqaraRumkqU7OqbwiCas_3Asagsvb36T1Dwi-cDi46zzwBqYVUJROYczP5FzRWx5/kHtvrHg_J6h_fa1nGD5O3heSvOx59hXlUW725U_OHRY)"
118789,Quality Test Automator,Occupational Certificate,https://allqs.saqa.org.za/showQualification.php?id=118789,NQF Level 5,179,MICT SETA,"Quality Test Automator-External Assessment Specification EAS Document .pdf (https://v5.airtableusercontent.com/v3/u/48/48/1766800800000/_zN0QmkLQd-CrSukboHSYg/_na46srW_lQZ1ofntzwnIMlOdai0anuCI2csdHOiA37yNQ9H4V9vTfhY7Lu8y4fQM1LMO7L-LR2M7P9QygQdTkt23md4DnKcmFTdFnQm00QvRZlkG3McmMQ2fkf58Ia6phnbADrZUlbrvyhs-Ct9SX_s7BGX4d955mgXNsxSWfSGkYR1SXqbEIGUup7hIBnfL967xn0AcBjt-qzLfr_zcQ/uovswjT4zSN1L_o9im92cK1-CMuZtzOkrl-hX6uzluo),Quality Test Automator-Curriculum Document .pdf (https://v5.airtableusercontent.com/v3/u/48/48/1766800800000/CbrFR4OY2gLp2Py3-1ntsw/BKJVHRIP_FN8qCe_1Da-7vuDC7esdUKqiOESuOaQnqIVk658OYKC1Hswgn7o4veVWgCa5qbfu10gW1KNR2APmVku_IxWYZiP2cou50CHrZ8nhPbmLVNfnt7aICY0aY2QKB5z5c1E2mGyrlX56kfEYzaNKWyN-O3jBdxrweEVwFRuIoPOGSWVdJF2QjFYiaZb/d81WpQ0VIVL9JK6jL8fLTEnU7VsoZVaC5VABjs21Frg),Learnership-OC- Quality Test Automator NQF Level 5.pdf (https://v5.airtableusercontent.com/v3/u/48/48/1766800800000/ozP0bR5cCY8KuKTQ-skrag/rQBWKr5IheJXkZ1M-rR8-_nrmCeAkjn5GDg0Al-JCr8Nbpea5QW8OYfoj5XsUrYzYPokw1i4bP_etfyacJm3OZJbs5rDTKf3dQnj9cJHSo7_9DDD-US5678vWdRBIOxJkq0261sQXNLONF7R5qRNZXEb75wKXyODD6zk-Aysz-ZfXwXUJLlBR8dgNNGJhTL-/YtN62lj3qBW8WK6-HnrcQgA1BZHDO4k8IZFzs78ZLrM)"
110356,Radiation Protection Monitor,Occupational Certificate,https://allqs.saqa.org.za/showQualification.php?id=110356,NQF Level 4,115,EWSETA,"Radiation Protection Practitioner-External Assessment Specifications Document.pdf (https://v5.airtableusercontent.com/v3/u/48/48/1766800800000/MY5wAwWxnxloELX3wuEy7Q/ZU1muEiKZaF75Gs161sePf63I8ScnJtI5SbfSFWBOrO0RCwFcrMf0OtdqtSK2ZYMlqbj_904-I3hGctj_DNQlT-eFcrn2ONPMhKWcUkfNdxaZnLA-USIcqwYN2vs2VP2R8_nNbHI6_rMA199EBGWwJ5-Uua5WbqfMLLZcd8tLZi9r5vPR6foQLkWRHktQg_j73NtqMLw2A1xnX5PdT6qCE_atwMo7FYN1vHB7SR0CQ0/qn9b4N0VrcBQXF-B7DN5zqmlx4Ynhzlz1gSmqJBv8ek),Radiation Protection Practitioner-Curriculum Document.pdf (https://v5.airtableusercontent.com/v3/u/48/48/1766800800000/XCbbbJXH3fo931vt-vwWpA/HT2wAQtT8obMSOYHBPBS1lp8YuMWYMB78xwOinjlLl0vIGzjNsbfITALnGkm0pO2Q_t3WkaCzLTkbQeI_wX6dTOBU6-RIUSRSYzUpYSosMzCjT_8YF-ZiC4PPwR-nVRHFtMn22iOJoS-0utOd7DBm_KcLa8rlNuMAc8Nk2aYxGk9qn6rBRqDi-2oI9_AW5Vo4-52t4LwajB1wrSSduYAEg/pJsG8tlLA2ZBVW1h0t35NVs1UywrHKzu27vmW0_dhtk)"
110353,Radiation Protection Practitioner,Occupational Certificate,https://allqs.saqa.org.za/showQualification.php?id=110353,NQF Level 6,386,EWSETA,"Radiation Protection Practitioner-External Assessment Specifications Document.pdf (https://v5.airtableusercontent.com/v3/u/48/48/1766800800000/48xgBpCDQrwW3cF58yofjg/19gLOBzymGBC_QEnFmetPmpNI96nDMj7KescCbIQEIjx6K2krJJjlRO9j6xx-UgWZgFdIELwilXmbn62vQa1LsWnS1k61aQWEN4gLFZqKJgYiVLPFdUcpaqIYU7tCnb2yjCUO62bTXr49R8roPlJr3ZBXqwxPyCG3aUNAhxIA1fbClNfAKLif-9ninu3FrZLoTa3K2yIRlypL4qZlT5-BF6MSd7STvjCneCisbYhvQI/p649NmlqOobASbWRXsX9cPDFdpKcR59NdEM8agsDrdQ),Radiation Protection Practitioner-Curriculum Document.pdf (https://v5.airtableusercontent.com/v3/u/48/48/1766800800000/Dy55pFT5qIsv2EnQR-Vtwg/6hgfUiMGwwJWSwEp6HBmtcfU31K9I_Gskdd96gj5H8yZMEU-QeBqPDV1K3dhMgqeTsK3465j1KTQYKC2WPrxf3lnYEjJO-JYoSlZqRNEwLbNFgURPQw7dFEH8lbj2fGcH-ux4OJwTQ3Az64dGHpm3cU0Ps55RvhZMGp1UwzefceePktzdu5__R7moS15EYdyHviY0F1-lTqU3IqaFEYekA/aVybiyVR_ziBc0uHOyrL4qAtQIVnzt52KQYJtbaz-s8)"
110350,Radiation Protection Technician,Occupational Certificate,https://allqs.saqa.org.za/showQualification.php?id=110350,NQF Level 5,128,EWSETA,"Radiation Protection Practitioner-External Assessment Specifications Document.pdf (https://v5.airtableusercontent.com/v3/u/48/48/1766800800000/WhLyIWjwmwSQZmxjvNGnug/WjIr9a44B3mZaz4k8sLX9nSiY9hHujeM9TCY-TL7-2_W0JsdHw3tNxmcXntLf-fM4oU2E_-DmGanlxjh74gzOQl9vcxDp0pczmCVTVdjfPqAsunytHHQSKLjT3PsZNc-I2ZAwCyhH-0S-2XrCeWvIry7DIDEuxzvzgQekG68TekdXaFOdfwQ5IxJtLpro9qWkLbYS-mAva2J-UPzU5k70c1oKqL2N4k8CTHm3ccgs94/UXDanPzxRv6-HPUenvrEaSNYHmgdHdEggOoZ_q2jRZQ),Radiation Protection Practitioner-Curriculum Document.pdf (https://v5.airtableusercontent.com/v3/u/48/48/1766800800000/D-EnMXcY_oO8QBgckCXDqw/9CD9urFef-T8fx329SWhXkIxe0Qk1s7mEQPNnjSnFQ3aEsmt2k-lVMCTk5U5rEeVselOgPq20MvLiXltUtus7vAljq_I47_nQdtyLsAkXBavpy6Xg8ItvVhYPsguO6UfBuq5GfHvFiN94WMYUswXzrEHNACni9YzqpItiTvz-CmdbQ_pteSNmhjQzqf3gHY9zKl-hSMQzFd8dAPBCJMIeg/109hFcyVO-NGguxoowE8xq5zvFgsEKHaABHPcJBVAyo)"
122622,Radio and Mutimedia Content Practitioner,Higher Occupational Certificate,https://allqs.saqa.org.za/showQualification.php?id=122622,NQF Level 5,145,MICT SETA,"QAS - Radio and Multimedia Content Practitioner.pdf (https://v5.airtableusercontent.com/v3/u/48/48/1766800800000/O69gwhK2pey3XSmy53R_Gw/tcCsy9Ze1ERjY6rLo8UoN0B6L4m-sU5qyQO4nOdCiGgu6wVMgSG0DjGfAy5FN7CKbmr7OrSBgCILEkV-Uybq6BkGCsKuio49NQCKCnfqLEn0TxMzuRLi2vYHxVZUM7WI34DdUUkN9mStoi7kAatzf0LCp7k6YF9bTY_t0u4u1DUlaiHC3iTviNY-JKJeMsqmExMCx1wK153R01iw95e1DA/G81IYi8KIKg6oiDqKX3e277XT2iIHNDAamGA2I6W4HM),Curriculum - Radio and Multimedia Content Practioner.pdf (https://v5.airtableusercontent.com/v3/u/48/48/1766800800000/TKpcRU2q86TBoDKbeQUifA/lDs4-UjEOKyHxs5fUaDBBO8_ATvpoKoAbsTA9cPtkqnM75DHedaK8TdrQgJKTPICcf8LrmoPPU03UwcJ7ytk1xnJcpGtiq8YB9umuENhqUdsehR085qq2oESkgbAtj19sIB1WMIzxV-uRTHMRlBbouqF1A5Ujr8j8Kg-1JtwloEhfwfY9J4AB-_rEom4yG8NjRWrDYeytq1NkNYKjfwuaA/0iDc7oTQvrhbpwFYKjPARUvBHsjn1zUyoYzDuuZgaLo)"
118090,Radio Operator,Occupational Certificate,https://allqs.saqa.org.za/showQualification.php?id=118090,NQF Level 3 ,190,TETA,"External Assessment Specification Document.pdf (https://v5.airtableusercontent.com/v3/u/48/48/1766800800000/Mg5jNroawGQgg_hHOz0k_Q/AvoBqcQzO12yDa86O8Sp2Br5L68XPoEQ8Fry1_OwgYY7rTj21qJHUezOPFVNjaa4uACd_teF4tb5AW18-z6WqzeRlluoxrIIKhhONxqr6U_-ZRV0CsOBvGC4AUpV_EZjkD8yHN1bDP2s6jqE1_V5Jm7y_qpAw1jjpdjsvGp14lpvUwooBFe-PC1Q-OWO48YR/tK1lERC3JxBgToe0zd0NdOT23n7RJOPP6xExpi-Cuvo),Curriculum Document.pdf (https://v5.airtableusercontent.com/v3/u/48/48/1766800800000/zrAtE8AMW8fmcdn_WaNR6w/12b_XfvS_kIAB8nFYwxLatDydeW0jyOEVBXuJ1qpvHOqQny9JqWCpoR-J-1GhWLjKgCRH-mx5ON4RDffD42zPyU8vjdVtLdX-ksz-IH8_7x2iLXepEchmQ4e50QlnmT1gnoBByp9qV3h1k2fpBlXP96OpEpj5spNDErwFLunNTI/9O9fV9QXh7L8YYVBfhaNNksZSfmf7yYao7BEy9Z0x4g)"
118093,Radiotrician,Occupational Certificate,https://allqs.saqa.org.za/showQualification.php?id=118093,NQF Level 4,545,NAMB,"External Assessment Specifications .pdf (https://v5.airtableusercontent.com/v3/u/48/48/1766800800000/6dG3MxdZwg57jloRQF9tdw/X4rsCZZbSYKsAdkW06JJyiDP5znpg8uGQz_iOxXJG9F9PPhlvCAvyJ1AN93x3tY8PTCyA719VWRlNMW-jntO7Bdc-xTggP8ZHycUkX7-BiGg15G-dMIybXvR37KKLqDUpzXUKMfiI24ESG0O7bxS7D9URTdXbtohSQ7ICGCPeOc/s9iId5ePMZmTGrbVLTgsDZBdhz9CHQZB0DCn6FTfI6c),Curriculum Document.pdf (https://v5.airtableusercontent.com/v3/u/48/48/1766800800000/sFV-tUutC8KZkmtxSxGLtA/xH_gGaNkPnwmqna2IbR6y3u3LZNulDt5wiBqMXfAN3LkZwAUM-tARpMAyBy3IApIO6hVMYUy3D56dO4rslm9KSGlDc-giNxi3VyFbGLenkObfUDe0fd20M0khat7-66rL9T80lwW-0gxsXoIWLIMAtckQyYbERDuV9ON4j9p0Dw/l5scfdJj6PuCUHA-YvNAFUT7LNN7sBW9tKK5jEEoFXk)"
102158,Railway Safety Inspector,Occupational Certificate,https://allqs.saqa.org.za/showQualification.php?id=102158,NQF Level 6,330,TETA,"Railway Safety Inspector-External Assessment specification document.pdf (https://v5.airtableusercontent.com/v3/u/48/48/1766800800000/_3gMH3ZTejEGTtT-ag10nQ/VcdlTkgm_2MVcE-p2IfGc9T33eemVQCGeSc_m5ATvJxtYh-nTtg11mA2oEACR2a23blgiH7pGn_xYyAwS9bApvEwvkdLjUKP-6qckL7nRdH8d_cUbtskTRFXb2gi_gh0FEYzBFAHNX82lNpVrEPI0zTcCbObPJvYFBGyf9Lg_ZSSNBijnRJnx5l_edG5L9nU_oErpOUYeVtIik4fG6Q2CA/-58YbbyykKwIlBOVkVVdOEnmFuVTaSNRME3jEaBwsbw),Railway Safety Inspector-Curriculum document.pdf (https://v5.airtableusercontent.com/v3/u/48/48/1766800800000/WuktCCJf4bFkMGWB1y5cdQ/9HUHdMmmtuBpUg7QU9VTwmxz50NxCpc6HP5Ok8sYgk3PAga9mVkIq5YTFuq32JKKXbcDqwbQ5AONc7BuoKBGZHG2L0T3ITjASua2n1j6xv3clwW3Vma08yvz4BRwWaqG7gEVU3Azf49tf5PskknXi1jBzAXbhoRA3c7wV1x7crzZRmJVXHN_PvgKLO-rSZwu/--965CU2pasxgurW86UEN7sS4qYV6Af5Vlj_8eMuEVY)"
93794,Railway Signal Operator (Functional Yard Operator),Occupational Certificate,https://allqs.saqa.org.za/showQualification.php?id=93794,NQF Level 3 ,100,TETA,
119664,Railway Signalling Assembler and Wirer,Occupational Certificate,https://allqs.saqa.org.za/showQualification.php?id=119664,NQF Level 3 ,147,TETA,
119442,Railway Signalling Fault Finder and Maintainer,Occupational Certificate,https://allqs.saqa.org.za/showQualification.php?id=119442,NQF Level 4,366,TETA ,
119665,Railway Signalling installer,Occupational Certificate,https://allqs.saqa.org.za/showQualification.php?id=119665,NQF Level 3 ,136,TETA,
119443,Railway Signalling Maintenance Mechanician,Occupational Certificate,https://allqs.saqa.org.za/showQualification.php?id=119443,NQF Level 4,555,TETA,"EAS - Railway Signalling Maintenance Mechanician.pdf (https://v5.airtableusercontent.com/v3/u/48/48/1766800800000/PDfxfjpm-h67uHdxAucc9g/KPdBPaNQFsvUZo6pp05QRj1vIsydq9YsEfiCV56SviNqU5PwxnqoSZ70wYUEYSgZVSm5i-cDc9HsSIDz8u_tfZjKky2cli30dt8St3tj_k6vRJNCqeoqlRRm1YIQeQFUa2DjEpiKGWIW0Pdv_9tLmPIJnJdipcik-9A_gwYFebEsMFb4IL9XjP7tlIA_-9b7qd4f1AEzbLvSQstQWPQb_A/LywerAdMMFqJK4s_CAaPDsREux5-L_iGYY8OSeaW5X0),Curriculum - Railway Signalling Maintenance Mechanician.pdf (https://v5.airtableusercontent.com/v3/u/48/48/1766800800000/EJVqILVfXPS_5vV2-Pz8bQ/-4jUaHG6gju3fyZRitWDjBcZqVHcWZVkQx61DKjHhKowThSapYJXkFwUj0NHhaQ3nyDhmPnNh0BHXLbxwU_hiYvs_jQxsr05ycCwmdQU1JZcWuNwMarh_ZZtz7Zw34DQBM82bTdUwVsfKLlZ7ksEoLcIXxKq1d5vcssEUASpG4mVejN02wku088FpV31NGec642E6OntKsUETO7WXNGlqQ/H__axCDmK0078_wCVvcdZGjyRUqwFYx1Uar6rZrP85o)"
119645,Railway Track Constructor,Occupational Certificate,https://allqs.saqa.org.za/showQualification.php?id=119645,NQF Level 4,272,TETA,"Railway Track Constructor- EAS.pdf (https://v5.airtableusercontent.com/v3/u/48/48/1766800800000/h51RxLC9NGp5yim6wOenkQ/MAHgZpIXfWVu5HnpR0joDWQKtdu2h7PqZXzdQpIzsllGrH-7DzjZ261zySAla86R5Lkb70TdRwBZrlwttl5hzGm4PbS0lBiatyKxTvARyYOYVtHaYzvbd_Dw2MxIylBsHPypEGjfqNZTs1yBt7xz25bSordbHW9NTicCyVEl2SQ/550LE-8CzgqUhNMop2zijtULsWrYucpPjHPnO7NANSo),Railway Track Constructor- Curriculum Document.pdf (https://v5.airtableusercontent.com/v3/u/48/48/1766800800000/dSFjwoglw104qbsysde-HQ/-350rdiySBjG5OerZmkLKdgb4inBXzgZEKW5JKJNP8uwi5e-AjI3w2qWcSLYs1Z6-m_nCLjnjLwnIYdgzXe5b7JliaSWl7guc9wIhE_9iVl-hiE9ezhR_wRwpFasgXT433u0aNAMgP1JcA16nzZc_2np7z0gly41eXHmaU7RQzTITIyzmcaVbjhBf9iVEliq/kqupGdzTsEfuMfX98al_rAiLbZLuPfFZNfIuSTp47cA)"
119662,Railway Track Master,Occupational Certificate,https://allqs.saqa.org.za/showQualification.php?id=119662,NQF Level 4,540,TETA ,"Railway Track Master- EAS .pdf (https://v5.airtableusercontent.com/v3/u/48/48/1766800800000/8d_JAgwfih5hk-dTOgV7qw/wkG_EL4znKDj-9nhuZNKyhy-0vtobK2hgt3YA_g6BjHSZPjmXE2dtKUbveHXdaqAfMTH9BRcl3jOPKbPkEeObTRb-XjChrQzLSoRDF5WR0qHohbbJ2Mwln2DqGGWB3Z-ALlCdFqnKjY6J6YAUuiwWOWy4xS01YicSfp-EDCITYA/mJEtKCgP1ilKnz76SvUn3QqCcpnXtrv09bh3uvy6N-0),Railway Track Master - Curriculum Document.pdf (https://v5.airtableusercontent.com/v3/u/48/48/1766800800000/hYNNNppo8J3rRwcPUWZSag/qUTy41fjOQQ9LW1KOyPVjuBc6crWLI6s1QCLfPEujDyB4z50SVSSLtuA7NQjV-dSqklNHWERSaeSIPfWS-GcxfOdjWFlOcaBQoBWV3QViwwOPmmTOBNVOP5bk_VPPy1djaQTfLcppL7v3Eo9_azxVwBPteDo1Y6akz7on3I34kw0atARp5Zi3bYN4F-WewZB/ceTqCf33orfnHZZnSLZWUfXZqnx85eT5JIbEhdFolVc)"
119663,Railway Track Supervisor,Occupational Certificate,https://allqs.saqa.org.za/showQualification.php?id=119663,NQF Level 4,88,TETA ,
119666,Railway Track Welder,Occupational Certificate,https://allqs.saqa.org.za/showQualification.php?id=119666,NQF Level 3 ,255,TETA,"Railway Track Welder- EAS.pdf (https://v5.airtableusercontent.com/v3/u/48/48/1766800800000/lb6OALdJzFqr5BwwluqLmg/rko3IDcCxBDUO0irexvr918HTVDVQ9cgIf5POchSifnKVlZxq7yRCl0QHBhuEom6sQlQb9QouNJECaSM7Or3IOnSZomIE8qYzD9yEp0j3UNxe8px7AY_vDoZNJFbrTmvBv5nX6BJbBJnWlFwn4o9N1SfUnghRjOwNHbtcHKKjqs/Qa4gMgPXeL5hjr6fOlbfPDHvlWWjuWHuxrfT1AWHg1M),Railway Track Welder - Curriculum Document.pdf (https://v5.airtableusercontent.com/v3/u/48/48/1766800800000/W5HOGJyA6HIhHZSmWIRMMA/ZEzrSn4YdYZEXBFDmG1W-2NTpAuT06PDdpZIComIPZGqAEdAylWFzd0fzuXcZKe6sEkT6h3-S--lrtSKhrnhmEeLEndQSjUZ-46-SdauzlIY2wwbQOLjcq144RnJvhDFx4j65NOo-K-QtYAinX_OAoKMbK5noAiFQgFc9peUVznrkjCbVXxfN0tCvktm6s09/8VU1auI1aDHZsHIoPNwYQ0TgUcfq61j62z-LC8MssCQ)"
116112,Raise Bore Operator,Occupational Certificate,https://allqs.saqa.org.za/showQualification.php?id=116112,NQF Level 3 ,64,FP&M SETA,"Raise Bore Operator-External  Assessment Specifications - version 4.pdf (https://v5.airtableusercontent.com/v3/u/48/48/1766800800000/mSIEgqpmjXfnzOvZu-Fxzg/WyWPL32vBEPyMoIWbjgWlmZdCyh4jp8aXS-67d-TJjUEW6qIPQZQPS0ZyGKL-vC1ItjtlfLGYBNssiR8_KxQkz9vcBnc6AST66iqevdMVy7Onp60qot1myqJ3mOC8dSLMTsiRY8-M_1QdjliRsFQ3d5pPcU4Jf_-lV0wdRfeiwKMT-X3vkEHVkum7WmfF-WfonhsDYyIhJdO7JvHUvq_pQ/FIytuh1ht6PcJXeeGXRGSM6T1p_qjRHv6LTGk5D5OXI),Raise Bore Operator -Curriculum Document version 4.pdf (https://v5.airtableusercontent.com/v3/u/48/48/1766800800000/4MBvF2Dw7YaQC-u_aTIDIQ/BGYfuObjTHkgukb71UfPG9YXmspLSHEuI2yKPiAHs29T233CFnrE8ui-LoyrK3xOgtYCwaE7fBopj5rgN0wtKh5w4KWUAJD30y3TIRU5_nPCxY4ijhRCphOrustrOTcBuouhrl96W_bddvzKl8a1a-aMllEsSdCm3AFJyKx-eLKD5to6eUHleDsFCDpyVMee/ZonxO_6LsdamGgiBo1GhGJOiXYfFC6MFv3e9DMfVUoo)"
117285,Raised Access Floor Finisher,Occupational Certificate,https://allqs.saqa.org.za/showQualification.php?id=117285,NQF Level 3 ,147,CONSTRUCTION SETA,"External Assessment Specification Document.pdf (https://v5.airtableusercontent.com/v3/u/48/48/1766800800000/VczNY_gI9Mp5qOC_TYuzUA/cWAtjTeH7ZfMcH7iJRFWAUC3QxnBDTLhCsDvURfMAOhitOY-cu6O0KjjOvfcWAfGaXN1aJJ7kOYeVNOP_Ydl_FVVFpOvyu-4QKgeAbC_aSfUbyYb0akcBTQ3M8hcrTMurYFiw_zHoTz_vOO04BILf82FPUBZaamLfeKlIGTtjHqYB7ZRGejx7vnJKJT7dVLl/MMHZ_BvsTkz8vuqwZxcIFdCdFZs4Pb-BXeLq984mh7U),Curriculum Document.pdf (https://v5.airtableusercontent.com/v3/u/48/48/1766800800000/0PhobDrkhVBOEjU_II_Row/9vpwtjBZBtjMY7B1mWacj7cFWVXMJ5umwPuxJ4r8Q5h90GOa06PJkuSogbjpuydaqqi76DR9PRiuNPgBz4m1dS6mr1N9qHYDhavQpYZKIbH3Dk91EEXI0BeebaizOmsil7QPsGBBxubY47DlVceeVWEq9CVB5DncCPCcdgCDw7c/5-Hd966Ad6doTBTAwism1gmdSHaa9fiuMHnBR3fu16Q)"
118714,Real Estate Agent,Occupational Certificate,https://allqs.saqa.org.za/showQualification.php?id=118714,NQF Level 4,150,SERVICES SETA,"Real Estate Agent-External Assessment Specification EAS Document.pdf (https://v5.airtableusercontent.com/v3/u/48/48/1766800800000/h7T3QdIP8H7kfZHB434lzQ/9tIBNLhdn-nAksK3-T8L_IBpNfr7QWPUnmIRv7My7AYux1aaErjZfeAIQmFnpjRs_X5nQFujvijrkciu7pSNz20XgTsz-78ccfNZcjd1lI02UKb63em4MjQy81g-1g1mptEKs6aoF8M6jd0UBoIFseonT1TGvRl0wm9mY0ljnYOfhvVNkyHfnar3K3Y2HfqJ-HdAAFRmigJlrU37JzgZhg/ZKddTVDZc2XyvDtyQf1DoUjSIQ4hmM_MM6fr7mTHkao),Real Estate Agent-Curriculum Document.pdf (https://v5.airtableusercontent.com/v3/u/48/48/1766800800000/Gvap4tOCC8MlRmGPr1bCIQ/7zWLDYQqJ2oUPinVnm_l-mscvjkGbQyobDIXEFLLFuY3WmEUm42q_3s4e0M8JA0aw7zl-HiF0TrdoMhIoIfx3TPxlI_fEITeJ-ikn5pwbVeIoPafZNKjmxS1TJKgrxFG30CbtUllaakupQ0nlTtupRR12eLhVqUxjA_chKKNqF0Mat6snSNhJjxPIF0qbcWm/kvOc9U8fZ9evLot5QssKSB4DYeas8w6MRMV7GvyM39s),Learnership-OC- Real Estate Agent NQF Level 4.pdf (https://v5.airtableusercontent.com/v3/u/48/48/1766800800000/h5vwrzKWHMiAA49CuKWDCA/jyrOT7a1AEwak94Yh-6_8Qd9U-4V7MyfL_y_QxIRuWaX3QbKRfyGDAwkogjuSuBvcbbNCYCSXoAzn-O-kgYVgG26DhnBzBYproHfvH9jrwE9CtC4YCN3Q4x2OO_zADbQJ3f9oDTfuerXwarMk3GlMhJA4KY-_1w65dZg82YmU3elTMas6VkG8UVViBHQLQ9Q/sgYhFe9w_gvgl56IGg2bEBXMZAdS8iQHLbM_L_5Av2k)"
117305,Real Wood Floor Finisher,Occupational Certificate,https://allqs.saqa.org.za/showQualification.php?id=117305,NQF Level 3 ,153,CONSTRUCTION SETA,"External Assessment Specifications Document.pdf (https://v5.airtableusercontent.com/v3/u/48/48/1766800800000/bXuHg8cskZv7M681HZLbEw/w-vZ6V6LJEqE-ZcaA0qFwJISELzEMdn_w6Qa8Em4s355z0YRmapP-IA4T2HRxVkzO4NKtbGTbmyGq6IAQuPsA2XvevmZWFqIaopXtUw0S2FwaEU9SCk9vMnBR8a7Qaqlyfh1CywYvEgAqqSp8zV5NamEzAPC4DT_F27KPLp8UZ6AyMnhSMWLP86JIHVJ2sk0/xOOVshJrpnTaeCoRoLpy1Zt0v0MLtE_U4Je6tw5MWAQ),Curriculum Document.pdf (https://v5.airtableusercontent.com/v3/u/48/48/1766800800000/OcJagHUqO4RX8yEYWx_kFg/86oP6J4acuIZiJjWYtOOazycPaelVEa1FZXmhjVRYFaKoEa-AISeH6gDeL7KXypOmbhQSu45IHegnAMOqrJdZ7s0M8xp5FoiG4i3ByisXskpCRq3QuohnXUbEHwHsPKI_S_w3lwfjjwejFZTi4F8fACw7Xtwy-VRTrNYE7yd4Fo/AwZyhuc-icHpzNClihkdmAARbtGOv7d1tnw1vGPMCLI)"
118251,Recruitment Manager,Occupational Certificate,https://allqs.saqa.org.za/showQualification.php?id=118251,NQF Level 5,186,SERVICES SETA,"External Assessment Specifications Document.docx (https://v5.airtableusercontent.com/v3/u/48/48/1766800800000/G8xTqJiImP10CB8B0Fdlaw/aBxtLdo-yd3wImVwYoTuEPwY5JX0t9uK1WiXc8LOcOHAO15exkP529DHAoDfQ3xeFOlATIpSjr_zK2MHEXgj47j8IKYrrKV0YoeAQqoK0luybVXFZZAZmCXGbLyi1jRUFg9kgv9zkY8sexIT9ZXC5m5v-X8Fet97g0Np8Oo7ko15YTYPkeDHHYTCl_yDvZKi/ONS9nv23_rZkBSp2Dr6FSmb0mjk7WUth62_RjXiNTIo),Curriculum Document.docx (https://v5.airtableusercontent.com/v3/u/48/48/1766800800000/y5ehHZfkx2Kt9_Fjz8OKtA/LArgRZPxQJaNIi0OEgW6O789BdgGiDYX-xp0xNyvZ1mEM9a_rVIeIiOaoJcDZZtV5FJOXHE6Synxrgkc2pVUy3VQ2ytGnQIla56Vf6MK8vD-frBInoOrdWjTdyoie3BUtTO0Vumze2yAP07rqHgC3zHRqGY_haPBLEgc4u3EZ7w/N9o2ptPU9uuFzjQ6229AHvOZyIz8LjAT9hT5hcMxaCs),Learnership-OC- Recruitment Manager NQF Level 5.pdf (https://v5.airtableusercontent.com/v3/u/48/48/1766800800000/oeeBUm8M2dIQ3rLiA2NHlA/q3mWPOTukpNfamB5BBVnqC9JqOHgLVyvRp1mL6cASC7HfcPF7Tr_0_de6MdUpW8nTYc8m9H2KtDQxjFByCAg2Hq0Kfc6rWGxpBuCyansgDLQgU05IXH-nYMvPlGrhz30NZv39dzxrcHB82j28z0PxVqvL-pXN0Jmv9bdGVhujxUhqqqaQvbDuLzM-sF6eX1W/3ANXePDA2cqCSE0rLtgWYfrNFw7WdmmDvbmzv9LbnrE)"
117335,Refractory Mason,Occupational Certificate,https://allqs.saqa.org.za/showQualification.php?id=117335,NQF Level 4,540,NAMB,"Curriculum Document.pdf (https://v5.airtableusercontent.com/v3/u/48/48/1766800800000/IL_1ssOQdLDkKrU4UPiVew/AClY_TcujkSbJSHPxdT6VYH8BqU-FZHiAtehhQPGZNHnDf5LOO5q8v0GEn-NJ_mMwyhbEo16a5cd10umftMgVSv_jqemtQEb2VCeE06Y7MZVfaKCkZFGXDQnGrC_UQ4fndide5mAkb-Hy4IrCY0L_TM6A0YJUs0QPgXYCmvGoKE/Jp5V1ktboAX-EWm4_XeXhREfoc8UDssNm7upSHjnkE8),External Assessment Specifications Document.pdf (https://v5.airtableusercontent.com/v3/u/48/48/1766800800000/2XSAojE-Yy7cEA7CZsuTFQ/-tLLcutZwheSpBeoeaoRXqv2q0bTkRnHg5YrJd6_N-5gG6GjmWi0ybNupqs78xKusHnJLjoMOX2Lmlom3UnPX8isYRFMwUfSXef8yw6khCTRsuM4DV3oZeDfK0_T9_pm8YioDey-9pYSdQV-5BZCTPvqi-M3aXwttGGX2iXhr_HBzARwPL0ug0GtUPmNxMsX/8dWMGcXG2Evr5t2bFdEFL4OXDrtaz7Sp-MknXnDohZ0)"
104800,Refrigerant Pipe Work Fitter,Occupational Certificate,https://qspe.saqa.org.za/viewQualification.php?id=104800,NQF Level 2,104,MERSETA,
103271,Refrigeration Control Fitter,Occupational Certificate,https://qspe.saqa.org.za/viewQualification.php?id=103271,NQF Level 4,169,MERSETA,
103268,Refrigeration Fitter,Occupational Certificate,https://allqs.saqa.org.za/showQualification.php?id=103268,NQF Level 2,209,MERSETA ,"Assessment Specifications Document.pdf (https://v5.airtableusercontent.com/v3/u/48/48/1766800800000/I0ISn9eR_DQPnoS4P2kB4w/QBpAqWSCHBERnLGoeb_BuFA8kxP4xgRk_mDc8h-BG3lQEkjCEsssM7G1po_kpZysjHXI5b14G6npDSsyeqRQkI-1-JK2m4QA2415gWC8emzh0Ne79XHrvGWYufdEgJXZHtxxfHvMYD5ZJ1zNp9JQhyvNmzvhgAgQZxT0bhsvS9g/0-f2aMVOlT5c4REC70UnT6C7N7bcfOMrzen4WJ0WraM),Curriculum Document.pdf (https://v5.airtableusercontent.com/v3/u/48/48/1766800800000/2lxexUoEttIsdlAf5ngR6Q/w9ODEOSibparSxVj23ZjXF3XruIPdMuR9hDWqlVT7gaf0Qq92vw2xnvVcd7aN8V8yLkEtTMPYY_OnzbX2pRqiVB37vrY3z37xHAk97ChWL8ub8fWIu1XQ4ou0_h9rzbJg6kAIG9AANn4iWeVuG66gjdcpTbQnRrn0hN8AGcTKIU/mInKh4LjSSK2RUQ7wt7JuCRUuda62vYq3A_5t3LW91k)"
103266,Refrigeration Maintenance and Repair workman,Occupational Certificate,https://allqs.saqa.org.za/showQualification.php?id=103266,NQF Level 4,419,MERSETA ,"Assessment Specifications Document.pdf (https://v5.airtableusercontent.com/v3/u/48/48/1766800800000/meo4T1Wcxg2176f8OxBibw/LCzL99apL8hN42vnSLR8oFaWc9lkTgbjO6_rb89QqYxBqaT2eRWY7X8v3NHxd3VbbCue7-LJ-aAe7NRGgpNVI_h-id3p9M2NVrfYkeFX0Xbdzu6bsw-rpzs003ewF-20v8rCYQqFWJcEWU9Roa-4jAsgEwqLFECTaakZEtOU2GU/laoeE2Z_ebGo57uZjXQS9wEyApXIII2T85Se9KM0SUA),Curriculum Document.pdf (https://v5.airtableusercontent.com/v3/u/48/48/1766800800000/YDQsVlFsfP_YfIEqfKL6nw/RLSwVenvBWZRKxUAY5flx-XPAFyR2vI64zguJOtS2ygZ1qZ_5YTozYsxRz-3i23ic8Fo_hf-1SA9ag6X-nsRtSKIOHB8LGfLN4xQF6yvJSRAypz2gi3E5wltc5ZdL0gCv6BHe9p4nTT5n0Ud91ZpMWP_2tHrgh-KQt9bv6i5xdA/7Jlx116mi0ng5QMyJNWVl43Gv6aZDxwpsAKRBaPAYro)"
103270,Refrigeration Mechanic,Occupational Certificate,https://allqs.saqa.org.za/showQualification.php?id=103270,NQF Level 4,543,NAMB,"Assessment Specifications Document.pdf (https://v5.airtableusercontent.com/v3/u/48/48/1766800800000/3BxPHH1vPYT_6XGrvQuxUw/WPv5hsdoOtPG6o5-9h4XKhKiOoYuT1E2DihXINSfa30eSC9_-qygOsno9qbdClPgd4KfPY5T6aQW4xG_-b_B0nmRn3S3xHxCX2leI-h5Dr-LL43GgdomuSpLbvd0R8IHQouGuUkKXoOSCMX6tJIOpcVxUlEnb3P8FiT52lr5tUY/iissc8G3rchLmM0IqOsmtSTP93oEhcb2L3HGmRrxYe0),Curriculum Document.pdf (https://v5.airtableusercontent.com/v3/u/48/48/1766800800000/n2_mKmgJRleUOHWBp1GDrw/7n40dXzDiFSNUdKbgsHZ6srCJSWIB9p4GJ7cC_B9hVd0eDHmsl3l2odw-QJKyQ5EL9a2yUPBzO2bZUSF8MX-niRpcb5wjgK220WU7nWtOt-jOlkt8_ijVd5qYmho24UlqGpWFXOiufmvZdvWc3Zm-gwELK5jUBMWVjXzwET_p8g/2dQBD0-4nTyC6198fla8Mk5StyRsiqNmPaCug1XIhZc)"
103265,Refrigeration Pipework Installer,Occupational Certificate,https://allqs.saqa.org.za/showQualification.php?id=103265,NQF Level 2,167,MERSETA ,"Assessment Specifications Document.pdf (https://v5.airtableusercontent.com/v3/u/48/48/1766800800000/OLLKTtxYnJRJqhUMbDh43A/qcAiXkui6baKqAaUcJ_qIPQk3bAlJosJHqp5UbfDYoQYsaiqBIlsjCUSGZd-TBYokGOwe-LV-r-ZqKPcmhxaoA0FstY2g0bV74mHtVUGvlPA98Y3DnK1Ss2iWlZbyoRFx-Ji1EVGa0Q5wQ-P0zGR6MV4WMgxeC-cwlYD4DOXCC0/UtddFvskYVKAymho9_ARFahLB1_T_sRiOAxx8yBbf1w),Curriculum Document.pdf (https://v5.airtableusercontent.com/v3/u/48/48/1766800800000/g6ebOrjTNGk-DUswRbFbaw/4GhwyBIc0Td15bqQet6DzItB3EZe7RQlVq2jWG3R5s_JPe7BTMYVrPENdemh-CPNnTP9AdV1bn6S9pPBjfPcslFyj732pFgZnukoKrAFG_M9OJZK-ie0wzRgznglQylmgtjcldtne66HdfWLIBYKrgPX3H7aT3QTV7WHqcP0z6Y/qBzwyguRXzeweXQcS5_grMkq9N3bwYUrwpv0SeTSNk8)"
120685,Refugee Status Determination Officer,Higher Occupational Certificate,https://regqs.saqa.org.za/viewQualification.php?id=120685,NQF Level 6,133,PSETA,"Refugee Status Determination Officer_EISA Document.pdf (https://v5.airtableusercontent.com/v3/u/48/48/1766800800000/M0WkXwNWmvKE4hFuBmf7pg/f4Cj8rKLOR8w4a2T3mZvK0zSYXtcDYtvOwSngLgbX7XBqxNt6R-9LZiA5PEWloCJ8RGvmZsOemEe8-_iSfnPV8ssV8cLf5LSDrarncfhnB9zquY_gdzv_sbIg-IATTjpD7ZHN_r5zDqg5aHTtuJvsc7fZ5x-K0sbE5JrjSuCwlXObhZ2QZNdtugkfQ9LVuGG/h22CVWz2uFWR1ObC7rLD6Meg9zGGTgyb9H6YrzvgRMU),Refugee Status Determination Officer Curriculum.pdf (https://v5.airtableusercontent.com/v3/u/48/48/1766800800000/xYpAdr3wXLIP62-TNx1zag/lVU10ja81eQzVW7HBdsaGbiQXbsTZToZ2Bcwnn6HCa7_ICvmJ5iejG9Xgn--11NSzVkN8HaFtcV4q6odG49zuAChVhNNJRr_n3lvKtP2PlpHG2Q8_ubOUknkmHUM8RaixDozFLcAeE79nxyH-PnZGu_jZHnqYerkSvhF118ZRODIRzJZPOruZDCOIlqfxdZF/ujvLnLM53TmhN9YNhIo1zmbQwd-SCP6yxvS5vUtxAi0)"
118846,Reiki Practitioner ,Occupational Certificate,https://allqs.saqa.org.za/showQualification.php?id=118846,NQF Level 5,64,HWSETA,"Assessment Specifications Document.pdf (https://v5.airtableusercontent.com/v3/u/48/48/1766800800000/2gwReN4Pq_UbxX-abITDpw/fNuDikNPYK18oE46wa7wlVg3SULrsBOysm_DuEpj8FaQO8q-zynYpNn2ipDaLn7xuLVK7fxW15Y0qmP7amVNiwvVHJqty7pkKAEn3T1DDC5u8qO9t3fJ6_f2bcVovF7ST4kQntqg9fr4tnMDs1teDPstQWHLt7nPQGJquztGgEI/HQ-OvcQDzEee19qouliUWJANTa7bYU2eKCj7mGcr-2Q),Curriculum Document- Access the bars practitioner-Access the bars practitioner .pdf (https://v5.airtableusercontent.com/v3/u/48/48/1766800800000/ww5RJVzOWv5m9-FHTWO5Rg/IXLiihJN5JaN77UO0MnmjwUIs75aUqA0nXiTokg7sUSRl_eO-b6TemmCxZlhoj2-1JLEnAMBfHIs-gFAj2S6mt9K3R_lZu0tinNhMvpXXQ8zZNS06SaTgDE3DkOEp_HSZb6trVqEObOnPvfMMqhDthqqfh1WXU5DEkqxaFnMZyx0JCDY3avPOyhXZQAqm-drYeQl-svptPLPDiagJJm5_HJMKurkH5tFEaI-GuLelT8/yD1Gq09i311UV6Hw7puCcUFuFAzeDfET0SLy3GuzzHk)"
101997,Religious Associate Professional (Christian Religious Practitioner),Occupational Certificate,https://allqs.saqa.org.za/showQualification.php?id=101997,NQF Level 2,156,HW SETA                       ACRP (AQP)                      ,"Assessment Specifications Document.pdf (https://v5.airtableusercontent.com/v3/u/48/48/1766800800000/vGMNxzVB9eHgcbbvIX-A7A/NskEy6mqmltmW8ZfiC5lxfFdNQSyoLFHb50eoB5PyuSEPk_VB1rGIGwUZzHjF4GhKaLBN62-euJEw48Kb3lcXRqcQE2Ojvvqgrag_x6G_1kHl4XgSH91uGRsXp5WvwVZ7UmMQjc9gTcPm_qWuq05E7WpKFB09uKl1FTia23hcp4/ng1xGUILFw2efubFpUb1w0yn6baA4F8cwPPg778TQ7M),Curriculum Document.pdf (https://v5.airtableusercontent.com/v3/u/48/48/1766800800000/ce8KYlfiCERnFSxOorTi5A/L71s5cqYQTAM-DZCkNwoiVHmbn3wJQrD3Qb9dHu6nPgihWJFQppJUoTcHLhiiDk5WahhQ8uqCHHFB48yhur07BwEf1NuwzFnqSGI1VFvYeBv3NxZJivyqFNRUHoFel6a8ibspQeBCKbPlOZWtPsszg3n2x5HHSRCv4SlW6WjYac/lDk-AES0Kg7cZYsNZsAz4HdjPVgJ_xim0WG7WOjuba0)"
102002,Religious Associate Professional (Hindu Congregational Leader),Occupational Certificate,https://allqs.saqa.org.za/showQualification.php?id=102002,NQF Level 6,297,HW SETA              SAHMS (AQP),"Assessment Specifications Document.pdf (https://v5.airtableusercontent.com/v3/u/48/48/1766800800000/mYieSifze5Ig5D1K00MjLw/SzL6ollD20Iwz21eKHCaT5xVPXExM0jNy8ajdA49wKHgOk8Xl42_WFq-iA1tsSAw2meIwXcawYn6PePp8926EuvXIbUavCrYH9RV5gVIgUw1S3_UJuc8FAhX5iSzGn3uneRag4wdbyKDQjYQj3DHixy5G1V6dmbJ6qoEFVEmNzU/-4yQBEmFLrTt7uq16sfJVRHEz-vPUdgby06hGC4nJfE),Curriculum Document.pdf (https://v5.airtableusercontent.com/v3/u/48/48/1766800800000/EK68rCLNsbYXmCWwn1JMOg/dz95o8HrvAGQfAeiUsGp5rsy8x99vWPeuYNu-3frabnCTbwKS-2XVrKYWXHePEb69NR5M9nLluDs8H2l4msz7JA_f8zV5wmjxwLFiii8yY78rY6D_jrCuqDj39YlsmTthSo6JoS-Pi50RyAOvR-wOzQX2eN2av0pd0GW6QtJxkA/piUiOyBIui_UG0JgVE4259_tfSridjfwbphM6okFfDw)"
121161,Remotely Piloted Aircraft Systems (RPAS) Pilot,Occupational Certificate,https://regqs.saqa.org.za/viewQualification.php?id=121161,NQF Level 4,128,MICSETA,"Drone Tech External Assessment SpecificationsF.pdf (https://v5.airtableusercontent.com/v3/u/48/48/1766800800000/ND-W6iPpzAHI4OKoevIggQ/UUFQLjLbw1lHS5umi4rwzx1zucjC41N9k5NtwDPiqZ0g1SsVPvFTYcaWZGGGTb7ydSowKunR_2QpLydViSNob8Hy_FlRPwyN0OQ8ft05dl3AzdVDmLVvMDiJvnoAQpnuByhPmDwmoSsi0iCDBhm3KMwX_VnHQQ8HJ_dzgejhTYev8HJEBXBxzg5MZ3tc310pB2cvr5u0pu6k51dmGJqv2w/b75l3-F_UY-eA_kRnX6I-CQVCkf_721hQXxHNoV-vpc),RPAS Technician CurriculumF docx.pdf (https://v5.airtableusercontent.com/v3/u/48/48/1766800800000/kK1jv9Gi30SthLMkByCOTw/JhMshNltXylUB-5V5rgbxwicUd4Mz6h8Nd-8-HIM1wpjOfqDEhXO80aO48BUWgjYzYT8eXhIFkJfPL5_PcYdDdiAVV8kksZuzB-FD98Nz8qjDNuQVS9UqY1NxanxN-5fh04Cwr5xMqEYHs9el8fRQw3K7xamBzLOXV89UJ7md1Dbyf7ioEKjxIqUcWopA3p7/IpbqA3gVWhrswUGAcY3ZE4Vns9UN50qy7s9tnoR1V0k)"
121155,Remotely Piloted Aircraft Systems (RPAS) Technician,Occupational Certificate,https://regqs.saqa.org.za/viewQualification.php?id=121155,NQF Level 4,212,MICTSETA,"Drone Pilot External Assessment SpecificationsF.pdf (https://v5.airtableusercontent.com/v3/u/48/48/1766800800000/n9b3-g68FRdgnls22tVnWg/OgUeG5u9VlGWQZsqbjwR90lfqFK8F8D5RcAuV9gZ7-YP3NuqLp5P78DzMy46rDxatxFpalpq3wvK45HHajPuKWK2yPmNvXAPI8TR6xwCCnBf00c862Zp-vMA_WiH1W9TXOEBlJFkic1cld8vuodJO7DtUlSiXtZahheTCQAWFg7xdLfH6aLqP1wENsTC59_VRWRwbNRLgDgN9TazCQ61lg/fKnqdQkKIanJ6TP08pmyW4bJ0qQmkets0dVT8BTwh6I),RPAS Pilot CurriculumF docx.pdf (https://v5.airtableusercontent.com/v3/u/48/48/1766800800000/fiPg0KtER5fKfPqiXDThbA/_n0IFT0wxScl0M8-FkMVZvnGU-f8zviPl1A3UmlboaHfXsPHsiMLIyyWdQpuf5q58pWUs6wV39eiDfl1YuPvLEgofFwp-2vYWdqKBd-uRtPZqJDRpS2v6H3Y81HthxMGgiME9_gN3bboyAt5DmnZhUfJtJrzlN4ENbpFH1i_k8aB4h7uD0tVRRH-W31BQB4S/ZtdoMM8YJPISNMU8vMtKrKlE23_lcyK_cbEeEH5kMdU)"
122681,Renewable Energy Technologist,Advanced Occupational Diploma,https://allqs.saqa.org.za/showQualification.php?id=122681,NQF Level 7,280,EWSETA,"EAS - Renewable Energy Technologist.pdf (https://v5.airtableusercontent.com/v3/u/48/48/1766800800000/8QvcNL1_q0fzIvDjl4YQIQ/RK9I-HjizKf7qQQMtdCog9tnV2tHN7TPYaUwx6Y1RFw2B_oZEUAixJtzQryDrQfF4AuHSq_UvfHaMA871QvsJlwPyDZJsr_9VO52AIjvfuxdGYSnPX6WiVCz05iisEPoEktOhJe633YsCPHItTNLPWvIPC9rn625otaXnx3qgNdv9uggLo_jWq6yUJ1UzL_q/lhEXR-Ds_wxFKOlBrOp1wG21fY0HzvoIhYeVQNkMQhs),Curriculum - Renewable Energy Technologist.pdf (https://v5.airtableusercontent.com/v3/u/48/48/1766800800000/W2B4zd4nDiQdmowmCr_qEg/gRKSfL4TVYfT2rph5l_DzenjK9crZHniM_8kQ6nmcE4lk2Vt5mYcjzAQgw95EgEpr8tyGyV82JpXVJm7YwrN00m9fvkv91Y8qU-iL-cF6dktxY2Nsoz9rjzKxWhvc1Yr2WAmxXGpG79ReBvp-adcTtMpvAx_kZUFdNWetsUsFcHtQNJGVq4ZaZwQ4MNrGIXlAQStL3ckltoRDWnBpmqhmw/AzytWjAaQjmCktewyaF9Gs7PzTj5Rj-HhDJa9Cojx1U)"
117306,Resin Floor Finisher,Occupational Certificate,https://allqs.saqa.org.za/showQualification.php?id=117306,NQF Level 3 ,153,CONSTRUCTION SETA,"Resin Floor Finisher EAS - version 3.pdf (https://v5.airtableusercontent.com/v3/u/48/48/1766800800000/uZFn4De2vwa0hsRYsfQ-7g/PZXrVcBAeiPcFDL53mlqnF59yf2uXf95RL3XkoXh45ZdlAdlKw6UCHrMY8Pqblt62SKNAQzDSvYX1RPWD2h7Bdm8RlytevyQLBzdoDROWeIvq_14rVmAQT8ylyHkJ9fP8DK0I8QKZBAEleI5mFAN9xUzpnxfTXbpmSOHYiRAJjA/L6vXoeQCIfz4ePH8K0jTs2_cBeIts4JXE-y7eCzwIaY),Resin Floor Finisher Curriculum - version 3.pdf (https://v5.airtableusercontent.com/v3/u/48/48/1766800800000/2NUOEq9ruomnBF4GC8uMcQ/Z8gPY4Yr5dSPJEPa5INfWIPhCbjsv8aiFEzapZJj_5PifawRKuudim1WbZQZVBiCWoJzlMUumxIr6M_wvMf58YA69eOmWIuM-d4Jmc85rcE8uuG4repU0vMDLC1D3r8iq1EKuPmlnf31Jeg3fy7DcK5x_Fhr9gxneecz2-qJtUwOY4AVu6fQmyQG2BykJKlR/7Ci_S_OKTwJIgkvhwu0SG3PwX4wcHOY4vYzyfTbAGwY)"
103145,Retail Buyer,Occupational Certificate,https://allqs.saqa.org.za/showQualification.php?id=103145,NQF Level 5,131,W&R SETA,"Assessment Specifications Document.pdf (https://v5.airtableusercontent.com/v3/u/48/48/1766800800000/q07vafj8nwluAQ8phxDHGg/ImywI3Lrm6ttZkg6XbGZVT3_Sav1qh9kF1LsgX8ssKr58KECFKszH8EfpbWbwt1b7qt5MVJUEmGQ-aDd55iIQA0LusnzcZpH_a_ubYrctOdEymUMNSB2dDBfrGrwDSAtRSeKENwsCjfEC5Nmun56Fcv2TNinD-7WkJSqIs17W0g/ZjW6cTbxDJKoVuT3DqG2X6Fpw9kV9z5yYHaOBUlhPho),Curriculum Document.pdf (https://v5.airtableusercontent.com/v3/u/48/48/1766800800000/2hUb_V3zzYoaIsdx5d0LMQ/2CmJok6yS68R76HKzmnKwk55h6BEO5G_M1D8q_IDCXBLia3jjVea1b1CEYy3TPpI_N3OZ29ibaSNqepT7StgOSsCRixK2lqX0ZMBWw-G-_gqTWI2oc3yPLFTK349cLxSoS-2d9rocqAbg52-F1AYzrgO9hQBegFmOj4ogVJPr1k/5IdtNyEYajRxeCw9Tm8Tjhm3e3ADva8g1pqozCrJodI)"
103150,Retail Chain Store Manager,Occupational Certificate,https://allqs.saqa.org.za/showQualification.php?id=103150,NQF Level 5,106,W&R SETA,"Assessment Specifications Document.pdf (https://v5.airtableusercontent.com/v3/u/48/48/1766800800000/5hMgXqabgOP6BjnI-Tm4Fg/oZMqBgM-FS1v4X8eym02gyrVeqwQxBSbpbgfOoDalrOOIQepz7ZFgbDxzmzUQrBR5IJzor_Nx784HlGf_V3vzTL6zdNV9--RvIpN5GBgQvkci6Ej4OEPMut_93t2K0CPx9_-w_sghSV4gfQVzTV9V08Fa7SgR6iC74HP65xouzc/2diE06EGcLsvuWOQJXsOQ7j5N51lVk4qC0h1_P6sYWw),Curriculum Document.pdf (https://v5.airtableusercontent.com/v3/u/48/48/1766800800000/vnvwxdRoI-uLkcEYAx1Ekw/e2JlYj_N0rXaCtOr1H_Tx2rtwaqiFWKfgmzeoB1wR0XJlt4S3Z7rfX7l76iqSxz0UxAdBXabwL5jmFsYSeDfRAljE2D54i_if7KMiG42OUgEVIRm9UOOpSgkd9orSxUk4oIDaVNPidbki5_HWzMIVGRqqOpQUkn7Ya1vdfUlEww/9mLo9jb8ZZYewNf3pbQP5z28pDj7E1kos1xMYQi9y5s)"
91789,Retail Manager: Retail Store Manager,Occupational Certificate,https://allqs.saqa.org.za/showQualification.php?id=91789,NQF Level 6,507,W&R SETA,"OC - Retail Manager General -Retail Store Manager.pdf (https://v5.airtableusercontent.com/v3/u/48/48/1766800800000/P_2tWGC1afxPlLy2q-MIwQ/uIuyjAIBJaU53gN7LmPexuW3OWMvfLoaj7f0IjlYoSgojLLfioR1dcYoVzmdzfoUq5ChW2hx3xc2QBT4dxgHo7SM5bERH6tz1IXxwOkaeUEfG2_8ukINszUPwnVsK-jy-uygXAjsZb3LUt5s1GHC4oU7Sxom2VQSEztuk8E1mq2KElJwdXMn66I9DstwnTB7/p5Hw1EHxYPCsyTNxpM2M7KjjsaRCQfDyQHOjNoW0Ksc),142103001 - Curr - OC - Retail Manager General - Retail Store Manager.pdf (https://v5.airtableusercontent.com/v3/u/48/48/1766800800000/Tgz2JUSWKZ63DqI5_Zv_IA/9RJYl1b7aqN7-KxPa144Kjhx8tXO2VhpuPju2jtzLTmrkh4LGvNDMezrlAKPcGPPbiiNaxoQNVjNNAHGECdW-7FzueUM7PDtT2JbDkstxRmsLxJGTQbfOCjY0T66lYzHiNe9iiq4qnWkOVGODKADeJrb4cdMtLeax3uTV6mPcXrzFX0mexxAFPZYm2WqRmpqyjAT-QOwTuhGcCMvtrJdkg/jx1PowMLxU5qQCmaRrzM8ug-wEMTCam7x5higlX8Hbo),Learnership-OC- Retail Manager-Retail Store Manager NQF Level 6.pdf (https://v5.airtableusercontent.com/v3/u/48/48/1766800800000/0u5HuNOnLzKRCgLzxvyDyA/UDy0oVrPd2bGix-DXxePUDrKppFGLMjYebMjsOkcfnzjtxKGURApi01JMUM9v1ovOjMww5WU_8qmvrVzoTIUuZ7DZZsjTBrP8O0dUIJc1AKrxhYuYS-rh-J8b3dvsCGc3HrBQqp_j2JTadMS84lL0XdLP7EqgpFvJdZ5ibqjyB9GdgGNBbQr9hxe-VKBwdv27Ek6FFQogUqoHymQXD0BYA/MBmnFWzlAwdmIN9GPbU7njIFOi7te5nHIk6VyAPZ0ro)"
122237,Retail Store Manager,Advanced Occupational Certificate,https://allqs.saqa.org.za/showQualification.php?id=122237,NQF Level 6,248,SERVICES SETA,"EAS - Retail Store Manager.pdf (https://v5.airtableusercontent.com/v3/u/48/48/1766800800000/vhvrzAGlCW8qupfUesZN7w/yBQM0gQt-nj7Nx5OMDEuhhpJkO8Wkljy5pE4o2S80bKPCj66mxJJXThK0x9CSd0C4adb2DlMcrcV07r2lGH-ffFJ2cvpncBEJxsG9qcRv0bLsHOpuoVLBJ0QU0fpDDa2jN74EfHWt1JzxHoQTU4BkYoeiCJnGcyQ-w9Yw1NFKplHDPhcDcKdPlleB1GGgdkB/QcHL86IBXUJv0z4m93-omrv5aAOE2kp55sUYXdP6Orw),Curriculum - Retail Store Manager.pdf (https://v5.airtableusercontent.com/v3/u/48/48/1766800800000/w30uU-YpSO33YPNcB-NCqA/Xhv_5lDyHPF4TR3vD9hdB_8QbAlfTOn0gQGkYPrbt5DBc0tBiZcseQBUeOQcAWRdjblhWkPJXbUviYMcqMtTDEliEUM9qSKW-GHS7bGebKLUgs3hYov--Pd1nua-AKhZFZe0mlwGw-K2RhpmQcNHPiaffRXOOJ18kJUTZAKYJfafp4yEuJpw_TJtkAt_TV0V/qJGGU4xEkG_eoHiARVoNdxULm0HQaHSFQy5KjDEtbyg),AOC Retail Store Manager L6 248.pdf (https://v5.airtableusercontent.com/v3/u/48/48/1766800800000/jY9dsVCUarl2Lo1Ud4uNmw/fsBPxVfwwzdL5sUIBiSs0bLApWtm6uE9DYvNNge1JmIXpoRqouEIBJnAS_FaV6lkRMBBl5mFWLNdQc2S3LDPonVPW5pSjL9n7z93cZvNwzHMHRlI8Le5vbVcRuqKfzMNBnArDUsnr7nrN4oyCuhi9_uMKBMb2GG4FPEgE9lkDdnVSrUky1mro7dUHC5zx40d/4gqNaoCy37gIe1M2U1Aaz4VANW_HR1lDY0nSMK__9iU)"
99573,Retail Supervisor,Occupational Certificate,https://allqs.saqa.org.za/showQualification.php?id=99573,NQF Level 4,100,W&R SETA,"Retail Supervisor-External Assessment Specifications.pdf (https://v5.airtableusercontent.com/v3/u/48/48/1766800800000/D9jfV-qWgGYH63MbKUb_rA/vH2N6oDRqK67t5NfhZn6G_072LmdqkynjiJ_wW6LO9nqx5CEFD1P1kZvpSfvMC1GSgfWhcg2d5GQ5hI9lWJ8aLZI12rQAJFQ_5Vv0i3q3KYlPnwTGAl9PYhHo4_-Zfh-cZpSiYz96MZI9ZxIey3v-h4CTjGTCHJII9-4belq33n5p3Bhlgel2aPaezFlh0lrJ0AmJ_X_4KwIOy-MxyfJ7A/ApSsWQf4xKsSNOB9fAnKBDM1bA1pbapyj0Uy3BR_Hr4),Retail Supervisor-Curriculum Document.pdf (https://v5.airtableusercontent.com/v3/u/48/48/1766800800000/RqcqKssk5bubu4RVh5CEGw/O-sci8sSyqV5yvqes5_x1e-HSqQjkQCrHwdSHfyAbaGwpKiDSIVbeF0HEKkj9LjvLNr9sOr-m9v55GzsKr4cb1FCjD2bpMMh6Bbg09VzzlsZpWXe1VfhZAk9zefzB3AOjbpjt1jeDQOiQ8K1THRsbbOuxrvdlIYBHE-ZVAz25SQ9tI-iKqj27pqwIpDCZplP/8ehOa2S33QJkgUmOVke0ctvqbAqwHsKbVCtVQgqZRPg)"
121316,Retail Supervisor,National Occupational Certificate,https://regqs.saqa.org.za/viewQualification.php?id=121316,NQF Level 4,129,W&RSETA,"EAS - Retail Supervisor.pdf (https://v5.airtableusercontent.com/v3/u/48/48/1766800800000/sGNw0EnpIbY5zHQnrUueMQ/gW06ga8j-Y3196CQJDJPLSF39vO6jlS1ksjHFiEyZ81XI5hb-y3Ab4ndNJ6EldpyKsCYK2VHn1bVaLqO13CUUo2n8U5nJgSKZz5CLU-lfZjT1tD_Fa2H03uclnEZEw01SFhuSKvOjAHgBNlioEiiqEm28-KqMRUQ_NTLNlL-vls/fd8E97LDUZX8in8PWFc6wqonD7L-n3zSEho95mWJVaQ),Curriculum - Retail Supervisor.pdf (https://v5.airtableusercontent.com/v3/u/48/48/1766800800000/xOzBdzwCjyUBugYJ3YFlMw/tFdSiU0p1OXr1M9MM4ZFz9ZrO5vqPrjqPjCJHlbnBQKbKhHit77gXIMxRKlkMRb-I_sgru5ObnaDapl2Awd1E4XwvHQiLdpg6c2BBvTPqce96urh9iID5SJY-2FmcqRT3p6Fh3TyX4rFrl7g1ovkbNdUiMPqSp3TQtZzphuQZjryoUnJ73dd0v1pzSNJFaTt/HhLJ7kugxIy9ucY2Q5UyL3lLQbFIjMv2iVIYsBiq814)"
118693,Retirement Fund Trustee,Occupational Certificate,https://allqs.saqa.org.za/showQualification.php?id=118693,NQF Level 5,120,"INSETA
(BATSETA)","Retirement Fund Trustee-External Assessment specifications document.pdf (https://v5.airtableusercontent.com/v3/u/48/48/1766800800000/rW_NuDYHZUOU-Qe2F-eJxQ/nNLepd6a2eudB2fsmdb2dP-k8E76Aj7JBy6CaPowlg_lji8Y00yhvRnxXPjNuvXrTnb0Skcl06mvgfwflWJcoAc82GvS3PLtFaNGtkXJE2mgdJBi_2MxrPlxmZKJ0C8rhmtEPRTXC36Dsj04dNosGVflEXZ8-yDzH9UrYsVicqWt05g9YVfORFHXEccssK37qwKC4e8kKrdBUzt7ZXibRA/FhmXLXIc3hNYfCVDI0_8gPZcbNWoTFre01GalWMgxHA),Retirement Fund Trustee-Curriculum Document.pdf (https://v5.airtableusercontent.com/v3/u/48/48/1766800800000/0kBeL4OEkGEBmv0uXFVhfQ/KPPVRi3qQnIbXpIyUAAUpnFdMZRtfBDefxehwJvZxb5xiSBZmQbGpoAwZR6rkoUiOMkxW1ZWeCyH1VML2DrMhUp4PAlqWKhOOAIVZrAHmt2EhozRTMJtEyuXSKEgz6gu2KtkeRgPs7EhWsDPO8n7je-cZC1WMak64fM5BT9p4WnvC4lg-5m4Ka2NqHqu_Tx9/lbdVkQR3bq8UvaTM0TvO7DqATn4Ey4pnPt22IFan43s)"
102856,Rigger,Occupational Certificate,https://allqs.saqa.org.za/showQualification.php?id=102856,NQF Level 4,559,NAMB,"Rigger-External Assessment Specification Document.pdf (https://v5.airtableusercontent.com/v3/u/48/48/1766800800000/ZtRDXnq_dUUYpm5sq2KiRA/wPYSbJwncr8fkybVfxocljyX2G0bJDy-yesfdffZ3I0tXd0c77EiOBNifqMmrXCX-tivjko3QphfVlVQGObIURH_24EgQCdvb3rtJiklZ1bORY3zMWchATH3JdacEZm4TAXCbrN5uyngKRE-mulVdr2uhCfxUm1jcN1UpEMM6D9N2-MRBOsMsatR3YTCuIXq/cHUWaz7h0HjVTJ_jT-UKfLhpGQ8ADPH4DOsvzhp3New),Rigger-Curriculum Summary Document.pdf (https://v5.airtableusercontent.com/v3/u/48/48/1766800800000/xGs7E0_7EpoPt5n41YTKmg/Ir7CjVvEHzrzIjG26y3I5BdqJJNTSyjjDjqm2vbyrTLXdaYeyjkHDnH40h9yZP5yY6Tc1_4OvvfHmaMWRbkWtE1E6UCU9-NO91xiQkHKwWyq2aIEIlJMJjVc1Hg6KJmg6e0DNfZOiEA1Ibsu_tDK645YrjHYSlj4Bo2nWgUU-vk/i_Bhuh869YqB6cXhkRbsxv5UpQyL36ENx0acM_GHOas),Learnership-OC- Rigger NQF Level 4.pdf (https://v5.airtableusercontent.com/v3/u/48/48/1766800800000/3wZ93030Pj8bPDRC8ctJwA/Xk4QgZfuPro6IHhaG8dGP0NYrgN-1pY-QgWpVjCgkGCdNX840SDow3EJYhUd7gJNLhWEfqIzfz9KkY8NUfdXdEfPZ-ZO_OSrw_SZkt2VccTp8L82j_IOy6-0pi8VgRMEgMz6uNG77aFL7R7wi42gmTxbUkqOMJukKXtOlxzduco/tL4sW_UXEn-CIcz-WbTZ-_nfffUw61v5aFLPbRzt0EE)"
103179,Ringframe Spinning and Yarn Packaging Machine Operator,Occupational Certificate,https://allqs.saqa.org.za/showQualification.php?id=103179,NQF Level 2,156,FP&M SETA,"Ringframe Spinning and Yarn Packaging Machine Operator-External  Assessment Specifications Document.pdf (https://v5.airtableusercontent.com/v3/u/48/48/1766800800000/qrfVrXVvA2o2ZQvenPP_5g/c_Rn4-eXZHBRM2I-3JpfXzOfYIxtIJ-8DoWmckGX4JQ04CeW76jn_EVXKBIK8XEbcakr3r9p7zxvBVIv_YctG3osSRO6XNUjHdT_aAwvrQnf3HzDjyUCPwBXjmg5FbOG_WSBvUowJ40Ht4VN3DELdSLw7Qz-BusCo8RNCwyTyconfwgWo82LAkfNlxMLw9hiprnPD0-RZylh5l1WqqhqzAOO4ZwoULSu0De17xBg3YEs6MGydWn4B5f-m_G10tHz/ujRB1Zqb8FCX2kGlQHN-XnR1vhg9jypR-s7Hy5jSmv4),Ring frame Spinning and Yarn Packaging Machine Operator-Curriculum Document.pdf (https://v5.airtableusercontent.com/v3/u/48/48/1766800800000/5Yyx-CBmFOeriHvBa6SC0Q/8W3e5gqalcopQt1946kXHx9Q-BIPHNEoRq-wTPU20q5KyGuav3RJqTOAXqjBkq0v0GJzQS_MV3VoKtLNT76O-00_FHwU7hvkqhGjQ5fPXAbcyCDM2JD_xj8eHcz-uyx0PuhF6p5tnGGiwUUBNbEL283S5YWTJXnuyfAn0Rqcm-5uZjtWYz47bwCYnEAdC2joHdrRNzP2b8lydqlWr0k6aaL_KUyc6gwMqU4jIKTkqqc/ATnK8-oOrUl-QkeSE3bF33Y3akAvpE_bvRqDc8LCSwI)"
103129,Ripened Cheesemaker,Occupational Certificate,https://allqs.saqa.org.za/showQualification.php?id=103129,NQF Level 4,201,FOODBEV,"Assessment Specifications Document -Ripened Cheesemaker.pdf (https://v5.airtableusercontent.com/v3/u/48/48/1766800800000/ZXyW2lynQDoDFi3fh1i_OA/7UDcXNbMF-6jEB7ewHSVnXV4Hf6ewrFayuIXe8FqVSCm-dz1bVxqV0ZDcueHY5gqXcT8Wl2VD-np1ng59WG4p0axob3kVVUxUFJED2LyGDuvmgU3oHnebNlHeQ-mwKeMpO10mjGmqyfYAJ_PBAau4XwpnfTm4boAZwEl-g1EbMsPuUqvS6za3_OmYw534jOQlMXwceEgTDgfMAdvkb19FA/d9V6oo-_ti0a7nq4Gun35NPLDXnEHt5XMMIyfjcYNHA),Curriculum Document -Ripened Cheesemaker.pdf (https://v5.airtableusercontent.com/v3/u/48/48/1766800800000/JeLi3iDu8W52ZkCA8LRg2A/T5gXOTOEifeulYjJYHptJkIHXDjUYh_5z4214jDpySZGdDk9ktOC08PCvWLxtQPxnMrosHWk7NeqPbWb9Bj8C-tx0fqaPAnueGFx1DAiopqvE6QOZ52qQGjBO_GVAgK5Bm1FH6KWwTuwk8-hksXDnbY6crcJyWas9eeo0DhX4NCQ2vRNurg-KgxyiC4xI99l/M29hzygm5DaB07DDRAI-c8ktJrprpodh_IxOttWjotc)"
121162,Road Crash Investigator,Occupational Diploma,https://regqs.saqa.org.za/viewQualification.php?id=121162,NQF Level 6,376,SASSETA,"_Ext Assess Spec Doc _ Crash Investigator - final to sasseta.pdf (https://v5.airtableusercontent.com/v3/u/48/48/1766800800000/lyqMtXpLhRJhUkzvo1p1VA/H4CyTy_sWmqM5MrluVGL3QofD6qhT6VOTFRBRDxQBYC7-WgvIAZcqR7hbVUOuAw0TwHrVHOllZPAQfJXHlnIGnSAXo5kVu-P_K90TmaywsUUrFrba2QAE-6A7CCa7h0zIHyZYH5Awvqt4VHgTJRvCIpPbiVvM0KrBsKCc_68EfnF_uoPX7CTYExzuYx_-Bi5J7qvn2RvtormP-Aa-PPSYQ/qoeQ-hPCadAAOP16P-dtPKt1yumiFlGsnNPiwT_GJZI),CURRICULUM DOCUMENTS Crash Investigator.pdf (https://v5.airtableusercontent.com/v3/u/48/48/1766800800000/CnRRWI4hRgLje1-WOhiIzg/GmS4i_KfeFzy1lIxLHFL5Lom6kfL0k_f7KmML1_gECfPD1tSx5ay2Ffi-VCVKAu2aSKkpBM-90Tv-id4qRQNTKecpvCgPyd_QIUxVzuGf34XwaYHlA2CEZdTYN5p7hPwAG3JMgDAgHXjjeVRCjRo7TjR5_Kr89X5oz73Hnh4tkkzRlwY6JvggpHq9MMbt-zn/SsY7jyZFXT70tW3d3Vvn0CWnYnjyAi3WotddcINHHXs)"
123403,Road Freight Transport Clerk,,https://regqs.saqa.org.za/viewQualification.php?id=123403,NQF Level 3 ,120,TETA,"QAS - Road Freight Transport Clerk.pdf (https://v5.airtableusercontent.com/v3/u/48/48/1766800800000/I_Y_JKGmh9m7sCxW70vdvA/resOye9nA0NJMAHL_Kx61BxMZzyGACX7fWFJuMGFxWYDNEZLthms_6lgcDgrbv7advWwOeCATamXhPHAZWv3os0Jq4UKgkCLj87h9bbJFCZPdywzzFB_HsBUL_ZwacaMuTduZyVadXIu77yIN41Zrf6POym7TxXPU5MV8P5XwI2lTfoztkJ9tIy83_VDh3uK/dcqEf-3SD-AdTinNIkdCg-nsCqCHe44UHwon3Slub6U),Curriculum - Road Freight Transport Clerk.pdf (https://v5.airtableusercontent.com/v3/u/48/48/1766800800000/X3LQjf3sbRLammg-3ZzPGg/O2z-xUzPgbG7u5vGONwYZKtRimre_vmwCgQZSTawd_JsOxTZz7nVdTmMs6cABQAlxv5SanvCpt41s4e0eTwgMkbPan8zkGhCiFDJCspka7eBE5x-M3uOrnSl9f5gfN_kjam-lc1Um9O6U15sisVJ6umkqraPcE72hklSynqLv-7GMtPEGiMTQS250BrX_gMN/ULQX21VbAjOACjJraX31-OWeKtVv_UlhCFCjF-LGjSk)"
120686,Road Incident Management Co-ordinator,Higher Occupational Certificate,https://regqs.saqa.org.za/viewQualification.php?id=120686,NQF Level 5,120,TETA,"EAS new Road Incident Management Co-ordinator.pdf (https://v5.airtableusercontent.com/v3/u/48/48/1766800800000/HjYl4jHKp_wyjGsU7cR_lw/dLwGD_wGTt14QNnDMJV0UPQ1RL3ozfIcVrzTcZXUdoYabCy2DqZmzOCULB5UHD8zv-PdRPkIi7s0RI4FODxTrjKvYjxC5-Zb4Z6HXR_JILdiXD-6MDGOjEZHTsiMPDF0bDhpy3oNuI0on50EjybocZIOoAPGatE1Khrtow8DiRnLOkw3iqrs0RU1rG-PiAq3/axl70YFKCI9NYCzdOHpaE9VkXTGyEpOHFNpJzsmp2SM),Curriculum new Road Incident Management Co-ordinator.pdf (https://v5.airtableusercontent.com/v3/u/48/48/1766800800000/JfFsDMaBFKr3VSK9Y1XufQ/ohPaI5c2dv4P6_Tdby00HpkdjDeycPTKWQHRSga4dLx-OncRuXWbEA8Ybe8tFnINpU8B50gx-fvD_jcv-BghqoAYQlJsarNiOOwkDlGZCdsoszbSffL4WHgYrHXLgvjocy6a1de3xT6Sscyb3sfxS5xCfk_f1E5DhkojvXYuBmK-Pt39v2p6Bw6MtA3naeqR/cR4OG2tOz4L2zw5C5kFE1E-lbn-ory-1c8_YD68vlDs)"
101875,Road Traffic Safety Officer,Occupational Certificate,https://allqs.saqa.org.za/showQualification.php?id=101875,NQF Level 6,390,SASSETA               (RTMC AQP),"Road Traffic Safety Officer-Curriculum Document.pdf (https://v5.airtableusercontent.com/v3/u/48/48/1766800800000/fNtlZVmUzLqB2EBr0QVp0g/TJ8Pqnfthkt3BPEyXg0ePMkfnG7crQjJ24xCFZyRzZLLgP2MU89TPxgNJrI4SQbg-hWpA3vj0lDrfg9Fs9muoFnlx6n1e1q6_UEh_20Err6JZjpxRtnZETzlJdgJhqXgPB0U4u1KsXh5Vk1ny7EfgG9363R_vhRiXP9bCud3FM0G32FEScR_AStnfdWZ9Z4i/NWBHb2SK-CIg1yfMQNrGXhraqEtQWsGS2t87pK6husY),Road Traffic Safety Officer-External Assessment Specifications Document.pdf (https://v5.airtableusercontent.com/v3/u/48/48/1766800800000/xrMyW-3uPHe8VcUEr3Ts0w/4CEZZtO2h8VJIF-sZ2O8le4nMKbzsjVaLGT1oFcdgKUrCiznRjZssJ1zcwT02YjWXfUnf8jyToSDDT2dyp8-Bnhiz6ke2EM0_VqpiGil03rqf2POUBe7_KB2hM7UMzVyk7UzMH8-aqy4t_iOnTCmHVha4nJv2MRCIJ-nUCYzmbkUCSwGbMj2R05t8pBDIHNAs2UESOml53T_Tniohm0m0qAooXrVpjT94aay0cg_wvU/ZhqU6de4W6iJRmNH1h0Q3MGBsNvwMatPfxnLko7oOo8)"
96371,Road Transport Manager,Occupational Certificate,https://allqs.saqa.org.za/showQualification.php?id=96371,NQF Level 5,205,TETA,"20140829_132403_Road Transport Manager_assessment_specifications.pdf (https://v5.airtableusercontent.com/v3/u/48/48/1766800800000/wk8yjoWwcLZQKwVdiUIDzw/Y0wyv_8jUltmQur4KevXnmJTWDipRJvyao3Cxh_5Sn-wXDXOGHmqA9_2BqnccUyKNHlYdioV51FrordXW8oQ4PP5_kku8NH9UFbJ6ZJvAdBfvQxDahLcDtOE2yEKQ9VdDS68NfVh381zKZJ3PBcvf7ymDyA4oUCcTL0Pvi6vmmfp05PciBYSQxQxZaileNWiuzpFkLXwspMyVMSSOpn5aA/JMPYXTNasADazFxUJMUJET-g5CBJ83vyFjMRz6GchoI),20140829_132403_Road Transport Manager_curriculum.pdf (https://v5.airtableusercontent.com/v3/u/48/48/1766800800000/nMD_Q_5U6SkbQYk2zk1UAA/l_aaKuHkfIKerlYXwFfwY6hdSEPfg71c1EbfF0AT9EfB61J8ROxcuYQAHVUBms3zVG_EI06xsHQGo5DZUflKO4kozCo9CP8etpysQ3gudAkUFBhbpLInWFqDqwLaHQvr1CeJParVKh4kJqO19CaMrIkoA9mQhNubHKq34aBBkXnL5n17TJ0gSgzERjGDI4o4/rLC4yOm_qBSHClZ90i52BPBX2qES_IDa7a_ESj9ZuZw)"
122627,Road Transport Supervisor,National Occupational Certificate ,https://allqs.saqa.org.za/showQualification.php?id=122627,NQF Level 4,120,TETA,"QAS - Road Transport Supervisor .pdf (https://v5.airtableusercontent.com/v3/u/48/48/1766800800000/xeww5CKxqiy3-IV_acPkdw/CGfKzTyrgQt4JNVIEIta8fNPXgd5UaCLXcR_O3sisSn-9rbF7bxW6AnaVMFg-HVUaXH4PUDIuI1EuYiWOxAj-fbyAlHWs0KAZ6ivsO1LnXsi7y5gFvzaYp1QAG8zmPfLcHJl14Er7exKfN8tmb0fFHU_BJ7qnhpe59Eq76R3pU_7DB9YZ8xAx30aD1hyIp_n/FyR5OIo-uPkwLgRLZmwpmMUdxwIdZWTRR6vrdRoOvcs),Curriculum - Road Transport Supervisor.pdf (https://v5.airtableusercontent.com/v3/u/48/48/1766800800000/DwlwClA-8Mp6EbnhQXZ6gg/LnTrz31E24sGsF2BXqYzSOdkZ4f4JuqpS3hi0n9aByvvOaxYjbk4jdvDkgn4yzqJMlNz0VneNaejMLThs2rXZ9XIzuJ2UW6Xk7XPgknOYxLmTTHYxw0mHOev6uG91PW9cVqekfUNMvPGW1Xck5slOYsIYRhc86hAQfk_asWxU8ZXte4avzF-DN_U5ijMxixg/VI_WD7ezKiAGhza0fPT_SkM2Z909Uuzc3bNKiqWc0DI)"
122627,Road Transport Supervisor,National Occupational Certificate,https://regqs.saqa.org.za/viewQualification.php?id=122627,NQF Level 4,120,TETA,"QAS - Road Transport Supervisor .pdf (https://v5.airtableusercontent.com/v3/u/48/48/1766800800000/eVqF5aMuC5GR33iZqnvFOw/G1vYSFfQ3ThI7cJEYC4lHhfIUp3lc3km-RmAKYqgsRefRtSYNz73DhEwE2bAVz-dIePKXhe4cQNDDU5i5Sq9t3vnuFEH2YBchQgAt36s8I1kLtZnxyly8qAVldfbNc-1QiWdXieMVDMyQyKp9QK785omYORKILIM932W1F15ZSNPWiBhKCoVpQy3GPKwYa2d/V8fAvciR0iQ3wMoG3r03qqr9rRcfcnXq36aTmy8qFWA),Curriculum - Road Transport Supervisor.pdf (https://v5.airtableusercontent.com/v3/u/48/48/1766800800000/v8DbbZ7N33pWccEriY_v4Q/eUaGpvgRPG26KTExA2gMmh-yJTzFhoBuBW5vuf_QNzx-yOryrOMOpFc3FqzppdWCijogvR88Lbyk10W0vhluvvz_7RMjy8giqsdfUdXhDgw0gJHF_EYUcvfgndo5hJ6GeQm51QmSvP_y3HUCm64nBS4To8vlKLGfyt_6OeADFMvVhCWKr3d-AaKaScHxCREM/F-NIHgi_Q0NXF-LzJDgFs70759QB_Jm_qny4PZQGQHU)"
119242,Robotic Processing Automation (RPA) Developer,Occupational Certificate,https://allqs.saqa.org.za/showQualification.php?id=119242,NQF Level 5,185,MICTSETA,"External Assessment Specification document.pdf (https://v5.airtableusercontent.com/v3/u/48/48/1766800800000/wh7wGkHijJXiC_CmZcRYsQ/2pMAzF4BRlJ8bIyBrmLYwI54jtKjQSO0iG3atmD12X8keYWY5JJJCFqjPe-286EEqU_q7nvxB1AtjUzUQuT8yTpNmdlXmlWBXcLr8yiq5eexZb-WoA46uvltf2Po8QadZL8-xXGmYiVEdOTY5wkvqQ3tQQEr9U5E0tOHGghixzRMNKt6EVMkirHbN2J6QrSy/oA9D7Nqtazaxzg7HU4uHUv8AwQsvlHi6RacdCFZq7rI),Curriculum Document.pdf (https://v5.airtableusercontent.com/v3/u/48/48/1766800800000/N2W6z0pNnFHOLnsIW1nJvg/kJG_EZagnC0GAmi4YVoEQcYjR_DCKWi-DP5gbsj6szaBnnRjcY76PReEtrNm9MqyLzZJ0DlVBK9GPVlmwm2tKcTl7Y_t8A8hgBL-eaSkY_87yqsWYu4CWcRFwQNB_YWEP0Tk6m6FeJu2WnuebbH5CSlT62msGgir2dKWVQ24KJ8/SQVuApm4DhNVna2jQx3hmCwWbVaHMg8-VJoHSe3lAgQ)"
99252,Rock Drill Operator,Occupational Certificate,https://allqs.saqa.org.za/showQualification.php?id=99252,NQF Level 2,30,MQA,"EAS - Rock Drill Operator.pdf (https://v5.airtableusercontent.com/v3/u/48/48/1766800800000/PRtnqCBSOoofNhbrODtXww/02iRpuNfyWRLemXkfpq2AtfbyrbTVkHq6Pj9iT1i9aC5vtndYTaY-9GVMl99WCuLx3sUvL7MqK211A1-UBkpQM0qi28UPy8My8Yq6EHCrdzVavMQWrkzZDWO2jegy_Yz5K2QGt3PtlrDX6ns4tX-L-u9kIl_bJOW0hZGxdzyl0A/7mM4wH_t8ZA-aV3kKEvB2Sw8oJLqQqs5awxR_W5gpgM),Curriculum - Rock Drill Operator.pdf (https://v5.airtableusercontent.com/v3/u/48/48/1766800800000/cLSJ5wCmr5JisXCVJn2Rzw/dg80jR3md8_GU4m9y_i457KiM49vaxW8Lfgtoz0696uAagwdGEDTGkwka2Hw7LlqhN63OLfrts_YT3VKydjkmwKId1oiseuNaCZXjlyvDu15croU3bttEVyEzvCNDofUFUfG8l_l7yZTT4--M4PetYDhQXBpslaWoye09yuRDiHuHzE9sPg3PMdZX_DEv4Ed/CmpncXUQMGTsjVXqKHtdtkt-vIP5Z1oT83fbEDoglaA)"
120945,Rolling Stock Electrical Fitter,Occupational Certificate,https://allqs.saqa.org.za/showQualification.php?id=120945,NQF Level 4,597,TETA,"EAS - Rolling Stock Electrical Fitter.pdf (https://v5.airtableusercontent.com/v3/u/48/48/1766800800000/ssWkCDTpDnZUwybDWiJuug/euvreHPBkqZYAMtH3LlOi8pwd-T4ak8KFBLCyswMTqkZGHsyB08EGSMxBayGz4fUwRZow-EXlFfsiZGPc0Pfh6A3qvR_PScfA1MobvcoBKsZDSdjW5d64yS4N7ErQVZYsIU0VfzdKdNZoe10y68vZ4T26SxW-RFed4h0f8BAaWmrhTONBsY2x1wI_xCSow6_/BNeGlqrYQ6G7CxALQVA5O2j--0vZgWMS6bInaC3xCHc),Curriculum - Rolling Stock Electrical Fitter.pdf (https://v5.airtableusercontent.com/v3/u/48/48/1766800800000/TaBhoaYZd0xbHaj7Jk6EvQ/h_WGqhZMnroc48VkjS0LANlAy3x1WOnrOCCHYC2p7NlyAhUELJnvKuoPFvCT-HNw6320BY0fhvoJZL5zgECEzTU5tueE33kCmNgph9Kdwgt4S-OgFMFL_sPXQpfO1Qus1k3rpyUxx3i-18HWXdxeCz7MudMbH23WDO4LYlVxD4KSoqz4Qa4COjcXP1d6MhJht64MWQMc_73tPnsxlSdgQw/vxsHKMkvs877hrYKYr2SrM4UERUy-PT7-CbD6vIQBys)"
121727,Room Attendant,Occupational Certificate,https://regqs.saqa.org.za/viewQualification.php?id=121727,NQF Level 4,84,CATH SETA,"Room Attendant - External Assistant Specification Document.pdf (https://v5.airtableusercontent.com/v3/u/48/48/1766800800000/HLXYz4oIvPu_4c3KfE6YjA/pOtqdUkgsngvb-HQnJMOclNTjV62Pxp57lCCCBHeo4TqONkhC75B4RW38t-kOXPZUE5uOOMkpFL4al8pZMNKo9S0i2ww4A9kNE9tnUpGNrT13yl8E5Lr8nw1-dmxit47wtF4bqE1L-QcWLbOug0J81Wxef6464NSbYj7wmQvmnj18rp3tWLYV5zxjAGJgjwOB2txHDMwOWwFpl2KHKEaPQ/hfjdMJraXnLyuZqS9SEbsJQ6_J2F7lm2scU9KuM3ZAo),Room Attendant - Curriculum Document.pdf (https://v5.airtableusercontent.com/v3/u/48/48/1766800800000/Y_cUEqsfQCySh9fUySV6QQ/BCKRDXOUPNb6Jqn3brTc1Hp9p2fiGSxR4LjSU9VaOzb0Vdefuce30hr-SIfcMrWrX0Ndl5tZ8yNarIp9bN0HFJXSDFtxkiI2FMvjJTjbXhdz8ee859yt4g9kVcablwTjYIdZB6Nvr3Oytt_gfYoO51w1r73EJz-wpVpfSJ98xX1fsgxRJN6wOl6Ld7I_e98s/MqDsa0aDeGHh65KEKE7gHJ97KVKvRxBorJVk33u633o)"
103152,Rotor Spinning and Yarn Packaging Machine Operator,Occupational Certificate,https://allqs.saqa.org.za/showQualification.php?id=103152,NQF Level 2,162,FP&M SETA,"Rotor Spinning and Yarn Packaging Machine Operator-External Assessment Specifications Document.pdf (https://v5.airtableusercontent.com/v3/u/48/48/1766800800000/zk5-mq61LttiO_bywaLYFg/X7H-xYtnxODA-3-Guo2n03ebfakafQ9APt6Sqr7kfMvGiPNgtNOwNubjth1m9k4CiJYFp61fUIHA8wI4Ena2USNGyiHUjOxwh-fXWewnKkfDSF0K1paw_815Qg9ViPyHBcT5hdAdAykyceqGiZdRa0Ki_ewMJDhF3RfrB3MmN8L9CSZzbr7GS_56lmTaxr8_jlk8iT8rMypFcX8ZTWqpgcuaDKmaTU5ldaR_x5h-sHANrUPy8VTzmkUeIbjcBidp/9mX-VdRN6XHbo3LX_ma_f_tulQPpwIXrzG4KGgZrzJQ),Rotor Spinning and Yarn Packaging Machine Operator-Curriculum Document.pdf (https://v5.airtableusercontent.com/v3/u/48/48/1766800800000/0QkN4HkWbfMUGzl726QJDA/b_vfU-NgjBadMWWMLRhMAOwmuoNSBNcAyR4Egf1E2gigUknQCyLs63l2Xv9tKKTR45LlNVNT9ap3aiJHwINnGu0q9yKud9ZwF75S4tUWMKhmX_NZu4Ng8WCm4JDRVwgFgjGVFxyYDZj_SOWW6sU4GE8sLk2Een-ukebf-s9GVqYiZDfBCyOi0xRsB-kBunXxMvu3Js7T-alEewZJfXsi8w/75UkUqJWQUuQTQ1znLcga03efSnAM0MuoDJz44wBk6c)"
101864,Routine Road Maintenance Manager,Occupational Certificate,https://allqs.saqa.org.za/showQualification.php?id=101864,NQF Level 5,120,CONSTRUCTION SETA,"Assessment Specifications Document.pdf (https://v5.airtableusercontent.com/v3/u/48/48/1766800800000/9e4wJnXULdQzGEZr6kRwrQ/IRovUS_EIOK43LbbbNCwDhBCjoCapJPJjpNIU-GKroBzZubmuqxtEbnso8805tJSL3WB4ysx6jYgpMdLVaq7i5YzqS-EwcXufLvg8bGlTwVZqdZ6buDmuI0gQNDr02EcbnEXqc0OjveorJofg8mgHcHS3ya6I6cK_u1S7AI7yZc/PiN2mE_yPlzaaLoILVAULw5NTOL4djN1fTeyQKVAI7g),Curriculum Document.pdf (https://v5.airtableusercontent.com/v3/u/48/48/1766800800000/_KXFuSCJxDsui_6LrTTxDg/HekAlLEVtnbRAY2i7r_eqawWkB24Vfo4F2r15vNuZMtUtyK3V3Lo3IUIzCqONQlDi9b8JaRzYsC2Fb_47iwLt-rs60dFpPgh95H5r0zsbBPXt8gdwrGriLHhh09p836E4wQ9iibZxAENOs6c4iCp4Z747n8m3AxGLv8Kbi5L3IM/f7V1JuaKtnFduVOQ2Mp_z-IlsLRkEDjwZwYkkOPCp-k)"
117331,Rubber Floor Finisher,Occupational Certificate,https://allqs.saqa.org.za/showQualification.php?id=117331,NQF Level 3 ,146,CONSTRUCTION SETA,"External Assessment Specifications Document.pdf (https://v5.airtableusercontent.com/v3/u/48/48/1766800800000/7_LImVWRiLxNlyY6vWdysQ/UFRRlGm5YAKWnGfBiz1AQ69fpx69c2YRoBlo4eaIlT0hp0xpXbhRVQtwaelCMxuvM3cIZOUasaOO1e8hEH18RawlPoQfaBVA9vkGlImdG0pjGnG1Nck82mG186eK2IlzoN6Pji2r07ndDQPV5XZaN68ExKKnX3GgF-S_daipHYVtir8edDQiCUeipoLO4vke/EoPFG8X8ZbC2s9pYpPVjk87-hF_XpvAeS2mPdEw2Xr0),Curriculum Document.pdf (https://v5.airtableusercontent.com/v3/u/48/48/1766800800000/SZXnezyw1tKvYC7b9a79kg/dceyr6Ji0UJLGH_kWNandd3IM6xb46p0jQmPDAFFqY8mcD6fwJsVkchIyWrZhegWHlaf5rgDaidUwnTu-XW-rCyVYw-C6X_FBdrDicbTxoGto3khDEinCc_mIeanQpcirfxuyXQT3SW_iH0bLTKNzhofDjS17hr4gM4pNc0Rkb4/cyXRSB8KGV13fURB171v2MuuRmYsx5JTfTvZ0CLwQ5M)"
118082,Rubber Production Machine Operator,Occupational Certificate,https://allqs.saqa.org.za/showQualification.php?id=118082,NQF Level 2,286,MERSETA ,"Assessment Specifications Document.pdf (https://v5.airtableusercontent.com/v3/u/48/48/1766800800000/UYfovdqbEk0akyAWJbW1WA/dx00vFgqu0dhX7-dJs774hNdhu9x41syDKqwgEUmwP14weHvE-8jSlqs2hH_0Tu70SS2gGpz7xmRiZr9ofUbrlgCZSyCfYCgdr8hxU316BhnEvlzju8vdRbb72NJhSG1v5DlzayyGB-66sVByNz7Qm8QVt5bmskej8ETrNh-i-U/LFWZoX2zMS0ImJ9TxBg0LL0-34vGiYiEvngp1zjhMWk),Curriculum Document.pdf (https://v5.airtableusercontent.com/v3/u/48/48/1766800800000/uJUOR4XAM6g6auzoWiNFjA/RQpcflRFgGpeLUL9lQLSYOi2O58phJdyyQP_tEBtgz008H2QIQNXJl7opqlMWaiSlXyYrqAMLGDbyt9CgaZbnRkyOENzvPRRtLlk9ciXU7EeUIl_0nQJFqh0gkI6e5DBYQTuLcGHsS8vKcMaquTGJHpOtuZ_GAgaY82SCaMDmYE/C4QjvEzmLJjPO9ifIAzZQwVgUjIGdspRMH4K_U1TDzk)"
118118,Saddle Stitching Machine Operator,Occupational Certificate,https://allqs.saqa.org.za/showQualification.php?id=118118,NQF Level 3 ,99,Printing SA            FP&MSETA,"Assessment Specifications Document.pdf (https://v5.airtableusercontent.com/v3/u/48/48/1766800800000/4sAdCdfW_ZhxtNNBCr9T6A/cvYjrlM1DfF5e3Y1RRBbxaXqErdrraF4BKXfqcGwDf5Ifl1XuOmEJOHI1O3KrEKBBHg6lGsWNL_y-bl5M-2-IL1DuzC2Y-7jHMfQWgVVq0-NJXqhNmCEvHz68yq3HF9hCNODaK399FFcWPvvb0xyK8mNLC9Qu-fYQsVcpz0Nvhg/FFVgKCzEEMt8WxHfk081A5kN8QLenhv09WloA2UR1dw),Curriculum Document.pdf (https://v5.airtableusercontent.com/v3/u/48/48/1766800800000/51RIc9O8kQ78g9cWItSt6g/iOdMTOyuVlpZsxQLd1Tn7z-GNx6rxisG1oL7c75fNRioTz5WTiT5MG3CuHd3yNze-63CMe7GTJqXW-BdIc4FCwCumcGhbfz7lpifWRcxmD3D-Qkd65YabFFHTQMGdYhCspMfZKHuFD0DBmUzJjKik3M6CLZV3r6GAi1e3QC5GDU/FFNF-WFUxXzXvazzHpxPLpzwPhDH_MBTouUO4w5c5lw)"
99712,Safety Inspector (Forestry and Related Industries Safety Health and Environment Officer),Occupational Certificate,https://allqs.saqa.org.za/showQualification.php?id=99712,NQF Level 4,278,FP&M SETA,"Assessment Specifications Document.pdf (https://v5.airtableusercontent.com/v3/u/48/48/1766800800000/ZfXqTnVutOdlHsK9s19OMQ/akR0cUxQ-lyiry2dCKnSHvCsdvv0GQeBvNtv3Eawwdt5SMHvG8KTvDdQxvqHN6jswki6QkM7kSWGz0XeJD74uLV1v5vQMLrj1MEelUZbOuo0-21bQGGwpwzxYzEBcpEGQWKKqxNPzYKRP6sBdy-6igUS374M7wWSVdloTUjZtko/VAPOkTJvSdazTgnuLI7DJ7BZ1hWkD3Vk6pDeyaxHBzU),Curriculum Document.pdf (https://v5.airtableusercontent.com/v3/u/48/48/1766800800000/LxxrkhbVf5tnV-I9vHvmDA/3GBO0bwt3Sl6rn3qLwdGMnM1yGWIzdl7RfmWtfExRKvJD-nNXyiIz9cJ11vyK8aiRGZhXmjJm4NZTqaFiXiTeLrR1K7_HelFT_9GCuoY1asfWNbOufZKtgYCHdbwDuiyO6kd9yFaCX4kPhIbU8GJf7Wf-rj6RY9VviWi7wJ3dKk/Pdl04_dku2lzUxgESPkY_HuRb_nl8P2aT1GB5qpn1Pg)"
99714,"Safety, Health and Quality Practitioner (Occupational Health and Safety Practitioner)",Occupational Certificate,https://allqs.saqa.org.za/showQualification.php?id=99714,NQF Level 5,256,HWSETA,"Assessment Specifications Document.pdf (https://v5.airtableusercontent.com/v3/u/48/48/1766800800000/00mSw51YunAH59rex9G5bA/aEEycDRVI8oBcR1Y7Ve0joB2JhzUrFuwwrSjXFCUo-4edxn-0WWemANvRXkO4GD5BBk9MDFoWuMJUNNwM_kyMsl7zdE1EqNjx79namRC8yHvrr744fmRGuUARkdn-f69brxonfVM1BzXh0adipNx_WTmXQDFgsuvDif8h2bKuoo/nD8veEw7axrsLHuZnkxg7teVtKxVXcM5i1DwHTWcQSg),Curriculum Document.pdf (https://v5.airtableusercontent.com/v3/u/48/48/1766800800000/r9xJJnMvvvxcSNBQbbNwfg/LvyWJeTasKEO9O07rjk5Wel5ElTKqB7597N-BbRGNara15fzgHpIzCB5gffPyEFoVv8obCOh3t7p81anFdQFWHMIPJ9RUez8p2ISvZTslVKaPOYyDNCATFSal_zeaRXYY-wsEoqpPeHPuO67L35L6d-Jjj8Lj8nOuhsJccSAX6k/8OnGq8BtF9iFU_acUf62fx1ickd7LQtwS8Uq5iI_Psw)"
99669,Sales Assistant (General) (Retail Sales Advisor),Occupational Certificate,https://allqs.saqa.org.za/showQualification.php?id=99669,NQF Level 3 ,54,W&R SETA,"Assessment Specifications Document.pdf (https://v5.airtableusercontent.com/v3/u/48/48/1766800800000/QBtvJ6mj-XpAnUftnQ-htA/In55-4YmGc7HgDwCoqeBdxqc-EogPRLsGCEgrB17tJVm1a8b_5XFUmUEfNWg4DzOdFG5yO3sVknivfx9mHaXkIar6mfS9-W_mRfBDDpCSXyBI8vjv3PBAugeibDgkK33PhyR-RV4NHm7PZr0TpwqLxI7C9tWqW44ZtLdrnX3aDY/asq6xFewpNF4TFR4mLwT4tO6GTDuIFDf_wRHvQFcOQg),Curriculum Document.pdf (https://v5.airtableusercontent.com/v3/u/48/48/1766800800000/4ynSukOjHoh5Z4cdQ0kg2w/gAZ3uGbkyBSW3BcAiuwfSiEBGx0Hkhskzumo6Irxx5w-YbD7tdDuc8U9nP6Cpb1IuxgJWnBFKieWx_2rCvYG4gyfCOlQ1q43joO9Hcwj_S3fvsuMkmzglrIoEEOMQOYO60xFjN_iJCs0242WGhaAKcIjS8Z6Mhcleb2PJMyQCUs/mX1OOo7g6xNv0YRm-q4hvbOKvsnrY0gvQgaRNrnWZVk)"
121792,Sales Representative,National Occupational Certificate,https://allqs.saqa.org.za/showQualification.php?id=121792,NQF Level 4,155,W&R SETA,"Assessment Specifications - Sales Representative.pdf (https://v5.airtableusercontent.com/v3/u/48/48/1766800800000/Gr7ZwslOrutHvlaCnAQJrA/dAFrfdBm46mLRR2GWzKesBN0w0TYxoBPkimUrBK9ODMl6eK31gekAQoWip9Qg-4wnz1hFRty0WArl7zybUW2NqNMC-ZgdoXrJvscQZHqBVHFk6UDy58uw-4k9-I3oa8b3tU_KuGOYEqbmdz9h9hdNuUrrVklw9z8-1Y1QNbGN9guxLZQnIXAyIjg87z-p6h5GtDzu45jzpUpDDaVotBE9w/qZ-XWT9CQTjVkcSge7XuXsOQzZH2qqXfq542Wn-hRvc),Curriculum document - Sales Representative.pdf (https://v5.airtableusercontent.com/v3/u/48/48/1766800800000/-b-glylG0u169XTz2nhIAA/spzDar10E-wSkJpTtATsFUhBSHSfbnn3xaQkJIJyUDgs1A05-JhAyhmFJoP8rBmNSiZqbV8P-aiUwxA3vxSIh5BIfKVIBl2JOVsx2DB7QZNSdBa_Izv4dpq6YUvcAMETCylNR2lHNTB4AMqOe5YojLdowQO3xLG3ciLpALQ17p0fcOR824UVd-2q_a_PhHgF6S__rbO_UXzTj5D5uS10fw/t82IOWuviOKMgjlAKlcV9vTH1qnv5AbqGOmK1xC6vLc),NOC Sales Representative L4 155.pdf (https://v5.airtableusercontent.com/v3/u/48/48/1766800800000/pQj6wEioHVyRzXoiWX1nOQ/0xS9vJEzeRQaNkhAF_wN_chXh_Tb6788H8H4fsPRMPURWR8QutMOS3h0m3irSySU9N8CY_VtVjEYydN4Th4gF99gRREGLz-YplnmPkjSs_DK1obXgex0rfYn9yql4cOFcVSJAMzj-YoAYk3taBMaU-LmulCRnPWClId-LfnmY3m9Imi3HhKcVmx0uYXr80B1/Q5MuuEfG_Yskg92Tu3A-FL3InnbqdZL99Cn58Ld3rfs)"
104459,Saw Doctor,Occupational Certificate,https://allqs.saqa.org.za/showQualification.php?id=104459,NQF Level 4,540,NAMB         FP&MSETA,"Saw Doctor-External Assessment Specifications Document.pdf (https://v5.airtableusercontent.com/v3/u/48/48/1766800800000/_Bmu3yR0jptjUzcVh4FgfQ/emSrjK4f3iTeIHHJg3Up9FnY6Y9p3of10H5cUTNXJdBTx6RJeZf-LEZPfX_FaXCMnyNVlKyNuBKFrGEbjWtV09lffIK6uox1fsKSySwikLQ8IBCWoU1kN-CIucy7C55vA4ARI2HlSeFTTVM5ybeAahGL-2W_sLWGt0xXKu4SLEWMCMIyOm35iNyDLEpzLyGqTx9nt4MAFHFrrTat2R6onA/8QgFU-fTyxlNGsUwwoE_HixpKnTxlN8yDKoq60iuisM),Saw Doctor-Curriculum Document.pdf (https://v5.airtableusercontent.com/v3/u/48/48/1766800800000/tuypqe3rrJJfCEEnVlK5lA/On8nfVZ6kyoPTeOmagViPQAWl12XnPSZ-apzYVUBeJYA5CrfMgVtUqFCfKdg9vaHo8tv87RTr0myBr1PeTTv5jzTsHSMp3wOCRwjpTJJNK7ktxs_xDxm_X2xgC-c9wHxH_m73Uj-LFT6Wm3ZbmrTIema_SAcWdsNEk-BmCOH7Tc/mOhqORiOfeNBGnuSh4AvG7UX4TDlZR4Cu_AMVELBtH4)"
103282,Saw Filer,Occupational Certificate,https://allqs.saqa.org.za/showQualification.php?id=103282,NQF Level 2,239,FP&M SETA,"Saw Filer-External Assessment Specifications Document.pdf (https://v5.airtableusercontent.com/v3/u/48/48/1766800800000/oyiC-0_cgm_nOjaOCg-XZg/kdjp6U_VrVEiFd1V0S2EaUrSymspKX_hXhfxbjb_Lk1yjJ-FQupqGw20xJwFAu6mYMkYTylJ7Lq2FMZzsItH8GAnkI9LQytj_CM7LPJWcTT4WEW5sAnppuNtynasLK3k7Rvzsgg1xFCTGmKLS_H5slolV_5jCIkiwH1g2Y7z24ID41B8OvfEfSNy6URub0CMfmJYSdiRQGIW-XoH0LgORQ/UFgq3MI-D-zlFwfk-_eXee2UT4MdClQQJo8K5mS5FEY),Saw Doctor-Curriculum Document.pdf (https://v5.airtableusercontent.com/v3/u/48/48/1766800800000/zlnXvppkz7FJF9OtzhZhwQ/wgfi8RE6EhQak8-InAa9KSLo-0HkwwP6NX0DiohY_qwO2mPGt187XNodn0Nl-0WgJoDoe-11WTmmmrJyfdSjhMKmmdT-YRfkfyzEJThKlRpnB47EF_ir-I-WkG4ekLri8h-tjqsBK1FcRXX7ZIJ_HWx59W1JExz2BD7G0tDlOPY/oxxpga2JyxmusX72trnMbWMnKNDm1m0IByDANP_5ChI)"
101258,School Principal (School Manager),Occupational Certificate,https://allqs.saqa.org.za/showQualification.php?id=101258,NQF Level 6,285,ETDP SETA,"School Principal(School Manager)-External Assessment Specifications Document.pdf (https://v5.airtableusercontent.com/v3/u/48/48/1766800800000/E3jgbiSV3aC14GjDqZI6EQ/AiZqXkKmfQM_Lm-UUrSyTzr20xs0F2HthoudIpyfftK0wg0ZaGMgaOlXeS3YCIXEjVtHsXCLdh4f-ZvvkP69gyJIND9PlMyEW3Z1CEe6qmiynHnwNsherKEB2o299oJjZ3NyLQsRom1ItSXBh_efWw63eeAKX8GTNsz9fE8Mo5eIxqDK1ANAoPNWx7Q87fluNrJVfJbxZbhWqJ4GPgNG7zq-9E9azkXUiO7gfKcmaqw/VMrNiuKygIwzeLL_URuNBjmKdL5nfu6ShisDVmZtm5c),School Principal(School Manager)-Curriculum Document.pdf (https://v5.airtableusercontent.com/v3/u/48/48/1766800800000/emehKoblcVsM_ugVulpnaA/fxAyFsBJm8d1wYTx_B77SZmsQ38v_Q00dhpsl6Whe0DYD5V32MqbTfpUbNOnoPh4GKYI8dZa60W6o9AGGMaHVZ8QGUQDrQYrwKFtlX-2-uwWlV7bGxEf6hujOP330TlqL7bvnY5xt91k9dWHFzMj1Y3V2Hz92ky7J39U_YAiD9jyPXKRSWlgpOLW_LIWgPej/ZrQ9VuRkU-Uf1a8ua9GOvVBqInkZH2pVwGvGuds_15E),OC School Principal (School Manager) L6 285.pdf (https://v5.airtableusercontent.com/v3/u/48/48/1766800800000/He-WkXEt9oMG-wDwgF_SHg/aZtMwBYT2oExgrvcieMfVrKn7c2y8l6SaIlawCPaPIne6E1uB78BxmFecBjd3B8FiWxWs88HasLU-4c0am0oVnD7aKXkC5Os0Oxs-4KhNgAatTExiKPJWj3fMWTLNA6uzFEIDGQSumo5Te0xJVZOhQYH9_hVdIqzBZZSnZZ6y1ywKG_my_5drkT2WeQcly8C/zLPWPmQseeGhbEtZxM9OlgFiEg60yZdEUb8l1AxpDh0)"
117265,Seamless Floor Finisher,Occupational Certificate,https://allqs.saqa.org.za/showQualification.php?id=117265,NQF Level 3 ,151,CONSTRUCTION SETA,"External Assessment Specifications Document.pdf (https://v5.airtableusercontent.com/v3/u/48/48/1766800800000/y5MiwfRVzhnp2RLucBS5kg/-HOKzx85Xzaov-jvqObbHSo-nXKZKdVkkS5r3MgkHr32SNuvZFgt1E06mOTOg6hSQqyGKRwje3z_oSLNxXQjNgNBWdOBhxWL20kfs3U0cryGxN6KRfE0o26erXgYUaXvVQoYp0Izpi7SaXPLy_Fp_v6YbVWKyunfUSCshdRkK8kW-lFiw21hqNzwPYLnMAJe/kJiTfh-s-A6hbyKfH0riueehUdaIC_gOgphAjw25DaU),Curriculum Document.pdf (https://v5.airtableusercontent.com/v3/u/48/48/1766800800000/fZD7-e74r6Ks1oAVycaTCw/pEuZ44mRVKtygo2sn6-0L0N1cICToVeG9TBaeL7J9hTQTdwFFP5vartoNg03vyBtui-RZ1MjCyZD9kaymL9YWbPQE-cw6kUKPGtfxlDYmY9iBL2-KfDk7Ai1dF3fbdmFlBibeT00zA-NQhlB2ooqfhU6urIj35a9ouYM0_bbt2A/GVwX_wzO-gtyBXzjDt89V7KcsgEBDxnyeM6SUZGO4Bk)"
118687,Security First Line Manager,Occupational Certificate,https://allqs.saqa.org.za/showQualification.php?id=118687,NQF Level 4,165,SASSETA,"Security First Line Manager -Assessment Specifications Document.pdf (https://v5.airtableusercontent.com/v3/u/48/48/1766800800000/7oGbDWKjMoTPmpk_TEG_nQ/sizqn9YRFxlDWLqQ1bhmM6WWvBs3rh5S9avs7N00c7m3gMNseRwcFX1zK1WZcHLX_z-xvam_o3NEuVRQFI3aOX5b4qEEyociODpXT_kCgpDa_sMDp9mAIFmy7vaiwr-unhKmDkEyALlNDwS0dUFX6M5PkSElR9jE3Fs08rm7LQY6KjVgpCesl7EHskMLZg-9vqDTegfkWgEP0-859gO-ug/88WJLZQQyU4xXGoZcaVBy_KWNxD5rUA-PeihpEjkE1M),Security First Line Manager curriculum.pdf (https://v5.airtableusercontent.com/v3/u/48/48/1766800800000/EtrBW0wD8-LvUVkk9EW8BQ/bqvzVZ1gh7y5w6qzrE0oDjTbPKGt4UL98cmrol2mRlg_HFTjifbnqzltchZVD-VJGYBIp2UkN0V49Kqx8f-61VBw4WI6Q19wrNmcV0m5le8O8POysggNiD38A96-orLxre4IKwMXO875b3Tr84rdY2SQaax6k82fZmRhYlLnZxLBaIhdqZ4AW5GUS6e7lMhY/VnEor1nAug9-keY1fN24y-tvGITOtyF3GMkQAXy1Vx4)"
110866,Security Officer,Occupational Certificate,https://allqs.saqa.org.za/showQualification.php?id=110866,NQF Level 3 ,86,SASSETA,"Security Manager-External Assessment Specification Document.pdf (https://v5.airtableusercontent.com/v3/u/48/48/1766800800000/gp-LgRhagWR01gwZARbWsA/4n72YBpIeEIuZHb6m4IH0A5zxqX0Pld0UmJBkpEmiRyGiuHRU_p8mOg9Zm3_BBf7jgSwfpo4OhVPDzwz78QuDf6f8yKfNdMhkmRgZWptjJsDPETTgPzTKLNBS8l9QO9DqUUZteI_eB3CFuR-5TNwO9cMfW-cHy_Ur5Mtz1aR82iGl4CgZiWIqtRt851foVgiNUWIAv-2mJnNRQlC64lI5g/YAzjlo8owZu4xoA_bwZDMQRLreLfdC7Jx7QZAVk5nbM),Security Officer-Curriculum Document.pdf (https://v5.airtableusercontent.com/v3/u/48/48/1766800800000/S0zVZ02X1Pk4FlBkZmAalQ/7VaPdXvBJsSiVc36tyPrKrclpvmj6nZLHkOIyHvSXUevcpV9TjErTQ0c68JGdtcZNcdgFEbne67of-9Uswz6ciwJQac1-qPVdt5AvwZD8ejjf1wJEomAcFpEWi3-xV6i8jjuutgafJ0nC0CHBMEZS3keQrj6Y3JJwXI9pzRuvRUhzLvfSShawmYhcJlnyRL9/gWfD4gKStCSqeUZTTVFLR73-W-HL5q_qBpTyEYWUNT8)"
103284,Self-employed re-cycling materials collector,Occupational Certificate,https://allqs.saqa.org.za/showQualification.php?id=103284,NQF Level 1 ,26,PAMSA  FP&M SETA,"Materials Recycler(Paper and Packaging Collector)-External Assessment Specifications Document.pdf (https://v5.airtableusercontent.com/v3/u/48/48/1766800800000/8SHHbwuMXxtI14F9mmIRfw/eD_QWo0YTvGvJJeraxYRh9uTA-P7fBbcHALrrqrKgK0F0P7tvIkuOuAEIdAJmYyC89_q24GhTcO6ZNQn5gZfJfVzA7b7dAPKp3XB35UlHwre66e0hTqa7_1FljAwJuxycHtq4AAXc_89gZk_osRdBlFlks7041_lmPktz0tna71EM5Wta-ph6D5VIn6Ly3PTCr03qPf-Rrm3G1Wsn-VL7VR3Dm3K3axpvnzCC6fQLrpRy5OPZ73-CkJljKpLs4wr/zy81CK7UcRGTXp5b0DAY2CDvcruL01vtN7nTn4zrX44),Materials Recycler(Paper and Packaging Collector)-Curriculum Document.pdf (https://v5.airtableusercontent.com/v3/u/48/48/1766800800000/gk_MjaV79UxIdUEboluJZw/oJI26tttiR3ixM9wrGKefjaKQzQ0Sy7aZ3wcm2P7E1cbPPJYaeO1NSD7htkXMkdm6GIm3QHmHejLu3uy2fr7wQnftpzlanHmUzGiBkUW0UG8bi9p8Kc2M2BY1trlHD3XrkYdZKhjPb1w1cnU953b-Lx94gsb_P3og_nvQ04_f2r0dlOzAGQcPLbnHBm6qSfVdAhQyiLv2X_1KnVPpPTExQ/Pl4TcvStpznJehIN4oJrLLD0Phl-6dwis8nWAHvosPY)"
121166,Senior Government Official,Advanced Occupational Diploma,https://regqs.saqa.org.za/viewQualification.php?id=121166,NQF Level 7,244,PSETA,"Senior Government Official - Curriculum Document.pdf (https://v5.airtableusercontent.com/v3/u/48/48/1766800800000/FXDo5cGPBRdvzguaCjf7WQ/GVp9KzPi1hf1BFtb40C88NSKGfuoUauMW4gogEDgub1Vu0-ZKSTBJ688-5kv8-HRu7_PDLj1XskU569oDO-wS2bl6trS_3tC3OupaFNaBvfc4rKMARrvM1R7Hmkh0kKGuhOUWL191KjlTm4ekR6FO6qpKIhchUYrhffMxWRDlU_jhlJipDdt0Kc0_MMbPGP0/QUFXmOY_JVKHCbtNiPeW3yDrnyZKjNkWgAqnY_yYt6c),External Assessment Specification - Senior Government Official.pdf (https://v5.airtableusercontent.com/v3/u/48/48/1766800800000/EHacsBcrgF0rg-aJK_dEgw/u1V3lHeMuQTdA_1cQs_tOCFHbRTsWaV6L0pQre53k8DdpwKLBV5OpdruFBsn0N2cc_71Nql1TXMHlN_RVk1xFuyZSlWZmeg5KUZUbpXzWqRGAIraKOZjXKJZC6fBy8RgsR92GlDSStAu0_4gAXi_mh2AEKUstuo7_lU_1WiRAv48gMkp10anI1QNDEcS2ySqbKEto1U1Nl9qmHKckJsdCg/iXijs5Ca3PpWnc0yfrt865DxNKLoGamr1gb3y1UOi-E)"
99708,Service Station Attendant,Occupational Certificate,https://allqs.saqa.org.za/showQualification.php?id=99708,NQF Level 2,28,W&R SETA,"Assessment Specifications Document.pdf (https://v5.airtableusercontent.com/v3/u/48/48/1766800800000/83pCefReODi-GwET-1i0hQ/CXNIDtNdvmHp_w6s7ck2tUzZbnTO1JSRoxEJYZJPv1WYGDPGy-3gPZ_paWJgJJWKvrfRgSj3nBCG_w7aRR7NXx8xpkMgsVzSwWs4fbnKNKc2bNjllKne_jVJ3qDt6dYVe8SGWEnoKoW7zTTJmW54M99_A9F1dZvc5rwRMtoT9M4/BksG39XzTUPPoOmzcQppAH1hInANuG53uMtU6bnj3os),Curriculum Document.pdf (https://v5.airtableusercontent.com/v3/u/48/48/1766800800000/mGxr0muNBdhqjCrl4ixZYg/x5rnmoifr0CZ0IudjlyU9ALkXCS_sSgNcFjc5xpFUxJAoTHcGZW1KHuFVcOrhLOTh_M3k2A_9yjow5WrwPswO_Op37d3fuGSTGSgNfj6YOFkEHAXq7EIC-J_aaFKC8FbVHJ1WaLl1I8lkTbjqYFaxsjnd742lwGWu9Uga6xJOxE/kwBUg_f6J3WrrbkaXaPPJfFNTMjeevafgvkNj-Wca1o)"
117027,Service Truck Operator,Occupational Certificate,https://allqs.saqa.org.za/showQualification.php?id=117027,NQF Level 2,43,CONSTRUCTION SETA,"Curriculum Document.pdf (https://v5.airtableusercontent.com/v3/u/48/48/1766800800000/sIyaua1IhA0z7V6Dr4deaA/lfeON38pa_5hM75ujxvkybG82eUefFmvCRyUUgdJEiNq3uaDE35aVxZAhfWCUCD4kKCS9mDlp70iJ-GZvsQApO6vOwi5feyT-zNx1aOJq9oroyeSMJKhaVzFaMu6E7Z5aQ2XDfJyHwS_QXkeaJBJCRMsolyvnkx7rQGWaV-6NsA/Ot555goAwljBYyx4WEYT3mW56s6GKvSZ4xkpGN1i4cs),External Assessment Specifications Document.pdf (https://v5.airtableusercontent.com/v3/u/48/48/1766800800000/oFCpBJhTWMVtrva3izun8Q/xI-YpPvBF5fZqPBpOY_FqZ9CAtpVJ_kzH7zDu9uovvwUo8y0jR6UZy1BKy-1CZCS8QdOkLNNLkSRGPhPt-s33J8lSY-k_Wa2X-DlwUQXofhJxn5uFd3TYpiBVgVGuYhf_i3ATl97D1u2a7kmJ2JX3-avLdH2wxHbQWCK1TR-sNa8BY0Qs8WHeoCFG2WoZYEJ/K2fnBGCviAWDhaV8Aim7NTxcqNCQ8D6uqhvqoTRirHE)"
118105,Sewing Machine Maintenance and Repair Technician Assistant,Occupational Certificate,https://allqs.saqa.org.za/showQualification.php?id=118105,NQF Level 4,86,FP&M SETA,"External Assessment Specification Document.pdf (https://v5.airtableusercontent.com/v3/u/48/48/1766800800000/jXfF5mLuGEa6dhlj1MoqIg/27aM8h1lgurJBOyRIT1uaw7ySgRpUXVkrmgZpdvszQ_J7oTiGbgNiFoWACDDjFCm8jToawf8071jfAJBR6nLljJT_0oIurWEe_k1oQEUO4AQRPpiWRymcXu2Ca95uZHyV-j7jnko2pJKILsi5Up-xPMms72wNad9g3wc2D_U_g8_SER4Df4BOgrvgt2lwU-k/t8v8w0a6qDn8p-38aAszwgHzPDuT1em43Cxt4lipa9o),Curriculum  Document.pdf (https://v5.airtableusercontent.com/v3/u/48/48/1766800800000/VN_5CqK0Sh3Njg6YwT8l3Q/2_f-l2Rmj8r4KaCAa0BKGhB5pN6JIc3gw_xOyMKkIm4Na_0uX0X3zec5tqiZXoSE_KV7ptIWpexS1HnXnfnO2Zp19A4YAe0i5y-uB2yKI4u6CSXk_pqSi7fSN3PMRZZ6SkKWoTvSm_4WFui6uash9R9t14PEsQQx5jKDkZIkPLM/uxHzPJLABCzk_JhWVfhrsBIScDK8daVDvqpbOtJUojQ)"
118102,Sewing Machine Mechanic Operator,Occupational Certificate,https://allqs.saqa.org.za/showQualification.php?id=118102,NQF Level 3 ,96,FP&M SETA,"External Assessment Specification Document.pdf (https://v5.airtableusercontent.com/v3/u/48/48/1766800800000/uehDZu-AUfCH7Wp8qDDfLA/MfQawRtskfdLNNazVZf_5ULeG9Vz4v3aF4uXu4MZ4CXMd_ClzRhcCL3M2hXLonpqYU5RND_rItv9ka0U39R0xZa2UN4rA8PEYk8j6LHTYYpGy_uHP-5cFg5z7P-G0_e2MISFbmPI9m8PMT7mHZlQ6nht9Gx2jXl6fgH8Tv6TL-4yxNHZ2-DtJqd8j9_ozSxl/N3lZRnBk9JEA6lmGjps2hTqeKdAiLAC7fPk3kwunYNc),Curriculum  Document.pdf (https://v5.airtableusercontent.com/v3/u/48/48/1766800800000/K5Z8lHexu6r43ZpaUpQb-w/hU4a-lqKUVZ7air0UIvivmYnUGuuk_PjG-hIw9fAscA6ViBO7JtDjJOwEkmeKB80i28nYnNjifUaeJROJ-OVF_z_yZTaUczFAyz_uXML34rm-oOA_m_1e7zL_Ma_mcVh353aOPqwklmMHSC6-DWizvyzn9sHtleGnQIN8eiNQvY/jhxx3RrqJC_en3QjAHBTuy0Cc33g1J8xqT7WWdMcVY0)"
118099,Sewing Machine Mechanic Repairer,Occupational Certificate,https://allqs.saqa.org.za/showQualification.php?id=118099,NQF Level 2,100,FP&M SETA,"External Assessment Specification Document.pdf (https://v5.airtableusercontent.com/v3/u/48/48/1766800800000/xYaylCosKXF12gPqhuU9ww/oWe_5b4uiGimDnJ-Ua-8sxRPhC_3Ph5lobKspHH5QKQ1CEzx8igUYIfXVrA2YIZMK4-Ip3Yd65GLytMNwHlQHxoA1VsJe4n6oxTUWnIXr79NdZydWMPfc8CddZxwoSQrOQs7vHSzIftOZtiFZovk0wM71ngkyBnKmYNVws8RcRaPSiJ6C_hvJdPSFKyHkPEO/A2DVsAhPGdA50RtJ05ZM2wpbnlCbF4vDJtQ0306qB_k),Curriculum  Document.pdf (https://v5.airtableusercontent.com/v3/u/48/48/1766800800000/usfJhDW0-37VHktIxN04jA/dodig-NANo5DXw9H9_YaOM6BAGnjNj21hqfRPf05f7j-uShLsrh911tKwUmWY7sRlGdSbB8CCfuDusKrFydlrFNBg_nFEiZ_n6rjVdMV1XdeCYuS_4Gw4N1kvShi-P-DeTkZri5vCHrxNDRM1Oex3x4S9c3J-IDTJTdGmJCAE7Y/FcSj8e2A6nWyzMk3b_cuMk-__-h393kpsbs_HWvsc20)"
97238,Sewing Machine Operator,Occupational Certificate,https://allqs.saqa.org.za/showQualification.php?id=97238,NQF Level 2,128,FP&M SETA,"20141017_715301_Sewing Machine Operator_assessment_specifications.pdf (https://v5.airtableusercontent.com/v3/u/48/48/1766800800000/VlQX6fHtTNkk4ZkD2wcL-Q/xd0jjLAwq4dB426UVxtgGCc39mIQq44RZCGYqhh6W5CyGC470H_Zr0BHWD2eMqijOKAzcuFkcrRMP3C-Jne6YnBMHhuWaI0YB5AUYOi_dGYqEcqFakc7TKT8bVSEI7SIw2WD5IZ-GCNxV_rNzdW6kwkoFC1KyTjLsMdN4ZlAAIMblqKOLxPo_OlP_uEzD4rD5UAy_BVQ9ebsi65AJl3k2g/J7QCxn7XFcOzX-fsYplgTM1FdXh1rDZlMy4f45UzTH4),20141017_715301_Sewing Machine Operator_curriculum.pdf (https://v5.airtableusercontent.com/v3/u/48/48/1766800800000/0VxmBdT8ob6GiQzZSDlhwA/jsO2iDVW2_jhp44JKAecwYYd-6vD5p14p3QFDIfBFXq-bhVol7-_E71DMlUtSayuQnyRJl6GtWN1eTIfF8lwdUKdvwD_KS3ofcgy9oEpvz62ghgaY_OwltkA2m1vAS3Y1kJyL3ek5E7s-W6pEdcNF1FTbbcaaU0ADJ5P-EM-3olwvU7XDxaJB_PogyMgpKxw/gZ33IEn4ANrkeI7HTExUGf6IxMYF9v4eMeRHY2Bs3BY)"
96363,Sheetfed Lithography Technician,Occupational Certificate,https://allqs.saqa.org.za/showQualification.php?id=96363,NQF Level 4,377,NAMB         FP&MSETA,"141124 Sheetfed Lithography Technician_Assesment Specification.pdf (https://v5.airtableusercontent.com/v3/u/48/48/1766800800000/oYEA_B0v8u5pnu2DdtvQDA/ouDO8KJUA2tD1mJLeocWQXvrIVg-_mGCOFGnhYttLm-9oN4Anu6ukxz1w9nO-Frk2Zz7-5srOP54_9T1LIZoubrR3b6wn6ZrDJcIBduh-Vo34ZtEMx1bK1iKLs9zYo1Y8-pe3Q7GmTamS7i01btSYv_0ia3jucl29XTQuzM75-kQfJuFDwoSBZ5BmOOaf94iUAjBLP9Gs40gk_nH35qHmg/hfh9EYWl48IZ2zdeZg3JdumGDsIdmzsBeww8IXs6WAw),141124 Sheetfed Lithography Technician_Curriculum.pdf (https://v5.airtableusercontent.com/v3/u/48/48/1766800800000/PePeNicu2QBMLdPBvN008w/JwJc9plnQtux7Tpgt7PMpsA40IEXUly69drPm-zxGtDBvfh9lJgXlcyJVQ3AEqUzEXJjG__T5LRJFPAp3Gd8h-LkwqbR8vqRHOA8Oc7narXi93VTa5gJ03OAPkSHyYrL9hleyuLd-aj9staXyQ4K4mUAnfvlOF6djW9pBYe7NlC7H42a07ldQPL83cHqhE5q/uat-1ScMAyQZ0p0Z57Y-v4g-fzxJ2L9ujaQ9Tz8pPMY)"
119425,Sheetfed Lithography Technician's Assistant,Occupational Certificate,https://allqs.saqa.org.za/showQualification.php?id=119425,NQF Level 2,129,PIFSA                   FP&M SETA,"Sheetfed Lithography Technician Assesment Specification.pdf (https://v5.airtableusercontent.com/v3/u/48/48/1766800800000/dH2OniFTntaYF9R5gCTFIg/w9DpRVMfvaG6hMnko2f0WDrCnTZWhskjH3D6QDlj6_-NgFAlK0iIaRnCCvqqyXXOhufTzZ2Mk9VyFSwxmNbMsiZgA1yuK32X0QmeP5-M23Y2AyfXw_tollTF8czcWeDhhS1WLwXamlUWbwXEc6Q9Wu88mCz75RV_blz5LdkVgjOrPnfyj1EbG7Up9Dqx0OOxq5zoFa5H79-AvIsqj8Ie8A/bIRk1yyVmQEkx0pYTGwnDUMeZOR8rLohF6l7t58Flok),Sheetfed Lithography Technician Curriculum.pdf (https://v5.airtableusercontent.com/v3/u/48/48/1766800800000/LC-n57e3fxnPIjIPy6tQlQ/vuRDwVQY8r3XDOS-GgbletQq-gxT9O546CG7oIyNdAFTUqZNFHQJ5KYuj5361pvWaM0_3-s9-RStcHRBOjDcVBb2oJXXAqHDvrakWZpJhvj055Hv7AJ8q4Zd0qWT18f894L-h4G_PNTEaVzJpiMC9iIJNh1rtC-ab5DjdTZK7nXHjaahQyq3AX1fKuaUqA1F/zbiYW6fqvNnjEVD2_9CSIn7-Tye6XjVorfA1l90ewOU)"
118731,Shelf Filler,Occupational Certificate,https://allqs.saqa.org.za/showQualification.php?id=118731,NQF Level 2,27,W&R SETA,"Assessment Specifications Document.pdf (https://v5.airtableusercontent.com/v3/u/48/48/1766800800000/huVeUjYvdDN6aMzWH44DNw/jcT-70CwCuBH6kCGHNLw1v5i4uA3hxhtf9-yEOF8qRHArZUAkOVszCzF2m9kvHCB1nMuRtqKoQzv8rm2IMyoCrRxagwx90kiVGalp3p59XKJG2XHsXWLedELguMPMAgtsWt0scqw9D4Pzz9aRDdv1-qPeypHydCeSWUUzVBbwqQ/80pD4vjj07wkLPXvGF1wl9iUbOuR9mSKabp7VDDVY3k),Curriculum Document.pdf (https://v5.airtableusercontent.com/v3/u/48/48/1766800800000/-psKHtH0Dnv2oX8a4SgnbQ/MYf0hjQsLfqbfiNSZph13Qxn8ruFg9-V7KhWAdD8nLITu8NOE9aGW1sCxeQ2Tx8KQ_8jYsoPJgMyXfYFePTqEGyHhm9Fz3wx2Cqvi2wvXYpGF9deOwRLffiIs4St1vk0Yisuns6C6KNaBOrZdJdoGOkdR9BzmlxxZzp11sxEanY/2-ucdwas5_zAVXrc7DyG94_b10Jkp265tCKipH_WiiE)"
110934,Shipping Agent,Occupational Certificate,https://allqs.saqa.org.za/showQualification.php?id=110934,NQF Level 5,240,TETA,"Curriculum Document.pdf (https://v5.airtableusercontent.com/v3/u/48/48/1766800800000/VhWui6fdo8S-DKt6zP347w/pHzs3fcnY8MoneuVK7x0kguS7Qrss-UHClxvv6PNLLcb7VSydb0Hc4bQVNxWs6a4XTf0tJHLuApm1xrq6e4s6NmOPatXA6ONI6U8lDltJLM_UptpijTmjgbSK9d9s-hjOLuhSh4uuLdcXXcEr9aIsg8mpCZpp5qM53UzkkIZPGI/s6Kfave6NC24GhGI8FRXbd8vt3nDt5aqPeK4y3mOG-4),Shipping Agent Curriculum Document (1).pdf (https://v5.airtableusercontent.com/v3/u/48/48/1766800800000/ER8zzTwBq502l6db_8Hnag/vGR2TYiDBLfGqmJa82-g8pG5REIXtufs8JLM-cbQ_5QZm_M5SaISWkEMwHDjM6YZEAfHDgy7okUdl8mpTHivsPgYlOZktU2dat29CrowZopxiN_dXYBl_0LDgYmFOJJhoAJlEHeHU97QXl4121zQUJdCWbXgLRGvKEFVAaeT4UM/VV8Vb5pLzmeEzVJCk4PNueXDCa0IrOkAXpgRH68xC_E)"
117009,Sideboom Operator,Occupational Certificate,https://allqs.saqa.org.za/showQualification.php?id=117009,NQF Level 2,43,CONSTRUCTION SETA,"Curriculum Document.pdf (https://v5.airtableusercontent.com/v3/u/48/48/1766800800000/cGyp2tRJd0mnAavWMfmJQw/iDLQLxUa9GYlEqfwpdo0htJF8wh_3NKA2do_pexW_qubs_PWd9bjisKYwz5etJksYpJCmh0eSOPXfhTp5IN67KUI3_ned00dX_lUX-BhLH9jdKQBRF3VNZjFjbuLt7z2H3L2mJX6kSlQcmniagAo3ZktIsnqkgT_IH9LatFBAiA/EDbJqm8-WTsAu7s-5hzwIJwJsw1SdB3jbg9-3HxH99w),External Assessment Specifications Document.pdf (https://v5.airtableusercontent.com/v3/u/48/48/1766800800000/JRKQYN7BWCyOLKnOdsoKwA/jINLIDP1YrNBRDXWpnwd0frEg9q3Mtt9kttHpVygsSx5LRw_0ZhlI6QxWt-CSolnl4BzqjCMWvFVe4K0Bn1BrQvO42-A_HKpi6f8KaEWyiV9y3kvMh5tt2a0lghHykj8gXEpjUF2C0VWdn0Byp0slsy3lBekkBX0MLBR0KLSgp6e5oWEkU78i28wSp10y4Mj/YZWS-f41OOYjbGj_adKShMxpyLyFWwLjnTVT590R8hk)"
101668,Skid Steer Loader Operator,Occupational Certificate,https://allqs.saqa.org.za/showQualification.php?id=101668,NQF Level 2,48,MQA,"EAS - Skid Steer Loader Operator.pdf (https://v5.airtableusercontent.com/v3/u/48/48/1766800800000/WT-TxgnycxPaRy8oCl5UsA/AerIEB_fhaPCjM2CXDFASqAJu2nR5L8rE4l1xhcUyccD_yUz2dOAIqUNcTcORj-I0F2GxD4aUDLLsHHgMI8YOLuQtRRTnZYq5h5NBLdM0y4S_SP7DC8hBY7SuTMU1CtMqz0kIonXsTpK1vNsx4arqBQbdsaMmAWkWuxMmLH9zAvaAPep0n94dFJxZP7W6QLa/51Gw_aztTiQmAgEBQnKv2g1RJY7Y_n00gmvrSlF4du0),Curriculum - Skid Steer Loader Operator.pdf (https://v5.airtableusercontent.com/v3/u/48/48/1766800800000/RrzfoQvbXKAxhX7SOmwbxw/K3IK6Kn6rXbaYLnfw6AN70dDqRQGT_grZb7wxHkxbdbBY7ZtFap-GfvZGatTVi--rr5hNN-Skj1jk-qBPRmfc-XMviTHEyT3Qtoh5zOQNJEyUBVNJi8xPut10MkZD3fRt0uikTClOZX2f5kHI3A3QtYy3-ANUsvup0i1MQcnZJ8PTVko6CVOkKn5vJf3_Jq7/uRSOthNS0aM9DDGY9NyA6O3DxadKj1mlqKMnszUjEQY)"
118741,Small Business Consultant,Occupational Certificate,https://allqs.saqa.org.za/showQualification.php?id=118741,NQF Level 5,244,SERVICES SETA,"Assessment Specification Document.pdf (https://v5.airtableusercontent.com/v3/u/48/48/1766800800000/7TLoW2N5ygozK-LYyqdksA/iTtSSd32M1bmAK3cGhJEq1edPnzwZho4YS_kPOaOiKGIGZbJ_EBB9T2W0oBoTG_ks7icgy0s0McTzSJW91Nhz4aMmt5wXDDlAsGEVvTpbYpjn8R7c3I0yzYO6O9IuIfUgrWoCiZrxdKZ2wzUVZ9tL5VfpKYaeY-8BY7yDHyUu5Y/vv5srOp9Unvg7Srmc3QQIzO1bHWictN823VMVKXpmys),Curriculum Document.pdf (https://v5.airtableusercontent.com/v3/u/48/48/1766800800000/YEaZTZwtB7fkOb2DYazwqQ/MUPB7F6988JK8mvBKiNf4pnc3OESjktzqS-I0klOhpvAHzsPFlWdKSLWJdSA0F0kjvZRn53GNOOqIoS7RjBHX5tfs3hvq86jHEOmUwQiXzF7_Ej2ohaqMXgjFn2SLzDFovhmDJe2d2WlaZgnfPd0HjEhdZMu_md-CWkPukn_AI0/rcRxzC3MSz60mIBFueE6MW-lNB3CNDjqDDdxJ-_eyr4),Learnership-OC- Small Business Consultant NQF Level 5.pdf (https://v5.airtableusercontent.com/v3/u/48/48/1766800800000/cdJyHYUuTPvKKoytj4rGbA/eWwUKNKpjE1IKgZp1sd5L4Mh0zJ6bvJWjoyCjdvc6NnpwACC-VIDD8P-rdP4aAO18RMELHJpq0ehtT09JYxYkr7REOgx_7JHbQVFUELdZmPP9K2COR4swSj4O6Nzk_g8uTPMeDqR6MKEsvNp4x5rF-5puFQa0iMs8-RLPBIPEz5nUKyAZ2-bjj2lialsvdf_/FY-J6nld_Aa8bM28_U4eE6kXGwalxfHUL-3WhNpnCvE)"
98813,Small Engine Mechanic,Occupational Certificate,https://allqs.saqa.org.za/showQualification.php?id=98813,NQF Level 4,540,NAMB,"20150127_653305_Small Engine Mechanic_assessment_specifications.pdf (https://v5.airtableusercontent.com/v3/u/48/48/1766800800000/uD-z8Y7NKpFtWyBDed5KqQ/ktApsO8YXQwxts7VzHfhoya1yRBViKjp447jd-Oc5udxWQriDW1rBqTJBKVgZeSZFzy1vWwtH0ds_bJpeCdFG-tuTLIQJU_afeu0NmY28HcqOPb-Bwv2dFp0Cu1OXVJoxWCUld-ziWA3jZk73AstiazM_faH9Bdv4A7Kj0tKsPT4qLtrgUiII9u4aoy92hyFdEVJHENnfh6qT37dOK5prQ/SJMQ3bkCFCHOHtStRkg8EVwGjAp9uJ6tKiw3HAhmzMw),20150127_653305_Small Engine Mechanic_curriculum.pdf (https://v5.airtableusercontent.com/v3/u/48/48/1766800800000/tlzO2pVJocQhAyBhkJuedg/V5L0rzsOwAYXBJSoDHMrPHkMsLneKfGXlXe2B5dbBbAWbGsDqmqOEfnJJbJHwuzMOjsmWhleq83wSw-I5AswsC5iQjDBxb7VmS3lYw7p2H88am6WB8A6Ciin64O1Qlc6Fz0xkk_MsDxei1_9TzZGKLWHSbfKYc4LBTFGJ0OzqM1-O8KMcFFXKUPN9Rg-VJLb/hTDyi6DEfhP2IMP95zyVH59QuSH2zCC8PL0VI72LoNQ)"
103275,Small Re-cycling Business Owner,Occupational Certificate,https://allqs.saqa.org.za/showQualification.php?id=103275,NQF Level 3 ,78,PAMSA  FP&M SETA,"Paper and Packaging Collector-External Assessment Specifications Document.pdf (https://v5.airtableusercontent.com/v3/u/48/48/1766800800000/XlEvr0R7Kk-szwYTMPDk5w/STxhPX2QbLGq8Ysnbsx2AzIbxdE--yXrl3KwLhTN7pVhSCp_4YJcSex78nkJvdOK4i-tjItDUO0D-PIHsFRXQzmlztPBlV30zVlBpthcnvoDiqUPIZsRMYv0tFvAy8H8yBKoI8cfnEY6wbWtueGJYCBP9C7baceUITXaPFcvkTVqGnDFlHEr8HVYz_1D_nFnUrHzfwqrcOujCmou_hN78UojrxbZpYrVwQrfs1LLHMA/sYXo00FdqJCa5pRpVsrOomKNOHX5ytidNkBXZ0xw0QQ),Paper and Packaging Collector-Curriculum Document.pdf (https://v5.airtableusercontent.com/v3/u/48/48/1766800800000/f2heypqlfzdyWBPY2GJrGA/7yq5OuSEDZzrCyq-lCak8CNS3jI0d8MzaBzSpQ7KjiJ3AhidolxDLcMuwfjBbfWUGI8oJbKeQf0YtRU_IOv5cyTd-5vQpzZ4ZVAvCZaTPzuN-5Aa61fdxT-ubGSImWlH2mJxZ1nagLlkEInTOfZdWtXBUHCHa6vmwQ-O0tvfzRywLjod9uu6xraUBjOrAbAG/WYtmaRGz1_8S8b24G1lNSpHSAeucGg19zWP-eksIH1k)"
121164,Small Retail Business Owner,National Occupational Certificate,https://regqs.saqa.org.za/viewQualification.php?id=121164,NQF Level 4,143,W&RSETA,"Small Retail Business Owner -EAS Document v2- peer moderated.pdf (https://v5.airtableusercontent.com/v3/u/48/48/1766800800000/HcINWxoKvs9LcgP4KFbyQQ/xrUtvnuyFC4rGExfxVf_3crp_zcUry0kNYemjAsh0jdjgzl5lZFGpvLAiGkNGCYWrviEztiVjDrGb7MCEU9abOTrq_fKOX4pvP88qxAwOET_5V-Y2Ltu1-rIop_PocZeSC7hV-0s-jM_W2GmLDPLjmTn16XBEb74nwNHvDGOViuF6pTePjzCyq2zX7QGH-hxJ-66mNMYCXhyYp7Z7N7Dww/1b8Fy66vLVV-7jMi0SAHQR7AualjP1MYPTLe7H4zMhk),Small Retail Business Owner - curriculum v2-peer moderated.pdf (https://v5.airtableusercontent.com/v3/u/48/48/1766800800000/JtxI-0XYS8tpxB8iaSYJGA/7zDzuXj2jT8Gxza0BevEXGQrui0J-xWPqJB592mycT-CGHFPRgYUGKNxV_Z8RBomE3Fdud5EY3efYyk8aOb40zFLw-uqNH97Dpyl2KKLLgjx7DmWz9UOQHFhgN3TyHUFENm_n2eI-QH0zb6phtXKM5RoTzBlLQttSpbUijqKT0nsyH4v3--FaG-7E4PHtsbzifB5jT1hfKzlJLsXqDus0A/hzRKnkGmcpfvVTPCMC1kl7ltvjuscUpHYLNsBjM7iL4)"
122233,Small Stock Slaughterer,Elementary Occupational Certificate,https://allqs.saqa.org.za/showQualification.php?id=122233,NQF Level 2,130,AGRISETA,"EAS - Small Stock Slaughterer.pdf (https://v5.airtableusercontent.com/v3/u/48/48/1766800800000/6V1ty9aCA010NOswIpgm4w/59GFQSOieBleMG0wk8nYKV7eU_KxOEVykJBljxXeHJR3LhYR5xehVtZBBbrF9H_QyJvu_q0VGvoRZtVIbuvcFvk5PCH83hO3NjEOaK5AgmiR85bhX9R9RQNkXusq0-nbvCUFZ_p7bi3OykcqexPXja71A41daRdVkUmtrA1UIT919YI4SSl8TwdabhI18YOA/DsyqWwZRwvRfIZ3xEYuqf4IqyTDA4pdvhf8Y2paoF_M),Curriculum - Small Stock Slaughterer.pdf (https://v5.airtableusercontent.com/v3/u/48/48/1766800800000/H3ApTI6gl_wRTmW6II8IMg/AtvDHNHKlYi6qTSQn0M8LFkGbtDJABCc8YFxFkPAtvyEZwyupQloep2QMQNlmWlGcNOgERZr5LxfCGnBT4yKjT9hSEyxfm6qynVYgcYAooNXtzcwcydpoCH2EDmTwXYlghn6GnxD_WcpKGuOLRUWzRzFg_0zZBGrsU5sGBVXmOwlR3HB8BMk6IGO1gCi0XlQ/C8Oadyj6rBo05rfw1kw7PtR_hWFx_7PhZtWQjA5WxBo)"
98890,Social Auxiliary Worker,Occupational Certificate,https://allqs.saqa.org.za/showQualification.php?id=98890,NQF Level 5,129,HWSETA,"Social Auxiliary Worker_assessment_specifications.pdf (https://v5.airtableusercontent.com/v3/u/48/48/1766800800000/rum3_PKeY_TJvJTQsbaoOw/Cb6DSctozxvaWYNesubwUcNqG9YnxO6qEAAXuN34esB3T1nJLtbZSI5GnL3elFHSYyw_R9Qd8rgcmoaLKHjUc_eatrH7uLbTYJyYhDB4RIKS4IPzq6XiMKPqLqLrOoBOtHElVD_MbOxK9GYJlua0lS8FumMjoghEtEWqEBbL-maVHXCxbnEDHO8Mcy5qYCAp/saYzq1H0W-TPmHWJCYS4i18-7r37yEGsskTfeqkSgXw),Social Auxiliary Worker_curriculum.pdf (https://v5.airtableusercontent.com/v3/u/48/48/1766800800000/tlx3usUr2sl7EQlGlx3NPQ/YpTgQjYOa6NS5jjvWyGGGz4-vHFgPur0lsxSX_LMt2xPsE9LlqkI5Y9_YdrFcSSEPXA3vYykEmgNh0MHZ0n8UUv7_BKu3r6zxaGVztatFgQ4Mh9DJMpeJwSW-fmuKjHvIN-uvwt8iNuIGzcZcW7SonNsKRZvvQUy8nhfPqZY0yM/QHaTb7CWjYlOzRkiCDi-9zz7RAsf0wxMLMoe-FD9W7s),Learnership-OC- Social Auxillary Worker NQF Level 5.pdf (https://v5.airtableusercontent.com/v3/u/48/48/1766800800000/2XOFKKzgHX2yMdfwvYERRw/AceXvgTyfqgKHWxDq0LvzugI4FmCMVfdgj31eioYW-Wto9OfzzH8I7XGzNy6FgTRB8WjCRq8zn4i_d0XdtF4l94I1uFuafB2-bYF3KeYt5ZNBGo67LWaF3ttGYdt2e9Tvu7aRwnbpj_5NXv-nHzKeMKtPNTIztaOKXPPqM7hgmZ2umQswfsIiWDRNArtLqE_/qIwkm_S51_Ye5booiCM8ELj8YVyhPFwgzP9IwEOPXbg)"
111143,Social Counselling Support Worker,Occupational Certificate,https://allqs.saqa.org.za/showQualification.php?id=111143,NQF Level 4,55,HWSETA,"Social Counselling Worker-External Assessment Specifications Document.pdf (https://v5.airtableusercontent.com/v3/u/48/48/1766800800000/skRSeSjEnVPEKdIuIMaJrw/_a5ImqfGb9nFCwqqJNFaIMGB5bzfcVcLFOz1AmHRNhBmom_MNolHwGKa91bESgaIISEFUpxt2m8WCza5ft11HIHjITUDDGc_kTi6yb2YeHFnY-Kxue7v-pGyhdrDV1HMf79EEr3l3cTAjRqRGO6qIAMvxgGm1nlGGXzVV4-VoAl-99GMR8P63aBbBfJUGJSRTEXK95A2ZVKvuo_TJBmtLA/MnLgfhUSuNFDBt3mac_jxA4CJzDZMtjN6UphDzxELE8),Social Counselling Worker-Curriculum Document.pdf (https://v5.airtableusercontent.com/v3/u/48/48/1766800800000/FFczW3btSaUhkNjqcwdERA/jTp_AzLJ-imAXPAF0-kQep9guvRKYsa4VtfO4z8rKKIScW_b-aDeVNqCeCrOzO0dYvgzAUwE3-JROTG03_YrSChIElG3DjNj8IaXOjFk8JCnMQnKaelfqbTPpYKt-9Gu332CDAwRMtB0HBg_uXPd7xAofykvVYm7ImPLkoEib7bT5pmm7RQ_DPBa9_ZRew1O/1CtXK0Hu0f6k_gtD9n4oGO4xr7nW9fzqGQLT-WlqaNM)"
111142,Social Counselling Worker,Occupational Certificate,https://allqs.saqa.org.za/showQualification.php?id=111142,NQF Level 5,143,HWSETA,"Social Counselling Worker-External Assessment Specifications Document.pdf (https://v5.airtableusercontent.com/v3/u/48/48/1766800800000/1m2Oled8l8ZMZEJ3U2j4YQ/r7Yuly0TczPe4nQpo4OGMb7Ie0kDeQI89YNRfnE7bbn5-byS5Wu6QxyeBRKqz4Nns4OPdZtLUDqiwjOCfU9G5nLHQdQUtKDjbCzvN4Mkb0-G0CtNEKGqShUSaxAaEUelBVoua2B03utqNBXsRmMdLRetH56giii1l1-DpK9b6AKBAGgxES9SKkcvpmhsBq7uUSpTz28vxcYYTxQQuNUP_w/Ne7mmoYE7pOTjtRuhYFqdLq9sTLmi2Mj1y694oH60_I),Social Counselling Worker-Curriculum Document.pdf (https://v5.airtableusercontent.com/v3/u/48/48/1766800800000/0QyvMSpBysOkZ3zrcDZY0Q/ExB_-QdUDL1ZguRObbsENQv7pxXSDbathKB8_TXVKVUMFlDcNF7u1nqegFf02GwaxDcEXLYB_FvPeMEvv2DNzlRJGLuj-mfJLsEsQP2_jFXCqmpEgwpJpCSvYyh1253ld9xdduz7oEoMg-Cw8vgxIHK22pyN-3EezUzfoZQe7D8iU2YYsExC3RJM3YCqAMvF/V5dCvKFPa5qLewLKHu2FRNHc9Ax6txHWsEB5Dnr_JPg)"
112285,Social Security Administrator,Occupational Certificate,https://allqs.saqa.org.za/showQualification.php?id=112285,NQF Level 4,32,HWSETA,"Social Security Administrator-External Assessment Specifications Document.pdf (https://v5.airtableusercontent.com/v3/u/48/48/1766800800000/-STdCgoHl5o0InXN4ern9w/CfDo9knGbY6EexYsHA_DflGCfBEM1kVw0MJhmKVjI-R6Zsi97zx2UqzOZ0nySlIE_bTRnSy0MQTNU-kwRKPPD5uqXImIqbdXQKFRis-NLibcyPmUamjIhw_ku8Ei5HCKrKnTPNBYnhanZCUujEIKDlGTdqMthTEiRtMTRAqGLteDuTc5bzJ-dcrEfpMU0ElFetMF4SnlFP1xp8WsFVI8dd7nonSZj5-t44-6iNEcov4/ADADv-YulqUwfGnoaUDkSXQ2KJxHOw_8Ix1KmWDzy7g),Social Security Administrator-Curriculum Document.pdf (https://v5.airtableusercontent.com/v3/u/48/48/1766800800000/e0Kf--cpn9J8C5EaUhV74w/6X4DQdSDXbXEYhDCgR3BRwUooD8orzSz8QRJBBuN3rFKumemszbLrAPbyg4caKvIlZnuMZ5ciNatXHokfI5xjIdwuxHISzjvLbabEO6kf_ILvZUZ6fKI8kPbADgVl8haGkVHZSpxjt9S5dJXFswabJidsBIkD3qXlwQJb4E80P3uQulcQcRqikuW-A-xEPhi/VCvxcOXoog5rSpGxX8nZAGG9xjcm-XS0AeXOajHhi1o)"
105028,Social Security Assessor,Occupational Certificate,https://allqs.saqa.org.za/showQualification.php?id=105028,NQF Level 6,192,HWSETA,"Social Security Assessor-External Assessment Specifications Document.pdf (https://v5.airtableusercontent.com/v3/u/48/48/1766800800000/T6p-RENb6gWzGWTQh9Ztew/lPS6AWOvYPC5vey3s2d5w0z_Er9CS7iN13xoLBXX3BP43m2qPJjQlwRlDtBDn4jS-u7E8AUxhPUkI246q9HYF2uLXOorqrUYdrTUxQHnvbPiC3gh80a1MraF2txTTsrt1vNrj0_UVFtve3neecYpUl-KKPFPwlbfV-YUMW5iTLeG6snZrllSkn3GDiNdGYTPehtSWEaTSSWgxzvHSj50Ag/iqcyMV8DtqotAqkJ_T9EcSIckQMlJhXYDmca2zR-ot0),Social Security Assessor-Curriculum Document.pdf (https://v5.airtableusercontent.com/v3/u/48/48/1766800800000/KxQVSH7zBr9TO7SL6AVruw/tfTRa9Q2YkMM9sbbHdcGOt_3Std8_pAx6BhsxRgF_Mezr-hO9dHryA4BmVAslSLFtTKoIJ46VhKf3WxYC63XvhM55XqAuAdQB9xPDnwXLvoWSvvY0LZyeE03GKqc1651tQIYxIA7FSiXJyDGSEiiI3XsJJ9mdmiMsjSrjMI1syckZpWLl1h5KA-9cBL5CU0R/1P690NRyh23DDHoh8K0pRc06tkNJ0-w3QUzhzi5Fmmo)"
118707,Software Developer,Occupational Certificate,https://allqs.saqa.org.za/showQualification.php?id=118707,NQF Level 5,220,MICT SETA,"Software Developer- External Assessment Specification Document .pdf (https://v5.airtableusercontent.com/v3/u/48/48/1766800800000/-FRVuX0SBVQXm5287fFwYw/Wfc8U1qBfQoDCBpCbIOj1FcW_7KCz-Do_MV8DnsMXVIxL_f8Pd7Ew-LtY8CDn5wthoAmdWKVcIcPGOXqdlLokbmMsUKtg-IQ4NhihirxREun0BQs_qmPpfDQ2_FvvLpSXKAVzIuOQlub181CQg87LTYnDMk3bzdFACFcsl1aWRiwfbYPe3uOK47-oI8Q-UHtKveTC1Mng40KnV_hZLFxng/G8dpPOEpSfKlrcM8m6VpkHOCPSHfStWhiXKipHN6Q4o),Software Developer- Curriculum Document.pdf (https://v5.airtableusercontent.com/v3/u/48/48/1766800800000/YPnmz32KJ1JXfCVhXmk9ug/owQynP3e3ZqhVxRxQC--X6ehtqsq-D4PnAnwwHG2sbRmh2DN8HEhR7vuRft-_yggomZF4yNC9mRq-kEqo-ztzyKe2qW8j4z5e72frUgJFWrUf8dnVnJ4wiqc0lG2k-mgNAV8h-DG6N3mcsLP9-5QBsKjBtWpKshHkx_8dfqzDFLs8MWhgilFGAyBDubh0GRo/cjyyw7Ewczlx0-Plzsx-HeD3Ep36_8qLuRGpRYe_dqw),Learnership-OC- Software Developer NQF Level 5.pdf (https://v5.airtableusercontent.com/v3/u/48/48/1766800800000/aFvjWA1lcX8D3aJXUdUknA/icq9gRuww1jP8gSqLi4ahQw6Aa7yz1uRZQqjpceEZfq4hdHSs9xvN85-srqk9vzp1SmgFcEo00_7FYlKxPHyZUnL9Qh7fh-ihPDczA27e43UOea4BGgCLcwKf6yVGe2yUdoWV4IfLf4MP55Hf9AMnfElp8x8HwF-iijB2PKzc5ofiYz645rBe-eicGixO9t_/IYRselqAVoMMFzRjD7F_J8RuT_MX7dyOQb2idSlmcwA)"
119458,Software Engineer,Occupational Certificate,https://allqs.saqa.org.za/showQualification.php?id=119458,NQF Level 6,240,MICT SETA,"Assessment Specification Document.pdf (https://v5.airtableusercontent.com/v3/u/48/48/1766800800000/WsL74cGLSxzZMICFEKrLoQ/LQv7KukLdcS5lX8-T6ZtNBwEA7bgXxbizKF2ihxkXMzHFCnC-YJUjRU1b9YBfj6SuszyA3Quy-RK16awCXHtt91I8V59OMWhsrXi1tDd678wfN0HyMpqWBntphFi_HlakFdg9YuSRewXsESw0F7ZJR8K6ocjFpe6Qu4xcT6tjYY/MRsdEErCXYK530d3818bYgR98AZjQEifAZJ-8SdQxPU),Curriculum Document.pdf (https://v5.airtableusercontent.com/v3/u/48/48/1766800800000/odIG0mZXXxezedRMMpx1BA/rGpYWWep26INhJn8QpnY8J6wd6kPovE5yXEVbCxM98_EzDgx8GtW_IWPBSL0l7AnuSJQlhRScuz4WPA39oT-Y_UgH8xHlYfkC6mMHyN7U0EBnTsvJeu-x_3eS6hP9QHjDjk3gXHM8cnFMluEV_tMQa8deb5PKIDp9Is52oXFLCI/ppHpNjVSCOkFXCbZrAHFFq7aTqFuxin4IzL-1P4xmfU)"
119438,Software Tester,Occupational Certificate,https://allqs.saqa.org.za/showQualification.php?id=119438,NQF Level 5,70,MICT SETA,"Assessment Specification Document.pdf (https://v5.airtableusercontent.com/v3/u/48/48/1766800800000/0FIq7qxTTUTORb2yb7S79w/zJnjlcKzJeasN4r1cXAiNjSTA3omGu5JBcAhvBfHIiFRw04CM0dPDmAL2hYAtL6LU3LswDkeh6qmDElMfXMV5Tir-GwuWAEqe1Kx70BFDTzIwvQsUPn3IAYt2C8_PmPiofmJHA_qrOsF03SyW3Qv7ahR--U36FFXeIAgYmWQJvg/2brQ8g8uWDd6aH64DAFGaXR8oKF5KRSCJPcjkrOmApM),Curriculum Document.pdf (https://v5.airtableusercontent.com/v3/u/48/48/1766800800000/8UXeHEvImxbNfSH9iS19nQ/i-SJagKQ1eHaLqarI1symcvYxhJr9EIa8h1g--YR7fkRwRHhhi3rwaHY-0ej9-oWcwFhmobvofWbGRJXehDtQo-XV10ohAV4uaKgIJ1gm6w3_Jx2Thzypu1dsmZYbepflWGgj40UhLLI94rB-NYwiswLYl3cvxB7n1MYvjjPtYk/P8qTplIaBa1Qxlue_Unj7W9-UlVWBBGa5BqFmtFpgVw)"
112828,"Soils, Gravels and Crushed Stone Base Materials Tester",Occupational Certificate,https://allqs.saqa.org.za/showQualification.php?id=112828,NQF Level 4,139,CONSTRUCTION SETA,"Curriculum Document.pdf (https://v5.airtableusercontent.com/v3/u/48/48/1766800800000/g1aL8OFOIfCZct9V0fyEjA/zt_iz8ppeCo2Zfw56xiC6LUImvTLFm2GAfAXWYRVdCKPOx94E8bP5OvYt3wPI3KiQUM6IMx3-sorzhXF2FVyM9taGEvKj7NxiRVmklYIC_HNwnBmt0U7FKmsY3QUnB6iUL6pynPw8pv-btgcy3HKhfU1opmN3oxm0-2e3_MpuI8/l7NGko8HFNDFwhJOglzcJcLQ_jIPama09A-NHsNiR34),External Assessment Specifications Document.pdf (https://v5.airtableusercontent.com/v3/u/48/48/1766800800000/R2kjfY3RkIFagX_U3DeDug/RFz0zhpsl4PpJsZn_dC6M08EHKrCz2IzEtlI3Wg2ud-IxocmQbEhTj4bHHjfrExrv_Yxs_qfAOTKbMl704q4e5hDCbOHyiyUlGe0a_13HFhNWGphQVgpcBNaMSlbOi6cxBHbyW1T-s5rcK54j8L7PH9dxHxNQ0Vnb9zD8aaIIR2zQcmKR0a2fbkw-YP2AJ5B/L1flBDhuLVyjsNR7A4I3bPEV_TlrMS2EUMst5qb1Y9Q),""OC Soils, Gravels and Crushed Stone Based Materials Tester L4 139.pdf (https://v5.airtableusercontent.com/v3/u/48/48/1766800800000/OvSU59GkkJJSxonv2gfoow/mzNWe-WvBmyFMUPfBs-mEkzk_k2Nc-DcFh0ooChK9VamtyT07QoYuetqzFH8opnPFJHyiTQoCva6m6g7abCGx9ih-cWdWZ2rooi5U1xJIJJfTOh9v0XNHbgFnCSGiHF4dAjRkPGClY7o5p7eNKzuy34oQSgNxz6n1OtFK1ET3u9wBolSRynYxQ6ZG6cpwL85nnbKxfTXXcdMW8e5PfvFmjHlHGAmjPPGQe9yWLZ3iwk/EGXLM6UxAI4GBJduUSQwe1c8WoR1eo-Jm20669ZgtBU)"""
99447,Solar Photovoltaic Service Technician,Occupational Certificate,https://allqs.saqa.org.za/showQualification.php?id=99447,NQF Level 5,344,MERSETA ,"Solar Photovoltaic Service Technician-External Assessment Specifications.pdf (https://v5.airtableusercontent.com/v3/u/48/48/1766800800000/ZXVm7HSMTfPW3jbJXd5Cag/rGGguV-YGRHD547WvjOKek6urSEFpGZIB3B5pvxUFWdtBsEawYHS-d7Fln4EM1pb5o-uRXU6hilwMWkB1rAFeosbPNs10GYfZ-KTn1g3dP2FHO2PxND43rrowygUU8TmRIYQvFdNtGEPUhdovD7UAAspCPVgCJJMVfKH-nix8tm0hyyBJdH46VLXp2-HtCiqdb5NVwMoKv6SFUFkIE53Ahf2djESWRkzQnbTJW8pmBw/RwCPus73Haky8mZjDMusKn6jGqAAmf9-zm5_InBVHqY),Solar Photovoltaic Service Technical-Curriculum Document.pdf (https://v5.airtableusercontent.com/v3/u/48/48/1766800800000/sTDBz2frhS1XICgUB-J7Hw/7jJmHgsJjg5pOmsSdiJ58EQO8kWWaCICbDgQA0U6_k3rEGooCRYZ3lFW38tVFzzS3rAc9MVkAJ4VbdagGhxK0zMLBh6cmRENNrQahxqXxL3hGy7SxyyqN22d1YrinNoSZhOQmpWycUSrimBcuLYT841WdbQIYxNmyWw35N0rPqXFC8FoBsEBMo0hOaOOkimIEj65qKN3L4bqIBM_GHoJ9Q/klyK3Vp-9_sC8xBs4qZOYXXEoAgRuiOafpBwAUx_BkQ)"
120863,Solar Photovoltaic Standalone Service Technician,Higher Occupational Certificate,https://regqs.saqa.org.za/viewQualification.php?id=120863 ,NQF Level 5,133,MERSETA,"3B Standalone Service Technician - ASSESSMENT SPECIFICATION.pdf (https://v5.airtableusercontent.com/v3/u/48/48/1766800800000/eG_eDlj3WLkxEaVolVeq5Q/UXEtKFm9IUyZPodWNTCrU7GY_4cbH83XJnULHkGTBbyA78TnWMl3U9YYaO8mRmcWebCP6SDBjjtg72GxaAsRF0b6Ru1stgjOqaPfTR_qa-yepiRiWcLnLP0FWljChjrZ6NgF-jxoRhbW2WDHw-5pM0RYJOO6SWzdHhrj7HzTnmRoexj0JVd3kGodvWT7JiLtS_6qugxquBpuenAv0LZt8A/JlAfkp0q3tI9jLt4IpgDXpCu8YNuVWkLPrQymmerp_o),Curriculum Document -Solar Photovaltaric Standalone Technician.pdf (https://v5.airtableusercontent.com/v3/u/48/48/1766800800000/Drd2iVXpQLTUOQyubaOQfw/yOUXHHFNilr2NQYaljUz5KQzX8eTm3TY_qVof_sS4gqUN3q-IyzXKoxUDgl25RqIfUpJa24Q8xr_XdVjWLXJYB9ll17hQiYxHh8I2rOvxqkUeLwrTbWQIoyNQxql5BwEjMSOF7mfPpoJQ2wAp8qcsdN76_9GcjG7GgMnu0a1SgeZvJw5d-AVDHJRyt87Hkq7xhXXqPKXLwUg7m93BIQfNQ/Uv7PBPS46NIOw-DNlUo-qa5mMwca9Rl3PvjsQMKJjvo)"
120885,Solar Photovoltaic Standalone System Mounter,Occupational Certificate,https://regqs.saqa.org.za/viewQualification.php?id=120885,NQF Level 5,84,MERSETA,"1B Standalone System Monter - ASSESSMENT SPECIFICATION.pdf (https://v5.airtableusercontent.com/v3/u/48/48/1766800800000/vOU37286ojQc2ccELU3N3w/i7vNzgtWJ5ky8AuLwr1f0C9xtaToQ1_n0lbu_NZsf24Odu-TM18cf1EbUqELYVVLu3UITRaRD6Y9YK25Ihksq7NG1LeUIXLsTmEeeoreoolO9vGRAmfTiB27q1Zqn8P3PF_xwrgxWngBSYdh9mKEJlrRz04bBDYROGND4l--dzoP33Z8WDfr7cSoMV_CzQky/kAY3nY0kWbHMi3d605AqBYLqgk0rfGWp30rr-BubVUA),Curriculum document- Solar Photovoltaic Standalone System Mounter.pdf (https://v5.airtableusercontent.com/v3/u/48/48/1766800800000/dyylgDdePentucEd0tRrSQ/9Bk73b04c-C1rEJH2iPwiTww8zrsPIPEPVl_6BLQRCRnWn9vdhvI0DIxT5MUvgtd6OSHtVEjhQFmdLQGKHCSdv4gYd9x1aBcky6sMyEmkhvkJKIH6L8BbMjrKBjpwPakNupzYmoQnDNGR0TJVHi1JnOb4RUF3L-yQx_TMYXg33OqCF425eyqbuNEoVk8unZ9iKtbPnjshplJ-n2FEckAbQ/ki-pIFHor0WFlZX3qJViGxggxOvE1H3kvUNf8jQ14VQ)"
120883,Solar Photovoltaic Standalone Systems Installer,National Occupational Certificate,https://regqs.saqa.org.za/viewQualification.php?id=120883,NQF Level 4,211,MERSETA,"2B Standalone System Installer - ASSESSMENT SPECIFICATION.pdf (https://v5.airtableusercontent.com/v3/u/48/48/1766800800000/9YiJfV6v9k_akP2s3VDMFw/3_687EvNzdwdV_ozmZj4gaqa9GFslBx98K-QH6bXMf34KY22_YMKH2R8wvytQeOmENKtDYXxbSEmtiE1iLbdL3gXMeYxj9p-DXKhRQp5L1utuvjXjr4N_n8mPdXI_z0IYqpaCH9tXXx2JuBdIy2x3tNMfrWcrn7r00oiDzBvHivqF7q9VUaUQZuIIaeEb0jtK8ZL3onq7JnSXvOF8XPKRg/ZNSYFnY-Nk61XtUwnedg-8JnO5KTB9JcV1lHK0FPdpw),Curriculum Document- Solar Photovoltaic Standalone System Installer.pdf (https://v5.airtableusercontent.com/v3/u/48/48/1766800800000/cm44ncOfV3dzFA4rzVwLcQ/GYuIGmYrqlLWorUhKkhXMTpoh1UNWWUPQSRFk1WeKDGBUU9Hpojtll2On16Klp5idn6HNRWTH77MUtjH8s1PyNnKrOBZlV3OYHTD8s4YGOE6OngZ-ZD7iBXn57NI9ONKe56TmqBVkhN3TPe78xPwDYo4pzurWcQ8rhP5T77nZjVyyqSkVGPldC2Xqrv--LOGmHkFoIXSEFAKxlFhtiID5Q/ekxvl3N4BSsp5SGsDBbrNdi6ZvY4ZRDH796f_6q_Yfw)"
120748,Sound Operator,Higher Occupational Certificate,https://regqs.saqa.org.za/viewQualification.php?id=120748,NQF Level 5,168,MICTSETA,"Final Sound Operator Assessment Specifications.pdf (https://v5.airtableusercontent.com/v3/u/48/48/1766800800000/z1Ne7WOd5_ffEnZVSD9TCA/7BLo0ot1PnqmXg8NTwupisRj5Nhg8qRTkftQszkqlUtjNQNVStDKU6u1ColO4FMDMYOxoK7rZbD-TyB00JIcdq-DoKH0WvC5NJyfjJE4FWwMl7_ozGc-mcm1WtM8eEQwHtFopxE1sCz_hL0uoUzW2dNrCct3tf28w4HU6SomgjfvTVmvef1ntaKY02Uwn8E9/JqZhf8gcCzA2ObKMXGj7WIw_acQfdTPwQZWxOkQT0NI),Sound Operator Curriculum Document.pdf (https://v5.airtableusercontent.com/v3/u/48/48/1766800800000/Mrjh7bMjeWbTqfXNSp0STw/E-5RUu0TxsOBWbmJ9Bq1Eoc5UZRB-XXdBRbU-Bc-vHaZnmwSFCki4RmpLcP0VODM_unP1TbtXgagoiqoi5XU-TVrlI4FKvttKdbu6bLf-DO7VRl_okXf6zOJ2gS-7iD4-Y5LAEOM-LUT01-vUmDCc64_idD08VGqwM1TeZXah7c/feixVh7WnXZnrf5sfaTo1nrtls5E5DwYWsHGi_dUHkY)"
118114,Specialised Glazing Solution Installer,Occupational Certificate,https://allqs.saqa.org.za/showQualification.php?id=118114,NQF Level 4,426,CHIETA,"Glazier-External Assessment Specification.pdf (https://v5.airtableusercontent.com/v3/u/48/48/1766800800000/So5wmSRJA12wsFQnzrujzA/cmRzLx--44cZd14tH9NW52BU7FqoCvCeNPI5YZRGHhGBa_4mllRxgpbyJse9Tz9bbSJGwH6n1E6bQBqt1U9788n1thahS_9j1BM00ZVhLa9au-0ynorTyZPqO79rW3dFiZMkJ4smNyLelee5sLYyv8_Os4JbNIYsx527lp2RyRaZCewXgBGNN7jSucGdqbVm/s-avZTIKJ54zNobVIc3SdOfJ7vZ-g_PGluihZZpirow),Glazier-Curriculum Document.pdf (https://v5.airtableusercontent.com/v3/u/48/48/1766800800000/k1oevjiU4cQ_T2DMAdZ_HQ/479ipdNlYaD7B9TasY0lKfw9sU2YeRxoIxSj75VRfP2tzSYJka8IGvY2oBOHtnWUcYXkmRMhdphi5B8qBI0phRz6c3aIG8SyvdIcYFpWoBn1O5Qld5x0T_CGhBTx7DTrVlpZCBOrRr2hPs2NxCBWK10XNhhq-of2QdInmdwt6-M/0D2qG0PzCnD--l9MNPwiAvJlCsC2YjMkU1ZnQUPthnI)"
117245,Speciality Gas System Installer,Occupational Certificate,https://allqs.saqa.org.za/showQualification.php?id=117245,NQF Level 4,353,CHIETA,"External Assessment Specifications Document.pdf (https://v5.airtableusercontent.com/v3/u/48/48/1766800800000/clcGlc8l1lZw_7-JG7a6vg/FsvcyhW97vLKdWLbCBvoMi7zBlquuoiPgLsMc47hrQkq7Zla--TagCFOTlBF8zMrO5I9_DdSqU7Qf0X63InE771RCj9F74PHur74vF8XnePrIA9qby7flH3RAXz9_bx5wxZKCC_euQfyHMcct772-7xw2gP6UTbQWZd4rM1KYZHtZC2Ex9U8dpmKL9SdxFrx/SxlbNYG65EhXEKG9DIQR9Zt4deCzoC06Iw6-8-4Krao),Curriculum Document.pdf (https://v5.airtableusercontent.com/v3/u/48/48/1766800800000/QIP6iTyOwW3IGiHwNRUWPw/z5LZZ4JsHSyCILXfETMfmp8YU8mPDGFEKNKKNT97y4xRjz7IQmGA0wxobHB6qwJemeA4TfbB94FDatPIW-NpUEIAWdOJZWJUUiMVbbf0dvEHtFW2JH8C8GtHtcuOqVADwEi0oPL1C7H4Vfrd0Zf9MpYOJFSjZNtFtw4iPCdYzog/7lWHbdge-2BcWxjX3bFtx6m8_lGGaWkG7FdmUH0Iv9Q)"
103180,Speciality Yarn Assembly Machine Operator,Occupational Certificate,https://allqs.saqa.org.za/showQualification.php?id=103180,NQF Level 2,114,FP&M SETA,"Speciality Yarn Assembly Machine Operator-External Assessment Specifications Document.pdf (https://v5.airtableusercontent.com/v3/u/48/48/1766800800000/LUn5porLRP9Gi0wSSZ3SpQ/JIcQk9KfgVarUj-8r7IQPMj_PLWknDunFmKd9ZFlrQlP24KXJ1GJisUAiv0yT_kC7jdj9ZwtCV9KjINlhpzZ_Khr753jwRG7FweeDX9FFJP-IxtlPrPUXOT-vNimrazmyUVTDWxVDEKUReeW0AFsudweWhSu2Zyq4k4bipd75n7W6mEsfaq-Wjw_0CqX_GGSbLnBIU70XzsM8KuOErmQQmzS4sq612pEdz50Bzuwt9c/9NdmtQS-GwiQwfzd77YBNPlZ8utokeyVoJzgTGMxwMw),Speciality Yarn Assembly Machine Operator-Curriculum Document.pdf (https://v5.airtableusercontent.com/v3/u/48/48/1766800800000/i6LL7-LOMCRQZYXWwhEEEg/8hVeUebrmRnl8AllJMP34oeVaxNg5D-qSCg7jFyxEEEfi1C95rOLv3Y8ICuHNCjcq5qaAaWGd_3qrXhgHBIH0Oo6T34OyitZ5ZmltHVUfadbauwdXzqofJIVCwKau8HDkPAreyWgNq6ENVLqkw6pf4Fk8ro_sJiEls8tH9ZfJLYyZJA3prNnIxDJQ9hxIYtaVRM61t3-gJSZym5SzErVuw/kMD61WgVg3aXEgEI6tOuNBjvyKE1_8wUjbyDJ1225Ws)"
121933,Sports Administrator,Occupational Certificate,https://regqs.saqa.org.za/viewQualification.php?id=121933,NQF Level 5,108,CATH SETA,"Sports Administrator - External Assessment Specification Document.pdf (https://v5.airtableusercontent.com/v3/u/48/48/1766800800000/7P66prDJayQcgTBoB9plNQ/YSroSUbvZGvWTVtOYtMrQNJwYThgQT7ASIp273NyQv-Wmq9xnEPjm0vlxZLx527Nin6trtiVx-nxGxxq_yJd2I_B6eMnqN9w6HbgH9V71s5XWwY0BQExTwWSmsUbIchDchzRp1wsFn0d6_kKcupT6N0paPmHsI311vtnObxMOqzqC886vDPV_Xj1u4h0q7a99Zumnx8zCW1D_KCpjmvKQ09zrfJzy-LuU22Ww8lFdzg/yB9dxvfJLl45bdgO4Tb5aoa-8BHSU8Bc5SIy-Y13p0U),Sports Administrator - Curriculum Document.pdf (https://v5.airtableusercontent.com/v3/u/48/48/1766800800000/yS5-Yzct3HqxNEaenVSYtA/cqe1rBwjSgiiwOq8XGFKANXC8jD0XE9pYdjD_e6-ptBsHOeVZgRKS2e3yRvRQ5Czd8UBW-hK6DN3DdGaho4Cf23ICNXRwa783RulN6IN5d5ExWuRUjNcsT8oLPUsm-OcqGlD1-N1-RAwpTKO8HLbb66ZYiJfFThmfROvYUeU4OBrLOcD74VQTYUOLYkZAdZUxEERahw4Ktl_6OPnorLx-Q/ZYFsqLIVvYWunGuZuS_Oj76_kXvSWHc30JxYRyD8pQU)"
121936,Sports Talent Scout,Occupational Certificate,https://regqs.saqa.org.za/viewQualification.php?id=121936,NQF Level 5,59,CATH SETA,"Sport Talent Scout - External Assessment Specification Document.pdf (https://v5.airtableusercontent.com/v3/u/48/48/1766800800000/STkaJkTCjomCuB5E1H3Vkg/DRD7eN-d6okgK15FNuVHmeCItg2IW0bfy-q3AwQBwQtClTwBdu05c3rOtZ6U72jMNJE4w_IxDznZE48CdPJJBHWI3kLsU40h23SSA6wbAemyCtuHnFjp_PfnB1hcKh_rdAgAPHc0iH5RFvZlR71g3VqooHWXZJby-1Dev9yq8gyuhcNl93EY1FjaNiTkL3mXbhk1_1xjOHmzAcg3XLl1Q2s_twY5dDIvtuLnQ6wcmuo/hrRRqW5ESr-hxOqWbGnGIY9fkfJ7ER2kJ7m7M9dpNXE),Sport Talent Scout - Curriculum Document.pdf (https://v5.airtableusercontent.com/v3/u/48/48/1766800800000/Ri9202VwI7fJ1-PIuVIM8w/dAGqMSjxWjoP91n6N6RaM9urA5F_HRMLbn_Z_rJKZJ47bP495hhpmseQ7Ea5J5QSJCCjqtxC3yvABRzN-KLw70V2yFCfVTd2AtzVOIimOLRtlaevpOAnIA133Pk64NztmPWm5qzXukV0QrPCUF15j6EuzahJgCEAuJdCf3QqczRtxZuQUoLS3HSvPAoCdsBj/UNWpF_TKzy5tH_eD1qRCdxyXFbb7tdybTMMBGH-l92Y)"
104842,Spout Operator,Occupational Certificate,https://allqs.saqa.org.za/showQualification.php?id=104842,NQF Level 2,68,CHIETA,"QAS - Spout Operator.pdf (https://v5.airtableusercontent.com/v3/u/48/48/1766800800000/baPnFA7ATXQo9ygY_2bT-w/z062ima0GCwC2rJJLA1Ee0OK9RB_J8FzL17djVpMlndYiDXfRda3oKgvtG6Z8_kW7_RVX7FfCYsvVVKp2sPbKgOntWBVTCwFaG6CW5RiiwV55mqFGMXpyAF4u1jYhN8bL-DMyuTXjlp3jJdpsyX-PgxkVRqcSgwD8ucig65OXDo/4YEpRKWNmODHb2kn9WyUDQWoNdbcAQg2XJWhDHp5J8g),Curriculum - Spout Operator.pdf (https://v5.airtableusercontent.com/v3/u/48/48/1766800800000/3dRdqcvveZmdksKXcNjeTg/yXcmzZEOzT4fGV3Rj5bf4EdO0VyZ8WqKwYIcIKvScMmdUvJB_kdbeEgGPENaSgy9Ki3317P3Cm_lLO6APNYeqC9XzouGqPtYXfYVfb6RiWUhCSaIdtcvWLc3iQ2xYBplaTMVGz4gsU8CKajuB0fONiL6n8u3VjOSiNJWFJeNedCqiaz0b1XLkEXBclyionTL/Z5-0mkvDgdSKEwfmywAo2DdZHe5K_SXfRsivccLMgiI)"
123705,Spout Operator,Occupational Certificate,https://allqs.saqa.org.za/showQualification.php?id=123705,NQF Level 2,71,,
119362,Steelpan Maker and Tuner,Occupational Certificate,https://allqs.saqa.org.za/showQualification.php?id=119362,NQF Level 4,85,QCTO,"External assessment Specification Document.pdf (https://v5.airtableusercontent.com/v3/u/48/48/1766800800000/bYs8tpy4atrRyz7yX6vp4A/FMbb_t-kxn3BwQItYTkRMuRTblDfhG1OURgMgBcRu8rxMbepQCb202lXZOMV5PdWAFt2iGuvlVa0vnuk8ifzKE4H9BZNBoxTqUVJLD17ro7MggA5RauNCc-SPh5lBKAQhVIrHVFjDKOesmZzvWIzVdArTVo60d5n8cES946iNDG49pkpxP_2WmHdIxAOBRnz/H2oYs7mUycvA7CL0wwqVYUWUKFtvktei8o9M9A2lGeQ),Curriculum Document .pdf (https://v5.airtableusercontent.com/v3/u/48/48/1766800800000/YLqE7pn89poNxT_5c9csgQ/1tF-I2A4eI3OuIrjTZNVBBp6imNFDslo_fuTufCZ6Isif2d2FVMZ8LIQfGIPJwcIDUdQEjwS0GhVqGnZGM92aX27p9lCZvvVMEQ0W9ULpuuw5Uk4ioV-ufe7QAG80V9WFgNa8VRGhkbhGQxY1hJVK_K0jkGeJFyW9BmoyAbc-5M/Xb2qdEqAAM1YByqILZAErIM1lxbFistRRI5yS9mQqWs)"
119452,Stone Engraver,Occupational Certificate,https://allqs.saqa.org.za/showQualification.php?id=119452,NQF Level 4,116,Services SETA ,"External assessment Specification Document.pdf (https://v5.airtableusercontent.com/v3/u/48/48/1766800800000/pcDSBF44wJaHr4jAmWLoYw/wMtRbFMun9VsXGZNphbAvPBjXnueHcrHCpElc2rC-3f2yQFZCOMItMe6kBdaQN4Yod5FRkPH5qHjyojaHdmfGaWmrn2op7SqXH1FRrHRYQfs3WkbGjz_5nDXVzzVSEriJWN0h-bX8lvvrrZHtFfeAFQNYQNvObJQlhqZYhjAP3E4owc_gW6hhVvh-0VZw8R2/yGqb8Kic4540MFliixJCtlP70i4y5enA__Gz443jRZA),Curriculum Document .pdf (https://v5.airtableusercontent.com/v3/u/48/48/1766800800000/7kMY1fAz3FJghTmJXo2R7A/rYC9Y0KdZxVxbDKVgPHBkJQvQzKzRMJJm_-z0mX39H8y1Q6AGVJUC5xqmj6lhesueOhPE5GQNLC2LKN9jvBZZSTv2cptpHasFCkEQpNq9cLhn5FikAFaGDX6lpoHiPsDv4uoG2XDv4HRgmqzg4LDu2-nvbSL0xAWK4WUJvHQzuY/rJj0mDVKCuBkuWF5bPx8Ff2E7D_Rg2QSvrSp9dWdBVw)"
119448,Stone Erector,Occupational Certificate,https://allqs.saqa.org.za/showQualification.php?id=119448,NQF Level 3 ,100,Services SETA,"Assessment Specifications.pdf (https://v5.airtableusercontent.com/v3/u/48/48/1766800800000/fPMHBTn1wIpXkeWW9JEGvA/jPQkAgkagFDviquWVa2Fg6AVl5QpD_pNObBaE78XMOa18rPHf9fxWFxapJ5jFpXF0M7bTqA7-UXD277BlRlnwBzZAdxS06YXEX1M1eH3qqLRJWIjmM3tRosASoPoqL1wWxuJyBa07O7AXPzFSvcGyqKQRjFjCQ_7ueHz518O7no/KzUJS6IzxwT8Gnarb_bw-eWDPw5Fs4ISZj2vrq5pRjM),Curriculum Document .pdf (https://v5.airtableusercontent.com/v3/u/48/48/1766800800000/dtDBZGQsOgqas5j-_Fleag/7tf3Tjq68HgV8NqH8S68QmyxKzKYlaMkkUTjFtR0Dq-llQhvrhe0s1_UVURls5k7IdJzuhkQ4jwY6EPrtp6l_YqTHMvzYoviMuVVu76Mh7BMhWloXteQRG_udm8DdIYshNwKGWONt-l7wsu6GfCo_SBs48AVEW3Nw9bzwBiV7co/Q_nQpkyy2iC57FoOJABkqcqMaVs33KQy9fhjH4lgyKw)"
119449,Stone Polisher,Occupational Certificate,https://allqs.saqa.org.za/showQualification.php?id=119449,NQF Level 4,119,Services SETA,"Curriculum Document .pdf (https://v5.airtableusercontent.com/v3/u/48/48/1766800800000/OK5_PSkQANsCr10kspNJNQ/rJgd2mj_y2ePFDqAFm06BePN89CGZWov_4BRxZf6juAAlmxtOmtgXwjtoUTIFfi6ELSWwkLbf1LFygm2luMJ4taRK-Xy2FTwlWrDe9JF-xhEtJDnQziHLgbBFY90TKM1ubZBW1maWlEXGR67AIr2ZcKGVFhxiU9E1QpAcaXpnfU/TShQ7bWvgKQ2awYNQRKg4WnrAyx_ZYIPCr2pLn5xkpY),Assessment Specifications.pdf (https://v5.airtableusercontent.com/v3/u/48/48/1766800800000/8z6I80xoD24M80PgRGbaSQ/XbqGHjEyQHqbrvwg68_unfs_SEg56iNhQdcZc0mENmif2GGEo8Bi1kTzQ3OEMOWUSTsJJpQiDSTV2MCxuzmq8nI3hRvbRNhKTxULK2MVabIh0x8IVKTQYw6hP7H8QD_VC4R8VZBUTGn1wbTzcUYNQOz4bh3j6mHUDmQe8mOLfPM/UesKWh2TuZRLI82cBcUYsSpK4atatlAK49OO2XaUHPQ)"
119446,Stonemason,Occupational Certificate,https://allqs.saqa.org.za/showQualification.php?id=119446,NQF Level 4,540,Services SETA ,"Curriculum Document .pdf (https://v5.airtableusercontent.com/v3/u/48/48/1766800800000/ucDeWsjwXB1YGp53LQVrvQ/XVmL2v57-YYPbl5OLDsL71lAj9cgwJx6IHpz5kTIODXoChkv1CLzLYmvBvCqPQeE-nbfYDPMpC3QNgnW-csqkhuQzz-dKIDf2mO28tqKiqUQsWn7UMhvMoC0yCbN9grac3uQsgrba-EaCmo4apqVAyswHaCsE2gIRzndSuvuZlk/346TfD-6-sN3SK5EGbhrCUNoKj4oqNHw_9Du_ejhmZs),Assessment Specifications.pdf (https://v5.airtableusercontent.com/v3/u/48/48/1766800800000/tV83Dn2xU2jCZxG4lQ1QcQ/0TPlvNA-oiKbIS9jTxNKnPdnlPfwNFB5-SLWkHw4fo1fCp3SfbWn3VO7a61b_GouBjqyoMx_NmtW7bc_RI5litq_LP1xEUOK99VExRIkBeZGs8L0Ldnzaf_HxZ_WBd-mv52NdYOrFliELUlus_GM8597JXRJmSoEn189Pmm3b7U/2fns0fd81KPj5VPTIg54d1c7zzzijhVfovLoZlXNgoA)"
99703,Store Person,Occupational Certificate,https://allqs.saqa.org.za/showQualification.php?id=99703,NQF Level 2,41,W&R SETA,"Store Person-External Assessment Specifications Document.pdf (https://v5.airtableusercontent.com/v3/u/48/48/1766800800000/iEwmOz7xlhURkUpaSOuW9A/ReCXpZBhnqdGjirNu2bSeAJWV04Ga75zv8iZB16ICtk3xctk_7aAqWFi9qGFAEVlH36ZTlzs-tu-wFdoGxnhSLHW9P7exVi0BpNjmd9xMaoUl83Bylq2VNGo-5iH9Y5GCnlpkgjI_M-6XfyN8CXSZO_gZ3S4LTJapmzsoYj-0WEEMReS_c9HjM_-IrLrNNx-TgsvMFyHyuPB7uLrYb4PZg/6j-SolvgSvDfMoLO4MOEKyavXvoZTBiyQ5PQfkjqOjg),Store Person-Curriculum Document.pdf (https://v5.airtableusercontent.com/v3/u/48/48/1766800800000/EkWxriBTNbu9GewCf4CULA/rsx6Xp1TN3_CQ61dm2NZ_M7agSshtaBjob5iIsxmdNjIwZOG14XPYj4wzVLKFQH-gVgJbNJbT_FllCEwcJ6aReugj7yTjnTwoqZWQKoOrr1IHq9SdPgbDGziwFOn6AIRVEcPaEuwNaVHhHcZE2jzgxg4US7R1ysCkkxji0r-o04/29FBk8hTj1AVToLxy9_CFJiI0zw-TyKgcTtOC245ITk)"
97590,Sugar Processing Controller,Occupational Certificate,https://allqs.saqa.org.za/showQualification.php?id=97590,NQF Level 5,230,AGRISETA,"20150305_313908_Sugar Processing Controller_assessment_specifications.pdf (https://v5.airtableusercontent.com/v3/u/48/48/1766800800000/gM3OPo7QAVjSWPXlNohsBg/7DOumX0MYl-YD15oXJUfhtcAP3S2pwrZ2rzNcxh2UHJqQ02UeyVliNZ51CQecmeKBqHGj_xA0lomhLekT8Hhg-DBtqCqX9InNS8yU0Z8ygDX1fhyZuh42wwzGc2A56gHE0gZo9kp77Owo0NfL6v_JkcCiPVed2sJUBwqVUfeEjlRWIQgzb54L9Qf5Pczeomm5Fsv92X-foW-jmQaPsoUKKuOHMplSSQQ0Wzz5iEGn6c/jnJyzuECGwKCRRfDmbLW_o4m4YOEiWUiGtgrwwCtQUo),20150305_313908_Sugar Processing Controller_curriculum.pdf (https://v5.airtableusercontent.com/v3/u/48/48/1766800800000/uBNQX5So2eHwKUtLITeClg/WfZsgXFl9x5FOQXPhucbzTsi-vJiVGCrOwjdffONW5TMKLcwgkh42w_NIuaxbaz39rx9SIsrPb7ozMEhJFy1TEE8XeuZprw_peS6UkKllP9fvqxQqJdjdLDqRigMKxdK7sdic2390eSitssV7wsDFoSYyQm33ZbAtTF15Y75dCentEXaqFnfNxnB-ujSt3elsVnemxVXqWnKv3G1t5uHVg/RRsUV40cdeF5P9_9UJFXZvp95aucOIGQP2jtnVqOxGM)"
98912,Sugar Processing Machine Operator,Occupational Certificate,https://allqs.saqa.org.za/showQualification.php?id=98912,NQF Level 3 ,152,AGRISETA,"Sugar Processing Machine Operator_assessment_specifications.pdf (https://v5.airtableusercontent.com/v3/u/48/48/1766800800000/O5PKUlJsn4LX34BI-k4QuQ/GsdB0tvwKiwEsepltQ0qnG82wC59HhneLiVGEoDmRsi29fbyWgwx5n34UMX6O4XUpqSMGKo3sqPu6i_Iev70QACr44Wru22Bj5LhPhpjxzNmhFyCcAtYu-eoCdTjJGMO6OzT3oOpxFw7xYv5LpueQfD-NdHd1KrzFXtAw3hplssHcDF58-LdoQCkLt3j6mtsqBxGGp53fQ0JL502Hz8kUg/FTS8T-pIkvHFhkmSQlQ1vre_KPlPa9QwPhrhKjl5M7o),Sugar Processing Machine Operator_curriculum_.pdf (https://v5.airtableusercontent.com/v3/u/48/48/1766800800000/PnC9_O4M7JD_DCoUNFHUgg/ktJgKUntf7TYPlTXFB5MoyCssHgYhKA69rD9uZfASRAizUCiEmzWn_cKzX6HJYypeYdC-fotSxazO-XMvS1eKAWSijNTwa8UGkwMcHZMDpJ0W7OJqr2-uu3Q9bqHL7_rLwm85VfqH-jUkYCuCTitKpK614ixkkNh7Ae1ecBWrreF_Jy8LyQqTIcVq0xH6wb_/jtyigVV67q-ps4vzVltrR8Rm0CquZHY6cXJkWB4O58o)"
93544,Supply and Distribution Manager,Occupational Certificate,https://allqs.saqa.org.za/showQualification.php?id=93544,NQF Level 7,125,TETA,"OC- Supply and Distribution Manager Supply Chain Manager - Ext Assessment Specs doc.pdf (https://v5.airtableusercontent.com/v3/u/48/48/1766800800000/A65Xa50DoVSFbfUdzCwXsw/Qj9Rcvr3cE7_K-psXVZFZtpYjl0JV2IaZOqVEmu9U9cuIvt400zFHs0XMniS-Ubybg9OT6TdNQFbf9r_9VtgbCHtqILYnIEqLgNslhSdMaOoA-LKUivNYJZll--gekidaAbo25Wmkt7vxaRatOdQMF_2T8GbmF_ptJfSaF8QdE9NJ8Yw3b2ZikDcBQDFUVZBqIgbrPbRtqgIqnj4uvZp789uHlaLeKuyWUL0McZ5j6k/hIUDY3yqXeyZsmJ5YiLf85mNJ0OuLfH8XgtMklhp8Zw),Supply and Distribution Mnager Supply Chain Manager -  Curriculum Doc.pdf (https://v5.airtableusercontent.com/v3/u/48/48/1766800800000/Sz0swonQys9ohOOyGM-2nw/9y6LscrNleyl60gJ0Mv3zSvXGjDzfQ7fZsY5MMtna-s-UOzLWq-RxMuV0cCY0bOmnI3scV-wyB1G_Gb9ngKeQhBiqatmW_7yQKADCeVjwM1PmY-Ta9k4v4uc_I__H5fYYepaQB4kL-YNwAyVNzYOt10DDm7R3mRVaBELSiAtvGfbboASiWMrFh4aqq60s0spGZCuggb4poFKZgUSfCsGdQ/zSUJlHZD_9SnxP9cO4knIbvLGTSdtMNSCcrDaGmRYQk)"
111386,Supply Chain Executive,Occupational Certificate,https://allqs.saqa.org.za/showQualification.php?id=111386,NQF Level 7,180,TETA,"Supply Chain Executive-External Assessment Specifications Document.pdf (https://v5.airtableusercontent.com/v3/u/48/48/1766800800000/6819gzBdLbZ8aghNDGAWTg/-Cj_DPj7QAm_jap3qcJbYyIcktAMXY8uZk8J5BtDvlGu0gHYxGvHz4O3X5GgS3vEPFz_OhE4X5bU3tyL691GPnNx9C017oi8cGTG7UpVYyAK62wh0dkg-K-45ehFuOZ1rzf5Zbszo8zRkBXXC8f4uazAIvLBiSOnsI7Xp4HUQVdRSL-GdoVbTYQDgyV05EDYrxMX35ZJ-gyyR7Qqc2OQXA/tp4UyfPAfmUBpILTlLlDHe2OK9kcTh5OIo45Y7Fi-fo),Supply Chain Executive-Curriculum Document.pdf (https://v5.airtableusercontent.com/v3/u/48/48/1766800800000/EnzevC2pmLGaMV5jK60cTQ/4mGHWzNqf8pp7YTU6iBYXyYBjI1KkwxUNsDdAizhrqr4O1XIkrRSzdbSqWHWCZq3YEp697zeVj67nZFNtuY-yvNZc5a8GudTGZRgHbbn22_5IRht8ALunjhtqmXc6Why7dVlpUB0UVLsCTTIa720VKoOZ5wfUwEJEDKxUJFk-ygFUrWTi9Rhr2rWMEtt_7NF/YKyf2H29rRwzm_-ywGSRvPyQKoIZcS63VPvlTPi8TsE)"
111357,Supply Chain Manager,Occupational Certificate,https://allqs.saqa.org.za/showQualification.php?id=111357,NQF Level 6,180,TETA,"Supply Chain Manager-External Assessment Specifications Document.pdf (https://v5.airtableusercontent.com/v3/u/48/48/1766800800000/Xj30te6hIt7AXJfRNHmWWQ/l4y0J6W4umG7PML9HaQT7fSSNDOcmkttG4txQxoVWaJovcLLiq3F3uDZHAP8AW6UU7KH1ItewdcDXSNLrnKYrU8d9kgAUBU6PF_IY-llYkg132eZJp5iycGQiyd_lb3JB_N6JSzrkNvRbZkuelqlZQGkGB6SO6dRS4GWf6yptEydE3FFu2W64OaVrLlG4eoMTppuLb80Cb1FdgbJd2lctg/yQtMNnTBqVwcAnQkRwDXNp3yTnuf8alFPJlRdGHvJZk),Supply Chain Manager-Curriculum Document.pdf (https://v5.airtableusercontent.com/v3/u/48/48/1766800800000/V9YpAeyzma_RwLno8of2QA/caJ3UBu3f5KImjunmY7UymZZoIr2z7iJyX38NTTOViXxpZScJGwD3qsPsFn65aqO8uUDqyig1i1s9Gg7JBfnOvVLrUxu4_51V2TeFoDRsIbXAPnYj5-C-ABv87b9jDmjmL5BU5Xltdz5RKXlS94WTbay6NYA_Ez17PzDvmTO6Cznvg661YdFbNyaI3GU8BTO/YLr-b7ASVezVGUSxlYnWyINIafFekD7Sr_Ag1bWJ74k)"
99111,Supply Chain Practitioner,Occupational Certificate,https://allqs.saqa.org.za/showQualification.php?id=99111,NQF Level 5,145,TETA,"333905000 - External Assessment Specifications Occupational Certificate Supply Chain Practitioner.pdf (https://v5.airtableusercontent.com/v3/u/48/48/1766800800000/7OrFYoB_zFMdOvRFScNQbA/gYOs3I4cglt6p6uXFnRUpM9JTMeewSVfBCxcUN-0X0nuB12mQS1QF4X7k1_2JYHxnF_Z_bWUPBwVyn2E3_UEa0yof7T8HeLqElsSwusoPcqzWeZOt3s46meA9pjbw_Svck_ctD6mAx-_mmkP1nYLfDUIDo3JK_qSrET3yqRtI2EnmJIToEgfQmtfDobB-XxkusMk2POkCJxdeKzZ5GI4xCtD3FzWnY2kuNvjAvRKD5W_4oS8mMRv2xsVjS8HXYuT/EVJt3MbaTJjr0wBgyggc_6B2evUvqBbA6S4SGSLG2pk),333905000 - Curriculum Document Supply Chain Practitioner.pdf (https://v5.airtableusercontent.com/v3/u/48/48/1766800800000/u27hPA0AL6jDCsUK4xPdYA/ND2fuUOQ3z2sfMMwWJ-TPn7LGqukTP0Yhi9ZqQBYPnw74Y21PLW94lHG6oyG85xRsSiOYCY02gnLNsME0KTws7D3IvRUoOsiH0b8mJx4fYQSmrqYzdco6hCFI3ucLL2akSy0OkgAmVTu2znWuVKmVXym8Ntvg4n2T2X2P20XOyNmfNqij2zz7Bghn6wCsNya-XI2yWBj1AcfHCL2xuUdiQ/sb_ineBLEcuYScptUB4eIgy74DqXgnJhm5sVQuFa50Q),Learnership-OC- Supply Chain Practitioner NQF Level 5.pdf (https://v5.airtableusercontent.com/v3/u/48/48/1766800800000/FRp5NmY3CFdvzodre8ZtFA/5XB75wOemxyUAcIRhcECAsJjrENJX5CDaBqDW1YLmgT0_a_yVT2ny-QDut3PRsxG-XKFPCh5DHVQTSewJez4jYrPMnDkvWgdzgbhfq16nlW5y7Aw9qbhivMr6K8VRLYYOOXGF_M8azw3k_cVjgCi4vMn9q8f7CvCbqaN6EMQ9DD0AShU9vD88A91wUBbkXku/lkUcGfpyVUmBAok35useAaisXmOE7deuJZpt7W4Xo5o)"
110942,Supply Chain Practitioner,Occupational Certificate,https://allqs.saqa.org.za/showQualification.php?id=110942,NQF Level 5,180,TETA,"Assessment Specifications Document_5502.pdf (https://v5.airtableusercontent.com/v3/u/48/48/1766800800000/0xnOinxgvrCqa1tZ0jO8Gw/ajNi62E86J-RwHQ7v71Vp0sDlbh7no1cdu54QjaDk14SAbaC3a3IFy4zfr48JsTzvvNNg6DNAvq9JMsoMCwyNPYW0CNeo6hF81cF8b-ChR31k2vRRFp5Duarr9Y8BFN2uvaWyo4JdqWyPl62Oiaed7XZiANk68Z6b-mUr-NjXUCiurwmNaSbMy84No5MNdrD/QB5ltaNdfYNJkxnscRiIeSm8nevOl_1CLgQar1mWSSs),Curriculum Document_2575.pdf (https://v5.airtableusercontent.com/v3/u/48/48/1766800800000/8xAS55JZv7OJZNQ5XJsfGQ/VGyhlcGmEsLlfS0AxpCBL9QSc6zrypG3Jk8UYSQuEClj0KhnOAHXhFcn4kpXg5wjvBJQ-HwKRZUp5JOUqmAhQN0Ba_GrLUeSjx7GGGcATc1K5x1EmlAvgsisYp00xpmM4g79BF6CFKNywHolAs_zpN7Cb60XD_l8SPhbLJwB6nc/N8USqiQIs3TsAs90soFsgZkBYqz89WlI3qHxnrJqn_M),Learnership-OC- Supply Chain Practitioner NQF Level 5.pdf (https://v5.airtableusercontent.com/v3/u/48/48/1766800800000/3PC5B3CjMJdmqqovJcSWRQ/FqyurpAc6iHMj_VqHONPgiKKYlKicJmP6OBQ4oDhHAv4cmnJq08Dhg8tXFK--hGQQGlp5DoVMHkt_KQlZIMvDPKxiRpRZBKmrDGhpeTrNOuOzUhixm-Y_HV-c3YalyzrnUjBJwjmqfeuAV5OymxFJTkaD_ek_gbTrks7lWsnhjkwM0WxqetlsXYea8JCHrpJ/Zz3hptZHAuoWREeyk7b8CXqycU3bQsjIyrLQZ7jGgb4)"
122680,Support Worker: Steel Component Fabrication and Erection,Elementary Occupational Certificate,https://allqs.saqa.org.za/showQualification.php?id=122680,NQF Level 2,120,CETA,"Curriculum - Support Worker Steel Component Fabrication and Erection.pdf (https://v5.airtableusercontent.com/v3/u/48/48/1766800800000/s30NiEFF5sa304MiFe5tBQ/GmyEskjp5cd8KqRjH-mFEg9GGTh0xBjWEC32PfBYX8iyvKlOSJYb1CoBKMGq1sKFqmhRKXfooXfxrbKbmDivBvru8oVNX1D0e678mraZCAE28ZcfXd610vPFzFzaoGyFwT51M-Gi-JHpE6Ezn_-oFE2mA_0AE94V29XG5xx47SA0d1oJqPp4uvMSAbEqu3JLEspbKGMNigz-aklPa_xQXuKDizZ8ro_GQnLSKzuZ-IQ/9S0r58cC7HVLzepSAkPsHzV05aY20uOia0RqxyI3ckU),QAS - Support Worker Steel Component Fabrication and Erection.pdf (https://v5.airtableusercontent.com/v3/u/48/48/1766800800000/TauJY2_pK8V8YEuREnQtgA/sC3v8LJo942TYVIcS_IynFo-uOAzS1HSiBgC44n7cquVYDVz_TXkqU-XDalK8FWf6F8I1rKlqQYvvwQdJbynuwv84zdLfB2PtWAG0k6HOPbHNqKYZerndNT8KWFvx5wi6h1GdLBJo3AKdfBhBsYALJabmNt5EfONxNP4NYJCWyFCcJ67jX4d4lZKfA0Druxqw0QYiluxkUvVuwDoOPen7w/L27e-ve9_xtpxPRJKgvRDxw1wS3m7XOhg0PSoA-XxHA)"
121163,Surface Blaster,Intermediate Occupational Certificate,https://regqs.saqa.org.za/viewQualification.php?id=121163,NQF Level 3 ,120,MQA,"684201 Assessment Specifications Blaster IQC.pdf (https://v5.airtableusercontent.com/v3/u/48/48/1766800800000/CTG34lkRiI4OvqIDlnjmvA/UW-QX9q22aqEmYYy-NHsOsqNJlu-br9M07MdieBK_9OFOtiNWqWLQfrPrc8A3hOC9fSOr9FRNz0xBlr9-x9bgECdGChCSLT5FW7-8AQGFh1XacEhsO1qk007kzKHDNFVNe-KT1G4BF1BUnh-FGdcIhNM5z-vyf0azHdedESg84la7PrmNM1je9_SXL27wZzC/QrUIW3pSuL5SqvA8N6XBJ21AAAB9phHc0xItTTyXcEA),684201 Blaster Curriculum IQC.pdf (https://v5.airtableusercontent.com/v3/u/48/48/1766800800000/ld0e67yRddvMg8QNuE5WsQ/0WgbcvKQxbrY3VL84H6LEhLH_G1a5dXLMO0VBEmB9cpCRc7t0qmgKDj19I4Ddzwl-a_wOqKGya_0ElwgM3Hk0TI7EZC2LIMVI3zJgaT3PwlS1mvpi0xx6zHv42ZvQePNAaMtqvrgX0jdVO2wXmi6NcseTNiQeHzDcg6IHI5FZyc/ZV9VugmpWNMQZmUNdZk1KPAttKJWqRGe6CqRwwfR_Yo)"
120665,Surface Coatings Processor,Intermediate Occupational Certificate,https://allqs.saqa.org.za/showQualification.php?id=120665,NQF Level 3 ,169,,"Surface Coatings_Assessment Specs.pdf (https://v5.airtableusercontent.com/v3/u/48/48/1766800800000/taSzlsM_mA4za62F4uSCaA/OHrldC1eNSdgo27ILB6gGO-VEbziYTwNrM-kBq8nN-MgHqGzaUnvcz2pbNYXD5Ybbipy_7bL4URtUrgIjqOfuiKKk7qoQIvctOyKTwE-QrIqJJDxMNrbO3-dxlR1BdvmQ1q0KoHbbQPMVc8_s-DuDSMr_HmQyf4u0jXZ2cYAlss/2petRnhU-GN-3hT1RBpKgNstnqHGaBVnYjeaOjRkEL4),Surface Coatings_Curriculum .pdf (https://v5.airtableusercontent.com/v3/u/48/48/1766800800000/E8qo7Ntye7LSmizV7oNumw/oW1CP5FolI5BSbHeq03BYHdT9oHdgM9WNEG9Q0tq9JoFkF65kRePCwrwuNz8QsEKCvDINuV9RECRMkJZYYcewRtjSyUPKFBhTeYyAeG2FgbajR8shbqu9SQMHkuvzhBv6i2RPHQn06YDG4SOgzTU_KFfD9bHLWghG8dJmrM9Meo/IDLzam9qWTlTBphbMB64mEU8wm3TlpLp_vkSWNCFS7I)"
117011,Surface Grader Operator,Occupational Certificate,https://allqs.saqa.org.za/showQualification.php?id=117011,NQF Level 2,51,CONSTRUCTION SETA,"External Assessment Specifications Document.pdf (https://v5.airtableusercontent.com/v3/u/48/48/1766800800000/P-To9Ybr9tRSKaY7BN53XQ/WQq-Dkrkilbk1-3mYQ2KrRw0a78cTAmPTw3a0JelLoLpgo_sgW_iswAMgvJZqx5f2FC4lSO0qwuCbjl0wht-wjf6IWj5Hi_plwLy_f171nJKY4rmlvLfHZhiaDA6aE6k1RIEX0pD2wwuM79NjDm5G_eDgEIRCYuLlwdikK3gKHNeL64hvnEFco5Ma94gLLTa/-WczAAN6xW496h6M_SwR9TGuBgIavGK6As4qNVdTfvg),Curriculum Document.pdf (https://v5.airtableusercontent.com/v3/u/48/48/1766800800000/btth0eCyWszjIYHrDuxQMw/j1Ds0lLO1r97KMplh9JRleqNS3hBsgrq-xCEzo2G3feqQWy4aDX43rXN0EA2DfVaUAnwxmz-7q7Y8MFWz9R3dF4vcUA1jdQszw_uK7_8G997IEvcyvCP2H1MzClyKUc96okH1CsgDcHyOO2T5lWEV050DR8RApIqalVJ2aC0Si4/KeSSIBH-Lk-osAevCSt6DQ0yWvx7mgQ6CXP-3N-VbmA)"
103020,Surface Grinding Operator,Occupational Certificate,https://qspe.saqa.org.za/viewQualification.php?id=103020,NQF Level 3,80,MERSETA ,
117019,Surface Roller Operator,Occupational Certificate,https://allqs.saqa.org.za/showQualification.php?id=117019,NQF Level 2,43,CONSTRUCTION SETA,"External Assessment Specifications Document.pdf (https://v5.airtableusercontent.com/v3/u/48/48/1766800800000/ZlbEKrP5v0LXkOTnit86pQ/Vj68YXpWJNGf0VpjopppoKBAue4RbtU1vjTAbzmS2fVmzqZCI382qiyL3ytvOn9K127sG9QvN1RPsAUJX9IURbyLRk-NzS6g9PkOFpc3tp3HIvtHSrqtDKW5TBBghh39e54oTHsT9T5XKXWaboS-c73IensfQRjrCUzfuyiu7ei01N8BMrxFNNR30jwmXZHv/HUHAe1PPMdBYBdIE1yLghgLCTMa54LXsJNKBwx80nzU),Curriculum Document.pdf (https://v5.airtableusercontent.com/v3/u/48/48/1766800800000/jTv-DElNSA7VxrXwqAbY7g/YxDf1F4GZ4IA81GtLWU4k7u7PdXDe9WFET7_wpJJ2ZdTbYoivy6l4sfEKPUEPrEpJfGRvbIdhhrLcOjTw1fxUk1Y98e27da6n02R_zrobAqbe4V_5BERnj39kuNUAMK6drx_6qM3m579a_P7OtJdav93_wKYNQvokwNyhcXdpFM/xLihin6nOG9zcjlee77BsdgPPNXhQq6qSivPXBkEH1g)"
117026,Surface Tracked Dozer,Occupational Certificate,https://allqs.saqa.org.za/showQualification.php?id=117026,NQF Level 2,43,CONSTRUCTION SETA,"External Assessment Specifications Document.pdf (https://v5.airtableusercontent.com/v3/u/48/48/1766800800000/DzSyNW7-IzQ27qx3urTcnQ/1cNpaRZ5p8TmWsubdoYGbKjER-vxsckVqSS_K6yNwUrwnSur3qYfxmDRCSPbafftW-dkWLWEsw22HR7bjiQp__EKfL1NekLquykZ4qz8I2wly2bh4pERKDehX-GHf43YyJKu872Ph8zhQLkX31LV37VXfZaX_Vh1qK8TXSM-UdPn3m4TDgAsTZLFC5m3qdc6/Jmgvqq-DAEHfhVDE78BQp3o2aA3bjb0i-S7dltMb5VA),Curriculum Document.pdf (https://v5.airtableusercontent.com/v3/u/48/48/1766800800000/W_2qlIXdNi0TN20_Khe_iw/IlnUCL_IfZq08bvvwsw_PbqM3Z854-GeKRSK162WPww7sS1brW_5D1eosr8smx13DuJoY88thR8KCNSx8KysQrVRL_SEJ48icNJ2gkGUGw6oEExIQ2h1QYytGxJb2OV8Q_mP6wGETxSiol_fsfllZYJZtXxbhuz4iEDHfhvEauo/YZvLT-f7vcHP8wVb5ej5je5g78tnqaKS8dpk9elVOLo)"
97232,Survey Interviewer,Occupational Certificate,https://allqs.saqa.org.za/showQualification.php?id=97232,NQF Level 4,60,SERVICES SETA   SAMRA (AQP)    ,"20150309_422701_Survey Interviewer_assessment_specifications.pdf (https://v5.airtableusercontent.com/v3/u/48/48/1766800800000/CAvu1yDgijzzhfT6Wu6yFQ/G8nudSkuthXfl7vK92vhrL0AlpG9RxrXhcxMuj_QScBvdJKJmxuMd-DDlWPYH8UfP1X5UjLEcmmacsSwM3St3xYvuGC60FJvY5A7-MU8w3mdix6Is1zq5M8sX8gfSEYXD6qv60gfysGSURO9ApfP1E7E20g2jWWrsfezOUJzPmdob8Hr7RonEcGFmwIvua6fefYzzEfnLSzSIHyy1d1prg/SEpGU-KyoYscJRiMvn14yGE8o-303zOd-hAu4tpNcas),20150309_422701_Survey Interviewer_curriculum.pdf (https://v5.airtableusercontent.com/v3/u/48/48/1766800800000/SAnclsNpOiFvl8_hbCOCSg/brqGdDtGYKgNCuMRxTIpMY7ub4wv_1hoWvqh4mLu39iQfLgy0jRPjlW_90N7zejxZ-Zd3E-ZX86eH4rbDHDfeanBykDPrapnKfTNsBgd7tWCgdwtoZO3aWoPxonAmVhXUvwfYJI-KHAyQzC4tuTDS8tSlm_na1oyLIbjkliykcMFq3EZUY3oYdqw_PfZamMi/YUNRema1al2MVOnd0HgefSTcPi2YmelE2uSuR9hImG0)"
99701,Survival Equipment Fitter (Parachute Rigger),Occupational Certificate,https://allqs.saqa.org.za/showQualification.php?id=99701,NQF Level 5,541,NAMB,"Assessment Specifications Document.pdf (https://v5.airtableusercontent.com/v3/u/48/48/1766800800000/CY_ZnZMSQF42CDkBfiqhng/y0RIwaANWtC6DWsfJR2oLsmLyTUJW0BIqXsNyAJqVFXzY49aFKK0sPB-wQ_w9dDzrU-r8PKBkAAGhxESfZvw7ufEqgeYx3_0MX_AmwRmUO2v9aorjZ8JNeysTV2tya19n2Yoma_JPYFs3JcP3CvGvt30_XOxnqnpyPz_sLGOdmk/4T1kf-cVhmkW8pzPBasr4dKpkndhVBX0094EyrDo15o),Curriculum Document.pdf (https://v5.airtableusercontent.com/v3/u/48/48/1766800800000/oZ_y-5vX4Gcq5MU___FoRA/ARMgW7fOILpl-p37Rn7Ot-kwna8jHdZ5lGJutqQUbz3_KLvEOvP2wbm04kupnUDIX6hRLj5xsq3O0F_QJjZ9Hb037iY_7z4_PalYHameS19fXAxGjdo1crZtJja_Nk5wu-RxQnmbaI5dA-1nCgCTgBEYrR3bw_fud81A9N2FZBI/TIGSKNGEd3g16_Dg5cYu2YMVXfxwDrLN8fQQL7GS9gI)"
118776,Tax Professional,Occupational Certificate,https://allqs.saqa.org.za/showQualification.php?id=118776,NQF Level 8,400,FASSET                (SAIT),"Tax Professional - Assessment Specifications.pdf (https://v5.airtableusercontent.com/v3/u/48/48/1766800800000/a_AaNOasVgQujKhJC_jBvQ/g_dlHySDv1RBRgQvmiQK-HMDOP82w3UHnm8njW8O4AskAgyJZ7SIhD2w4-VURscJtHo41Kknb3skBSSZ_a5iIRt4H77BK2pG6L_uXRQjeFqt7uAy0ZbZ1SYsT7bhmwRN-wNBjhisYiaqd8-J41LWuHOGosDQpfuLo1tLzm49mW-ODdjdSsktN42uuO9v_8vr/sNbeeOiey2Yicg0Biue-_wDt3929wPNOUHTfK7xCaEc),Tax Professional - Curriculum Document.pdf (https://v5.airtableusercontent.com/v3/u/48/48/1766800800000/sgEf3bHromDesbWPXjEc5w/ZSLew83seFM4Rx5iDZ8rVqHv-1vQJSTYZiSpJZCax3-S-9tx5M76rO53E6qqo_XKrux7FNHq1oVN7-mwfgYi6qc31GAelmeZFGJGo71hCuWWs_7zA5mPBNEaT7ao0siCOo6j_dqkQNLRCtoJXT7_kH74_BIwNokxNN0DTllelt-rxwODgZgzRqRR0IV2o-Pi/n5jYMjYKwlYh1DlEXCjEmp43Uo3ENKyazUg3ZZlFNOs),Learnership-OC- Tax Professional NQF Level 8.pdf (https://v5.airtableusercontent.com/v3/u/48/48/1766800800000/InMA0M-ddbR4-r9SJ8JjJw/CkukVreyGTqxynPOasFuQWW5YILQpvbOrywDoc7hxPdZQsaJMRpRxrBEVUw_PnxY9Z5-q9Gs-XHVAxDMr-ndf-jdl743faOan01uS-1CTfmb2I-dmeaqt8OIG-FmJtXjG-CD-kMo5It1UxMEXHDGnQJDLXOCZhRSUpwQKR0Ohiz6lDRvYLT0lfFEL6gNqjId/IjiSxD0gijkj_WBlw_krEHIJiw6FJzZwygEqMC_3CqY)"
93624,Tax Professional,Occupational Certificate,https://qspe.saqa.org.za/viewQualification.php?id=93624,NQF Level 8,400,FASSET SAIT,
118770,Tax Technician,Occupational Certificate,https://allqs.saqa.org.za/showQualification.php?id=118770,NQF Level 6,400,FASSET                 (SAIT),"Learnership-OC- Tax Technician NQF Level 6.pdf (https://v5.airtableusercontent.com/v3/u/48/48/1766800800000/2ZFLr2pgQnfEpQw5TrBVjg/JXFoLVHpipMX2wc1XeES2Yon-kJ3lROavtz57rbFbh1kloNTG98iiplr6Prmgy_DQU8Ytz53OnhYvbO0E5XT4JGoOBQePRG8ixhOxFYZ0ob5Au6nlHt322jMEKRyMqJ9wwaoBwp6EapIrViGtc5fVwei-nHlD98195IjraNsnxi4oSfC-IYdHt5lQ8HH6WFH/_bbTzE8xQ957OVQdrth5oVIa-pFsELCMsCJxhsHAdm8),Tax Technician - Assessment Specifications.pdf (https://v5.airtableusercontent.com/v3/u/48/48/1766800800000/JS-DA3l32Zqgnb_wylHmaA/5CsvkGBGoMlVDVi-nJbQ8EUPueBNOSsHuRoJZfdL3dBPsTI0g2eXebAkGVaF6SuPnK_CuhEIF7uCNrHIPte-bOkD_691xUJquT5ecwl2FXpAV0yBgyq6lINM8Z8RlW9guaoYuMz1SALSmb11VNlCoAqcSFoi57CK8WN9iDn1nYbosAec4HfITY266GaXY35cOodsDXAJqlqXu9EN38cm0g/H0NP5awG_H7Lbd40HPMTAVNVGmhcCvq8Ss4OVUrzTLI),Tax Technician - Curriculum.pdf (https://v5.airtableusercontent.com/v3/u/48/48/1766800800000/U9npM3xJ5MAt8kWDYe82Ug/Yv4Wh2ERlYxxtkgKpq1-umKTCCSPwUSY4i_t-OA3Pk8TKWpGBXBl7jRJSrCzytr_T-U7SiNbhTLC6WyVjI-TjQSc5gLYeXDfcPl44U1cIjPsDZO_bIbCbOmI04QrCYJDavegNt-0KiTEF00Dh73C3xXdtHyA6SMJnqlJ74S0sTC9upV4s0wWm40W6AjnXoUK/-_EHYCDW1JVSS78IPoa_3AYArdmiPh9x9WusHyS3B1Q)"
94098,Tax Technician,Occupational Certificate,https://qspe.saqa.org.za/viewQualification.php?id=94098,NQF Level 6,399,FASSET SAIT,"EAS - Tax Technician.pdf (https://v5.airtableusercontent.com/v3/u/48/48/1766800800000/VYuXiQkFRAEerTaizbgkXw/w3fpoxHN6WQz3DFK3GGTYY46WEU-LwmCxFZrhErObKlIL3ak0medbCTUn8Z14ytCNoAEKSBux4iTsWWzSGrqdTPrldqMSWLAhyt7aVPAjgyNPlleO7EfMxYMPOC80V5OWuOQfZqhojaWmWMImh_bI8IgXQFk3CRri6knk4oo8mQ/kbbL8E7EnAiyslGZt7X_c7RnBcowpFR4L-XTEfOKK4w),Curriculum - Tax Technician.pdf (https://v5.airtableusercontent.com/v3/u/48/48/1766800800000/L7UI0LZ5HsYNQlBCB5DmCw/Eepb75rrkldDhOvzNcRQ5k62Q1rVOlrsq1vCARwIT2rmzvqenzjy70KqokvRTKVKDRpU5NEfrOjKssjtWlqcb7UNEHDInErvxjNX_7JKkEo6uLuY2Xf95Bg52519JArdHZI2e_Kr3UDtCnPKuSIDjD45sc6siFHes2qGm5VK5EwW4oaaC5igwWCOzO2O4fC7/ReKqUzrqN78cQoADLmaiOzLY5Mo2gnpFKK56y1PfOI4)"
94024,Taxi Driver,Occupational Certificate,https://allqs.saqa.org.za/showQualification.php?id=94024,NQF Level 3 ,72,TETA,"732202000 - External Assessment Specifications Occupational Certificate Taxi Driver.pdf (https://v5.airtableusercontent.com/v3/u/48/48/1766800800000/vuSSp-FQObtoQ-AG8yaJFw/0aVaVf1QxaFRllRTr9ujp1342KiRvKFlykHdE4w9XoG9z3hje8-briu6NRJWw4Kqq8xDR3-SIx85GcNz8mK9Vuee9Sj5SbwWkdecmmRalid_Pah2r4K-Enoj1wmaFyxltgwobo75zr2jG726S-WehGVxhpp_-qSnvcYAZiS_WrssDkLiRoZnr1A-e2Nqpi2FxlFn1zToqdJp2bS5mUI5SN4llCpiAoMenNI2NscdgPs/N4fp2GJeD2sZie23qDbh6NU_-B8jX-iPZlGt9XNrACQ),732202000 - Curriculum Document Taxi Driver.pdf (https://v5.airtableusercontent.com/v3/u/48/48/1766800800000/sS94F7iYqAGzyBw5A9vFNw/VqQQT7yTqc20G90qK_HQxSXX-xtKxD9ZLWwswCRmnyPTW2MSNHbv6FzG1oV2kfbcf7laNGciK75Xcs-L-Ms6MDjP1GZ_L_9hIWOrfNqyq80pnqIN9kpx3_qZJYiFMIw0IbSO1K9LVViBLfIcoWJvkOI4933zJkrXoRTZ32c5tHKc-aPuevJRi6yHNKyf-_mI/rVuJ8L-cDIwDwBZfDcjEaaIYwsHXBvsQuK8mXabIz-c)"
119461,Telecommunication Line Mechanic,Occupational Certificate,https://allqs.saqa.org.za/showQualification.php?id=119461,NQF Level 4,548,QCTO (MANU) ,"Assessment Document - T Line Mechanic.pdf (https://v5.airtableusercontent.com/v3/u/48/48/1766800800000/c_UdL4t6bs_eoEPatIM4mQ/dxf8gtRNOiYs79eMfahTdKK1Xr2HkpiiNKbICl6tnKrB8p8NrbOWCOOYbD1eQhY60VmRlMkDkJnDPmWqpM3skX5jZtpThOwAGDuU20g3Vz6XUnoACV5za_BfdY-bbvJw5C-KdMzjrjSHanfvJi7VE-DVufvG6mzurzKWmww0ecM/c4ebjH_NXKpRRLDDEnIgJixVGx_TjuHVwHvLCYJ19is),Curriculum Doc .pdf (https://v5.airtableusercontent.com/v3/u/48/48/1766800800000/C1pDuu8uYp89P7--9slZPQ/uIZtJtyRCXjXwkiSrnTOxe9wYEsN1nnEbDi_y4JTKiWNOfPmYspknIjk5DKxkQWJSLcExpi5a-EAPAs_Mg6fef0CpErDG4RPKagB6xiRD5YgSIibHEuiB3QilJf5TpilbfmqiMPzEiyWabmQKTaabg/BfK65Zcy6O5SBxg4pZhxPo7uZiFcUMXYOLf9I6WTDic)"
118249,Telecommunications Cable Jointer,Occupational Certificate,https://allqs.saqa.org.za/showQualification.php?id=118249,NQF Level 3 ,265,MICT SETA   ,"EISA Document - Telecommunications Cable Jointer.pdf (https://v5.airtableusercontent.com/v3/u/48/48/1766800800000/muVEh4homYXlxuScfdV8qg/4tT6aBpXGooT8biJYbijElGmkiiEqMRPzS7yd8Sxwr2MGDWREdB1UP9BsZz_yhw_m9CGtT_9b1-Qmca-7l1CWzDo8zPxCS63up8VyK52pg7gUJ0vzOKk5MTaPKYCWUomkq91a2bYkT8pu9BQlEEvS3kXgymZ1O7LmTlzG5ArrX62mqCDLoXEzqtTykBXjuSb/hwM0oCE50HyvhcmbbAD2qVJus4E_vI2pEJeLNLybDlU),Curriculum Document - Telecommunications Cable Jointer.pdf (https://v5.airtableusercontent.com/v3/u/48/48/1766800800000/4jmkReSmvpmdVCarz20qig/1-Sn2W-XcaPflZ--2wX0OSDnBCeRZZieO5D-XVy0jEDFMZxz3clUYdplgjBraSRmPKiVvJmMjuiveLV24dWZpMt_V5dcUGxr15RsEyf5umUmWDXJyZpzLWaApDNgr11k5wQte5uK4-8yfokRO5KDs4ww1DxY5_btALH5QIXvE7UgLmTADlEzEQEz9laazcDNpKEV8SF2Kj5-0aN4WIz9CA/hslLg5yP_pxDDsxAWuTKTP5r7NpLGPBlo3tpXQsKfqs)"
121587,Telecommunications Specialist,Occupational Certificate,https://allqs.saqa.org.za/showQualification.php?id=121587,NQF Level 5,,MICT SETA,"Curriculum Document.pdf (https://v5.airtableusercontent.com/v3/u/48/48/1766800800000/Tr7_m2orxilF_lrK1VIrfg/KSa2Oa54_PhrYYH96tPpjlLTBDlgXcWENFcaF9_P5Ubch7gicxiddWBdGj69S1pqzJWYvTbiRBt0WLbCKDtSkZp2287HVuyP_suyhKssPu4UhYnhJ0VMBXkvyejHy7b7QuF5MrnklN0sp5AUfqA2rXI7BQo-Dt35pzqIOCk_iZ8/rvFjI0eApHbDUA7VNzTv-mlb429V1kxrEstSvmg7xO4),EAS Document.pdf (https://v5.airtableusercontent.com/v3/u/48/48/1766800800000/w-6WQkHUqSJyWpRlChGOLQ/hS9COKeuabfA7fLWrl1ap6abghEwZc-Ptip1FHP8dO5kXWOvj7zw6JBvRB893XQhWtR2xIwQedEI7trUxySzYpxeURnF9D9Q6OQabKCKXHsIGS4AGsW6f2its_TXviygKAe-xbKel4EkUpSjNa8SN_lM5kOxmuEsELtCi86-rJs/Tu6_VVRoqHxGTCiMZAb5JlVJzqPRHFK0w2IUXhnI6Wk)"
121671,Temporary Hair Removal Therapist,Occupational Certificate,https://regqs.saqa.org.za/viewQualification.php?id=121671,NQF Level 4,48,SERVICES SETA,"Temporary Hair Removal Therapist- Curriculum.docx (https://v5.airtableusercontent.com/v3/u/48/48/1766800800000/aF_RbQ0gxn1lpWbPLSgPeg/EHKeEHPlPCJoM-jlZ_sS7bKQb-_GC4cQn0eodGi2S_dID7HkoUccPHuBEjKnnGdrI5yJ_xv6m9fYLbvf8hh7y8m5K0AYVzUU1EuSWTo7ou12_lDMscEItGlQkaxOyn8L9NSyBe7lPmWGeP9NfS5G9Pc-VVGb7qo_AOWCCX6N_Zchan3TOunG6s6AqjrnChhIUxSMCa3vqnODuWko-skUYg/H4ymxZ11m7LUlhO8wkq_xgJTsvjZgi2P0U_uExvX6SA),Temporary Hair Removal Therapist-EAS.docx (https://v5.airtableusercontent.com/v3/u/48/48/1766800800000/tC_OiTEnRfXXZKuOKzT5Og/lFQpKGvJ_X8P2dgHxP3ccnTWj5n77Ef5D1c1VQiSLrCcXvGF03CndDeQnf2CZ5ScNgGuMuXjWQ2YalpINDt2847hVE7HxYYSO8twYdjfpwP0dlHmHE2le3C6yaAa6RgjooceBeha0YSZmj9fdIesIUSC52lK9gkJ6VyEpd49ewdPPVOCOzI6nU8LQhlwehct/2QuGkXN-3AdazIpHk1lAAO_ZSpPf0bGyXJ5M1-0wGPQ)"
118771,Text Editor,Occupational Certificate,https://allqs.saqa.org.za/showQualification.php?id=118771,NQF Level 6,195,FP&M SETA,"Assessment Specifications Document.pdf (https://v5.airtableusercontent.com/v3/u/48/48/1766800800000/8KrSL0UKgbYvG1nbfgB3mQ/EOepwwCbBB-xCKeH-HznTBzPAmQG9dYjYhTWHSO3KiJcJ_PUxLIT7uVLixBM6BrM0jmTHSjcvibKt2xL3iuAfwoptHv0nk8RK685-ZkOcKIt90fO6zfQI0S5cpKyW6x8LL2_rhdr95td2CM0QPnyQQ_kXoxg6Fj9fYKBDYJbqzw/XMlX6wrWaPLEpu-kPdDe1djrF93-2sLkWl_uO7ftJbQ),Curriculum Document.pdf (https://v5.airtableusercontent.com/v3/u/48/48/1766800800000/SqVf7iD7sGCJ0zCq7ecGPw/B-yjlLBkRT5pBicJva-KshpyvEzry_4sbrWtuNOuPn4IuxGrTqvEzYjOOXp0V4a50fgU-gTLk72DY58eq5EhpVcWIqrmQuLmtAEKd08B3ZF4rNH9YvwiNAY_-6uXOLuU4ODYE-OKnIKh69IZexwrtLCZ6doVnNlzeXLL6DXbC-I/_1meA2qzbNJ8XK9U-b-WLFJdl4pGRvAIgGORDLfB_xs)"
103154,Textile Blowroom and Carding Machine Operator,Occupational Certificate,https://allqs.saqa.org.za/showQualification.php?id=103154,NQF Level 2,160,FP&M SETA,"Textile Blowroom and Carding Machine Operator-External Assessment Specifications Document.pdf (https://v5.airtableusercontent.com/v3/u/48/48/1766800800000/e_0UPORteceuwAunY7hhFA/tueM9IaSB-U7AuC6Dpmmy8PXxSNFfgeU7Mz_o5dhhV4zLCMzyND72dNhU7VakyBzHcbJvCL24FA07v5JmQHDelXeO3tB0i_v1W9bgISvIGWskB-2CZ6dTfzsAwvRYbzU8K525pG4LKxUxDd2NGa96sNireqP-zYwMAs9Vg3engiqHDdtdRR7IWFIOs_hXBYlRxCIc2NDhEuOtf1YKVBCSaLf4reBASuIMXuM_2gkjo3NDKBlUjOHdP0bA_USqZz5/52Fir_Y5OconJecz99_roRNRgpHbowzkZNKRH4-uRqA),Textile Blowroom and Carding Machine Operator-Curriculum Document.pdf (https://v5.airtableusercontent.com/v3/u/48/48/1766800800000/qLipwE5PPXEjD4iaIjKsEg/ZImEBS2cLZ2xYI_GC0kXV7iQm_XwfCRA-2EwpM7Jd-DASQ_Y6LXGX0In2az-NtBINRwfPKdY0eOuQ02wPO-6WyibzKFcVw96X1Rtif81-cdJPMxoAqya6BljC7dshQpVnYQDhvWFfbt0Vqt1QngHwaDKHl8NhZddsiB4nKCw7K68N6YolMPiiNoQQxdGpK_mAjPw0dac1XWK2nwvJXVC7A/4dBVFnOyIL4eGF5-J3nsF_JCSHk3pZrvtfDVURhbpFY)"
103182,Textile Carding and Drawframe Machine Operator,Occupational Certificate,https://allqs.saqa.org.za/showQualification.php?id=103182,NQF Level 2,157,FP&M SETA,"Textile Carding and Drawframe Machine Operator-External Assessment Specification Document.pdf (https://v5.airtableusercontent.com/v3/u/48/48/1766800800000/NVMalIFlwTfpehsSn9YYXQ/xQqCTPZp5U-6K62PRzUHeW8-r1eKvn4V4_YV4oWXyR04XK_D7L_RHZR99GtmxlVsK0gBk9Jl2hk234q_GaZowY5HvM6GF9oaoODtVlltFhEhEhVGMHuhj0idh478f3mjINn6_kWPvlxI_SJFSGofq7Z2uC0CMSCpSjbYps5B6lLw1NFbPe1RIhYN6ZtKtmlqE70_5fT5Se3WmZ_k3U5_t3QkyIjGjAAe94Oo3BRuAjntDQoCNXmrD9IAh7zD9Dsm/9FRDnfXwlFSQr4iJBbKcuLwYZjfYKu8gnz2E1Lo_hOs),Textile Carding and Drawframe Machine Operator- Curriculum Document.pdf (https://v5.airtableusercontent.com/v3/u/48/48/1766800800000/tz8Z2OuAQrXxQkFrcxejUQ/jYB3EVbhbbiFUdvMx8lmRJFafLvI7SW3khOYlZeZB3ufGhuoyGCeyncay60GHvTIaZmQM8CHQZMLQkA3o70hJIBpt2n0YA9WUqOw3wt9KlF0yrGyew7pfLxcuwwLXuxGVbPwz4w1C45JP3OrjiPD_nu2p3NyfTViO2EnEdfb3RwoKoPJkiFJAQE8n62hoFw5Q-yMxF_cuGSOxMr7V7HBkw/dPn8HepjYSFW4CA474dVDzWHfJpc7QwlHw7QijsskHs)"
103221,Textile Drawframe and Speedframe Machine Operator,Occupational Certificate,https://allqs.saqa.org.za/showQualification.php?id=103221,NQF Level 2,159,FP&M SETA,"Assessment Specifications Document.pdf (https://v5.airtableusercontent.com/v3/u/48/48/1766800800000/SwG0uvamI8CQWfW0-qDbWw/d296rDn0ZhVtLBZKlM2pV0_tOOxaIWZLsYM6KxGg6qSK8hQPqJI76ceIx6lINvmGjc5p8vhjNEKJEDHp8fkn4f-HuE32W3RzH2e0d8zu2nZV3gPUFqWiNOvvj4TQX9AvEHjj0fFDDNTmrnIHP254Obr3LLVzMOSttGYOuB1RvJU/0yGXNfTiOVskUh2uK6M7mbpEeKVvqPlleuREiIfWfy0),Curriculum Document.pdf (https://v5.airtableusercontent.com/v3/u/48/48/1766800800000/ooRbpqZ_2oGkVfJxqWcsvQ/xo72EAIEoBvajvd5mwNXyrM5TV07Pek5K6DuLPsxP7Q9uL4fxHPkgAV3oZ9n_GnTFtFwMA0zn5W_1SUjoQh3XauUqijO41DZj2w4oVXrSh8rgxQVFvVOw0g0DGrSW6IiZPUCqWY6pKB6GujvnGorbOJaqWF7788gjrRvRhugMiI/wchu-OSiklTKmK_Lx51at7U7zct9LqLD91I3OzDEj5o)"
103148,Textile Dry Finishing and Heat Setting Machine Operator,Occupational Certificate,https://allqs.saqa.org.za/showQualification.php?id=103148,NQF Level 2,170,FP&M SETA,"Textile Dry Finishing and Heat Setting Machine Operator-External Assessment Specifications Document.pdf (https://v5.airtableusercontent.com/v3/u/48/48/1766800800000/twqTt26byNg2gmeHz6uiZQ/Giw1vtmem3faCp9UhcHAQy-fu2rU31C1G_-bsgEsFcziCVkrwOZcdIyFZEnU48oV6YtFUIKGKItVyehvahOOAR2XgX38iLdhiuUaBq2eRGlXJJ1rzv3cUkBslI_PBA65BfinoyAKA3nDmRZB29YZ8XKLOQd2t5hPl-4YLtUkUjF3GU9DVpae8aV1_X5pT1lE4NyrZ_r7zC5Xg04kk1rf4f4V38eD0W8roJkMaqEYOcjLpR3VX3GdeQqxd4BsE7dr/nruhJ9qeXaV51iC_ciN-rA87iLRANNzoo0e2c2WDOd8),Textile Dry Finishing and Heat Setting Machine Operator-Curriculum Document.pdf (https://v5.airtableusercontent.com/v3/u/48/48/1766800800000/KREtug60E2jJpIfwbljojA/FdKvVQaxNKysT-6X6z5GmhLtk21ZPor5cKWJ4pGBm3Wivfw-dhPMpTTWMKae85N_SxX8neSwPm089jk1OiN3iRzoA_P9hew2XoCmLy67L8x0_fteG9je_gNRMjeOPqEbj_SaQ1Er_7aXvPTDW_YQRQrY4Y0uJ2SftBlY2Dne2k_Pi117MXPmmf0_8WG0P4KMasglARIbP-jR_mztpPBvVuM5GOBGMo1-fW744i82y1o/CtXjpQI9SUuhZG3svPKRFAz8wsFNcH3jVmaUmNNAKX8)"
101368,Textile Dry Finishing Machine Operator,Occupational Certificate,https://qspe.saqa.org.za/viewQualification.php?id=101368,NQF Level 2,458,FPM SETA,"Curriculum - Textile Dry Finishing Machine Operator.pdf (https://v5.airtableusercontent.com/v3/u/48/48/1766800800000/2cKmGHl7wWTs3Y9Oye_7lQ/S0g5UgnanjbqqYxUjBKD4tsI5B4MfnrMD2UhM3tfE9GNvBmXXz5iZe9NZFEfxAch4_p8cwSEPJs3CrmFPOUdxYRIIJj7Tb04HrzAeDftwmTxObSJ783ALvLXw_C1AXANklEeb0SgGEVwCPD5RVOtHMz-g4go0wMD7Vd7qEnQtptySykOqQKW-pjfKDEanl3kiIk7bjdxji9N6UzbeXRIYw/GwRgJXSYriKR5LlBwdA-hUasY-Nh5SYO3ZuQLrce_9g),EAS - Textile Dry Finishing Machine Operator.pdf (https://v5.airtableusercontent.com/v3/u/48/48/1766800800000/E9zohBp5VECeewlSWHTwsw/1Q4u5WhMZN-0Q5KUwf5ZubqDRs0uAuwA9CNxFGLgph_usmg4hY0Kv-yiA5mhVVkVDV_CkmXXuTr3LKvG0knLdaPNAoWV_LGVdDEdDhxg4lkUYzddO4G5Eqi6mCM8Ipp5qHpt5A4Uls0IunueDUkjrWD8qWGQSAEyRhB03_xQTCfBpc8QVtT9yyP4_nzsBMntxCEXIUcpc1eLCOQMABPM0Q/8p9alNP1JPshwYSAUwhCa1D6A9zxkP61eMA6P5OVn8c)"
103184,Textile Dry Fringing Machine Operator,Occupational Certificate,https://allqs.saqa.org.za/showQualification.php?id=103184,NQF Level 2,150,FP&M SETA,"EAS - Textile Dry Finishing Machine Operator.pdf (https://v5.airtableusercontent.com/v3/u/48/48/1766800800000/QOyLbEdWnq4z0D3mCJFbjQ/4gw0BfEZB6Ukn1O11eyOoKswcFF3Fi6qd8nPBJ71xkQVaqpvCWUd2jjH_ialJsHmzz9T9dnELXu7sZ1iLp5ijUmYOvqVuFBclqq4o15vovPUOKtXF2CNGAe6tPeSBnVfUgbBoONaIXjYnBjIqSMo-9jrRK28jo1_h1Q6ZdDbb04bDHhj9we6xxKHd5rRf6GtxdzDDD8v9fnYJDWaR3Z0Nw/OVdy5uYXbZQAyI3CrkzC0j6ravTcHyw1gSjG4Wvee_U),Curriculum - Textile Dry Finishing Machine Operator.pdf (https://v5.airtableusercontent.com/v3/u/48/48/1766800800000/0MHar2fjqIXoxPGQjpHQmA/g0A8-zzFN3J48xBzFYOX31GuDms-uxJzZSteG6r6CoOgL370-Ri6_mrXjL8b1lrVGhtNbsJ939nTpxQ8kICJ9ev3TIlrrupENrg6eth1646QbwgbgS9JviXquvKRZhzND--XuX_TGnNXBrEXTMIcoJExpBstHh9UbhUCT9OsZk_34849SSgQUfFlxvZKtJZ1cyxSqj3ci94Cn-c5-nP8ww/roo7zZ-z-uy71iafANlpgYVXwGO-EAHi6DQyZe3_2Ao)"
103147,Textile Dry Product Surface Preparation Machine,Occupational Certificate,https://allqs.saqa.org.za/showQualification.php?id=103147,NQF Level 2,170,FP&M SETA,"Textile Dry Product Surface Preparation Machine-External Assessment Specifications Document.pdf (https://v5.airtableusercontent.com/v3/u/48/48/1766800800000/1KsyL3Gir2bvfKpFZrdm2Q/8DLfFmGOUnilXAhspSVKyV3_NlWtVubEizshZD8HJZuJ49d-Z5l7YD0JukGEQgGVIDMM9MoLER1l-novOojqWnwGewcXI6U7QK80a3cDZXeqIjlHHeAhn3Sd26auMNuXUgtCFuBjxtoc7f9i5fOyje0KWYZskIaYaTOCuD_JVZL4bpnIIHpJm33kZyB3Txq6vEZlGAgYe4psvK0yi4_ZX9ylOyzd2ehuggYsYQLMg0R8YgvbM_OkRZXeouvpGotF/OFt4s5yebQetsEyFFhwgK2x2aeqs4nDHTERSbbgedt8),Textile Dry Product Surface Preparation Machine-Curriculum Document.pdf (https://v5.airtableusercontent.com/v3/u/48/48/1766800800000/jSMPexrsnNQy2DXmApoT5Q/y_ovvs0sCGh-lzsqRIZERNDDzL5hSWquBvQ3WlPYRmP3S1W2xfTWiaIpgLYaTiJwS73V7t4kvh85S0kduykrAku9LK5a4zxtwQuhT5Cv7Se3YkydaP0z1mxGtXCO83mDfU_YMi95WHLDsfh6szu3FhrO2uVLuZ0gPAFPsV_tfbReczu1gtWYJ2MQ8qHWCa-TC7u6u3VbKsLxFOLvw6lnZQ/HxVkZ4_DditN13g028bBrHvchne4pFNGw3xetBj2Zgg)"
103153,"Textile Sliver Lap, Combing and Drawframe Machine Operator",Occupational Certificate,https://allqs.saqa.org.za/showQualification.php?id=103153,NQF Level 2,195,FP&M SETA,"""Textile Silver Lap, Combing and Drawframe Machine Operator-External Assessment Specifications Document.pdf (https://v5.airtableusercontent.com/v3/u/48/48/1766800800000/wPi_GjhhYd11J6-WBMH1hA/-_lKyxHP0Lb7YTeS0P6zYIvRMpoN7AGJG0Y5SlgjHQbmY11NB4_t5oMFv4MY6XuJtLSoWXQUrl03P477Axk5iffsaiCOEB30C_KidbSo3UndTRfHpdlPzsSxN2MPRQZ0-lL3W3HDkatSHZ4Pa6TQXITz5qezIOY8ciPN_uQ5qmskjJ65mmctvOx_0OjuG4azvDkO9VhK-RJ0eJ7ED_kc6n6CehdUksqOu0GQYERm-xwCqBUNuOihX90B-oo9frmZ/Y5bUmuCZonQCWLMJc5B_3t_-NHLa15lj1V_UkKS1EUY)"",""Textile Silver Lap, Combing and Drawframe Machine Operator-Curriculum Document.pdf (https://v5.airtableusercontent.com/v3/u/48/48/1766800800000/Wyf8O7IKC9c4oQ10L9pojQ/Qb4R5AqGGLHY6CRGbmbAkiJSw9I9KjCEDS_Y96hdUMYTWHo29qcdmgQDKU1i5Sdn1UjqIFaDwDLXrm1me0BzxC0pjBaZttsrum1JBNERZSml5DmGevw0z6XAl4C4FfC1q-isVe3THoZY_olC__2Y1CVdBwHdtWWvl65SP06sfdr00PSNRR5BABpQBjJNzJxOGgp_DunXB2VUEMehFow1oYCMqKt1VR47NL0JpeOkKfQ/X7kCGxfdwZrU1et0rqivCmkVws_CpAMr7zyFM-RXpuI)"""
103186,Textile Wet Process Coating Machine Operator,Occupational Certificate,https://allqs.saqa.org.za/showQualification.php?id=103186,NQF Level 2,180,FP&M SETA,"Textile Wet Process Coating Process Coating Machine Operator-External Assessment Specifications Document.pdf (https://v5.airtableusercontent.com/v3/u/48/48/1766800800000/hQd9TpyuMO-ie3jV61AmMA/XhLYBypuYczechmsKZ-4ACB6ub2zXCG8RyDe0F_C0hJlU2CtEbatSHDx5gEhFTUiGAcjR3EUsu-E7qoQGGshWwCzKpePRJphvl9xN2pS9B3m9vdmlSO2hVOFavPTizVqHvyNCFjiCabkuSwVfg7iwUBqCuCau0_mI3yhPvbX_myRwhcaUsOKINnU17mSgks0rJj_AlWjq9qsKGS_SzEQ0MXjppQavqBcr9rGafmqleQ3B2ZM0QCcZ03VM0KcPFQ_/u8_RZGAQXwkPh1ApCkNiFdGNhbHbWM8AEgTbi21Z35E),Textile Wet Process Coating Process Coating Machine Operator-Curriculum Document.pdf (https://v5.airtableusercontent.com/v3/u/48/48/1766800800000/cF-FlptNBsZFPiS71ToI0w/lHOF__5Yhsu53BxpmpTwE9APfqyqoh-Jti0HYgjqZJCL8ohnjHuHo0rhAUf_AGT06YGwcVlGg5ZA9Fsl9Pyis6AVWetZH3coYSzf7BJbKmQ7M0kBObIh4ZJnHoRyh0LWDzs824NNrK3CL1iaC3sxTZ9Fl0wwt4LK-Fn2BdG6DorCVauhAEV2-FxEzmyFJDyHrqIpUwuv6JL5S15WRp_7mR24MUbV6sKIZ1myZwQTsdM/TcFP5ATZ578xx8tkTrWjaio3B-PXio7a_5u3xGChNco)"
101278,Textile Wet Process Dyeing Machine Operator,Occupational Certificate,https://allqs.saqa.org.za/showQualification.php?id=101278,NQF Level 2,168,FP&M SETA,"Textile Wet Process Dyeing MO Curriculum Doc.pdf (https://v5.airtableusercontent.com/v3/u/48/48/1766800800000/HGs-M4SJygb4r2DWSG7E_w/0RKdjHh3Gd8prrJUEQLeAKFxhMZA3e8evltXTzBNHSwFKSOu8yQVaeYrhSZb2ZkHKHD_D16BXeF_Rh_g5BU7v9quayW3jXwXNbyoQN-3fMXD6PG6_5JovAdIAG16V-9-DisW3tKznl8XappmIQ7eZkwBYmZgHZ5Wh6F7YmBXlQYcjdhS8Z4oeIHTko5W1mi4/YJkO03-2D4qMq8z5TAFOX6U7xCi6dFHd8E96Tz09dWI),Textile Wet Process Production(Dyeing) MO EAS.pdf (https://v5.airtableusercontent.com/v3/u/48/48/1766800800000/CZp0opXFUUmwfiyubt3vpw/uDNvGPz2BBZidR4K_mQi5mlR40JbRiYIDhQ_lFxNRbyd4XhjqlOTZg21ptoSQDPmOx60kUW5eBSgzAN1wM8KGh4xzwK8uow1bB_cYriZtPYreXDqdUdryQIuiNC5_YPuaNiPVXR-wrzgIr-NNwD6FHUL0hVU9AY6dkNikdtIXmkT7uGAzx-Jf8QFvftAPKoz/Baqnrjr4jsINka1llEnXcrPE1MQ00WSL8anr7hjmA0Q)"
103144,Textile Wet Process Preparation Machine Operator,Occupational Certificate,https://allqs.saqa.org.za/showQualification.php?id=103144,NQF Level 2,180,FP&M SETA,"Textile Wet Process Preparation Machine Operator-External Assessment Specifications Document.pdf (https://v5.airtableusercontent.com/v3/u/48/48/1766800800000/kT6IHVGBvH1tCoByqSlDhA/ddoMQJ1NLL5vNbtfdbU8Q7QGuJcMn4hKLN3hxn4K7l5n-98fXL93iv6nq3gdNBkm952bzWPWwUH-grXpyjtZzMi4Y9ZxM6h76BejeFmwE6_3LfYNe0mnsi5Pv5sFfnMdlx8iJ3Ku-Hj1j1SeMgOp3TarUX8h-YXtiCG4CLboopXzKYHWxgV9tbe0tFUqBAXKru4x5x2Tliy1JdWs2p920ZRE8scNfhASBVK8p-e1-bStoXOzaONIO-21Uje_MwPu/nDpyS1sDzyr3RaHaI-jAfArSpw4SPxbnJZG4yDIHnyU),Textile Wet Process Preparation Machine Operator-Curriculum Document.pdf (https://v5.airtableusercontent.com/v3/u/48/48/1766800800000/oozZ_Vlo9N4JBsPSbWD2ew/dMrVp8dOLQj08_C9Aji1FpJlmwyv6y3vS839dwmiTv5REGdVxitxZvo9NwBmOjXYXQq08Bwcn7BWKg515QjfEwDp0rnANF8O_x7XZyjHPlMKGj0fkJJgkB_b_0RwhTEEXfWZ91ky2uw05mjtfwiOggeuHLERUIR5OolOmGL6zRUboZX7MTroYRON412---IjTWUgA4RcFcZYO76FoxPniA/Bt3f9fd9gHUYp68NENQ4cg5cIN78wg3FFkunHdD81AY)"
101367,Textile Wet Process Printing Machine Operator,Occupational Certificate,https://allqs.saqa.org.za/showQualification.php?id=101367,NQF Level 2,168,FP&M SETA,"Textile Wet Process Printing MO EAS.pdf (https://v5.airtableusercontent.com/v3/u/48/48/1766800800000/DAdhsr5L3O0_nl4PqfSetQ/39Ue_3b0oK02tonLGks4dgEXtSijsWJ-46P_QExKikmALaXQiZLaRBtJBPWcqmEuycPvoERqOGtKqaan8X_qMdr0Mj2eiKHd_oc5BgfC7mewtwu4NUd_L36wuKYtkY2RMTjsi6HNDUVid_VvGvouvcmXGPmILsDadnj0oP4awA0/DCdz-9Mq2QRBZpgE3rMFfH-vYYkV6p7dQ7IgMcoifv8),Textile Wet Process Printing MO Curriculum Doc.pdf (https://v5.airtableusercontent.com/v3/u/48/48/1766800800000/dW3liOi4z9-_oFbBErR1DA/NhakpyOiGzSZql5B7xEvax3fv-s2uMw3HTtv5vqpP6UgyFqX9HEBE7uTRjFCLYB_fq_mYzhURH8s4n25pl3aMAR-CjlzHMRTpagVFJNjsFkkow33gjG3_Z-6PjEubglGE_mdJ2VufNmEK0kBoX4U12UqVq_-6PE7bOuxg8EiCXpOVciIT1ChbvHchJQQrqUt/H1bqpApA2JlfKckydEhFT4JCy-emDc1fXlAvXO71y3Y)"
103188,Textile Wet Product Finishing Machine Operator,Occupational Certificate,https://allqs.saqa.org.za/showQualification.php?id=103188,NQF Level 2,180,FP&M SETA,"Textile Wet Product Finishing Machine Operator-External Assessment Specifications Document.pdf (https://v5.airtableusercontent.com/v3/u/48/48/1766800800000/gpF6P5I0ohRScU--C7eKow/QrX2AlO1bIdLqlC2blXZ04yToplLrFM5U4WxRUzmDZGeH-j_F3QRsklsOIcSwYZMcbvQuJLZWvqdtvOKwOmmH00naPMoucjNKseh0_uYrg_dBHAS9sanhATTxTEvJWOm68EdhVJL1QTuEN_jYH0YOoJ_rh2xQZLXrsXtQ9TUgA8OIfRR6FHIVbwRd1EO_KZrngiwYSr5O-1Y-MDvTOa01-Gl4xln_qFVpGHAJI2UmzKXFSE1m2ohB-yI1wngra6z/_DSfurZKmAqs19B8hz2eh3Y56bIw_0-4jo37w9QdOCQ),Textile Wet Product Finishing Machine Operator-Curriculum Document.pdf (https://v5.airtableusercontent.com/v3/u/48/48/1766800800000/jU2VZrZKSPftB2b1uBTo6w/deW29tt67HCpQqXp7DwhVmL7TXuUBDsrBIiMXVqXkVdmCmb6eeKCUi8swLzQNCRduZ9829sbtg3RbKoEGi_NMNCBPaWC5JdsctYwXxxk_BQfbkzgFEbhxM333C5Mz_PEZ8Y7PcA1l3rjtWSiQ50E2a4EqZVDOnelbrwBBm1PyUzJrwu91jQLytkjMl23pJ2rlLzpfEIftlI38cutgtOIuQ/ZrFMtgnaC80SFK_6WeqLvvFoO57jFFaARgQA5hefz10)"
105017,Tissue Backstand Operator,Occupational Certificate,https://allqs.saqa.org.za/showQualification.php?id=105017,NQF Level 3 ,70,PAMSA  FP&M SETA,"Assessment Specifications Document.pdf (https://v5.airtableusercontent.com/v3/u/48/48/1766800800000/-8ttsEPyHTJYdWfWyHAxnA/D5h48I4nrG-apIpTE6IUbEX0MGTuB_x63Uv21PkKbbS-90C97oupT8XTku8K5e_JIkDdhG9hk0z74Z-DvsrvA1EnBs8-tfR58OIztuIoDcnd3N88x2dHk_rc205ctmdWFI54mYT8yavM57zRH_P5gCzAVk8y_v-lfxGaMwf40Os/vW8B3cnbW4Ak2flIM47wlMPXB6uyrv0TrHMPZVbZFJM),Curriculum Document.pdf (https://v5.airtableusercontent.com/v3/u/48/48/1766800800000/4iOIm1Si7Fe2upXQxXKU8Q/rBrPZWFVKfbfy2KVmbzK5omcF-NP0nheXz0h4WXVjsupC9jtRl0VuTTjZrRbk8CvYEqR7Fc7jKaKnjO7e6nQR9XE0DwS2N-KV5fofc8dy5llIXfDhwivkDNyysqs-o5xT93jCSqswtchs4tCkC8ZPET1meT1Azys4fKI3qFQ_VA/9rC_yVbHPCQQ8cabE1bJpSDEp4H-kLHFToZtERIkwJA)"
105019,Tissue Converter Machine Operator,Occupational Certificate,https://allqs.saqa.org.za/showQualification.php?id=105019,NQF Level 4,180,PAMSA  FP&M SETA,"Assessment Specifications Document.pdf (https://v5.airtableusercontent.com/v3/u/48/48/1766800800000/rWCSaLWXEAN9iUqQEyn5eA/LOf0B3FUyOzhf7r1nxS6rN1vtjNt_i-Oij69-KBV7Xq19mntofhbQhICyNTWLsgn8THO18F23MPB4N2i7kvrtcl6sKtj--a4U17oMsyRPL7nZn8R1PJ9NLhtkSOo98ZIdMS3dhKKZOx66AAo--0G6q5ILrIjO2Y9JpE2c7uy9fU/28Q9AGTfQHg4btcT0K7WXMmXejV_-8--xLx__mqyTqY),Curriculum Document.pdf (https://v5.airtableusercontent.com/v3/u/48/48/1766800800000/j-vBFD15b1U6gZdHJHdlcQ/A4UslLZcQGMQ3Fpt97o7jrDCDrze_RsF91IZe8AupBzAQ3OxquoGLrMn_K1js2aG9WKjoFEkzHd5l7Mtm4W6xZZRKXW-qFK_vW0uOVOj87Ij615giGzNBLpl8dQ3bscez2hVZi9G6PN7dNaDGfHPnS2SeebyIWAUEMheUGpq_zA/ti-o14n8kplQh1QbgDjRFNm0EBtFmPJ75Vfr78hc9l8)"
105014,Tissue Core Winder,Occupational Certificate,https://allqs.saqa.org.za/showQualification.php?id=105014,NQF Level 3 ,63,PAMSA  FP&M SETA,"Assessment Specifications Document.pdf (https://v5.airtableusercontent.com/v3/u/48/48/1766800800000/9tntoeeG5m-D77dj2VSPKA/r5Yt358oboqzqpHmX-ZzoccapyvL_XWvlljzWmhXO0JW1WXHSk4JttHPoWUBikAqSsBZxzRe6NGS2pxzjemrpuratzUumQtMOHwcs7FCMB-_DD1tVI1f4sjdwjc6aCf0c43vW3oDVoZY8mRDZdOh7tMSsdyXnQpHRjaPY_oq6Wk/j6uiE_5HGJz7EFEbIeRVWIP6PsQLpbLASRF-X8utyhM),Curriculum Document.pdf (https://v5.airtableusercontent.com/v3/u/48/48/1766800800000/55tLL7qbFA4y35ZE27oxnQ/qlr70XrgmwS8gDyYG4iWPrxu4yUDSTQtsvAcVJJRLcYtjpQ1g940m9y6eqZc0W32oIEWpNFkddHEsSmqQTvRRZF1Jg5GIKNEPlPTKRQ535e7mYCMJSfTZgKR8heewf0mXiexkU2atNarK1b6i4nqKsPisVIw1nEmRigZHTC9HR0/OP4vvRtfmqm2NrmTpsAc7JR6gOcrkF54ok4kH03h50s)"
105018,Tissue Packaging Attendant,Occupational Certificate,https://allqs.saqa.org.za/showQualification.php?id=105018,NQF Level 3 ,86,PAMSA  FP&M SETA,"Assessment Specifications Document.pdf (https://v5.airtableusercontent.com/v3/u/48/48/1766800800000/98aFkKY0k0CY_-x_IxG5lA/RWkY7dQ3XwMs2mfj_OnA3k6_-I7Q6aWyQCbRCpNtdfsDct-_5iNFCtiVblb9zHIoIOWdNhaHVOTS_buYDoXJ9HD0r_oIHfmubnCSAxcSuJU_zqwndE6kICI6RRCL1hdv8kP9s7REaXTcKGo-X7GWo68LXH5xX2_i0L4pj8MnnMI/Ti5E-ExuY5zPPuu55Kkcvu1bwFfxQSrvuKtUXkPeDcc),Curriculum Document.pdf (https://v5.airtableusercontent.com/v3/u/48/48/1766800800000/v6rT-WxRECGrSfN2dN3-vg/i65P2dildjvdiN2QuddKN8LCf4Z9DdrAcT14r2XbsxGs7SYGqkMM1asBhwiTI44B6bXEljhdDm9kAu6GfEapiMskqZ6gbjTJJjCFJK9R_C5-SoZWJ1ERJVAfHjxUm3ta6HpYxTxTtAO00ICDFlV_Mc_hk9bT6iTpfqrGqoq6b7k/3yeHC6Hpw4L4qV6iltphzgtQeFtSUcj0JmXOUqi2CXE)"
105020,Tissue Winder Operator,Occupational Certificate,https://allqs.saqa.org.za/showQualification.php?id=105020,NQF Level 4,125,PAMSA  FP&M SETA,"Assessment Specifications Document.pdf (https://v5.airtableusercontent.com/v3/u/48/48/1766800800000/7Qx4TaZyI9IZocE1hSMPWA/VqC9l-9m1moK1rxWIBED_vcNmDkwh892YM4Ha7vE7n4ItRHxkGQ0HSr57n50ZzDttsfgNhvRODj7B2PeAJrXxu514X5l3sFcMnrVBumxwcRzvpuGfP86SkwkU4TEKrZo-8l8bfODLRx5mg2fGwxxhhl7uGtes8oLezjn0gJIUoI/XL2yZ7_WJOMl8dA50p4BFqA6PEc3JvPu3zt5b_xQdfI),Curriculum Document.pdf (https://v5.airtableusercontent.com/v3/u/48/48/1766800800000/mNbzLVMBrjYRE_xibMegYA/JzTki2dNtmvvClD5mxENDgTxhzpEWvtssUx2zSm1vu5P0NqvNNUUAzaCTNJXhqG71aCqhki3-n_zDM42ZbtleB12mkxV709IDWBhbTyOdt5zkaGj0tPYcI7_FmlEQJUuPu7XkG5Do7qwSwEEp8ijVvwk3DIVmk87SOHZ51AdmpU/NitSi4D4ln36XHBUNIEAVtDPnGAYpuYLasVVq_N4KVQ)"
103091,Tooling CAD Operator,Occupational Certificate,https://qspe.saqa.org.za/viewQualification.php?id=103091,NQF Level 4,67,MERSETA ,
103142,Tooling Machinist,Occupational Certificate,https://allqs.saqa.org.za/showQualification.php?id=103142,NQF Level 5,457,MERSETA ,"EAS document .pdf (https://v5.airtableusercontent.com/v3/u/48/48/1766800800000/paQWfQhz9Pv0WgwM49LywQ/iIiMts8-XPFy5SYPkoB--XAqmfrtUkNrQf1tx0uxpC6rbUdaABZnBoSG5yVGFvG40X4WuqRPbHC1rhMx5yMEMgSXMVV1Z9xJAgIADgWIAV_yxXhiSHG14FRLE32lUu1TpehFsqaojuPYWMIGGrsznQ/fEc1wVb29PYe6qOdOzBGqisUv58-7dH35Hz3PurLfIU),Curriculum Document.pdf (https://v5.airtableusercontent.com/v3/u/48/48/1766800800000/FmfIBLtSoHLMUiau2ZZTdg/8-3Z_F7nrz47unecamhpKad3gpwFfCGceFRLTFgpjoHB645eV-zLBKZwVL56z5CN9hL2ejqV6C4w_vUQHwHNKldhjDqTeK7wdUITJd4Nx3jU1ll7dkimhdhvilc6HHL1z3pzkNVgqzZxMSf4nKEXqtyfWtemNLVREhhan2EyzLU/fh8sJepvB9gqJBMJOgpmt_eICSocYoOX2Sqq_0--zIo),Learnership-OC- Tooling Machinist NQF Level 5.pdf (https://v5.airtableusercontent.com/v3/u/48/48/1766800800000/9VGjXQtmM4qGJpjjo2GCpw/9c4DuxHKNm0wTW9r-cx6xWCE2uDF-Kt6ejQEj_hnQNQlNtrR1FsqkNuBYyttgZSLleHqFlXGw02YA5MAlYlf4UeCoPwtncf7CbMVd6gS3aqhFmTKcp6Fw1Ntj-j-uw8Zv6NjFnBWtXPaO5j6bMvvtRMyyNU8NaN_2pK-0TQxoEACeqNdbjHBDyhUnSH2AriC/IDclrY3h1CaGa44-SUZyGDQvFahhLUc_s2RWdVOrf30)"
91796,Toolmaker,Occupational Certificate,https://allqs.saqa.org.za/showQualification.php?id=91796,NQF Level 5,432,NAMB,"OC - Toolmaker - 652201000.pdf (https://v5.airtableusercontent.com/v3/u/48/48/1766800800000/am_1lCBRtPIJgxfnG5iPPg/4MjMDjQO1SELKtqhCOhDjax-tZzCk837wWtTF4F4FQ3HG0zCCwpsXga6J3h-MDWvUX0_VoqRjMSeCiNPvxE0B0iaXOsYXUXBdxnAFgEeRHOgq8SNkRQ2TwToBBAyq8W8EkZeGIR4tgTZB1maTgPPM9Pplq8I2PPaWmC3fUNvFMc/IYZf2xDdnpdu0mpcOE6KMK1cyxvueVFh5FhlSxK_1XU),652201000 - Curr - OC - Toolmaker.pdf (https://v5.airtableusercontent.com/v3/u/48/48/1766800800000/Tr70IiaFsS7PSxDbDYCLTg/7S45jHcs76ylqvmqV5sPjeIvP5mRH0WF0kpKjc6_H7RDg8Q3ydEC39ay4UfLtF5DUmcNJG2JFzGVrO61pVwkOctcS07oDUKIQQtHCQYuDtdz60xWAJNEGLhU6BHNfrpixkWLoqHOBq6ib3v0zPAJW2mTJqeoEGWNWaQqbR8pQgY/w2guMg0s9qv8ZLgv7Ry0mVMOWczvHp_-5dfTYEqRRKE)"
103177,Toolmaker,Occupational Certificate,https://allqs.saqa.org.za/showQualification.php?id=103177,NQF Level 5,664,NAMB,"Assessment Specifications Document.pdf (https://v5.airtableusercontent.com/v3/u/48/48/1766800800000/NSiFo0t-H7XmtvHgOxoYMg/hq1xukas2SBzkG2EULhS7Fl7WizrcEChVo2SxzXlPb8dFh51IGp0E_Qd1_3X_fUf-S0Ukv1HV6ogrMwE8eRyi7SU7N-IBR1vyw5N_e64VxThZNIkPPA1zF_XxZnK0G7qGv93JcltEs6nrCtsNg2IUUwtVK7IXyrQ3UpYdcg7V-g/8jiv-hD2U3aBG9TJ9InSFMfQAdZb9oHJD4abcIwFp9k),Curriculum Document.pdf (https://v5.airtableusercontent.com/v3/u/48/48/1766800800000/kGvCL9yJDSQpB6s0QIEE4Q/cCBN_MtdvXr9SdaSZhnVzsE3II3TAuSHQWGTroSz-itgfmDr5pqrpVYwTUP3V0H0m4VZGV97dmAKzrbtP2meRFLUq0EQSBry_xsZ9yWsfHMPoQcoepCoQnbnkqqb6N18Zrk-FJkmz7-MEOJiZt0GFktVBSXhL988VYd67eZXM6g/ZIZCa7CfQUrbM82IIMmft5B3T8aYiek9gG4ilsv39hY)"
101865,Tourist Information Officer,Occupational Certificate,https://allqs.saqa.org.za/showQualification.php?id=101865,NQF Level 5,280,CATHSSETA    (DHET?),"Tourist Information Officer-External Assessment Specifications Document.pdf (https://v5.airtableusercontent.com/v3/u/48/48/1766800800000/5vstgx9adWS_kE5BfJaWnQ/TpMNlmbrUv1uFn3RFRZgW3HSEvxm8w8vNMCaMi2vMxs7dvpnwxEfKRPmBEmDX1jd8_NfIg1tOcZ3jHgGWVVCE96B_lhBM3tlI8Lq4jG66Be2PUik_AiKXs_L_GZvisMC-gQ0DX-OqI2i0iJSb3yxjs_YD1N7_ljYgIptXEtl3J7NzqEBk2bQtLBJwa59KyHSNgb8CfiUZqAGJ0xDmGU7ixfn5zwbx-2hxTBFZWhWATM/e9hiL3ZUWD4fJc6M2nR4Uwxev0VyjD73Tq_6mHHeVqs),Tourist Information Officer-Curriculum Document.pdf (https://v5.airtableusercontent.com/v3/u/48/48/1766800800000/ADr_YRdnI_YQcT-NPEI8Eg/U8qW685XXgbyXeKAydfMOowS_x9VNFFa-szS6KYrLsd9ndZZqzyVZ3o67HS_j-_SIeHeOqeRoI3sExf4VsoTkhLHQVGIkAapEoh2Ao93qcB16AIV0q6If6EuEga6WP9BaPBpKoxC6Vuqtho7R47ZJJXuAh8TsxW0X7xfll7x3zrJOg87jP2j0AY5T-RWqqrS/jhoVXwkSeJNuRYm14Z_6Cth1IY8RgHRJaGr98vteo1w)"
117476,Tractor Mechanic,Occupational Certificate,https://allqs.saqa.org.za/showQualification.php?id=117476,NQF Level 4,543,NAMB,"Tractor Mechanic Assessment Specification.pdf (https://v5.airtableusercontent.com/v3/u/48/48/1766800800000/WQWU3eWr3jUxvPiXFW9peQ/Iz_KtWp4mp3zuubnm5uljyiGbX08S5-SO5Us8RkDLrgv0OezThQIcJomf7tYF1QUjDjemK3AWxU8Djqs8w06EXKSw_3_Qpgp746M9lZNCMSVYvY1nRfFQjRYd5NyinyVh7UewA3E_HqC0gLzSjLNXiQYG5LNTsiD4fVclfJtB1NcCJayiRSVdQP0A-n_ubgZ/FGbp3TM_QOiEcv-dt-P1IVCXWQRDHHhcM8ySVkTicv8),Tractor Mechanic Curriculum - version 1.doc (https://v5.airtableusercontent.com/v3/u/48/48/1766800800000/E3ObisjyRr9FvmVfSqYMdw/Q_gVttegOH1VgRrrJlJ9dpAW5rJ4gq7MSaudjmJzEAmaC0OGTUH0oyoeFsIph_ZgVadUo1OuMBLw4wJnxiRKFD0kGayLsT73jLpVrv4k_mMXoa5ca2Fj5QTb2tULRHky5HxW9yu9N08KS79ySpEHeJMjjo8z-39VZqXmeUssbvrJMRKradX0OcAxlbKut0HD/q_XHBCBoaS4qhW7V90ijdeEa3K6_oRluh8FlTlA4AsQ)"
117477,Tractor Mechanic Assistant,Occupational Certificate,https://allqs.saqa.org.za/showQualification.php?id=117477,NQF Level 2,79,MERSETA ,"Tractor Mechanic Assessment Specification.pdf (https://v5.airtableusercontent.com/v3/u/48/48/1766800800000/NwwUdVWi7Qy2yTQlB_dV_A/Ek6fg3pN_boBdxnmhjPuofktxWQhw3OpJyM1xz9xVwyhRSiwGRrfIZUCkzf-EN7e6gVzqlMIpS1Sd7icCT10pLsLctgjn4iaF-BCsJ4Vq6I2Ur9sjhYNJezavJPN3j1Mi0GlvlPWxbCy6AaYGC-bp-21Zurfj-TirIt_onuY5wDmC9wGIpNO4TeiyCQl2Fov/NOvGRU2I5pejHMSSD-fzdlfzHfv_X3fUocXKT_Dg3gk),Tractor Mechanic Curriculum - version 1.doc (https://v5.airtableusercontent.com/v3/u/48/48/1766800800000/pFSLJYLc8fqxOOJblXpvJw/fuofeUmAt0kHGAAOAnYMH2WV48WS1BQ_V1SoLpYpiLk9_xI2dTs4Ck4Z46B6H6fYDFvfCoM55h6SdsrkTKuvd9-D_TdyGEnGL76YRJ2R20fy4KTDWjt3A8e1xw8D-LJQCL98T5dBm5ZGSlwMcT5chg0E3sHOfh2ku7zw8tOicYsRPkfYh8VaBeOrQdDzXYCr/xkKVVhiz_AxjPpfmIEITKz6ipsN6SmzrxjkrBmMitxQ)"
117014,Tractor Operator,Occupational Certificate,https://allqs.saqa.org.za/showQualification.php?id=117014,NQF Level 2,43,CONSTRUCTION SETA,"Construction Plant Operator -Curriculum Document Version 1.pdf (https://v5.airtableusercontent.com/v3/u/48/48/1766800800000/pymHh4kFYw6J9Y59ZTmWYw/QTsthy8ICP9jdYjSS3Y5fU0f6xnMKMWrgECklXToAJnNYaqFC49lQnRj3j3Yc13FvNE6leZLtXwemE2uuaQWpj93-TZtmV8gBr19T7q16sAlPugXjx5rE7pc775_rMp0nhM3xCqnSD5fg30AN3M56h_mYKPahaIv_0xmEnblJHbpaG0_fGFZivF0_c0R8UOaViqxpxeu_f4ly7ozTFwouQ/rhJdb33-X5ig_viDKnD9yUuagrKhj6941ikChQHJKFU),Construction Plant Operator-External Assessment Specification  Version 3.pdf (https://v5.airtableusercontent.com/v3/u/48/48/1766800800000/oOaxnNqAXjHIlEU67ehHVQ/szVBrzmuX8YhNsE82xQjlI9jvy8fOdtNTaA77SAP3mOEPLbFRJCMGOqAG_hMDQtOolOc-_tmZQ1KXU43lKx64Brb9vZo8ZoonBq2jcYMCxp4aSJEgjjh0nhktnx0VdsdAWBj3cnuvb8ReC3VW2E3K9O3M3mSd_fIL3_smZ4uu_x5XRlLFeMumud_zy5EB9Yk-d5GfjMVQuGxI_kS7tOUobqAZhoXM9gS5pvTllSSSUk/j1AyTIu16Wf1Ws75N3R6CTq0MJFVPhm9JLNxZ3e7AQ8)"
121912,Tractor Service Mechanic,Occupational Certificate,https://allqs.saqa.org.za/showQualification.php?id=121912,NQF Level 2,135,MERSETA,
118790,Trade Unionist,Occupational Certificate,https://allqs.saqa.org.za/showQualification.php?id=118790,NQF Level 4,190,ETDP SETA,"Assessment Specifications Document.pdf (https://v5.airtableusercontent.com/v3/u/48/48/1766800800000/xJY9mVcCerd2SHUG_VQDxQ/TaKxEzY_mogDFvKheBTajeBV1nBV6fXEOaeTvlNlxCXMCj14Hz9_5jqaCtEFwkLdoWUIZbFy9PRiFt4tXHXB4L9xOGuTm-zOzJD4iHwq4elr_7pMM0AR8h8XmE26cT6HJs2tir6AzWkuwkhn5ivYhHd499C6Ze3x0IgnqMzLaw0/_s78xrJchvJKnoC6J94BNZykloR9i2tat40eydwFYpc),Curriculum Document.pdf (https://v5.airtableusercontent.com/v3/u/48/48/1766800800000/bPmyjhmYx_b70lDCPFAryA/0CFf45eoOnnMaLBAu2_7vUwMr6Vy32M9rAdjOpSLFNJTGGPJ4lfKBrTDBBO_GmeEUiGFM6wuojy6g7GtP6SQbtMxehzBHSXm4MC45iov6tTmE_lKqm2TrMofTzS2YYABFA3EK02CRyaxn-ZgiZXI2Q6Xhnz_o1-HfGIHqs6cgN4/pXMUqljtIaagWJUap5mVFa4Mz7_yQ2Q6hyYz_w8C-c8),OC Trade Unionist L4 190.pdf (https://v5.airtableusercontent.com/v3/u/48/48/1766800800000/tZj5T9SdMOerJlpO9_07DQ/peSdZAvusPi-yn8A3_kf6_-_qB8iwic0fiM9c0TA1KsM3Pf3qS19CVFegx4ZUmyPfcEJ66-5iCmEsbV0bmOGk81fYpGNwIperbu_zVwVHaUlWvL3gCsNKOO2JvHN9sQSgDxVheulPIIBCgzAw8DtUX2aZKjqqrLvHug1neaLnaU/R1D7KAS77MJKj7sMcOHLty3ACX3N-glAHfx85Kk_ntg)"
121688,Traffic Officer,Occupational Certificate,https://allqs.saqa.org.za/showQualification.php?id=121688,NQF Level 6,371,SASSETA,"Traffic Officer_Ext Assess Spec.pdf (https://v5.airtableusercontent.com/v3/u/48/48/1766800800000/QoME-DK19-HLimMKRUnbzg/F-qi8BR5SgZ8lp7BA1utnJfZNXAQw5hOxuFTuR27N2_sAz1iMxOaNSnXNVOgC7LNA7zwhA953Abog6jZpYsr1_FNH9verrogYoiiCcsre_lH9gKxgffl7BtP-2KmJ-4vDFgFcdk8yBQN1GSSP8RHipqC8cMFyK7H0MnyF8qLm-4B3g7YXqn8-n8hSN5x_or3/cxf08R_IMZXPvpq2G1Nimh2GRo7ftMgfpICNebz-riI),TRAFFIC OFFICER CURRICULUM.pdf (https://v5.airtableusercontent.com/v3/u/48/48/1766800800000/Q15lYHIydYg08Axwn1AYiw/IzBjDGUS6U-2taVDhYGJwecgO0SvPZWUQhzMG0fKGPwyNTJ_oHphK_1zbRp9sgc4nao7eUb_rqUJeU9xYbHaJRwfU41GdH7vt6548nvgtHe_w3X13DYJWs5qO3ZWXCmJnSCYaGlMyKY375Td09a3Vy_ydNQKlKmEIhRefNb8lYojwbUAalplxQ-bfhHRsfds/w_PVA1fZbvXTLYkxxKDCYIu4low3dd_hBO-oBRfuTdo)"
97639,Traffic Officer,Occupational Certificate,https://allqs.saqa.org.za/showQualification.php?id=97639,NQF Level 6,406,SASSETA RTMC,
121005,Train Control Officer,Occupational Certificate,https://allqs.saqa.org.za/showQualification.php?id=121005,NQF Level 5,129,TETA,"EAS - Train Control Officer.pdf (https://v5.airtableusercontent.com/v3/u/48/48/1766800800000/_fY-VeEu7aJS8sZctdsW_A/L4ueRZmiu3cuBzF54hkz7B8w3v_X8O88WOprMAoEtF5v8AWo_eYcqm-9rXmEZ3Rv_D-rm0SYsdJiMOwiaH7lDU_kXgI4x4Y-pdGspR357wwBb_uPd5lXIfExt1iCXIoNbMdaQYGeohHJId_3103BE4DOQ2bcC7uNo8NwyTGDkcNup0I8HBd62crUzrUo1uv9/BQ3xhDsfPhYxKr7Vb0PDAaYBtHBBRsPUmlutsTpqcPc),Curriculum - Train Control Officer.pdf (https://v5.airtableusercontent.com/v3/u/48/48/1766800800000/cUTEV1luF2Yx9LpnZFFC-A/hXrqdyrJJvIHAFtV7fa_P8EYdBaDKNIwfysEquSY7j9F84yNtWWOi2L-4hkj65i5a3cUvXFn3tpJNcyjdPgIEvy8jzBhZEzaMlfwkzkLCraFd55fwkKC3iw8EkfY-6-EGuB68mBXdJc74Ls255_173LSjz35-cP_z_uCX4uTN1CYZ9IzOR48iovCBd9VPl5K/YRbbuASh9XC_s7bEwF4zH2KNcMVhiTBNFBBoD5qfUwM)"
97391,Train Driver,Occupational Certificate,https://allqs.saqa.org.za/showQualification.php?id=97391,NQF Level 4,121,TETA,"731101000 External Assessment Specifications - Occupational Certificate Train Driver.pdf (https://v5.airtableusercontent.com/v3/u/48/48/1766800800000/h0yI06S17gp0bf3uAwMnyA/-vphk_vCR4o7Se_bvUGG0DuI9ecHd3tvaEbkQMY3mBURf0LvG7Bji3U9pMBI5h1q9ereECY7mFMp_7hNQ9gZIQCf_bwtlJpu6gLVMr6J5zf4tf3rXfha9PCeO17T5PLUeOaEKBQFMLoRrnBFRj7JMav9JfI0D-KYSxYxHxcE4oLMefYf35S1ITvjNpa3o2A8_zRpKu7BSRzW24rwzu29P7tWJ6MRkDYtVnVeXHpZr3g/XLrKUhkf27ri4ZgC361KkQW7oldeQCYSj5bdJnWvlEk),731101000 - Curriculum Document Train Driver.pdf (https://v5.airtableusercontent.com/v3/u/48/48/1766800800000/nAFb3OkVNmCG4r4VgyIBQQ/ivuOWmuU41RiJAyP6X1YjjmQkxyWfPFYZtDDYA9zpzl_2XJ6uDj1o--p-3y9vE96V7_pgySTgcVJQ1JBx2kUccLmu2Hd0jEVBhxQkDC9TWpsHRG0wKeEJnJVfvU2BfCnO3qDuSucSpjI2v3Z45UOg7yj6d4pxDVhWi_jAfyOzpjO61nyrOEC2hAj6dIPAF9C/Mutz_Qcfis9fe--U1hQe-hwdKLPykl-LbB-lsBJdFts)"
101321,Training and Development Practitioner,Occupational Certificate,https://allqs.saqa.org.za/showQualification.php?id=101321,NQF Level 5,190,ETDP SETA,"Assessment Specifications Document.pdf (https://v5.airtableusercontent.com/v3/u/48/48/1766800800000/QVRmF28z-JHit7Q5phrq2w/lUrv9Cs6PNK_FFOR048lsXHL5EA57zM3-zF9CnAzgpe92ZvyRCtYtxFFs2_nX05WhXP7w7F2ZzFvqvcgIZ7t--PM_DnRuwV7OxR8nP53SShpC2VvesmTOeklKuCkWyw4He-16tu5sDGoBNRh8kpetgjicSw5NmSJKD7BILrsfX8/u-cVUvkbTwhXJFK0q1IC7BYB2SsyqG6M-u4c26KyrdQ),Curriculum Document.pdf (https://v5.airtableusercontent.com/v3/u/48/48/1766800800000/190987BGHEUkpqqYPQnKng/aoy9ZPiDxa5BM8ZuoyJ2RAIVllLOCr6xc5pgBpfzkwehNp-W5o-kHAM1uxVurxj13C9P1pYEF_ZiR1gt4gBArRTEGgfx-jjN0xFuIn9HQ8FXekWI-XbLUodB22HdsCPBoHYRTwhjtrxZEas5BR6Ms9jLPGYWKMItTbV2kWFl4AQ/MvbHy9MbOGb7jBNXhWTOE3Gbs23fcQ7VWG7Jssh2G_o),Learnership-OC- Training and Development Practitioner NQF Level 5.pdf (https://v5.airtableusercontent.com/v3/u/48/48/1766800800000/CTmSvbp2m2c73bZDSY2itA/CsQxMnDlFXGx5HyT6vlI_XcQRNCvvqiJdLs91DYjJPuWoN0Kz2jA1wwl6K-P-bQfb5NJg2KfWPur6K2ycPcYqyniIp8cApnJAmLs0u0OxcRh1fyfmzgqdFrftNBx48HmUKOlMOSg14Jfl8agdUTe24gubCOKB28NKDk2tsLMh4SSn5Q24OaeywBy2k-Ap_LvEj0ndNWHku436u16MNMMSg/lOmjB9QGwM3O99ZrVgNBXSMau98AAfK2HXfo1Xh6-Sw)"
118747,Transit Protection Driver ,Occupational Certificate,https://allqs.saqa.org.za/showQualification.php?id=118747,NQF Level 5,29,SASSETA,"Close Protector Assessment Specifications.pdf (https://v5.airtableusercontent.com/v3/u/48/48/1766800800000/-91bnCn4xa3uKWcYyzN6Yg/68mHSIq3TA-ayikK2xjXVtzn4kTRW7uTbj07p9ThltuQ70oadtzEqT_guYfER6Mu0n_R3uN-he5J2CEp9wOF6gBCmGskDJz00afPYCv3cBXxsukLIReFSndhKfS1Fe3CD9n4CnSNRh5LGHgfmUrrgOenlTDFYEbHAG_N2bS3Lsy3qtzg48PjXxhKfJE5malN/w5LqaPbUPSXowr5AJL7wa7JIJzilPtlo9Kkxg68Srvo),Close Protecor Curriculum Document.pdf (https://v5.airtableusercontent.com/v3/u/48/48/1766800800000/GpJYjHv3VbtzBnIsaiPs4Q/pHKWxI2xJEfdYS2j6p8hw3qE3MFaSXBpTuQ95bVeV9r5oSGvyQWTQy9JPdLBy9fboVAnQe_y5xXBbr0HMs0BKEGlOwqIxZi0E6CdJ9BUF2mUVbq60l2gVXT9XNetDl5tYM3SC7RXFbCwlMs-8-RTasn6-V1iY-ln5tAPS-25UZQ/ofNhB3IYxyGlB7ZUr6SAij214ua_qjGuBvB0c8O2uMU)"
94025,Transport Clerk,Occupational Certificate,https://allqs.saqa.org.za/showQualification.php?id=94025,NQF Level 4,121,TETA,"432301001 External Assessment Specifications - Occupational Certificate Transport Clerk.pdf (https://v5.airtableusercontent.com/v3/u/48/48/1766800800000/copJCV_mIWUlXPvptmZznA/HwmVvuBk0AgCR2q9hWRsHMhCFOVSlV85mKDxB7V0lPiSDV5KtAHHBnDJmQ19DEERNzZgVVArP9j4gXGqx68j_6EIZ2Af3yiDMiaOMb5o0nVuzSht9qtCOEClYe3uGi1ZvCkUx75Clfel19o3NCdN_iv9rkBfKa6GmEYdmB10nVEiVWeRMRzT_xgH7se3P0eaGA4BjUUNOMYj0g6nHgh-w7DCt4J-U5kebBmHegKSaJk/5SozWy0QKrnu9UOn5KOzNIeTCojQbKyZC6BhHLa1j9U),432301001 - Curriculum Document Transport Clerk.pdf (https://v5.airtableusercontent.com/v3/u/48/48/1766800800000/Lhe7J3iZqHa5Pz0elGpJ2Q/cdpIk4Mn9LnvBktrWiZOsusO6FYSfbcn9VlOeY9IFAdrIRrVxwqlObYmHWyIVehlRYaQ4BbC29LsP5n69yjL3WEm_C5f8M2ffPFBlESY9q2-Tk5g5jiojv7FrPnjJiFm9fGiSM1LJfP7C22oU5z32ifEorqA3n4mXOMDXrFxZiktQK2cwXVI-JUj5np4D1QF/iiN-YC2FLXkIEpaZVVJa5a8BVRpc0j6T4BSV4NoMQNg)"
117042,Transportation Electrician (Automotive Electrician),Occupational Certificate,https://allqs.saqa.org.za/showQualification.php?id=117042,NQF Level 4,554,NAMB,"Automotive Electricial EAS - Version 1.pdf (https://v5.airtableusercontent.com/v3/u/48/48/1766800800000/fzvr75agKFZDLWM3rhxiHw/kWK8YkCT0jJeOvYf7yxjEW166YHzkwkN4a5GrPHPMBvrSaVTQ7DQBgeaZSHkZqLI2yk1kzgZGsmiUKT00waMQkoH2K7lwcY1twn_F5Y1bIvalz-iTZX7mC4_mW6dGQOIHVNvhrdQTReUPdNhs_chsePKLXdsWbDKUVVszXTlk0d4NH0Ea62_3XzAiCxTvRs5/lM-gqz9FkC8-mkq4QJKV279iRMjft44BFH4hIIeZtFg),Automotive Electrician Curriculum Document.pdf (https://v5.airtableusercontent.com/v3/u/48/48/1766800800000/B2W3WnXzSPlq0ieE7UGaZQ/HggVg_xHZhjlBd05ycKB9_Qdo2v_nSqtyw8cVjRI_a03bnQSHkDFFhc0yVP5bwjUF18Yz8n61q4Z0YR_rmDTJqmyPpw4GnibkHVeCd23Rf2vfqE2Qlnv9X3jREAjt8e4GPTyNJt5OahsZgJtacTRPLAafGWqpc2BHg00obwoR2CPO44R2oADb0RbjnQveeaj/b_BGswABpZ8wxEvbQjqlHdpZpzwktPGXgQF9GeGZad0)"
97388,Transportation Electrician (Automotive Electrician),Occupational Certificate,https://allqs.saqa.org.za/showQualification.php?id=97388,NQF Level 4,362,NAMB,"External Assessment Specifications-Transportation electrician.pdf (https://v5.airtableusercontent.com/v3/u/48/48/1766800800000/KVc5LgqtMWc76culGwPP2Q/-ZtkY-n6Ya5VQnLcUMIF-RQkt6T8tora0OYBMUJu7udmwtZWrpKhqbjaET8RRJCbAkg8Yay9WUcY9N4OesNuYMEt8nktZMK7LWmdBHthUkaRQwbBQK0k1vnJko2SUQA0Qq9h-8tUer_IjKn76_UO1Zvuo81b71IukeChZd6o_VUPvU9K_J-ZgF7eMRsJOtt5p5C0URIebyFJOA3Z9A0B5g/O5BMnM9NJj8puABkDB68fnYBAqgHW5Hd-Kn9szdgbWY),Curriculum Document - Transportation Electrician.pdf (https://v5.airtableusercontent.com/v3/u/48/48/1766800800000/0kNLSSL0wy0-odOiidjISg/StklLbCt3WYa3QrmTNfF_o-YrOgNXJ5YAyYXGbOhCOrCU7uxbJ_B0RUQIDBMu64akOSNkcRYO5ffnfDo54mnbxr6fYdqh_tM9OYMzUp4gIBxFeX-lOBpleyWE54_3NUQbFBGAtXLtJD7QZvBFbKxN5MWz7OgfSXZoFK6vP17x88CwJ61YerycTYP4WuPoFQ9/LCo6dB3hT-KVpMMBXbZdju78i-rNR9C4YCTEQ7LZrvA)"
101372,Travel Professional,Occupational Certificate,https://allqs.saqa.org.za/showQualification.php?id=101372,NQF Level 5,252,CATHSSETA,"Travel Consultant(Travel Professional)-External Assessment Specifications Document.pdf (https://v5.airtableusercontent.com/v3/u/48/48/1766800800000/IfpA3azZgCowLNHjRbBXhA/1rugRDgARmfbweCBto0Kxd1GlDCm8SYJXIGBwu_IDSeVVznXyXovTU_D0LEfG1rHYNz0QQTaM17i_jDfG-32NUEmCeCNLtPBc0haFStg1ZKB0rDGhk4bzL9Yi8GTGJGrNg4EH0TwMqqqedteqbVjEb1oZbNLWSXrLs-hZWXQKSTdl086-uyGXYdpk5PeDhhoYLpvffl1afK-WQLTJLX6C0WD-ZDUl-NAx2fwz3hcLls/JzVMFNM9-69k2zJcl_YzNvS-N-fqxciDpJcb1-n_bB8),Travel Consultant(Travel Practitioner)-Curriculum Document.pdf (https://v5.airtableusercontent.com/v3/u/48/48/1766800800000/Fxq2EUxuh243PBDvW0-fWQ/Kf-v-o93pqbdpFgsP7QJ7uvrJhgdhYzh3fAe5O357lroGgi4Y6u2aRbQkbfIs57ixIqviJ_sIIKOMRD-2t7fVjEmS0U7U3GRYgpwAKy9TqEJ06kRDVX3teFz2Q18ZgLNUO9z9giE8ERfCRvvJG7XZXrES9wPF3o9SEzvlNVu0uxe5m-LvoO8vDIQaSq24d7Qw-6lkniXuxRc0RK_mABxVw/laBRx20MHjfIDkiiuzFr-f_ypsgFO2uzOi0CqKZ9sYI)"
93793,Truck Driver,Occupational Certificate,https://allqs.saqa.org.za/showQualification.php?id=93793,NQF Level 3 ,130,TETA,"733201_Truck Driver_assessment_specifications.pdf (https://v5.airtableusercontent.com/v3/u/48/48/1766800800000/k462B2HH1btcx1ZeSJY0uQ/7f9vjRCes-JFSJP52qhcegU36CgA4VTrTR7jO2St3Z1x83NayzTkHH0h2Sb239SspLLMInCGlYCYGukhGPUBDWS9-7qpuOWPNqbK1ZCzNmgMCqx_dGjCd83UHgNs4nW6JR_4vBW2NgAHBciVtQ4qSI9pYSf9tKHBY0AyOOl5R2exE9fef3pFZFZ0P3CUtIJc/i3N_ft8M1uUsxsTQhgoSTtNiJPw2Y7cF4r-uUn1rDxk),733201_Truck Driver_curriculum.pdf (https://v5.airtableusercontent.com/v3/u/48/48/1766800800000/3vdIRRjGOGKDQwESLmnd8A/ycUUEcsxG5dVz_32J4Gm5psMSYwy1_2xLDxetwgpmYy2sVdBlD0UjT3GWHvdAv7QojwTkRjIV0q-QjYoF-byE9uBo_r66EI3ujNEbXGaD_HQWgMuTiFasBea1kSiccbSM1H4QPR9c3wwvDHQt7eYE8v0ukKhc0kHfWHo3AaG68I/hCwuhGsoDPWOdCgN6oXp1uPOSboRkezhjPfIzjgCJ8E)"
122640,Truck Driver,Intermediate Occupational Certificate,https://allqs.saqa.org.za/showQualification.php?id=122640,NQF Level 3,120,TETA,
118694,Trustee ,Occupational Certificate,https://allqs.saqa.org.za/showQualification.php?id=118694,NQF Level 4 ,31,"INSETA
(BATSETA)","Retirement Fund Trustee-External Assessment specifications document.pdf (https://v5.airtableusercontent.com/v3/u/48/48/1766800800000/_YbSgAXi725LucXDjwTKWA/tsfioDAAZYF3jLE0dJ-rlx8EyPTgyBJsX1rWJLpQbyA4cr4kswaj4bfS_tnZR3DrWQtmzJQ5fzUYCgI06xQ8cczFTa0-gTzIGdYnXlh08TU4eZQHu9sMN3ig0ABDTK8I886rnjmYPe5gSd1Ss7n-BfABQB7NyypveFtSMY7ePXpWVqX2n9xXLj8jH4mmXEgA5RnsXIxNbC77qFs0B62iMg/IUzPmwW_COYCd_af6ohFvitVshy9N6uoF30iHadlz9w),Retirement Fund Trustee-Curriculum Document.pdf (https://v5.airtableusercontent.com/v3/u/48/48/1766800800000/dgKgep4hMqSUJj7ZJkunSA/cKDT1OLh7yjSEKsyB9b44zkSHY5O6Dq3EkDcGDhp5yxumwKnNymx6VFz6YMEhdsVyFxHgs8SNRTizhni-cyh3IJSDG4JbnRuwMJTC2dgU4bhyX1Tc6wzLUF9y-ZoGLsEYnbgvy01tuD74mRlez2Bll5-6NFE2NfGhSRUGWLCSygii5xUDthINS1MxmoHPVZa/HHm60uO39Ex5TKuTH58-rfd3NLESRxxKyuaFKXsGWBs)"
101404,Tufting Machine Operator,Occupational Certificate,https://allqs.saqa.org.za/showQualification.php?id=101404,NQF Level 2,180,FP&M SETA,"Assessment Specifications Document.pdf (https://v5.airtableusercontent.com/v3/u/48/48/1766800800000/oTlW0MuPO-AjN3hFjsP4BA/sJp0KrLMvDN6fp0Udk3jjeorU92D2Es0RA2Ml-TuStb3RRbM8zIAeY2Ml7x-UC6gOPSbP2Va6Unf8lMmpeXN640np3O0TM1qnwj-D4etSD4qNM8q_hOPfhdFSRf6Kmroz1xWbvznHy31uNBfI57uQsjjTwMMocBWqaPDLVgiO6U/v0ov2-8x5E9XnBRx4ewjJj0EHAbJnZAAfUrf6sTx4CM),Curriculum Document.pdf (https://v5.airtableusercontent.com/v3/u/48/48/1766800800000/XkuGhSipSvsT3jCahjTZiA/Xy8CzrZqusiyeDVpj4Q4fJ6bncVQwJlkoEUhiPyjYaeN_dMo55mQr60ZsJKA2J_gwzAOPbXtgvKcIOS3EDP1gd1dg1z60A_RfLsByAOE_akRQBVbJUw7--HRHUWuK0Izr9dW8fD_tP2qf1EdWfqiB_YAI-bJSzFLJX2yWiHMnsQ/CrD5FZF2BS7fdGfIDGPpEbSxeKCX0ciDuOnhMdP973I)"
119303,Tuned Percussion Instrument Maker,Occupational Certificate,https://allqs.saqa.org.za/showQualification.php?id=119303,NQF Level 4,183,QCTO,"Assessment Specification Document.pdf (https://v5.airtableusercontent.com/v3/u/48/48/1766800800000/UaGfjZdykDrnGRqo5ztO8g/GimJssBC6W33pyyZfCglblqS7epDjGAFW1MT-f___9HkXiNmRAwq-HiEDaQBG3VssoVgOc-N5epm7zNvlqgBNVrAR8hC9ELHG25KEyEvidZeqnjlRBPqts9v6BzYzxbGBAa2pb3tXNGf93gQzuH-hc1ny9GLrcPYW4laYc8qJ_M/1yH04ASeaJ03d0CPIzl89klh2hcEGuWxzXf72nL_Kbs),Curriculum Document .pdf (https://v5.airtableusercontent.com/v3/u/48/48/1766800800000/FxmNGEJ6nO2zrSJCYlRB6w/vcbhSS-sESesU_zpMR_yp8nb7MyrW1XENpYqshmYJYdhaZoKfB3A5V9lJQpBfwoRGPAXs8CClHBnpWAe4wKNNOJnnwsXUQ0fheArQShlkl5ok63rdfDnUlXIaA_GhkLsFwX_QOEfsS-SUIxmMYXHMVI9db5JHn3yaBDjVLjnhzo/mGe8s_5xoYpstUWp_UWpKVbzWsgBFmlkQzX31cpgZ-4)"
102003,Underground Coal Continuous Miner,Occupational Certificate,https://qspe.saqa.org.za/viewQualification.php?id=102003,NQF Level 3,110,MQA,"Curriculum - Mining Operator Underground Coal Continuous Miner.pdf (https://v5.airtableusercontent.com/v3/u/48/48/1766800800000/tTgE57sc9ZHFtdg9KDj2RA/tFU9Y0TPcXYLxfPkYZEfh4qxLK0StymlyqfqM6bk7UxD2yyqOlCA4l2tJvIFHYlatTQ259cDeUc9tF8LdVaXzMAXFVklHpfrkhdQvFEebwWOWlVi3Hqpc0rhnQe5YYWQUrzgu7qB6M67vtRUfg356aewyNWHCEJBdfbyjkH8g1ucnaxzpfg_2gk6OfK84BSSWRg0APEhn5Up_m2WKFH21cGTMBTaB3ovpF-n7CP94fc/0nPFgFV0Lr4li7j_KShRripcv7cy2I4Ip8fUGIu1MAU),EAS - Mining Operator Underground Coal Continuous Miner.pdf (https://v5.airtableusercontent.com/v3/u/48/48/1766800800000/uSsr1yqo0E-EEM938cE9qg/GlK4nfcB9641-bVjnWonwBC-WFlkyiRAivEnG3xI8UMTrkhS_fgjoaheqhtEd7glFnR0dU4kWOATc7L-PnJbED4CWOVq4cjk8qkaEXENJRjNZs92O-G4FaUrkeEkTSN9XvR91RIXlK4GV8P7MpiHMBcFhS94jGBnGkbLlLohJcIHLh832n4lj8AxQGfv45TtXTqAtmQvAnvWYwA5DEQSNw/j-dtAHtmk-5qXSPUM4cjLuWxtAIvt_h-wO8ek41gEtI)"
102005,Underground Coal Roof Bolt Operator,Occupational Certificate,https://qspe.saqa.org.za/viewQualification.php?id=102005,NQF Level 2,74,MQA,"EAS - Underground Coal Roof Colt Operator.pdf (https://v5.airtableusercontent.com/v3/u/48/48/1766800800000/UFzwTXfHDNetfN8EwjlhRg/KP6oqNFDmz0vkhGaCIH7M4EKqhvhahUKwM4QNdOJy50RaykwO6mdnzXMoxy8lwBxJucjpxbPn0jA-090zivjfRGBGFOF81MyVOD8Fy3bcWvMJgPR9PpGggxv9IASBZ-NvQugj8IJcD_3oqCKpFNCezVj-jf5gFd4vzBG9M-Nh3d-5BXBdD6_SQPFZ2BQvUDa/atN6XVyBkVjYXJvt6UeCFm18qYEBkHl_ikJ9G3RKMLQ),Curriculum - Underground Coal Roof Bolt Operator.pdf (https://v5.airtableusercontent.com/v3/u/48/48/1766800800000/ALDTWDzcFS7kbqcFh5E8Rw/Kmhr0hoDc8iwvzrseQDc8GRwgFj9rFcmgAeoUKNWBU3fOjf2v36UED7QkREWs1lPbDBbTgs-lyy8PK4LoRCP2G_NODmVE_tL1ImHKC73sQbJ98_vPHv4IkXVtPvoHujuCNcUpfwA2VsoynK2kUflh5Mf7DinE7snpTgQOqEO38OWUnBu945TOe_KOgh6lFS9storbDzWgMWBLtBCgpBNLg/F5T3y5SGXQfIxMm1HwlXcndVx1_6gzn6g4IM8rOFX8I)"
103269,Unitary Air Conditioning Installer,Occupational Certificate,https://allqs.saqa.org.za/showQualification.php?id=103269,NQF Level 2,179,MERSETA ,"External Assessment Specifications.pdf (https://v5.airtableusercontent.com/v3/u/48/48/1766800800000/NbhwSGyHiJy87kPefaMMKw/nLnrFUAsEsSSrHoh4OuN1EJ5MXzyiHmPc0-BveAUaduA9WY549iXBXNDGpeWt3TSiucW4nx5GGSeCEYfM9JZtaS2oxZRc-Ihcq8bEsnRxEW0osm3R1CyaiA1pvYGYL-LxDCGsJp-14aifgLqP3ntYgr-mQmuSMfMcNP7ZOcgX0s/0d07Y-rjU6s9nZCWFj5rvKgT9xZTk1vv7ns058QNku8),Curriculum Document.pdf (https://v5.airtableusercontent.com/v3/u/48/48/1766800800000/CdIAovIZdcUOTDhgyvDopA/cBhZ6gDUDFlmbchyYdjwOiwXNSYqiMbuIzB_3gtorOXOuR-wKm6yZOEM0lePiWt_XKfyXlcLncIIqEPl_iKkRk6d8X6wWzo9zr4MAJQimGLk0F2umOcaXOCrVQ6FP7sjNnGJISbfWI6uL_f-bvs6PoXlMRHazYaitokRf26gN_8/a96FO7KIIYvyA2B-_vTX2sTy8dbreK2XjRfhNf88Eys)"
103187,Upholstery Cover Fitter,Occupational Certificate,https://allqs.saqa.org.za/showQualification.php?id=103187,NQF Level 2,52,FP&M SETA,"Assessment Specification.pdf (https://v5.airtableusercontent.com/v3/u/48/48/1766800800000/P9J6fHGf-R9sDoaW_2RDkA/qTvlDQO6AZ8zfpJ9p2aCIFZZP9ni-p3ey2B_DJSSUOpsuJla0keulOMw_yhyerCYRLETu0v4watofHJCvXqbuo80sr8PiM1rkIt1V97QnDGwq3wW1hycU5inep7dFnnKNz3pNFHf0trjeXK5PUIpG_ujRMaVyHwX8vgHbv0-qa8/RLYae6nFke42B7LhrX9-Iz5SLTs4pSt8If00kX1yri4),Curriculum Document.pdf (https://v5.airtableusercontent.com/v3/u/48/48/1766800800000/XPfEKTZh6SkGhxydoQUACg/z2rHPIxjZ0VgKPsfI6D-ASwr5-CcYLr9eEVJb30nlQxcj2399VO39YX3FP5wA3rdPsQlAYyZnzi-UimgCBomRm6_DN8ZwzvZLr_aF6-8d1ypqvy1LPFDpEy7zt9m3k7mfDGRl_SDmJNREZSm9QDD3GqT5tJoxc_CYMyH2jQcN58/TRn3JE_V-DoNETKPPtKIRtiin3jZHvBW1sYLiKIp94g)"
103185,Upholstery Cover Fitter and Template Maker,Occupational Certificate,https://allqs.saqa.org.za/showQualification.php?id=103185,NQF Level 3 ,72,FP&M SETA,"Assessment Specification.pdf (https://v5.airtableusercontent.com/v3/u/48/48/1766800800000/GexC2yPiZuLozNKypQJcPw/eSRo-PBRXfKQ9WpfVcgpcA3RHrDhkipnVUX2fpX8Nqqw6nnCwWoOYRD1Lu40IXAt_vzz1cZKDtCmnw2DedQw-e7FnGJBtdj_vrdDtjHvt6Zuy4-d1zgPI7NuEe0QIQgN6ifaiOIPv3JGJbB80pxBd37JBFWrI5nM9nfJDRYLj7g/seCNB3l95oT7Sj0aqKOHehbqyRLGx5IQLUMWLskLgp0),Curriculum Document.pdf (https://v5.airtableusercontent.com/v3/u/48/48/1766800800000/tmJbwODsyCxRCb2ezegELw/DURgEffJugRepMGAZEfWcp4M8whRe_Y8iS0WJkyYiiJek9VOSzFlhL2jlw-r9bWixDlL8PxDlcm69WcVSD-KtgE9jGtOVnxViekccIIjcUTo1DxIxkoqIIShvbCc5NXfhDJ14BXlPQePbdBedjg_aRSGv930YymIahIwSsfqSRc/Jkv9UVg3t7z2k8C55fUnpQZWUXuXXNFFumIslCFEk7A)"
103200,Upholstery Frame Preparer,Occupational Certificate,https://allqs.saqa.org.za/showQualification.php?id=103200,NQF Level 2,56,FP&M SETA,"Assessment Specification.pdf (https://v5.airtableusercontent.com/v3/u/48/48/1766800800000/WVGv3VRAHwPy9kiNCp1iKA/nnVln5x2wBsj5X_qmmqB0I4TgSctMvkpPQS0TnP83yGEEg0fDMYsS81kl2YtJBiyADC-pFKUmvDISOfK_eIsubi4OjMlgfiptEwMOR-mFH870Lfse_fl3qNerurk6LjFrWMJ8KPq0IjDZVjEJu9k324Svvssw_GFfjjKj2GkHQM/cCl9TwtP0N8Qy_v4Pzh5_vFpmk_gS_upLncZ8iXqHqU),Curriculum Document.pdf (https://v5.airtableusercontent.com/v3/u/48/48/1766800800000/mB4wrjZ0KSnGk1aKMANyOA/hAk9BqEDVYaz-AISSUb141K05TeUiBWMifgukszbfs5oU2RcH4MMRyYqhnAqbLZr5Yyjdp5-KQFCm3NR_SJS2OyxNhITa_buZe7RZMcLu24dv99dzkSAJWo85unAo5I8UVAVi6Fc3s9ApfUZnBMgM7x69QEDxSArsh_0xluzJus/igvNiuStBuyG51dev78Y-rscEx_yMrNZM7BKG7qdDQc)"
99700,Valuer (Municipal Property Assessor),Occupational Certificate,https://allqs.saqa.org.za/showQualification.php?id=99700,NQF Level 5,120,LGSETA,"Assessment Specifications Document.pdf (https://v5.airtableusercontent.com/v3/u/48/48/1766800800000/ZSK2U57fiorEdIA0JUkhCQ/uMiFenuvepFwGrUi0dCLsgq48QEmFSfgvWJY9FTmIT1BbEIaOHqyPJFGy5PBb-xlxu_5IsEnw-v-iAFcD5uYSDaZ7Qw0myxiVwYfbXyMh7Q84RrbCIiz_RCK1j4ZiT9I0YyKZlUjvfL_it7RLe5VsCNJKlxQBEKvPV8g9VfFwdg/8G6jXNcsPeSdQwT2mUi9FznIBhyrr0o2aOJFH3frkew),Curriculum Document.pdf (https://v5.airtableusercontent.com/v3/u/48/48/1766800800000/jJbDmboL9CK_a4fRBd6Jlg/tR6Pjk3OpwHcAn_oS-39YTzFTquF9J5ANiKprcFgOd5gvp2Pz4J8VNo_frWtMkzUvMgFryUDnETlTy3IQ6A3z95gi3BLJeML6Ag3gjF7uV7xtm8ZpYX7WgVKdw9vir7LOY54PZwOv6e8OhSwUNVhlwpP6CUNXV_4MpWK8xP_FTI/6rBlnDw54EcIJTHfKMoBOTHSCViBrTWvG3F2XRShDnY),Learnership-OC-Valuer (Municipal Property Asssesor) NQF Level 5.pdf (https://v5.airtableusercontent.com/v3/u/48/48/1766800800000/w9VUhBCmj7T3bJNHEg2spQ/jWU4bFRZxkCxJsMj2Rd4PxVtk3ewg54_dzoZ7rfFBQbHfhL5HbWHOTyFT0wwvV5WxIQeT2DgsZOqHTpp8S1SyIOub4NEYs2ZjOegw5risiMbp8t9Ux8T3DECeuo79zXbMmxmfmejzFm-D8oaQ5dTb5p-tvxnI8MB6LF0uT83gd-xAYxOO7FSNPgFztmeEDpWbnqPfHK4GbNUafe1JPkGMw/rCWptgoZdz9Cx_1mFrBWYGi1tBjLzJNky0vjGZ_GgLo)"
122488,Vehicle Body Builder (Metal),Intermediate Occupational Certificate,https://allqs.saqa.org.za/showQualification.php?id=122488,NQF Level 3,566,MERSETA,"Curriculum - Vehicle Body Builder (Metal).pdf (https://v5.airtableusercontent.com/v3/u/48/48/1766800800000/_Q-mMYnC_LR9b_d_A5Pcjg/JnIQOMZXd5dgx2vOwrIpfvf70Mnom2ZDlZSGR-Iybw8u_Y1YnY8x1PNTkvMfHV5uaNJiGTCmkMkdOoq8ywOXQ-BlrFppfLbzZE52QPk7gTfILJa0kxmAvsRsPaPBf6NjqHIOv0-LnKAnld85pCabG8lC3SRl7-crXqt_fElWgnkMx32fJw6lq6dFvMqMlZtS/1O3RQJJK9xdH1uPMnCnaXuySS21D-IGLXA46yDKWVaA),EAS - Vehicle Body Builder (Metal).pdf (https://v5.airtableusercontent.com/v3/u/48/48/1766800800000/RyvLvgVwNFVUsQBaz3lUdQ/H_PGXslqPWvHbMVDzIvYu-M2yLqBL9CnTwxorK6XxuT2ft2XNQf4_TkDn76FaiGEvjPxcfCczX9zONG9c0tnfCPivSgpNylGsU9juGiD0NbKpnsF3RnmoacTvf1pzlaqCMkTtSyRvEnyMF_8PCVj41mb39cxOHFoAquNgSQKoKD88rSvm-Xi1k9K14mtOtoR/UdVsL_t9I_mQ5rjUtiUuHFWFoXP2sFdXho7gmN8YBYI)"
99507,Vehicle Damage Quantifier,Occupational Certificate,https://allqs.saqa.org.za/showQualification.php?id=99507,NQF Level 4,504,MERSETA ,"External Assessment Specifications.pdf (https://v5.airtableusercontent.com/v3/u/48/48/1766800800000/tHmOqn7tgEPznylRtMUZCQ/etu3X355jXJb71vJN1hwQukeQsjfuusw67UH4hTGVD9jeIzQ3wE2ccAzbaJO0xmHq1y5VmCcVp-BRpastip8hYMTVPqaxarMIGNwVbjdgh0MWpZt2v5zIGlJblF3k0-0r2oeRNE-X1F1A0P1DgbehL2-XjU3PksN8e61HWNpHUg/2S66Ge_lQ9xHY5760z0dIEuw8mZ_G1EVdxeRYPTx3BI),Curriculum Document.pdf (https://v5.airtableusercontent.com/v3/u/48/48/1766800800000/QgaOTuYcG1CimQazsdys3Q/GjbQ9JfULHFjKgaDxKDNDIvEvJspMON8AWyo04TO6JCXln10pRBYbDgVVz1pOiB8xSdf3YuWU4UVyb2KwHtNWQYfBAFAuVDbz70W6H2-xviJHb5fXEU_qwGaFO71aKcndn8Q_RalZvkhtpaAefdIUZpsvxLMEUPq104cFIFDfzE/u130_0kxflphAsT_XRtMg9oPaD1EJmEzosCKsXpCu8A)"
94182,Vehicle Painter (Automobile and Marine Painter),Occupational Certificate,https://allqs.saqa.org.za/showQualification.php?id=94182,NQF Level 4,366,NAMB,"643202001 External Assessment Specifications Occupational Certificate Vehicle Painter.pdf (https://v5.airtableusercontent.com/v3/u/48/48/1766800800000/C7dC2qgM0CrYbrOchSfr5w/f83YOSJF3eArfls1ZigFOkyWkBGg9Yu9RqlivBWom-q5S1469X5X8z6bo6X3CQsfMJhA3ticrVorT_h1GP3V7kkW8QDKvVfDF44oxQSPa2b2l_i-QGU_EDF8m2keu31jN04r5WsO7-CSNtMW5Yqv_UFQIKeGGyBdPwG7mOVz5yyb8lSoFWVM7wHZ8e4gQSawnCdmeQzoIis_bMjUc9lDFdAu5oEDND3jKAez-BV2NWY/K1Sm6tA3w7nqy9gGOhDTgY4D62KnlhSsGMgU4oAeVug),643202001 - Curriculum Document Vehicle Painter.pdf (https://v5.airtableusercontent.com/v3/u/48/48/1766800800000/SPL6g2gwkn3LiiUtEeC1Nw/CjK6yqqIdKR1zLpDfh65u9lhk-qU52HhU4EZ9L6HeG1zJMNcOxj-JQMnDOC4GRAqM486jgB8kThOmGjIsEHNdVXVI04hnxeKpAVkhDHkt398WdkEaRur8CJ5_ttSKylpuqQOaDoFdRwayKWqXthF4W-UzHeKhWswfy-1fUHbq9aiyD3EA7VGQnFqmj7pJyx-/De3kDzu7nqVdI8u4x4s9IoUD-hKwXw9iqnJXuGmDNvk),Learnership-OC-Vehicle Painter( Automobile and Marine Painter) NQF Level 4.pdf (https://v5.airtableusercontent.com/v3/u/48/48/1766800800000/WPkdubNlg81Yzus19Ld6Ug/HSaZhTsIOC9BKJUTZycD1wTy8q4PTZ0Wmyo3JQLRX03gUdzlwAe2vNvwEA5KMkUnRD3Z98_aI6hNPMZyvLLPLOkrtIgyTl-ypYe2hyO9VCJJdtFXLLWf_coqVWcnutQEFLea0Deb1AJ-VTcHFQDB4wVidPuGzlNJV4LX-exH2mBkb2FFX0CzKap16pjnZ1I2Yb75_2An1lS9S-po2h0u6w/-B5XkLcm_i4zUoli4xFdNTc870VcTxxqLCsQeJfW6eA)"
98990,Vehicle Trimmer,Occupational Certificate,https://allqs.saqa.org.za/showQualification.php?id=98990,NQF Level 4,560,NAMB,"External Assessment Specifications.pdf (https://v5.airtableusercontent.com/v3/u/48/48/1766800800000/3pLfuGXi-DBQOrMw6ZP2Yw/RcFRP2hmkOkr_kDYHJsJc_ZoS0lYb5wy4pght2MDydHCAoiKgLCcj36djSFZLqDeo_5hMgMi0AGXdFvgr4pRSa4WQKAYVZvlb-Gm4RHgezpgF4u2a2FsBLkieH9a6qdRY2xYM7I1LrCL0PUoER1E0jhdGXsubOVLMSLin5cEE-w/jB7qcMjpe-300Yf91ehJXGgnSJtOPYyWyoac-R1dmw8),Curriculum.pdf (https://v5.airtableusercontent.com/v3/u/48/48/1766800800000/g-DtT7q0PbAFfE1-3DCbRw/LEkEm2wH1Q-3-NHvzXah-WkHj97IZzV_GokEcxA5Kg3-Qt53xAv61guodK6v9qMryqCMm3uHcN8VeB-Qeq1ke5_wVLvtqbfRh6VTGZlNGPSMn0sgeLSSGIPUzSWSBrQW7Tn5CUDicL1uld37uLIbkg/sTRXOtCBYODET_RAqk0-QXDGjOmx0zPT-E-RwCmt2GY)"
103273,Vessel Traffic Services Operator,Occupational Certificate,https://allqs.saqa.org.za/showQualification.php?id=103273,NQF Level 5,168,TETA,"Assessment Specification Document.pdf (https://v5.airtableusercontent.com/v3/u/48/48/1766800800000/dDolgr-ZKpVX6NaBhYbvKA/o5fnf70XmlQeQaJ80jzdXIejUeustGMv0AvNGMM7LsaqU-Qc0-NpKByLuinmPwSRoV-kQCslwIOVwnIw3C7nctQ0vAV0obT8E_mUD3fS4x8t4qD4-7r4Urc0sD4WEEs9giNiHkE_ruuj6_euVGbm32217tB8_tfZ8CO-ERmESxw/Jyq5cxhaqEuOc4pJZuSX-cxwW7GLNcvWkVatWHeoY6w),Curriculum Document.pdf (https://v5.airtableusercontent.com/v3/u/48/48/1766800800000/VWEBcOFCWqmqNTfSfeT57g/_BMTvcLnH6EGwgAw0h_2SLbUDVL-mNiwO_EOG6EcXfn5EYRSSK8VKjIYIKt3VmILW8lcQFYFeIIKXQhjl5WJOYCnxLmiLyN3mhIcAhPe3aYTs3vvJ6lLczfqYi5DJxnFugnIzGtDwt32Z_PjGkSSpaI3yFkXCSk3NIouLessEWo/GoYhy6Q7Uzq4NxU-hMcECAWn7tSnyR8T8pDKhrMx9Ao)"
117236,Vinyl Floor Finisher,Occupational Certificate,https://allqs.saqa.org.za/showQualification.php?id=117236,NQF Level 3 ,165,CONSTRUCTION SETA,"External Assessment Specifications Document.pdf (https://v5.airtableusercontent.com/v3/u/48/48/1766800800000/uDvYpPdRFQVLChoqpOIiDQ/HlJtj4qAz9KWttB4WakfAKfTe23PD5mQ4gmXWc58GwCTsEzavK5Qere7SAH_hZXzfv3TM4OZAalWxSxhc4GHkEQ1N82OUyFelQeA6XLvQu07cv57BUbUPrV6C5YfNNUadhNL0l_RmBrvOnFZ3BV8aABDYt2ahMPMh6x_GZhI3rpBbxX7nqIWiKOepeH5CDKd/QWnTuJv63kurdto8XSeiHZ56RPLDfMNH2IGf-bk1Mf4),Curriculum Document.pdf (https://v5.airtableusercontent.com/v3/u/48/48/1766800800000/M5D7UTflxnCq5bb_2cmkHg/5omG4lYcjlV7S5fH_vgQzlKUnUA3ZkS6766w4oRLORiHIY1PuLlrrSssCOmZMXmkGYaorCmxGP4FxpFrKSQMcP3AYLpbl732wh9seEJskMztgB79uVcyQJWyfg6YGOVd6WvjeNYq72nY7jPoof_dWq78EGv1E6lqnbJ8Y2fK_V4/zedPOHUehVUVMVyGnpbwDW_Mb1ioYUfqfk0LYEtFNZA)"
99688,Visual Merchandiser,Occupational Certificate,https://allqs.saqa.org.za/showQualification.php?id=99688,NQF Level 3 ,30,W&R SETA,"Visual Merchandiser-External Assessment Specifications Document.pdf (https://v5.airtableusercontent.com/v3/u/48/48/1766800800000/j0zz1ra0GGwYMjOU9WoT6A/ytT7suGhBP5u8VeUu5Z1l1H-zK66u8oi27X8Yfu9kN8JgnmUbPhKZDaYjdA65Vf_BgmAocNmyussPj2BUJXUngg5I64NCios_lNaDOZeejSEsB6TMCeq-uIRq15cfB-pkTNeFQZI9CUma3qqYi0Q63flWlamxRJz1XkOfQYy7QxQ2sxay0L6h61ChbiNxZEMl2A8CF2COd2RlzqgnXLV5w/5BFPzaKCZtXUtuNX2wsQDV9IR4-L7xW2J7EYGB-Cf08),Visual Merchandiser-Curriculum Document.pdf (https://v5.airtableusercontent.com/v3/u/48/48/1766800800000/NSF4AciQlzBcL3r-Ecjzng/Q-pZNRgCccqGwsLCrxklpY2lrjF1T1FP75meldzrWTKZ7uyeugYNQz4KnKBWTEgazkOSbwl9sVjfI4lhlXqHghYdzgEmF9Kr4VsPAvQq4mNwy3S_UWT_I-cYb3afF-Reh-feGufcU-mx7Sgb5rFIx4-SUWye_oXB9U9ygzqr-Jf_gLS-MUoojStkl9q6gewa/y54jDvncDEfu3J6nCDlZYgZMqw06TZUtuYZ4zbuPOA0)"
101867,Viticulture Worker,Occupational Certificate,https://allqs.saqa.org.za/showQualification.php?id=101867,NQF Level 2,66,AGRISETA,"Assessment Specifications Document.pdf (https://v5.airtableusercontent.com/v3/u/48/48/1766800800000/NEUNzaQV_5l8FAxEm8-ElA/DQt1C3K-c6e5eLgb7ewbyK4mGzvKFt25dtxnKU0nTCB7AQmdpSJ_Qg7sVAiJT5dvJ5OnuTDb4mII4VwNlzJpYKDVM4pqemqcLdyGHdlrKT37N9dr6HcPn5VRHaFaluimkajWAd2j76EAqfUGKqDT9ciJTwm2l9Xh77ntqPTGgX0/xzywQ5viYdYcZnbYVf2qKcqfOP3KZ7TFuXzmKWYM2XQ),Curriculum Document.pdf (https://v5.airtableusercontent.com/v3/u/48/48/1766800800000/bN8pH8i388y7AxO2hifhVg/rGG3bNjUcpnvBpzkQDuS_BGT-hvTJFKCpXWKhPdBcf_KaXe2Vr90droRez7zm28xsUkTRANx5aT9Gz6JWU9N72w1p1f8H8Ha-XSgzpfnsq0GmBRzYMfR9yg4XvprJkq_wDBhMQLjRDeSfiWyV9e1ovTbBBeWhlrHJkeJzYhfV-E/VFDR8rXyNBKsBtVuSNOWOIO41zzF_yYv5O5SWUnKcUY)"
101371,Warp Knitting Machine Operator,Occupational Certificate,https://allqs.saqa.org.za/showQualification.php?id=101371,NQF Level 2,170,FP&M SETA,"Assessment Specifications Document.pdf (https://v5.airtableusercontent.com/v3/u/48/48/1766800800000/iJ36GNFMaR1U118d2mVfDQ/ReYRjxu7ZXZZqhC7UwUaBTHBK0pzNhXMNPoHhHSCTighmleS898KaTogu4_ve7avsOtF2UVgVah8tBEHu3MJfQ0u-bOJkBnt0KTRZ4kQ6IxDRF2SNcyVczbzHzBjbgZQjghuP5P4V0kikCLzTUWjsAWqrMHlpnQ2vK4rVVVXO2I/l7GVbSNp_8atnpRUQrBYtB40FqSg5ajdHORcyuRhuN0),Curriculum Document.pdf (https://v5.airtableusercontent.com/v3/u/48/48/1766800800000/597v42SSjPYAkd0UXWBX9A/SvWVGi9VOtK2Whpdkq-NT6jnnrCbjt8nrvVOUh6ldSGT8B7f_mCWtKRGI6rzLfYtm894gCTtM3YZepcaM1VJuJWwqp7UTyjCnWq1ZhlJ2dpoR43BstbKb3uxa8UOUiDGiZc5yB08YD-HRxVHm1WTWNQIjnHeF5tefbJQwBiVW-k/TNici2Ca-62H0AZVrIkFpM8EYtC95k4irrxeLjtxqak)"
101364,Warping Machine Operator,Occupational Certificate,https://qspe.saqa.org.za/viewQualification.php?id=101364,NQF Level 2,284,FPM SETA,"EAS - Warping Machine Operator.pdf (https://v5.airtableusercontent.com/v3/u/48/48/1766800800000/ZyK3UQWY76Lj7VLXsMIW8w/yD1hAD0H9-lGYNiQk4EgPqiajq5jAAnOGGCeA9h_K3_1QRqfYNSMpymBazDR87nZX_awnev-3j2amkgHgKrVRpWN4k4fLbSn-ttVOgEdozcTVVxyfeia3ZoMZQxG43eyfsjI8Jk9R3QFOwXdXX_J9mNYHmnaMoGcNTaKlc8YeeUR8NYW_H6wgM4MFJwU_-9U/BE0OBActftFStzqzxPuDTitD_9TmDlmZmPeM4s6Zl0I),Curriculum -  Warping Machine Operator.pdf (https://v5.airtableusercontent.com/v3/u/48/48/1766800800000/oEuFUKtiEPLC43hTUu7WQg/WFI8GwYBc16fvnffphIJcDY4V3ykumORNCSL8ieGjhYzMDOnlPmmvHWg_155kJa4hUYFWqgK4NiUsATRwyG1_eqsUac1m1s8YPlIm43ZC6RDFQKauCWu0KD76UbjEBamOPL0bRxCpXNcKfFmcUkipqyWsqUO_Z9cHT-1S172ETagkIIpmIfpjw_duOuXFSa7/UUwfDeuATTDi-kU6E8C-J8C_kt2MZgON81BLBItaLOQ)"
121336,Waste Electrical and Electronic Equipment (WEEE) Collector and Sorter,Occupational Certificate,https://regqs.saqa.org.za/viewQualification.php?id=121336,NQF Level 2,30,EWSETA,"Final Assessment Spec WEEE Collector and Sorter.pdf (https://v5.airtableusercontent.com/v3/u/48/48/1766800800000/ATnSW6Ibf6b70zaomMzldw/6jp5Uc35SY17OczpCeeMmfyyywAqMyoaq8A9_BsWt2Xj3Fy63jakwww4Sk7Fo0yAEz0UrmBr5AMluH5BCQHQbEWkVWhQ0lWh_Jfd-wCpack-C4VzpRBC5tkx6sJEGhUkNDHRTVRn_OgnVhlmsEOXBkJZplW1_KGxPxVBvXz40_csOy-9tI5kuhn1b5ZGVeZ0/moFqT8Owm4JomfwFJnvU1IVRL9hkKtwFicgvagNGRAk),Final WEEE Collector  Sorter_Curriculum.pdf (https://v5.airtableusercontent.com/v3/u/48/48/1766800800000/EY1X2abZ7LZIFvEkroUMPg/tOiICyVrQgQSZ7T0OKeOYHMAXPax2fU-iNq6p34O3xvbG4OQo2WRfXYYjxUkgU2JEX6-aLR-Zwe2aRigxhGpaJcq1LOC-VCYrbi-0X0P9hD030eS-gGR5Pffi8hW1FHgDss_EWk8j7PXjSNsknmHZ18mRela-v04LLvhyUw1UNvhx3GmB4Fyhppm7PpROm_y/eYXlTiDWAiXZf9IMA-zvIrxDRX2ebaG5__o7gRQewgQ)"
121160,Waste Electrical and Electronic Equipment (WEEE) Manual Dismantler,Occupational Certificate,https://regqs.saqa.org.za/viewQualification.php?id=121160,NQF Level 3 ,80,EWSETA,"Final WEEE Manual Dismantler Assessment Specification.pdf (https://v5.airtableusercontent.com/v3/u/48/48/1766800800000/zduUDS4AHldOrhXS0j27Eg/ZQ6OwT4jUq7EgnKo2p5MMMHT1KkokCxKzxGh1TkLj2wxppr4F2iAZCcibv1iq8_fLimBhRo-zaayPRDI7ha3TAagwmUtOLQCscr2Kff68AcLZ5LfOs1SEKRkDPlZ2pl3l_VqesjiN73nFpQD67cw-erpTD8qM2eGeqcS56iOzgydt5mfTgSyw2xO74ykKAnH/IV8vn2fWf_-MaCanOKlL7nfianvnDhwwr6RlaXjIOII),Final WEEE_Manual Dismantler_Curriculum document.pdf (https://v5.airtableusercontent.com/v3/u/48/48/1766800800000/ARtYegULt5nlRWYhp0ckVg/05plVG0uNjjjADUlOsKrqrzJZdEDQGfdhI9FkQlfjoCDNbCFzBpuupm1xrzHMMDe6uM_-PTD_DdCWuk00St_W2iVgR9EYH1Rww_NHFLwSk3aaDUwmBwm8RyiUGgWRkIb-iyqwe3AEsa4UtVNatwwfRanM80ozK3tr9qNJ99FHlbS7egmylMYM2zEhnBuuPNK/nnUS6vtpU8soLbg2xmqldJUeXLlaIUGS4cZW6BIxrm8)"
121158,Waste Electrical and Electronic Equipment Small Business Operator,Intermediate Occupational Certificate,https://regqs.saqa.org.za/viewQualification.php?id=121158,NQF Level 3 ,154,EWSETA,"Final WEEE Small Business Operator Assessemnt Spec document.pdf (https://v5.airtableusercontent.com/v3/u/48/48/1766800800000/trxqv9QEZHF_eICb7qEU6w/kP_7GsbRxSfxAAmnqDmNS7zEi-FdNRiAgw2FS-mxanmJlT_scjtLT-Ud5Ryvm8OFRgVNc9PCvuW1Tbpcs2lfa_1uLmi-viSfV20qPW0kC0gZXFvB33bXM64vLFrxGDEKWne3m98fJkPunwenG1Du8dOAOZWnZVYhljxj1JLsFTUvQRvNU6iH-p8UyTNtCUmRtzKKfWrRrBziPOlLhK2Yhw/by6_XzpQf7Y5QokoCvBZVn1V7G7OOnvS1156GddFeOc),Final WEEE Small Business Operator _Curriculum document.pdf (https://v5.airtableusercontent.com/v3/u/48/48/1766800800000/YmFZg--0jVIPgxLb90mr8Q/JPjokNvL8YWMMPgknIOagvM6Atf6GVAclhfvzWTl9T9Nsj6aROa5sTgP1zwAxJUZnTKT-h86TxBMXIsyag7LjlOeP4gdWXMv9e5b_FIx9UOWF-fjw-tgGAPFGzuD3skx467RHvgUxJNFogoPj96q4Bow5fLCNgKrtK0YSQSLtDwjXvXMqNRP5fnB_rDjfL-s4-Ho4TOSzZ7WBW4R0hn_PA/A4bsSTDSeXqb-jvXz08P7vpLjXR2HrJx5oeqAehOwaU)"
121025,Water and Sanitation Coordinator,Occupational Certificate,https://allqs.saqa.org.za/showQualification.php?id=121025,NQF Level 6,225,LGSETA,"Water and Sanitation Coordinator-External Assessment Specifications Document.pdf (https://v5.airtableusercontent.com/v3/u/48/48/1766800800000/PgbpellcaSxpVN_63s6I_g/w1Ee-_-MaUK7WArRoZvM0EqI0zR75kNzU7sLJAf8LhctevwHJFh61PWVyyjYBHBjytl0zls4WNOXx4BO53n8O7tSD8qevqXoURUCh7fCThe4oBuQNWZ0mKfb_1t0PNfjKObqUyxuLiqBNagjlIeNxQL3NGl4MDdnMi8G79A5FLI-zgm3ePCMM9itPlAmMXSHhvpuDqPIaSDs0Bjl0fyc_QN3QfgoaRHr0JWPsoeJNjo79cXA0hMik_mXdbEQtsLm/JH5F9DKluJrnvl-ZfJW-pV22J5Wti1whdTz7xMTgkMc),Water and Sanitation Coordinator-Curriculum Document.pdf (https://v5.airtableusercontent.com/v3/u/48/48/1766800800000/9nmuwy0r4FeCJ_b3D986uw/NAsVCqkToM6-yaviF8E_kv7UfdYTIc2DGaZUQMUByYBEDS_LVz_tJbWfpVtDq42fNBlbVD6NUf6jY_kQucslvdkvSaZpl8VFMXFbFoSx11dqCKZDEWl6osA9sQe1k6kLlk4A1yJAhxGUNJjA9iwnoQZUJM0UqkBZ-1673s5fmVlrF9ev8_iraG-mWS_y01DxYlHIu17GMAvdOGZbFjvQWA/76LSblP1rxFUfp81RYjF_jRTQRoZ9tgeB6EDAd9K3jw)"
117010,Water Cart Operator,Occupational Certificate,https://allqs.saqa.org.za/showQualification.php?id=117010,NQF Level 2,46,CONSTRUCTION SETA,"Construction Plant Operator -Curriculum Document Version 1.pdf (https://v5.airtableusercontent.com/v3/u/48/48/1766800800000/OnHHi4jdkXE1gbpxx8P9Gw/RvvHPbZDxO8ru9jDIudrvJGqgzNeb6VtOU_cRazCLy5Rsy267bEglVwuFC-6VUakEDjD8YkVIx-PVdcf9iE21Vxvk8W4edXVysrMyylWHcfDBsszEuM7lEASPuIruyNHk7Lx8vnShrKQ2RSE0kYA5LNI89Gn-J9b2kztrQl3Zmluwq14oZMD6TWC4zrQeEzpoRSKYRVQWFTbAJeC3FzZSA/vdTZtMap-7zIeVk3R-lGXQw53pFVJ9_uqrY-dBhYqMA),Construction Plant Operator-External Assessment Specification  Version 3.pdf (https://v5.airtableusercontent.com/v3/u/48/48/1766800800000/VHyfWwRDDVuix5tWpMlAgg/W3eTD53m68cgVCVpKy9sE8LBMtcTkxWuK1jawlmyzuHZlzj5Kyf5KteTQi2-VluxeDDLN2mPF0aoR57XqAfUpf6HUaUPI7QdNtgOO-Q7wwaOl7r48V2u2kZRDi7gnC069kZ6jvP_BzBqLn12iiT1hkFw-XRnn0foimrFWroDMy_a5tzELkGbjImzEmRQ-Ph445FxIejmU2z1tuwYL1eRX5p7Ot3PGsLU0uOuISc4YEM/aETASGXdKlrKuwoFqbgPAHq185UL5tlQ-lafJzWTSdw)"
104623,Water Infrastructure Manager,Occupational Certificate,https://allqs.saqa.org.za/showQualification.php?id=104623,NQF Level 8,304,LGSETA,"Water Infrastructure Manager- Assessment Specifications Document.pdf (https://v5.airtableusercontent.com/v3/u/48/48/1766800800000/mZlgSnn4Zj9-fL8aTX_53Q/xJuZ_TNBmq8tNOLHnjjb4onZuo__eU1f4A_-d-rDWH9S5Cx0hRRC6x55Pp2L07mQQUqe3uIDQbD03nYUAI05vjNBf8dMfpfkanuU6wZHDKYsmB7LyQ8RyGHDRJH-IWzk1U0bLclHL9OF7v9cd3YZ6CUknOjtzRP3paKiCVgy3tlNb2l11ryVRE5ny6eBlMuVsr5qaEuaQXOlMeS3jPsymQ/2OwqsibCSo9Y2res0zsUxieNeKL35H57kObtXU3yqxM),Water Infrastructure Manager-Curriculum Document.pdf (https://v5.airtableusercontent.com/v3/u/48/48/1766800800000/7-6EKkw7RHE7te65HqdIZQ/iSX3onDYeuBfeWmJnwBxQ2tLygFdePuLVWURm3MlFqVnbjhGFjXnuaenrIcFwG0VSnqsyXMWTQuw8VeOcoYKaOm40hFdPHb0SmGaY99H5QgCeBQkn2IHBMy8Ik0aJThsME7y96fsDnu1pHFMCuXeQveeo-qWCyrWwwUtpVhZ117yFPnj00hKdzGXoNQhttax/30pEl2ohzXO2IzNLEa9mEoU65iQfUN0rt1YGjRDGp3M)"
102255,Water Process Controller,Occupational Certificate,https://allqs.saqa.org.za/showQualification.php?id=102255,NQF Level 3 ,181,LGSETA,"Curriculum Document.pdf (https://v5.airtableusercontent.com/v3/u/48/48/1766800800000/ICw2M-wXQSA-LTsFRwIE1g/PGLy2ttY6X37x3pAjMwEJ6FserEKvvbu0n6Qi7szGQGI7pJRY3aHNMyuQfpxAejVR0MbSzxj7xiItSONFnQKOW7Vvdi_cE6MLYJEHcD__br0pEMSvNTPrYna3Rs61hOhZizzgD2Z6PLtK7322t8j3z9ZW-kV9NhL8FkaAtg3Nes/rOcDHaiVTaj9D250WTgnpfPx32gdkSC6XOA__0gBeNQ),Assessment Specifications Document.pdf (https://v5.airtableusercontent.com/v3/u/48/48/1766800800000/eeH3rIlnul-jysqnC6elZQ/0qRIrlQd9J9LnL6su_uVgM_gHuepxRejtxnM3OyPYg0ecfTiZPd4m1RmJyWjJKwHtAao7drG7M4RjHz9M_IjWqseHDbaBxbwmcKiR0-GSChwr3Z4NfcEabms8j8W1VUcvaCK1_ftNerK9eTJ-6yK4_JR2gvZsdpUYmXmnHGIPOY/eYK9UTeAoq9V8A76oeViDO08T0Wf_La6XEgweqr3sNo)"
101471,Water Regulation Practitioner,Occupational Certificate,https://allqs.saqa.org.za/showQualification.php?id=101471,NQF Level 8,216,EWSETA,"Water Regulation Practitioner Assessment Specifications 2016-10.pdf (https://v5.airtableusercontent.com/v3/u/48/48/1766800800000/EcQyXzvaPqgFd9JErtfBGg/7xxBps25MF7Zjn0k0_lCh3XtpDzTg5Mjlf8zJD4kdu3sHFkA8PIDWMb_kpYLYNCHPKqe1VaBttu_K4hgOsRuic7BiSeqX3uzfMUYbSpZExrB7Jt_FjyzV00IgDwLfLeFcbZzbplwKGPmNeonw3IyNCSbUq6ObfohPg_BdS37PUPMZhkDeQ2-_apu5yfBIPo0If8BFhx9mghx3uOlUyb4Qg/EOAW-BBFJ9jx9iT-s3YH2isFvdfjOmIENDWa5Qi0gkg),Water Regulation Practitioner Curriculum 2016-10.pdf (https://v5.airtableusercontent.com/v3/u/48/48/1766800800000/jeFSJ70vICgrDlIQOCFBLQ/iD71A2mQRjJ1ENh1GzEL3FtnPJMQDkmTZ-U-crSV42smZydaegxj_YzOcxF_D0BWjL5evk9h8_n3kOpW2m_44ng92xsajcQGZsFDIvIJ0JFfnR0CgD-7fZUAK9u_I5EsWYziugUilEyLmaJzUXmykEAQzXsOH3KrPjiuAYLaS7A7xjHiDXWRNZc6dCzms--y/56OJ31Vij-8pIJ-tbmmA1V_Emr_D8qbeWuGNd5YJ7io)"
102581,Water Reticulation Practitioner,Occupational Certificate,https://allqs.saqa.org.za/showQualification.php?id=102581,NQF Level 4,236,LGSETA,"Assessment Specification Document.pdf (https://v5.airtableusercontent.com/v3/u/48/48/1766800800000/vgzP8HVsrqWqBxMPfUhFFA/UiJLYeYQbVaY8d6xwK9k1a6PG2uyQghAB9zd1bPrwId8WBklDJhIRGlS7dPFDi2oi2KIwtLQRN4q_9KCfvjEXqiGYZ52Ts1HQ7u80DUTp5ZmE-3yr2swaTCegFw_Uz_nz1wokDNDW8tqHHkPRT4zOMjpuF3ldZ50KvTU3buyibs/7M3w356e_iBgW_s6VmuJPECpfGxtFCmA6b3bNRGsSOo),Curriculum Summary Document.pdf (https://v5.airtableusercontent.com/v3/u/48/48/1766800800000/InK4k-CTvg_l2nfn0fDFxQ/rX9M2QCbICScCv7HNSGHJ1mm4s0vRl5za_XwWUZQb2NZcrBcw4FChnuyXAwQuqEwLLywgdrX0mkQF2zpmiqXc6B13AzIZHHOgnW9ApvsgPwyoRrVNs7FHCY5l4NiyCvAuBBqWIiEscEZAksn-EIUNsWwTGatLMGI8OfzQjfRHHU/yJ8O4Kqqb_xx_qd8Z-_glX6MN0mviDB4RvMqZQftSTg),OC Water Reticulation Practitioner L4 236.pdf (https://v5.airtableusercontent.com/v3/u/48/48/1766800800000/i-oSKOVmez9akX8M1L53RA/Q2A-7C9TFAB2Zp6XKgd_17Uhz_0kj__Bwj8wG949plAy9uRyJC9kIkbe-s8uMhGsHqG4fFBoT4FKVJv1fgloqNJXGEPfrlL0f8DdS6ZW2t6ijcgoCRRCfWvO4lwUC0kC_PomAp6hpKNZrHVgn4F8sDzwMNW0wyeUrWkejl1SgxJ_oD6YNWIyPOnvkWBo-8Mn/NHy_SYhqdm4HT20nkf_pLoGe-qYUgm5Fe2AkrPrBub4)"
118808,Water Works Management Practitioner,Occupational Certificate,https://allqs.saqa.org.za/showQualification.php?id=118808,NQF Level 6,298,EWSETA,"Water Works Management Practitioner-External Assessment Specifications Document.pdf (https://v5.airtableusercontent.com/v3/u/48/48/1766800800000/429KXX89Y3JtzBuDs-2HZg/JDSgjYpJJ8or9v_HiaD05Nd4BDLpJnRSHokEw_2mQnZthRbyk3ezxMf530g3kl7qZpyXUHQFPHW1xt3OT8bjJcDjwu9eS-6sOZEhQ98EpTuYz8OqxqB8TwrAW6ENw0eyytdblvfaQlR2uodT2MkLzkZ4wykAjJZ4o7lLEbwuRtQWC1QyZfATiowDmppUfh5nB7aT9QzJEmjhDtSzOIYPy3em9mmNmq3fn5ftHLL6-5c/75tGxXfP3jx81pYZCJLUqYVSxtUGWPqo18PEdXq-7Vk),Water Works Management Practitioner-Curriculum Document.pdf (https://v5.airtableusercontent.com/v3/u/48/48/1766800800000/sQODPrOVK_cQxwVvm_U0vQ/VKkGEs4D46de2z16Zsro_28v9xyOVNADFhZ1Z_99xyGGF3oIajzaoGwm8oT_vYKezcgOxXWKVBWigVTTo-VxoA2EVP4_7NFdhaaD7Q0E9fwSQKy8LCEqR9fU1dvsh6k-mdKDsh4k5-U8Ur9Z-f2IRB0lqRa0K--jPK_1Nf8OE_HP9zMSczy-YqumUM2wRjoP5JO4bKlmjfY8tJMVc7Q58A/6Cg7nM6sckICvyCW5cABUZbUkoEXOlzNSZefJhjlBz4),OC- Water Works Management Practitioner.pdf (https://v5.airtableusercontent.com/v3/u/48/48/1766800800000/SFtEyVB3AA42fM6_QkaX7g/d7R45bqfS98Vlz1M21yr6tpqRqdrYGk-arONOINK_IDGNPWMesoTO8REIlbnuZns6VFwenJ8bTUfXJ_6fTPS0BoYgUEQnLmv0rd5QA6OulneSYpAYw1gpMIrttNJdSaN6IW8mJ7tGmqA5juox_sEdup26dg2fotwXpGEmsnr9R3Rjp27d1fIk0geupGHOWWi/8KhR9IszC0i8JnpmoRLOojc7aFiHS__L3MpOqFOvVAY)"
99696,Weapon Systems Mechanic (Combat Weapons Fitter),Occupational Certificate,https://allqs.saqa.org.za/showQualification.php?id=99696,NQF Level 4,543,NAMB,"Assessment Specifications Document.pdf (https://v5.airtableusercontent.com/v3/u/48/48/1766800800000/8EKSlgJgLLhNCDF2nX2GdA/qdHKAbXz4_10a8IieD5Sppk9h0STIMU2n43VldyUCVZfRvGgLa0rRko_D8hcirA891hCFU5NcYaT-AshuljJgQPoBASPKN0OlW351fEIA4dKlKJhQlopHcwFVnpAe03eXHv-gyZQIBj4fO_0gi8zge_6ydznEgFJ39YyaXu4vU0/hdA3vFwiSMHkOhjB2jeLbaPUqB30Vk8ZKUtE2lVUlJ8),Curriculum Document.pdf (https://v5.airtableusercontent.com/v3/u/48/48/1766800800000/Co8vbiOcigtpGrfe2Lgr9w/all_kLB8M3hNsWHK2uoQlV2ExoIlXhifSDw1IU1KtMl-YqAVKQdgTKv2CHBXuD8FxDZGggxb2Cbi6V_PPhNvVzgRNK0rGw2Dhs4yigXOTlXhO3d1SSIGbUJeTJ6vsqYCLFfi0_0gAqt6Pu4lRxevpESQ9WvuHVcMLHPPMtB9M0s/WQkS37S8WaW6VH38o2ZizBpd_SYtOAP_z7Swd8WIOoU)"
122469,"Wearables, Accessories and Peripherals Repairer",Occupational Certificate,https://allqs.saqa.org.za/showQualification.php?id=122469,NQF Level 4,104,MICT SETA,
101384,Weaving Machine Operator,Occupational Certificate,https://allqs.saqa.org.za/showQualification.php?id=101384,NQF Level 2,180,FP&M SETA,"Assessment Specifications Document.pdf (https://v5.airtableusercontent.com/v3/u/48/48/1766800800000/0peMlLt3dnuYSnvyFwbvVw/Hup0t69TK5YpvFh2r8tAigiL74ooXSPNzuwc9LHfOyFkzXwF8nLAHXYfpqow5Tf9oJ0PoanHJ-K2KtRoJyqVVXifPbf62NmAOo5omc2h0Vp2OeSxyP2zFXWtsJmuIQ96XKXYUlTnwhoGcb7IWxpOyrS8ohU6tsn76RlUsc_rK_4/9RU30KN6jGGD1kEob7bNyfYXP_q3frlVa6V0jkZdxnA),Curriculum Document.pdf (https://v5.airtableusercontent.com/v3/u/48/48/1766800800000/yEz3WlY4Z5mtRNwIXCWumg/KD8UDFAWi4IdzdXyFT9ZmBS4ZFAiuhu1IWNfdU2lWIAPJYtcI8NClB-I6sH_kqcgOtMTUJ6jeO_Ylaji-J4crqdjPMou_VAhL6BjsY65xczRS8TVniXKwDZW_A3Qr70bcwxJVPzxKWqtE4UfZS7CC97Ony_7j7mqW9ShIfGqcJA/gxIiXpdOw914xwKf3WQWl-P43CEft6fnADcqEMkmdb0)"
101374,Weft Knitting Machine Operator,Occupational Certificate,https://allqs.saqa.org.za/showQualification.php?id=101374,NQF Level 2,170,FP&M SETA,"Assessment Specifications Document.pdf (https://v5.airtableusercontent.com/v3/u/48/48/1766800800000/jLhuwIdEIZwgXPwASKv2jw/yO_ekm5DaAcIe9z4rt3LHY0nwHbjA9ve0A32ZWs-XfH0iJFV5ftJnFTIHDZ5F_cOHEoP9gZZ93QmQ15jKn3I8VwIxlNFphIR5d6ATCcPZYpEg_-ZcBcYcbQU5vPxvWT60oHimKAyy-XZRq1_rwPw9SEjKJghXKyvVMDoVRd1QeQ/lPQlH24yll7Yhcy5wuDY8SD6IuiMyUvRxZO15X0D92k),Curriculum Document.pdf (https://v5.airtableusercontent.com/v3/u/48/48/1766800800000/tmhLhNcueYYKQYShWBY7cw/14HiP4ao3Exisi16ncXD2sfs-dCj4aFQ0PHvLGDXb5mpQ4isfRBixMN7SBCeWW6639w8jA917cGY6DFKD4dN6t34m3pogKwJ1XHbYauW2QiYn4lWy1If478NVZjvFWXTY_GKemk-MbNWDPF-SKNXBCIlwfIEzBkvmaJtz_wfI88/51jP5E6kRZMW-RYktfqH5NbKNtCqZD80hvxLE0JkuFw)"
94100,Welder,Occupational Certificate,https://allqs.saqa.org.za/showQualification.php?id=94100,NQF Level 4,373,NAMB,"651202000 - External Assessment Specifications Occupational Certificate Welder.pdf (https://v5.airtableusercontent.com/v3/u/48/48/1766800800000/1o8hv0347pfO2F3Gy8xuQA/wheh85DL36XJTZ8rDzKBNAe8MnwUNV7-tY5IO5pFmX1xdL6xyH5TBPGV92IKOZUsb-ju6BDYF42WtASmqKTGvVfo_-R-GnkTpHQHM01g8sAG7aYsstksScfbaN_l98O-g5T0qEXg_aLAbMVW1uS0d8B9RO8kVLxSQHNSLAHQ9NhG07OfJJhlyO3LCscJqmZBV8ok3uMaWzDOoQLPYveHLdiqyvAjq6FoythoWlmaCsw/AdhPwewKdBM6ELI7Uj2I3axNXbzh6l2cZiDUVacHlC8),651202000 - Curriculum Document Welder.pdf (https://v5.airtableusercontent.com/v3/u/48/48/1766800800000/G90wwuws6SmUSPfCJIFB5w/97BqmP7UyRqBj77wWid099nxQnc24RkmbLoQ9-SIopAjRyXe9CP7R7WG_fUNnfOolgoWQo9EcI85kgL547_pLNAJfyKP_2yEwKsxc99yTNVxZWl4Z2ycQ0b3OtLwhFS1J6Ouh31sXpzm9bzu_3KwPNP79AaqD8sz6ghh1ADG-WhPwjUi2MNf3IayV77_G11t/vNMSBnFbyYIVrTVHZ0ywycCe4X8BvDzyu8WKdfdXEes),Learnership -OC- Welder NQF Level 4.pdf (https://v5.airtableusercontent.com/v3/u/48/48/1766800800000/mpdUxyBYmBxmGnAGhx6gaQ/iZyHFyI1PF_Ea-M1NxHH-cfbRDh0DSvlrhfASY9A9xaEbjg3GTmDOas8ppZZKWYlaO3pX6FYZRx9Yz--YJX8b7hQapJwps82DGtJ9TT66CNSRDhRDahIW7rInEg9hoSzys6x1B3LXUccEdYjj4wm_TE80p6GigIC1LAVpZtF-so/FC2VwepmE0wgNKAfR6H3MCwvW837i_F6QxKsaWaRtJ8)"
118108,Wet Mill Operator,Occupational Certificate,https://allqs.saqa.org.za/showQualification.php?id=118108,NQF Level 4,116,FP&M SETA,"Assessment Specification Document.pdf (https://v5.airtableusercontent.com/v3/u/48/48/1766800800000/XP4CE2M9dkrfkDbc59T0pQ/rc3Ooxz4Q4fsOY-r9wxulcm0x8lW3qAmzkFXKXRZoXwRG0I6J0ZifBovlomHCx89OEYVd91unf2lrc60iX7U4l97rDfJdfy3dP2OczJ5fXvmPs6agehAH7DDVvhA9L9MoprDHIQFIxSni0fDvnWNqzD0UT4nYCnrlHAYkK74vO8/i4FnBrrcf3jBRWeI4SmtiB-p3bkIpmaPuIcly4y5JU4),Curriculum Summary Document.pdf (https://v5.airtableusercontent.com/v3/u/48/48/1766800800000/eWOgzvSaM2Qu_kOhyiahLw/EdEyQfRP1tBOEhGqoNjO9uAb841C4LJXgoGIdimkOprRclA61Ky_VCBDbGqAi6weRiCOuLLg4qxkhFJcC8HgEx3-d_NjUzcPTHx_QgywejwyCm7YIblocd49CaCpD15vnhhyPuMna6ACI-Jn_Px_qdvWUYxeaH1xhdQ2WL4_IBo/I7u4-3sh0-ZmkYi_zB4squvKoPvQGaG9cSPWMMUZyXw)"
117229,Wet Pour Rubber Floor Finisher,Occupational Certificate,https://allqs.saqa.org.za/showQualification.php?id=117229,NQF Level 3 ,147,CONSTRUCTION SETA,"External Assessment Specifications Document.pdf (https://v5.airtableusercontent.com/v3/u/48/48/1766800800000/Qn_ULE-cVBsvjTUNgfsT0A/cb21lg2GFPnBNiP0SxXcztj_I9rQVTOtmR6B_LkmDH4pXjlCXJSFIxK_LoEjbn0B6YuC5nS9i-qQ9TfzFAUMhLC4CGoFSHzYLVpIpfQ0f1EBvnVoOMTVSL_BfTXQzcWMttzGairLOpm-YutUyGIuvmDk6jPYgWM4ZGsU3Rm_evoHFl__RdNsg1oq0I4kO7c4/VAJ8wbvxIZ-HmDk8lFs2UeZh2OZ3ab_6z6A9L56dxfM),Curriculum Document.pdf (https://v5.airtableusercontent.com/v3/u/48/48/1766800800000/lLLjFpK59-sGbhdGwkZ-Qg/doxPwuGv_fIQk0i3TG6TjGwnTZk4vKUhMw7Vy7oVZA_q8IVGkGuKqeXL879qHb9jF8K-rbXxUl_PZreQVDP18GQCU-RJAyfBki9IXs8uwINomNcSzJbJON9a1JGahpFj3ypIrkCvdWJCorG2ucSAlTj574vgOik-Xc_5XpdMPxw/OOdJpOt5brzT7IG3dAeJmBzSZfVQv8G-lk6uTiCJ0i4)"
99559,Wind Turbine Service Technician,Occupational Certificate,https://allqs.saqa.org.za/showQualification.php?id=99559,NQF Level 5,123,MERSETA ,"External Assessment Specifications.pdf (https://v5.airtableusercontent.com/v3/u/48/48/1766800800000/8pTO5flG0ndqpzTnouiV4A/bUzyu1ttlrXOdsXV2Vdg8iEKA7VxBz2TmMqRroFDTp4-nmYg4Oem6BjE__5U_mt0MoQeJ51S0c1q9GJ19MaCj7oGtVaQZIepGioDoecl4gbViKqqBaiKeMqA5tOW_g2fBLIvXjnNKbGkEp53ZjdK08021HFXmJ6AdNzkNhVm7DE/1fY1bT_x0itMf8F8Re5Jy0x-1_VRje_tF3lT4WvdJhk),Curriculum Document.pdf (https://v5.airtableusercontent.com/v3/u/48/48/1766800800000/4kQvY4ubddhBqU46MSTL8w/n_NPV7FoTXFUImD0Fzwt4Yf8heb4bJeW-WvJYkuDjoWUUxnnJjoQINtF4Ym7zA32W-y-RKa_I5VDLT128tgCyp7DF-FOV6o1wVdWdaDjfQMbht1O9rurn1_pXACMkcjekFRUxrYQukEIgPRkJJa9mYcCXvRCMUwlFI5nBiw-cqA/1_LQ_VW3uaKX7_vt8kRwOVJsFGvWodBr4KI9f62OZns)"
103036,Winding Engine Driver,Occupational Certificate,https://qspe.saqa.org.za/viewQualification.php?id=103036,NQF Level 3,89,MQA,"Curriculum - Winding Engine Driver .pdf (https://v5.airtableusercontent.com/v3/u/48/48/1766800800000/Nni89lRYmqENA2IQi88l5g/eV_OjbqANiuTjKtBzqNiMzGKW6VyPGIRUGlWFIMXcj4Sn93-s0LKt4JcwuijT1SbktM_UKJuoGgcN4f_dZW5pDTFrfeyqymyXUMd6WoV8uYlqJ6uKO3tLsC0mGOEdn3OxQJI9W91YNDZCpIUsq0_7CqiWQwH05bWus6T_xNrZYWZdwqAkr2LCom5xKAkya36/7g-ibheUlC0w5_6gXn1e4P3v_ICnUZbVrDWSk9caqUA),QAS - Winding Engine Driver.pdf (https://v5.airtableusercontent.com/v3/u/48/48/1766800800000/eUXIwx7wi1NAlz3KDGeSHg/ABMGJYO-WxqKU1n5U38h-RXmBe_luMOdalHyH7ekAhYAemktzd557BXHWGmYjTnNc_NxpqmyJYLoTrrLBhEyMkDXsrFwc-DpBvOgsxl_EBjTcOgfox8DVEQwlAc7PQToSoBjH4jb3VvT7yi5bV713eb9kAbTIY5-9dw8IPlYoBDHfma8eAC5kc3LDt3dO9Rk/h-p_NoncSAMveajMAeUF9ikB813JuSxYhu28A_4olHM)"
116275,Winemaker's Assistant,Occupational Certificate,https://allqs.saqa.org.za/showQualification.php?id=116275,NQF Level 4,153,FOODBEV,"Assessment Specifications Document.pdf (https://v5.airtableusercontent.com/v3/u/48/48/1766800800000/ny01EQVG8R44vwv5x6iz3A/3QJwzAlwm7X9ecj7gNPdWsZJ5OKOhlrAxCqwWb72AGxuY65nuTONas6a9op319kcEtW0VQUFtE88V-5CZhuUYdrW8o5C_18QgPQQb72LPqtIs-Ofl7P-1VGYHSD-dC1SZ58yoADt_AVdxA7YqHaRwkRFuF0_VzxqN7XkCRNdEz0/ml7qBqMgnKHAjMZpFdp9-x2FcfRg4YUJs10DmkCVnx4),Curriculum Document.pdf (https://v5.airtableusercontent.com/v3/u/48/48/1766800800000/5jmVwLxa6DabVmU9hl0Y5Q/uIq84CgxduEDJtofIw5f8nVhiTUFCjuxAPz8xfVgpJutBHBryY2GsQqc38XEbIMUSkLP9KtMb2HjOpQygwhRM3dcMjtRaS1Xqwtr8cDTur1vNInIAhWLyADUIuZwVj2V8jK-ovXL5c14iVdXeWYBP7_sAIdyIaRKAO5vIVDGjuQ/iE3eUAE5CdDqgh4EUbjXb62scc37oKn3dbCOWwIq6AA),Learnership - OC- Winermaker's Assistant NQF Level 4.pdf (https://v5.airtableusercontent.com/v3/u/48/48/1766800800000/1eoyhXMfLnCFcfar_QRlHQ/parwmc8dKk-SEqaaHwmo4-EeY6xdK8bYRY1vWBFZJHLK07oQS3mqODr94397BBNPiTxW4mOgMURXfsYF8p8flkCmLApoECzZu6yj9-0t5Sw8OfEGIYoAeTkWVHsaMruQekj9F_Mbl3seakHNxaYWRT-OdM_BUnvPnEDy7pQH520TrV-YWqqHLPYpr7M2KRVq/ufcW6bSIPw0rGtt4835PvCZDotKFR4wMNAMaoediNnQ)"
122683,Wireless Telecommunications Technical Officer,Higher Occupational Certificate,https://allqs.saqa.org.za/showQualification.php?id=122683,NQF Level 5,227,MICT SETA,"QAS - Higher Occupational Certificate Wireless Telecommunication Technical Officer.pdf (https://v5.airtableusercontent.com/v3/u/48/48/1766800800000/9SE3PBYRVvz-Yox7NcIdMg/3yPIYrwfeOsTjLwRBGlUpKd9PjgiELvQR2MLkDdCHjOerVMFWABhNxAUa8X9mpVDSgRiTzHB-SUxsKXIhMbpUmfmZvYjy34FlOsMqPLezdlWR8oUvMsY55SvfXUHL99iOJ9L6D2-fS2eWRPIcnc5K8I-1csse9X_HS7io2HoAKOQbCo1LHACnx6UO6LdCUVf9mlGuHJ21k4chBQWO6H9h3GrIz42q-k0pTjPelQmgQ4JyGSvpJPth5qglqKzAID9/kFPDD9PavlmWS6YnL-WOTDlwsaiH85tIDShX5Afj9vE),CURRICULUM - Higher Occupational Certificate Wireless Telecommunication Technical Officer.pdf (https://v5.airtableusercontent.com/v3/u/48/48/1766800800000/HnVBVVV2MMBA8Q6Eke341w/61TdbypJQnB6_LZztakRRD95YvVTlx7CwqACLDXgTADAIDEEv0aSs-AtL0-MEC24378tAbvzJk04kYQ14THXZ7Y60b_0Zbpbml8w3Ey87zvOfDrcI3WdTWUIivnMIE4pASLYYmB3uXVb_dg_RYPDYGjR6cJe_2d3HoXamDNTVid5TPLyBc1fUDsVihzTTa-EoMOXWu9sHD7XMkItWNrR2W-Ryad34ZL4bnwqZ2v-Pv_iv-zGYSb6LtoOCmFjBJvM/ijiVIgZ8EsOXLdm-WuVA_h4SzOmWLx7ItdRs-TNXQBM)"
118106,Wood Processing Machine Operator,Occupational Certificate,https://allqs.saqa.org.za/showQualification.php?id=118106,NQF Level 2,266,FP&M SETA,"Assessment Specification Document.pdf (https://v5.airtableusercontent.com/v3/u/48/48/1766800800000/pjHqqt5wOmx3BH6sCCs_5g/n_zTqu_aD3tZs2HAKkolD0gWTNn0F6Xsrz3u2udvRc_PKhrqvAVdVfL3ebgl-aM4nmGTZg6f2FwJ6fGW4igrr_tulN_ZrS3aR_KGrkGUsLup2P3bqmiT2gEnPXnKH0xg6kRmaf0RpASw4PIVtCNzgvP0XKGbRvDzrjTC5_6tgWg/vE8NjIDpCyNoZJRnVhzhcqnLSg0Ze8PWhjA_BOEFCBY),Curriculum Summary Document.pdf (https://v5.airtableusercontent.com/v3/u/48/48/1766800800000/8rKnR-Ob3B4jsCTPUioozg/hFEm5zNM_UEn2dTc2p9loqBwrXBRrNQmyXtTzjcjB6zSaezjuiK_rbRJHx_KnA39mQdeyMgRHlWa_i841l8jFn3r80Hu2rDS9XAMkyQlc86TbLrdkbvXGY7s8XqNQwoV3wUBJ3nrM7QkSO_p1kANcwCddYMhCHUwSfpK0-KC8eA/shIO8wvXNE8XDW-XlbS8xjEvDGSm_wj3Gbma6X_zKBM)"
124446,Concreter ,Intermediate Occupational Certificate,https://allqs.saqa.org.za/showQualification.php?id=124446,3,151,CETA ,"QAS - Concreter .pdf (https://v5.airtableusercontent.com/v3/u/48/48/1766800800000/Nyhf3dd8StPwdQDBv8dq9w/emOOHIMV4SvV_7DpRjfpJ59uop5YD8Ed06Pi2s4wALPCm0ZCjcD-cTJYQ_2ILwKEHj46dK90Nz-GJKMn68zYdu0fvE4pb7zfBFOIqWwS54R5qUrbuOTABsHWrGKcaU_n3ulEXYpv6TLfpchwpszNDu9vcgejgkDUpwIpfCsdJsY/r6r_a1fktYjd8hfkTppWPpF3wNQp_XdKVx_vsNEWnns),Curriculum - Concreter.pdf (https://v5.airtableusercontent.com/v3/u/48/48/1766800800000/nf6jDKc5caYJYJtiUtyheg/PoHoYkwb301MtSCxf5smBZ3X2hZsMxrB5es5GaCx0o88r7A6iiPJgpfk8n41D-n0MkjcXeY6uIjuS2j2rZnl5iAhY3Vgq3BcV5aLlPFnfL3I5VJl4ZuRcR7qvoBHfmqCwDy-7JpWTqQzLF0l6EAxqSDObRMzRmKhpZBkuWKpv7U/X0sfOrPHqLR3re28oJ41tU8tO8cnbq_3pXnRTGsR0r4)"
124425,Container Glass Forming Operator,Elementary Occupational Certificate,https://allqs.saqa.org.za/showQualification.php?id=124425,2,124,CHIETA,"QAS - Container Glass.pdf (https://v5.airtableusercontent.com/v3/u/48/48/1766800800000/m7Wg6PuyNUD_cAsxuEi7gA/9M60-dVkuQqzKgXwG4L0WHGwvOMaPNdWJq7UIJbjLU8611ZfWy4JK3TrbPh0DcoDY2-xmN2MVsS2sf8-Wx-fZZ-uyB13D-H3-NxVtnJAoSyKBP5rwMG59Lt2rwsF2UZ8LDiBn3BMT8C6SpV652WnDNDniR0E2gP65fAumpZXEo0/-0F8Yt9SFo0kZO72HHrKd6HHxaiRkX0I05yDXYJVS3s),Curriculum - Container Glass.pdf (https://v5.airtableusercontent.com/v3/u/48/48/1766800800000/jHRQAQJQyks92gKXlWxlDg/YxcgAQVDnmzVtzNZ98dBOIY5vhDOIcd1jwxpI7JwyyiV46IaMipCkAkMarSZiDkrSRprOjfD9D4d9ohi03IlCAB5pk0tnx-6Vs8UIFzjxKb07eokuoRMvCp3bTQdqaiIv_JpwmfvUKc-aSn5KsmDTIsCu3QX_BpxIdLVuaF-QO2vTHuVskG1dH0754pOoDN0/r7jO2s9i4HkHxGV7Flx03IRI0kprA61efKKMXTOo1_w)"
124325,Energy Advisor (Fan System Optimisation) ,Specialised Occupational Diploma,https://allqs.saqa.org.za/showQualification.php?id=124325,8,169,EWSETA,"QAS - Energy Advisor (Fan System Optimisation).pdf (https://v5.airtableusercontent.com/v3/u/48/48/1766800800000/LtQcok9ZyZJrTayk1AY8BA/WrVbEhNfmb7UFy_c8KpVEvsuPJsQHydBDPpGjGnZ95HI1HNdN3yNlaSBidmWyFZs1LBAZ2Cr-953gEit_CJvZ1AnlvrSPvdnHZnmwvA0t4zihbhkvzCHcvy90XQrp48rASwk1FKT_GvpUr5w2yNn8PddtuKZrr_O9ThgYHnS0JirVZWXzyvyXaHbuRPUqZZwJW6HbwJD9HjBhuRQBb4g0A/OoDk_TeaF77SKVmdgeTxkNFDkSU9janJjAS7PKrqpt8),Curriculum - Energy Advisor (Fan System Optimisation).pdf (https://v5.airtableusercontent.com/v3/u/48/48/1766800800000/85i18B8okupwLZt-IOSPxg/qPLfES6IMn3ag2x2Qk6ZguUXoAtNaR8gV4IicJyJpeOSAQdy-DDBiWlKKJepIHdzJY1_vwUb-NMMkceZhKg_f4r4dLXMMHjgVGa8kjAE78KjRVyK80fCoMNNxrPrafUK_YLQWwV_D-B2PdB4WU7A-jQT-cM1IU18cx8EJVCwzAVd4CwvJb_nU0n0b3E2PR0TFH71EgXSqL9z2ZrDOPABnw/B1Qf_ZzVgMLAH6qfgx-C1Kju90-lB6-i1d0IccpqGvk)"
124345,"Energy Advisor (Heating, Ventilating and Air Conditioning (HVAC) System Optimisation)",Specialised Occupational Diploma,https://allqs.saqa.org.za/showQualification.php?id=124345,8,161,EWSETA,"QAS - Energy Advisor (HVAC) System Optimisation.pdf (https://v5.airtableusercontent.com/v3/u/48/48/1766800800000/NiDzPEZZMaHJ3M6r7b3ZiA/JDkqztY6HaWS2rjbv0VNWzubSPEgJUIolUukSP7nYGpGU3AwlhPKZtgmoueQRQ_XZ2QvFZ5I5Hcjox8etT1GD9vNETxBoAikka-D1a4SQDxR3W-msMgAw-zguFrUZ59LjDIvSupYAq8aeiySMkTZRsoSDrnCHZAky6WJejoQ9HxJEB_d2KS-6PniNEO6Fj9orec5xDJm8U0-VR7Aqo01Zg/H5BQBBRaFgCzkYjgarcc9CGiV2wKJ9OpgXtng1AAJgw),Curriculum - Energy Advisor (HVAC) Systems Optimisation.pdf (https://v5.airtableusercontent.com/v3/u/48/48/1766800800000/MCrCmFFmZzyhKFJBoclWfA/sPVZeTEQL84WqWCSdTwj5Ws0f7bvNsqqCphk0l1TeYLDEo3B1R8CLkrrZM42Z4trhaABJ6ZpR1wMi2aBdVpQ8v06X0KzVxVlY0O_gQdUYgJ_VCdHWRLaGlClaJMVzIi4KtzvOXc1tRZl9JzkNR5JC7UhZcUqfWFcnnEd2rC3hq9o2i-BYNxCG1C9atMez8KY53FjFRF1d-mAgji6YsDnww/UqV7muNhH0v8Cqsgz-kIMhVxyRx8Ziq0yb6M3_lqERM)"
124485,Entrepreneur ,Occupational Certificate,https://allqs.saqa.org.za/showQualification.php?id=124485,3,63,SERVICES SETA,"EAS - Entrepreneur.pdf (https://v5.airtableusercontent.com/v3/u/48/48/1766800800000/H2rRCp7JqpJ0VmyXh3PHAQ/Ef82rSpd9Kiqpb2W6-XodStq8yoaDtaTBdJYdCBoSBccE09plT3FR5lLztPn7QsbFcH5x4TGa-RKDeDbwCllYq_ITTw1xH7rphV4Ck4f8hU7lJTRdG_b74HM8wRiaGAHJqmdq3kXydbgDdG8UuX51kEZQSkas3bt0vKYX7z790I/zQ341J9J0ns40Y_pWm2naTwsmIdhHMygbiW3sAEVG-w),Curriculum - Entrepreneur.pdf (https://v5.airtableusercontent.com/v3/u/48/48/1766800800000/xsS1-MTWsL74Q9i2cOnAeg/LS0h24TdD3iOcPgboX1Q69PhzOv-ZWsd0KZrk399YzIgKzbC-Ve4AVErJ8ZsbJJftMh2rALqNJPFNX8bSawNJBQ2LdQ3LkLEDKeWiYbkrmp7gNIQ5GXMdHXKaRDAMzfvZ-fpcNMmZeCquqHGAgIObqf2wgaAjNm8OVz7Xg1mOeKvftchvfolWdO0v6kUYTBu/G0aHA_b8KS4Dq2usa8x6dPZLL568mIZPt-AyBl6U-G4)"
124447,Entrepreneurial Business Manager ,National Occupational Certificate,https://allqs.saqa.org.za/showQualification.php?id=124447,4,120,SERVICES SETA,"Curriculum - Entrepreneurial Business Manager.pdf (https://v5.airtableusercontent.com/v3/u/48/48/1766800800000/-k_sgmit2TsXOj7az6wGAA/MdGAV_RNRwjnouBTPjC4mU5xBzp2MPjLExCwUVDL0QW1Z7CS5rojpvg6AnDUnN4wyWeI1aKPRGGgQ8KzIR0xHCmfaYfwh2bXOIHRyvGdr3mSqNB1bO9fY1S5Kezapssf8zGvEGpdtx8himsXBq6Yt1_HFSN2mqL3MEggBSk5oW0nKR6RPJR2hBvSzbA4pwsGvY5tz7E2LaLXJkIafsBvnw/WjAlrPUsbiBh_axtM1MsLWyMj2grgOxpPdyY_K1kmpI),EAS - Entrepreneurial Business Manager.pdf (https://v5.airtableusercontent.com/v3/u/48/48/1766800800000/JqcyC7NGmfMewOSX2BkHKw/xZbvZh0ac1c-ctQktIWZeV1IG1X_SJ8Oa3T5D6YlSZLNUiyKQXeH6JLFAiPh8zfap3Q4ST1oVWhJuSK22E56zF_VrJqWTLhqAz1Vx8v2-7B6oOww_UYTeEcjc0Qc5gPh9EbdG16-FFvHL4JkozaZM78Z03vvuWBCmeoZHtAp9W6LaqfZcQJpWpcbs7_imGcv/FqNG7-B4BXR2bIApZOdoe_n3yxI7cYRvokTsR9tWKKg)"
124347,Fish and Seafood Processing Operator ,Intermediate Occupational Certificate,https://allqs.saqa.org.za/showQualification.php?id=124347,3,167,"FOODBEV (Man, Eng) ","QAS - Fish and Seafood Processing Operator.pdf (https://v5.airtableusercontent.com/v3/u/48/48/1766800800000/XjAkjLoQbMZI4eDNnMkhng/Bpu3P2-bQMr3IugjqulfQ3cQ8WnrRyE9QN0LTHwK0waC1dtuiBKAccBEP_j5Zp0Wb0I9l0JGBKQqd0KsXHLvE-1VkqrlwrLqkH_diHTqkIwUoX_mpFcZJgUyQsvfaLDJwlWPRptbpSN2xcuVgOpFl_ThBpt5VCdjBAeUGzdqR9sTY82NgP32CvysIUqhaAiO/J_6CcvEvYZbgwwR_cfwRAfvHO68Sx3aFzglr-nMe_Kg),Curriculum - Fish and Seafood Processing Operator.pdf (https://v5.airtableusercontent.com/v3/u/48/48/1766800800000/jWfT9mP5GmpkqV4OajS9Fw/tFSD91CJcfOQTBSHrxSBexp2-Z0gsgZsZ9BStaqyRyIy5j4Bu7Ry4k50-3GLUwwVdpvciCFHKrM50K-3H0EY8iG0gIirEKy2-lcUW6AVrhHM_hy_TycrvesDPjngISpfacx4fE17Ayu2NRPtrnyM4yUITpaFr303Hle4oPNk_OamaGXEJUZQ_PM-k2a-pGDwVQHcdncyBObuNb4vbIKDkA/bNKTW0WzvnuvtVVD3AL0eMCdp35bo6oqhVGFeL3zIUc)"
124348,Fish and Seafood Processor ,Occupational Certificate,https://allqs.saqa.org.za/showQualification.php?id=124348,2,78,"FOODBEV (Man, Eng) ","QAS - Fish and Seafood Processor .pdf (https://v5.airtableusercontent.com/v3/u/48/48/1766800800000/DVc0WSBf13ddjvhnR-wQHg/C7qi3xmpNm-Ka7AmO7VTdWP6wSwPiDfAsLDV1muqaZbVnFETXty4iOyrjJunUn2SldWJthP9ZB2BpMJnxk9lunWEACLa9AlvvFSySnvTYD_0fzojAQv452N1iv8k8o-p97YWUWMSkwVmYbu3VCG5NZ_K_NNWDlylU5S5pktto9UlZ37lYqEfNSTzhLkRSJL4/YgI87TmYXYegGn9hjxXsgUp2wedgk-4ZoWhqJGLg2no),Curriculum - Fish and Seafood Processor.pdf (https://v5.airtableusercontent.com/v3/u/48/48/1766800800000/uaO5Eja9EpMjcm7ZDBeQVA/b5pCiHEscRPesWxUdtbU-7PT42cUGJo-RhAJ40LG2_rx0GBnQSBcOc-clkKxwhIUnhQgy0Q7ijthOF0KqpS3uvwkcv4lqzUe59y_vhWPsI6hgnkfnsqpr_oZvefQZcyta1djoYxHdnb6_oyaJU0z8LtatRf-e_Ggv_tP47-R40bmc1E7CS8nvB4NwzBwjMYM/Q5lw8Xs8PKTWtN4-pg6Qfh-1lNYtTKoevl0x4kSEfns)"
124385,Food and Beverage Service Attendant ,National Occupational Certificate,https://allqs.saqa.org.za/showQualification.php?id=124385,4,180,CATHSSETA,"QAS - Food and Beverage Service Attendant .pdf (https://v5.airtableusercontent.com/v3/u/48/48/1766800800000/joLo8gKOIdglp9wmkvsejg/YueaLg_GTwV4EW6sei3u7U4McbIDB4knaEB3RHiPaRk5rd8ZdTDEB786-BEmarUxJwTnUTQwTMvSXj4KsgkKxgV7-mg-EorwAbXFYJTEf7TMUesgfeBERZP5nhj13C-mMy-fDKLMepp8bUpMNALX0KpD-ZmHNmPudLsvz-krBW5rKWkbKIjntKWPXWqJ6FwW/hn7kw2shn53MJg6fuod0eRRe9jQPAwKlgr6HkLf54GI),Curriculum - Food Beverage Service Attendant .pdf (https://v5.airtableusercontent.com/v3/u/48/48/1766800800000/xNWdiZeYDPljap2N5zW6iA/nOO1wbc9lE2NQUeoeJ1-YGaZxayMEpq-SOpofRAfp92vYeLEUuHtJBWRe-g0oGjdWsFG8y3_c8LZNsP1fB1cAS8LvW2ErZrJM3KCsiZaXzJtI8zDmewSwTGGIg0CQ7mxdGzUU0asGd2hqhg291XSghB03DC3knv7q_gbxZXvwANlC8Un_LWtGynra8qga1SHMnPZG9dn2dwvDu93JiNHpQ/Q_jlFQMls2EREEJ3dPx9zdsUgD1kjg7zNyhOFudYNGY)"
124487,Funeral Director,Higher Occupational Certificate,https://allqs.saqa.org.za/showQualification.php?id=124487,5,137,SERVICES SETA,"QAS - Funeral Director.pdf (https://v5.airtableusercontent.com/v3/u/48/48/1766800800000/xzCxVUYcy9if1l9Ij4HM-g/jekRImW03b-q0BXLF6PRt3osTbkfTeJoebSFUORriGuYPzRt8cX69CtTBr0Q9KcjSebEkdbjhoX2rsO--_QvW_JMiabmcQJHW2FKVoH8DL-ClsjcJNfv1A0wJfTFTqlpwk_dvg_Q9OmWv2EnBHqK-TKb-9NtEpyWlCi9Y7eCotU/vnwPPkQQSxPmodzG9xR0pJSHW_cCEE9vJNa1Rp6QXk0),Curriculum - Funeral Director.pdf (https://v5.airtableusercontent.com/v3/u/48/48/1766800800000/FMS35GBZaVtEE4CDeNfEIw/F3__9_oP0RDzqMhYyRsOH94EseSOrLxNA6ZBs6c0fj-ogyByCTzO83SjM1DHJLE8lg2V7iyUNgS9bJI_GD68sETJKDzhqAfBGbKoPMow1UQums98uZ2pM6wFljOZVCafwu2xjjz5508z82xaHav4P4cJllsBQdpU0NGdzOlvN9-8ScbDcKf13EqUdqxG-O8g/zzdnAoDQbNz-eaBrmiKvYKnZADVMt3Asbj3jDpQTPu0)"
124488,Image Consultant ,Higher Occupational Certificate,https://allqs.saqa.org.za/showQualification.php?id=124488,5,120,SERVICES SETA,"EAS - Image Consultant.pdf (https://v5.airtableusercontent.com/v3/u/48/48/1766800800000/7J9E515GmEGj8MtIP5f_aw/BZGF8y3ObE6GlV2zJBzOGxuIUsAWt3MeJ9Wuj_R-6bWWd5iP2Dkvz7mhfDzTFqUa1MB8UG5Uc43dneSam8baaJbUaYiQ_NdSu5fra_yHkfmyB22aO7wSjGYlEteMIxoA6rVXBkzygjdHBbsPBZVdnE5XvFWNG839Im9seSdLPxc/rtq32QeRr3QcyVD-SxE_BCjeQgelTudhnqbjIsGx7Pg),Curriculum - Image Consultant.pdf (https://v5.airtableusercontent.com/v3/u/48/48/1766800800000/ZeUrbc5NhZsJX59oC8alBA/kNhSrsdV35EYvXt1uPa0oEpkCClOwHM89Mjjokgd1WCx7ThuiEuznLZOsLBILZowVoiZPn8xlIkJcaTGcjvMNnWJ3n7DVE_oCd9Q_XKbqpF3kHG3MwLzs5fUkE6pBxoQpd1vmSi8hFAWCcogRj-5CxaTbn0oycWV-JbZPjRR_AJrNok6gGacKK1QQBx4AjLg/-ZnCO_iuLmHGq8DKjcuhws_NM_q0zEtDmayoEVT4YI8)"
124489,Make-up Artist ,National Occupational Certificate,https://allqs.saqa.org.za/showQualification.php?id=124489,4,135,SERVICES SETA,"EAS - Make-up Artist.pdf (https://v5.airtableusercontent.com/v3/u/48/48/1766800800000/qYEpfBVzEBN0xvIAKAUhIg/N5JeML-USy62JvYhx8Gw1LajcSHhFWAJvN0MwyvCc__A7zUun8wkl9dGQjsqAjagOp7emkzfZbvAp1Eq7h4BKQrnTMAYRV02VtfRyZeowgZSiEQEMDMu2AHlffOfLDuv8mFusKRkb2ElCJPl1fbhGfgENSXmfJS2ungm6n0lxMQ/O-8YyXvAMSmroJrDmda3E9TL26HWTpr1s9zdK6pFyAY),Curriculum - Make-up Artist .pdf (https://v5.airtableusercontent.com/v3/u/48/48/1766800800000/0uQDdgxjQAgRhU9AbZfajw/HsoWOSuLsBlo1dOienfDc_OOw6h4MupSEeGY2O5ynxhqkV-cbB-Zx7qYTNnxueFhA-oyulNcYGvYqCCriXpHcVyzNK7jveVu839iINdI-S9GSy9lO-52sebYJ15plMRyJxJv3VHrdZLi81zsgV-aPlWrOGbJvrumxYwixj1LiF8Mz56QgsRVybPjZmUi6K3J/mUDiJI7vL6aS6xqoMUgG8xcotUVlDwajAVayDTHPFtk)"
124505,Medical Equipment Maintainer,Higher Occupational Certificate,https://allqs.saqa.org.za/showQualification.php?id=124505,5,217,HWSETA,"QAS - Medical Equipment Mantainer.pdf (https://v5.airtableusercontent.com/v3/u/48/48/1766800800000/wlhEy4Fb8-Sbm72198kLEQ/35owoYgEEa9NYfdQMidMPflkAcBpGV57qZcoVKxCAPSqeWfGQfznmL_bzFQiqmmwhDQMRK9YsW5LQ7qQ1zTiS5rJO23wk2kHvIoMGGW1HvD5eoRB4Z_gc8qQfHIAhPHQOe7N9KCw4Uf_kmLHDz9GAMQVzz820QqbVeob1AUDiydPG4X4OJrestDb3ZZCtYBv/mtfAhEV6NcbkuInXe7iZcdXqwMyExmxufViC7MIcWgg),Curriculum - Medical Equipment Maintainer.pdf (https://v5.airtableusercontent.com/v3/u/48/48/1766800800000/S8MqUcaeJL6s0HcVH0FM3Q/kvCTi4gVp5n7cpMB6yD3icC5Czm_YHeFZrCjOA0cLEiDymf93esYVE7Mb9h8jBPtfZXaMGHEglnrmAM_6sLxjc6IqQCJ8JpkMK_w_uwYy9IR2INmvAWZRiLI1rkkFi3b4_wYTXvx4HyOFaZ8j1ICZwYPSbDDuFISKid52lwE18nBowWO-JiZwWLYUwhCFmNO/x8C5BIPcvyhaz3-Efpp-dN6aZJC5vfn3v0jiZlX6mLw)"
124405,Mine Sampler ,National Occupational Certificate,https://allqs.saqa.org.za/showQualification.php?id=124405,4,138,MQA ,"QAS - Mine Sampler.pdf (https://v5.airtableusercontent.com/v3/u/48/48/1766800800000/nO8J55vju7MB_fDGzu1Crw/UGEwPPyLd4GkEWChuIqE_4gcl0MgPw28DUgE2jdAEqqWEThuwcw3IC6yCkXvCKrJpr-WR7es2cwbAH4yJMyvNn8iUf_mhSWIh7jWvCeRHvNDappcaYEolP5QQxfa1vL-G9p0kCiJB8u9e9sXqSNZUVyXxZ6RI-ZIy0XJzA4Eqg4/0s3o207qWh2fcgNZ7QwIKt6nChSXVdoJdpBfrL2-Zmc),Curriculum - Mine Sampler.pdf (https://v5.airtableusercontent.com/v3/u/48/48/1766800800000/m7dBPqKWCwYUC2HJW16p0A/ph3BESRc_CJf3HAxarEqhAS-Foiay_ExdaJIz1PjAuCwyCoEQUuRXhL3hjIHOAcJ2rMImJyNTkq46WJoRdg2hfHlxPR57VxMHAnpaq20PcWM_SEYiQv1IKxNWSZwYwdM9jpONCZgE8Tw09WZkC5UWosL6XHsRXsKuloMrtGsZo1DJCO9YvrIKXjQwfaFqc4T/UKttv0_nQ7z7nFlOh04GT8nBYi11DwfKgz7wlYHwubY)"
124465,Mine Sampling Observer,Intermediate Occupational Certificate,https://allqs.saqa.org.za/showQualification.php?id=124465,3,120,MQA ,"QAS - Mine Sampling Observer .pdf (https://v5.airtableusercontent.com/v3/u/48/48/1766800800000/FyGG4wuNBET6gntDU4tk3A/feKWzSUTq9ft0lp71NrOCWZIMA531i7fzBUtSCfxr8MV6lmeEt8V8r4HmciL-U69XPcWhENPyIqgy0Aik48s-iFVu_V-ZdPlQcRxHnc7AYRZ8fxi_NP9vx2fE9JtURzaFrJ3B2UmjXbZ9aSR3yycLRzeQ1CHWCUlIDtRMS68ZyzWqGNYZxbgH0bZSIoXX2q2/HXiGiOY9H97kpql7O150EPayBp73U1olvjyShuqWef0),Curriculum - Mine Sampling Observer.pdf (https://v5.airtableusercontent.com/v3/u/48/48/1766800800000/LCrVDkys1wgwe4BP7PyaBw/b-jUgOy6VXmwWvwksakHMifxnA6nysgeEKj3qxuYZZ7ZG5aKSBRhFXYkJRpupcatMTnt7CkAyPFPDsh2LDSkD-fWGtybO896Wa7qabELHD0rPgoWvCnoKHotB6g3-zrQ6ox7TkI9hEapTI-4TqgypDXZ-y6CKF43OE7FvAdlKmwQ7-qMOybmpFTae3fZV42p/PHeUpijqYbCLh9ob5JZta32jqRrxm6ieG_CGY7g1fEE)"
124466,Mine Survey Observer,Intermediate Occupational Certificate,https://allqs.saqa.org.za/showQualification.php?id=124466,3,120,MQA ,"QAS - Mine Survey Observer.pdf (https://v5.airtableusercontent.com/v3/u/48/48/1766800800000/ygdRYg_M08Kery8jFArTLg/JG9yn1hfLE3nQ96b2iUIKoYFY4y31X8hq0baq0GTdV7jlrVViidGpxeh5VJaZZWG_FIpSSSFmZ4dKNymmK9yrUHTrgShhR_oW6oVXPEbvaKZD6ggLse0-ZOE924cbd2s2J2ompLBcQqEdQI85ukN8fq0D1E7FsROv2p2aj3pncLvv-Q83qLSj2FEv-f9cBis/i38dDx5qLJJItBUaKKeDuQq3ukstmImOx0FZ_hBIz3g),Curriculum - Mine Survey Observer.pdf (https://v5.airtableusercontent.com/v3/u/48/48/1766800800000/JcP3hRdE2AmhpxqnS-VDAg/d2dQC8Vx58AQpWMEVY6ze6wAyL3ONOHlXvKxEfmTU48Dvw1072jLw20eEZIm2baBXWmv7sODTxv5kCLWdmloqgkTAm1lQlSDoF1d6uhXnRNX9O1soopdr-0IWbRAVFGJU3c0R3P4KPFJYibbGJEyuDL60rQ3Bd3VRkCaWm4yFONZR-fhtyzII2ja4SWoM3tA/JlD4cfK94cBiY_zP4rT1T33TWDi_yPLeVf4ZWhGyY6Q)"
124406,Mine Survey Officer ,National Occupational Certificate,https://allqs.saqa.org.za/showQualification.php?id=124406,4,129,MQA ,"QAS - Mine Survey Officer.pdf (https://v5.airtableusercontent.com/v3/u/48/48/1766800800000/-Llageni3XVKCNRsNIsabA/aMw1TbO_Y2MSERJjDKmMGpk7maXRtOC6cu80MGS7ah7UcKDdXVqJWWbEK_GJ1IJB_-PXOskaC22bFPSeMmHURcJMlgTD12i0NUYl1Jfg0mBHe74HjqLqjNg8w4xp1f1739faDqsfGEuHmuCAomcMjmBOBExePpUp-JVLJkdaC5I/LcRxLUS_sDUeKYwbn-Q2p1ctUcBah3eui_0U6DqHt5A),Curriculum - Mine Survey Officer.pdf (https://v5.airtableusercontent.com/v3/u/48/48/1766800800000/f1DnHaXyeL3v4ExLPWgQpQ/v7UAdhdRLBDUb_9HHH0cMsq5zaZuIBxChxM66Bio6LOHzcqqU0jU4tEISL9KyMXRWh9sRo1bhJ-eMk6_bwmF62L6eGYzmrYIDxNC7oGncXs2oIUVQH2mhhYAfs_MTT7wGUGPC6iQokECzVi900k5FEprzcXMUPfST_UGbzpLp1zqrrY7KQwcJByh5WJ68SrQ/uz-IPDGkZsb6fV6Aid4Ps9JgGmQ_17AMk96FOYeOT_U)"
124449,Mineral Processing Plant Operator (Preparation/ Concentration/ Hydrometallurgy/ Pyrometallurgy),Intermediate Occupational Certificate,https://allqs.saqa.org.za/showQualification.php?id=124449,3,120,MQA ,"QAS - Mineral Processing Plant Operator.pdf (https://v5.airtableusercontent.com/v3/u/48/48/1766800800000/_-Y3L0QhHpljgFGP10pjFw/Fios5i_xrBwJi-MJ0GX9gZ3e0aHBlOeJv-mm78NU-myVEFy5T9YZn6ooaluPGgbe4jxt2c985I15xkSNtKGrs9goh5FCZjCu2lYx1YY2u0jfPWhhwSxPjtXSJ0KCRROgvrM0sBPuVkWxIrfR3ICUTS2f_OhbAkeZMBS7c2wh2tJHvVJt9xqCqxg_lW_Ll_c2/NAH4Dv_x5DX6UPqboBk-Lx2P0mLNEZcmcCqWqHF8bxs),Curriculum - Mineral Processing Plant Operator .pdf (https://v5.airtableusercontent.com/v3/u/48/48/1766800800000/DrLNscKmK_m4xm6q2oBtpA/r9hjLXFnPTQmRYf-4TU2VrEWfOcPxVztdUV7QHc0N-Rw2QCU4VY7BmKesIlD3o4JEIb4A5Lgg7gVA1V2xUAqdelumF6EcLe8hedSxHeOVTniIdeaq2ymYjDXrAvy5zayvoHTaqtuZYylxVg7MoLddQqaEFlCv1MQvNDmSM5s481NRkjMQ2MwQ7Y8I8zji10TUGU2Ea2ecr8HlKqTHBv8yg/68w5Aarsf889RxOSq35YXC4RszIuJHeyjCqnlaXucAE)"
124445,Plumber ,National Occupational Certificate,https://allqs.saqa.org.za/showQualification.php?id=124445,4,395,CETA ,"QAS - Plumber.pdf (https://v5.airtableusercontent.com/v3/u/48/48/1766800800000/Dse4xW9do4hLSSsw_biqNg/U4Tn1661rbzrRsSwpkgDksD0rQkqEEV7PNJwjt341ik5UN8j4HSlsuQxOENJvNs4oepTQdAVGaz364sd2o9oA6bovEqhNjRdVPsHVI7CBwVLCjxw-YE9YLoweoSGYYqDvhA7hy1xSKrYW5I_pQkY4oiHvf9JtG5_y2QUODIQsuA/mdl6L39GcKm6U_SnLfnfeFnPkMraafP1B0HdcnAqUQQ),Curriculum - Plumber.pdf (https://v5.airtableusercontent.com/v3/u/48/48/1766800800000/aNw57pN12d0MVoZUY_CNdg/PhxIaVDrLp2ZzrNj5H6lyqbx4cNgagt4us09_0PdAjQwJWAE0Gg0vkkpiZrzS4FB0JXDZ8wbjd5uKTMJ_1t1Wn7Yv7-NkQpIlb0LlqGFkrq3QQGxtCTPGsa1A79V3rzIdtBIV3Lhzxj52aUQNKstdHKec4qRC8cbaw4-Eq6hKlA/snKKM-VTeaF0qnSNiJOXnpJszirVDq5F_7gMc68S6A0)"
124426,Quantity Surveying Viability Planner,Occupational Certificate,https://allqs.saqa.org.za/showQualification.php?id=124426,5,53,CETA ,"QAS - Quantity Surveying Viability Planner .pdf (https://v5.airtableusercontent.com/v3/u/48/48/1766800800000/_DZ1ia6IH4iGFtBSeXi0TA/WAZGlc6GCD3ARmwMjNx2xnTy673pg9R5sJSIkBSwPFSdyK4tUkXlEDbuBB1EuEZjL09dsmC5CTepxYX-HVBUDwPYkU3gP9gBLqnLXVrm19hnvuGA_ZwJjQlqBNjMPDBItg8Uk7xOQ6MmXYJwMcSaaqt7mLdChHOucWaqJ9z4H_9blShRjSTsAed5u-ArHPKs/Zl4JMY9dzdu5-5QyV3NwepMoa3z7o3fLVOFDTDTPpts),Curriculum - Quantity Surveying Viability Planner .pdf (https://v5.airtableusercontent.com/v3/u/48/48/1766800800000/pgrSvCEMn5iqls-bv-aNog/fBO9khwgfhdSgqeDUeOcAN0-KRxkgc9HAWx9euHEebLyqIRg2m_hay5M7jzZTZjXiWtwaITQb0f3i09HyuwioN3822WyMzsTQjBjbATs2cF0Eib6aOlewW2HftOd7a5XccgowC2UFY5DnhJTLosu_8nOUt7m13AfMU6YyHdZ1bab0DuSqnFvqfyM8FYlEdOAcz-s5H0S0m0JVGE1pliFNQ/Bu8eWOJg19gFiDqD0AUj4g1S6PIztWaXZ57leZuy7is)"
124427,Quantity Surveyor Assistant ,Higher Occupational Certificate,https://allqs.saqa.org.za/showQualification.php?id=124427,5,188,CETA ,"QAS - Quantity Surveyor Assistant.pdf (https://v5.airtableusercontent.com/v3/u/48/48/1766800800000/1cnBfoug7KZbjy49fZrxNw/g_H4IwHiH2ILSupDjghXVT82ZUXSxgfwoev0i50HjrMEBOOooZdAH-ulJym33z8VGyBu95l4_X8hO6PF3SFqJRMbntdXG82YhATi1xuCnFd3AfqouroGSeWXqZl_NzyLnLahTgHvdBAm_YjXxNv3BHHxGHItjewKQtEkEtdseHlv-On-Qbi0ZRrFzf86AD4k/Ofi2MlkeQPKyY4Oo7KlbAQKdSUSkcEx2nMM1m27Hjn8),Curriculum - Quantity Surveyor Assistant.pdf (https://v5.airtableusercontent.com/v3/u/48/48/1766800800000/fHo-KoZQcszil8j3E7GJFg/YLUliVGVDhGcuqY3UzYN6vLO_GVUhV_pTuNojSY5LBnEo4CbEpHb8roATPmOxT1Q7ar5CL2HDLqd9P7yenLoyD70HigQSvZ7Wosfx61GCfpzK85PjJPkRs61clo6oAtzPHj46AYOKBa1Khgvf684euZzJQGrHBL08_5kcNPMWi1U7E30A5ZergaQroVBj8kw/BWHieBN2vqKQZE5iWbM2jBw1-VOBsE__4ScRMHOv59M)"
124525,Energy Advisor (Energy Management System ),Specialised Occupational Diploma,https://allqs.saqa.org.za/showQualification.php?id=124525,8,161,EWSETA,"QAS - Energy Advisor (Energy Management System (EnMS)).pdf (https://v5.airtableusercontent.com/v3/u/48/48/1766800800000/IV5jdSLmgWa2gA02ceWFnA/LzKa-4y7rrOIFA79n-MzYtQoX18LNMOhu3edJKFK2mJyfLoYuqiDFVbjwS-wSF5famh4ZJkCUlarW50nxPLKdX0lo9C4vMTqZLD9MtR0EAdvZEvqdkhJokPsiC7E8TwreHQhTfSDaWXmFSW4DI7Ft-lI7eHbRXEwX9SjfhuHnJ6T4I3G2Xy_GJc-aNXC2arDgO0impcNaOqS8aT-oYFWZA/zU__jjm0WHYPzUPvee6HvEfme0LP1h_w7Df2wjDB83U),Curriculum - Energy Advisor (Energy Management System (EnMS)).pdf (https://v5.airtableusercontent.com/v3/u/48/48/1766800800000/f0LTUuHrL8JWUu1I6XipUw/gci9hlMOwSkOA1Z9kT8HKukSUd9FBy82yFqzZXKv8d6Q-FFJjg5A1wbEp-LCTovgNTyGD_CHKOAI7CfxGsfcCEBSEDXq8kDj5hRIfHWxP36N5s9xK7TAjlxkBT_N9YTLlSnR_sIIpFNmZTed6PyJTuRnMZ2dI8l46tU7RkwFsvYqa_3L4lOcLPAX-ZC0AOZXgdSqQ3u0B5Fvt9PWJXqyNg/tzRlqOO3VcydO60266NFGq252itEEdi7Fw9FbVgABGc)"
124545,Routine Road Maintenance Manager ,Higher Occupational Certificate,https://allqs.saqa.org.za/showQualification.php?id=124545,5,120,CETA ,"EAS - Routine Road Maintenance Manager.pdf (https://v5.airtableusercontent.com/v3/u/48/48/1766800800000/mVjYh8PyKBwuJ_wAbVvyEg/zbEDkUZkJodcgyyZxJXUf5ekS_UX_ibqn0tJ6P7jdK0sA8SfkBl0oHlDKDXn7QZ2vy-uCYBNzKF4J69Iu34ubOIIkhsWGfaX3T9ZBrLwlpuaqQAIboYGMcgE7e0BxJbLWa49wCuFWuhsdmOnRERg5RwvrKDYvsE0Ysjdrl1TeMRzaoDZAx8jI8hG14z6SOQk/dHnTD_Hd0Jm3VIJl1O_4Ju8MMIwO9HWXbBnypWT9-80),Curriculum - Routine Road Maintenance Manager.pdf (https://v5.airtableusercontent.com/v3/u/48/48/1766800800000/TMwcuOuyGwfv6HotTdPevQ/LutPKqNCg1eYMWeA5ioYIT0LxEXqlHnzJZ46RbHdI6vT09CPF160QBpN5dNoJTx6vmmddcpA2008PltWBo2AeND0IiJC2_2selwuyFZIqKYMLMwOXsRaDkBNG4gEth0_8dKogSuYdTlVXy693xuiKQCVX9FSOUyR2hna_Ar-7CkECxEIT69yEq7Z0CtevBwIrSpahuwLBUbkxSZ1Z6-F_A/3NMNA0kJZBUvlccQ5tOZiTLOa5FdaG8bqwfudGs6XVs)"
124490,Aircraft Composite Structures Worker,Higher Occupational Certificate,5,540 ,540,TETA ,"QAS - Aircraft Composite Structures Worker.pdf (https://v5.airtableusercontent.com/v3/u/48/48/1766800800000/MDhBHUADmTldkF7j7tw3Rw/iQmq5cqUdEss1jhVjDCvewvY-EfOP0-D3DtM9MT5xSdqdPa3uqwhtpzfi18mkjUMI3ZGuuJsBX-esNTJm9YKWvHK3bBevLeDok6VAbNpiG19VI4NW__5G-Igelm08dxCP7PKcATAYBgUuoYMK7oGFP8iejlYv_ZY41nro1ueCcNvtcf6V1CNzlhBADXZKS9k/ye89jfkcDwgcxS8qYPneGbpqKH-ywF4JxfU6WdKMGWI),Curriculum - Aircraft Composite Structures Worker.pdf (https://v5.airtableusercontent.com/v3/u/48/48/1766800800000/zchaFd3E-cxePqD2uGpN4g/4ubrChanSs2Q14KJ7WPlskN5phHyUKD9oeF_pAi0_G7SSCAKMAsw3grT6KAaw7PU-ftrmq_LxyLzN2ccvFSBMc19YTFzRy2hD1HM89gCSkTBEpPlpKVBjsG0nOuflEenUyqOo3vxegFCq1OBJ6_Zk9y0wmhUwJBzk8Aijm91wxEs0jVsF7Q8DbTNG7VEL3kXd3_kMDcgVHm8EDS4WWL91A/SgnZtDdSGbdWxPywf_xsssq8nlSLx9NhS1qjc4OBLPc)"
124446,Concreter ,Intermediate Occupational Certificate,3,151,151,CETA ,"QAS - Concreter .pdf (https://v5.airtableusercontent.com/v3/u/48/48/1766800800000/XYtfFjv4J6M2HxiMMbWwzA/doxysB-s4aM-ZnhA5lDT17OhY0_BCLa7LZIBqOIxatmPw4EzlBiHMdNPOI3zWxQCl5E0dHMDn0lV21GN1-QE05Xt4DSQwkZBnO-6Q2Rym1muZ1VefeSio8G_jU_Ro2k1pRteAGfMq8ctaxorrlVzBK0-vUQbG82HbjTf_kocSjE/IAIBdarQYCWoiLe9W1O20oXF6XfGCFLSSXZ4aPsm_cM),Curriculum - Concreter.pdf (https://v5.airtableusercontent.com/v3/u/48/48/1766800800000/HuVA94PevFSIfRVrF7xbMQ/GMvH9fQ4jbBjWszeL2KU2WlRfPgqhSrsU0JaLKBVYckn5pP_3LEq86I_kzsXZdlNsmlM_rK9Qu_69S2mMA1H-I2LUhBe7QMZUXZ_1JAedRZGpgDGNfgWauEU9GsdU_UqUYTzWoOv93oSVnBaqnHVw3mSA2ueEG8epcq0ffMFIbA/-mvep5a0jM2hjlsqB-yhVjbdaOLkJhXDhWzydLrUt7k)"
124425,Container Glass Forming Operator,Elementary Occupational Certificate,2,124,124,CHIETA,"QAS - Container Glass.pdf (https://v5.airtableusercontent.com/v3/u/48/48/1766800800000/XcZk2j_Fr4SsedAQQLWeew/Xkmd0ojpbGwA4E-jqmjozaayXiC_tPlJZjoNWF1zsuEvrOWDWdu0xXtX2Snau9zJEdXphD8ZyV3aLj9hXhOfRrvc1wU7Mckvh03kYKErpNfhzUV-CrrAXGYZltmk8nkFTYEV1JU7p-zeWYyDy5yFaOwS1b9WISfhOb3jjfVFjHQ/ubIUpF2nu34FkQmIUOnSuvHE5VW1NUi-_shsmsI3YYM),Curriculum - Container Glass.pdf (https://v5.airtableusercontent.com/v3/u/48/48/1766800800000/zrFXQ7XQFHQ4tHIeAC2hSw/VAQ9EDI1iSD47t0VLyXTXI7cbb9Akffu3jXL9jbd-1Y9HX3BcfBlzee86okZS1P1DReR3VOGOBQsa9z6Usw2GZ5VMdV9kSouTSIdDBNOY1j_xUa_rTABRpJD3xpUYxBGvf4y5klt47cDx4Td1DkIo6-7JN1PEHN4wIXq00BOM0I6_9S0fYbgLNhEJg_XuI45/QmiUIHmWRZSkZBfYMZXyE1xSg3Er2FBfFnTAo8ngcQo)"
59569,Electronics,National Certificate,NQF Level 3,NQF Level 3,120,MICTS,NC Electronics L3 120.pdf (https://v5.airtableusercontent.com/v3/u/48/48/1766800800000/gtAFDYMcVzURWC4-X_s74A/a9kSHdLXF62eQopqNGMINn6g28mrjsNKMSm_ZZZUWxmmDvcUydBF--Wv5ZorkloB-Qps5Qj9k70v9SeZ2Wqzc_XH52nRg4CNLojTm02nwyYQPNTjAkg8poR0EjAA6TT2-Ug1EylnZ7OSD0a3NlT0b-01-9tloCOBmgoPucAC_eM/Lw5OehvUPZNwWCf-8vGKe2gFAdM1HqfF96ZNiw1HpVc)
65949,Supervision of Construction Processes,Further Education and Training Certificate,NQF Level 4,NQF Level 4,181,CETA,FETC Supervision of Construction Processes L4 181.pdf (https://v5.airtableusercontent.com/v3/u/48/48/1766800800000/D3MaeUP6P1gwrvxbFH8j9g/_jy47ytzCtzCO-rdgrkF7ZcOyPN5VkYuPThHMTl9Hbvx8IWPR_OdbXM3531fGdEv8j8bWlTVhbvaGtM2rJHQgW5s9i984ZXbXfIWeog2ZFA8iwi01rXS65i1OFu3oGsiwjQiy2Og_EDokTxPw7QlU2l-T7c5NultzRtyFsNh3e-LilFqFKm0Ra4I1tXlZu4J2wAHN8WGETTIzfhQtLHcmQ/lt7wFvN6y7jTzqHUmSxN8uS-_YoiJ9lkmyL-XYLwcWI)
,QUALIFICATION TITLE ,QUALIFICATION TYPE,LEVEL,CREDITS,,,
124486,Employment Consultant ,National Occupational Certificate,4,140 ,140,,"QAS - Employment Consultant.pdf (https://v5.airtableusercontent.com/v3/u/48/48/1766800800000/-goMf6J9QPOM5Y4DqwcIrQ/gB3p3I5Lv5gx2CcplgTxCDMWtP_SoTJxoNBA-_UWTQKKu-nI47L6sQTK-Ao5xGjC9rFUnp0EGJadjxqnGCAbZk9MRaZZYXNbl8w82lVXdSoNSeXUtMj9jpFtQedyzFuOTNMSymaJoDvQja0j6TjsLLu_nH3UHyvPI49awSguw0VowJRXp0MUW6UCqxHYeg6X/L_P5zOCXHxTBiVf2-UOEA687h6EQRNQ8dS8aaSPT94Y),Curriculum - Employment Consultatnt.pdf (https://v5.airtableusercontent.com/v3/u/48/48/1766800800000/tw3EiwPyrHHpz-NivIGUrg/wCAfJkxKakz-6aLQQYSKqXxpOt1PKTFe_0C28y17xtT115f3iN_0oMOELa4gZuEpaESMXqRS1AuFhEfuWc2wHfT1gneqRcBdIMh7uBSv6C7mN10Xw-o247yAGPj6MuzbWA0vofxrm4L39VwHDr1AdPucrIrdACMkf9ctaXTH9FiMHrzo7N6-XUPx-518r_6J/pa9YbdGliGs-j_xIqloazZLBWdry4OHiFf_S6zls4zE)"
124346,Energy Advisor (Advanced Pinch Analysis and Process Integration) ,Specialised Occupational Diploma,8,169 ,169,,"QAS - Energy Advisor (Advanced Pinch Analysis and Process Integration).pdf (https://v5.airtableusercontent.com/v3/u/48/48/1766800800000/bxv_tFJssfmtvPsDrOWAfQ/6LUb8hH53Osn0_WEamZzzYFdeMBsWXfV31rO5_OxpTA9b8Yb0PcCAa_ERfdjtsaf9fuPshTlmXtW_L-F17RZO_ZfNbJZgy5G5PA_YdXs4NLMPugxSc1jcebwrToNu22gcuN94pECLrwBw3Z-ED4pKwo-p9pq68j7Iz_dtGRwO3QiTZkiELb9-MKQXWWrcSW_JIMNF4kDyzFwfe9XBMuipTHnuEa_-YFNFFbqSkYIHOU/QmLnSvEOAJEGX6e5ETX6SmBMzBcfHKoB8MVIeow27L0),Curriculum - Energy Advisor (Advanced Pinch Analysis and Process Integration).pdf (https://v5.airtableusercontent.com/v3/u/48/48/1766800800000/ch2OJUDN3ZRISNM7YKrO8Q/xoK8PgEKvAvapyQ_kYrZoZ3p7bhJ525PbB8IsITr32HWGsLuSsYj4TK61TQJNZvwm-XtciPXuIVkduVoDRV9GXfWvZs_whRYTyOEbcpPtLYPRN7_ru8Vp_cZ056zrxq4N8bNkVGwGeETXA54DKQOvjVWzyHcgjRJNo071lWlclfTEQoW3XNKXPgfl5wZQzuu0oKT4VerQe2I17dYzUsbBUc5Ja-jenKfLv6EDPYen34/7eLBTqcxfp9EYqdsKQx5-U4qohLt_T0c4HiCtpSGLnE)"
124327,Energy Advisor (Compressed Air System,Specialised Occupational Diploma,8,169 ,169,,"Curriculum - Energy Advisor (Compressed Air System Optimisation).pdf (https://v5.airtableusercontent.com/v3/u/48/48/1766800800000/hdGf6XISWpiRA6R6nZZW9g/efDpK9JGRREXNMYKCCG6JJgbgAiXPI1lk5bKVd7h3Nr_eLOyRu9OTf5OmDXOBRRQfgDuUSM26j-1YCSuKLKXTfjfJ0U6dnxMPDAQqcizUYRiX8lV9l9iETatZ7yJeABEC25VM1rLG4wKQ7vprAASsJ_XpUKV9Y5P31mERodZmAQsudoztyzvb18ToUWxB62Cd6mpuab2d3MMTa9J81o_Krv8oNZ1oX6Efk75Gm8crzg/ioXCp_hfPsEmobB6b0derbB_n5Z0vtAWH35jI-6zyzw),QAS - Energy Advisor (Compressed Air System Optimisation Specialist).pdf (https://v5.airtableusercontent.com/v3/u/48/48/1766800800000/PmSF4hx6c-PPoye0Y_KbzQ/NnW0yZznMAw4jLGsvJsrVXedXbD-H1Y7TJsgNwF3Z5iW9zJVCTJ6dWXPRWgKV5Z9_ea2csOa_EN9nDRqeic0-gH9eKPlUq9W6u1EnUlml_Yyc01G9XWggeMJZRgfUowZm-HUrZtyuTdHIS4BUEp_6X8UpNeU4hpxBvcrOVRoAOP9BAYjSqdTpfyzFHYpmS3davBJDlQ44q8owgtAQLDI8LVmDZwmnPdKvSBNhbKvpIg/cbJpBhY9BEXRAWbBYGZkIMnfzLqrhgECyF6ZpkVxm4s)"
124326,Energy Advisor (Pump System Optimisation) ,Specialised Occupational Diploma,8,169,169,,"Curriculum - Energy Advisor (Pump System Optimisation).pdf (https://v5.airtableusercontent.com/v3/u/48/48/1766800800000/Hh2CIX75N-_qbhwJNe9ShQ/mC8Ts1ZQ0AWSIaYJOuvTJW4QupbS2Pm7l1x8G5Q68YP0Q6K9_loVAsU8KukorpdvlR5zgsnl9g59cRpORblOjaxoPH7gFVoc2m6J38nJQsRJTMI4wAvsJvGFf_niBItDYIz1TcUU77wkBTG9-WyCXy_-UjJ3I2rCxHaH0_sOOXFEl0KqtiBMDdCI0oXwEck9F41yJI3xpuLR1m6xZMLCfA/Q5iSAg7JdCWI1WiktBGu0aE8SRTTHzn-Tiw49fyaUg4),QAS - Energy Advisor (Pump System Optimisation).pdf (https://v5.airtableusercontent.com/v3/u/48/48/1766800800000/ZnlmadvhbpNfqPAo8NvOdg/zVW-gAwtH58HdNn24jeKRYdvOSo5ldNVhGfK1WK0NIFVmqz-XjwXNMrDa0RCM5zaROSMgzZSEYIzuRAw2LW7qwMJlU2dROnezvpzUVCFCDWYql4iRHWcwdGS71eZrcLeRwDY0wTupPDcTYmVxH9EWK5jA_J3msiumaNE5yFmAuTCL2IFbBQNfPIa8kumTHVZZ4Sb5LLSA1V1wxayXTMqAQ/OG2KroogGb-14sJ64wjd8vWWv8-FL08xLtUjyZqgSNc)"
124405,Mine Sampler ,National Occupational Certificate,4,138,138,,"QAS - Mine Sampler.pdf (https://v5.airtableusercontent.com/v3/u/48/48/1766800800000/PIC0wcouEQOLUWJJk7iFOA/m1PIp13mbxXOwn30HbC_5-Xvk0Fq5E0lL4FSyzdK5gwJUkYMJJ_8hdRdc3FkXDZctuXPs8zJq1zq45cssX66455D1romD95ta4HqpFjYZ66q4s7ahj1x_f2SvI4d0gvv8ZL71whQzINySlipWMYMa3QZbu5G9-3UsK0dV0ckHFM/yK00PPV8vPfHqMjqtoLN1ZYvQ1L_tkZtgqFjrpyRl_w),Curriculum - Mine Sampler.pdf (https://v5.airtableusercontent.com/v3/u/48/48/1766800800000/JpYpYPiqI3AE0_5c41GPoQ/a2Ee9W54I8C9aS9uHEnUBfS0Dmi8Kyz7vvIDAVX-aZsXPAN0MR76cEflSvaG6cjMBNnhUprKTREC4qShGLsW5JvXSADzwpYjA0c2XXPlraMZ0nSzJybOAer5FL4S6b464b7gfu2vaqB6ymLJXrjCnMx9N8Ji6p5BxyV6HMsPe-2avjm6CobZM5cr1ehUZzmw/A6CJrTUNMYwqTl8MeHaYgnnHmcxMGMIBO3GQ7YVU2Bs)"
124365,Mineral Beneficiation Process Controller (Preparation/ Concentration/ Hydrometallurgy/ Pyrometallurgy) ,National Occupational Certificate,4,120,120,,"QAS - Mineral Beneficiation Process Controller.pdf (https://v5.airtableusercontent.com/v3/u/48/48/1766800800000/lvAJc2JDYmcBUq5E6pW2zQ/tjopySlrgixR8FzSmOfaiFQaY3nEq75g5BU1T2Z67mrZFX00EmgSKr5_QgZxVpPlf0JgSR43KWQna3IwIQH1kz1xcsWVcgaopNi8cOV33mNd0yti3eQSCCezd1XsAXY2p7UOqdOUexpOU0zzal2Bc5f0UaAkjhsfViKunsNSXVss0knOZk-nBK2kYfkVVUsPcxIGRNguCSTVAyXZZKAMlA/udg33DiB8WbXuuoXJCJVBXSj-zIc5sOmHx9DlfGOmss),Curriculum - Mineral Beneficiation Process Controller.pdf (https://v5.airtableusercontent.com/v3/u/48/48/1766800800000/L9sIeIgpp47l8_NYuE7B_g/rxaoi0EtOdweI2IgLyT9Nhw3cXaQ84PkQapc0SBW5JMVJJ1witm51wTlesjQETQsdf21-ZvDkvhOd8ZMFHd3oqMiaJ8tsM67IfyVe64ob-qq8YnzoZvM8jKUCCldisHrgCzrZKY0deCupHGqgmtD5rM0-R3_Y5AubovoD94_AHQIzV-AAIiv2J2miAwfDETGlU_uIZghjhcqyLDi1cYBKQ/7HI84SB0ti-uAzdvw5AWzh64AdsYpOz6QnjAO8tNApY)"
124448,"Energy Advisor (Steam
System Optimisation)",Specialised Occupational Diploma,https://allqs.saqa.org.za/showQualification.php?id=124448,NQF Level 8,169,EW SETA,"Curriculum - Energy Advisor (Steam System Optimisation) 8 169.pdf (https://v5.airtableusercontent.com/v3/u/48/48/1766800800000/azya3nj0VHx1fp0WSbqusw/kprBti3FhOaJVgLAYqmfDzLO1URqXKd7iUh6X0HuQrtT7-1HMek4DvJqbdMv8eucJPQD-IrwXtQ-7P4gLnT7eWsjkBJaZppem12Dpj1jaF-mFLTkalPbV3gBvg_m89TUaGzrD4bkCq3kzEj8m1gTx6Dg43g8lqJ25aRQ_M6atGGpWguoW-xcRLbVBpDNvq_wJZDfJ24HCUXaGM8f7bRhDw/XA2ahnHut1nB4cMPUu2I4uylRb1OR29htz0ZXDNfhms),QAS - Energy Advisor (Steam System Optimisation) 8 169.pdf (https://v5.airtableusercontent.com/v3/u/48/48/1766800800000/nsZfWxfxVVNXctKjPgvWCw/NRtKhn85gwvK01eUpiUiWw6P_v_V3yxl7nPqtT376y4WTDVTdYBlzMY-SVh-wW8tx3xkgWhULla5ffLxc5GFfP8gwTm_g9TNpY-4mdMDfx4C0rbmDSI1aLPHs5JV_7UqH6QAVEbm0-WUKO0Bnh0ldI8XTwh3dUDVFJ8QYUsapd95mxaHgE8Dc6XBS8tWWQYUcOXRu1xDL5bzCf_Hmhjq2Q/vBguvZKFpRyoHjaGlXoSu0z6qvpq9heutnzSpN4SI1c)"
,,,,,,,