SP ID,Skills Programme Title,NQF Level,Credits,Attachments
SP-230301,Chemical Hair Reformation Attendant,4,51,"Curr Doc Chemical Hair Reformation Attendant 4 51.pdf (https://v5.airtableusercontent.com/v3/u/48/48/1766800800000/SzCP0hv8GM5G92E2PPAI6g/1C6ZIUowKnQ0d4v3Fy_JcjXD55ZRkCpU47ZQwu77Xd0bQqjkpoqpRidKNpnYAaz82TVnmjh7IQBOalvyv7FC0UEY8maggssKPZeL6Od8cBYcNrPGKhWKL9IZ4atvurNtQXeQ6LIL4F1GKk4mzSHuRJkNk58wOTGwFjxJrCQj0WE73fi3YsFV91yrGesb1cKo/e_pmeKVeenRPtwND8A9Pj8ohD5ojd9KiuNpd2t8mfLQ),SP Doc Chemical Hair Reformation Attendant 4 51.pdf (https://v5.airtableusercontent.com/v3/u/48/48/1766800800000/Me_wE17e7SYKG-7lvYry1A/q0X-VjQM5bhiAkMIweF3Kbq626maHUo7_pRCfIDZQP3Zm4LLe6leyk5cFMnD5mmEM0svgAEuuqk7LRUXKtgDvyP0ZuVZbRfv8pT4og1sQj81m_jswVqxeFM6_J7RNOLZW8aJ0-A5a072F3xoUEIoQoMM_QPMxOrP-ZhvZZbZ9eTe8D7qGh-FZ1rg-f1HasnT/miMfLsAMnWPGAk7ZDybZFYZAOCvqPBULUNwlVxrkd_M)"
SP-240501,Heat Pump Installation Designer ,5,10,"SP -  Heat Pump Installation Designer.pdf (https://v5.airtableusercontent.com/v3/u/48/48/1766800800000/CEfL6KH_a7uaQWWo0wUPUQ/WpYbPUhDAgecMMn-wI7KR0CZxKfXIo73diZHEmMFTAj9Ip8qUCl8qfFxH18zYsoHS4Xfg40lg_hD9RXHZvY7WAWmRd8OD68LMUZpNpIiiVizsazCwZ7kTdyWkFQ9AQAzj56cw7F7lHjj3Lh1TovAqPSwesGlDiKdUbF3Hvs0Z7SyZGBcMDSKXe1sA3U6vxhA/SiharJs9oU7B5JI4IKAlw0-p8c_Ah-vFEkWlJzbkvgk),SP Curriculum -Heat Pump Installer.pdf (https://v5.airtableusercontent.com/v3/u/48/48/1766800800000/ry8bjOs1wg0vvbBvXXiKaQ/63y-pyD1N-Occf_O2RE1Tsr3JGhuLDEpN_-xAikTJvzyy2si_9XP_6EqpEHz8T27vaW7QJksD1f4HBI-5lIR7UAlM1YQpozhLjpD7L-z2SidiZPn-8Fi_behA_REp7IkIspt267vWH1HqD-bnhH4UpkulgeN_QnDlXNEn5oPQRCOe9psJxbeSpxVAcGesu7H/lJvCNkmBZG2SCXJQhwtRHLr40BdCOPqdjqPqwUtwbUw)"
SP-220320,Assessment Practitioner,5,20,"SP Cur Doc - Assessment Practitioner 5 20.pdf (https://v5.airtableusercontent.com/v3/u/48/48/1766800800000/gCgjyXRhvcQYE_3-fWwYGA/K_Xf5kEcq9Xi7O2MUq4rIZJ96SEot4W0FUMk1xaqTD3Xxh4QOBYjX82cYExEh0veMIgvfahshvOvlnq186JSDeZ_ln3ofA6wiSSxmSWR9aYlEPdrdQaLqYe2CE5QAvQWYIUByVq8V4SZnnOXEeMV1PMgwvnkE59mN5pvjN-4shZws6jnZF5A6ysKF7tKue_K/q7LYzzmC8inBifmMSjnVBJw3M4y2REcH0sOqmBrwR2A),SP Doc Assessment Practitioner 5 20.pdf (https://v5.airtableusercontent.com/v3/u/48/48/1766800800000/AmJmcJB50RMPSm-jmnJ0uA/AeiIE_2_4hHTzFWnivDrgL4uRhqu4cyuhd6Ne68ST87NAaQ2vIWjbvDZFkBlB6DYgjJ1a2kIr-y9_4phcts5jYiKCO_euJLNr1nfrzj1SgQb_wVRvrt7YMM_0VB0Y_usAINgRjvP2qxOWSJo4aGUO_pj6-f5uoaGQKi-sGTQRvY/jn9VJjTSsFemcWpGC3ayHx2p6i8Fgm6JbuTOjKA0XnE)"
SP-251001,Bank Customer Service Clerk,4,40,"SP Curr - Bank Customer Service Clerk 4 40.pdf (https://v5.airtableusercontent.com/v3/u/48/48/1766800800000/kEIbrW8m_QxsuTujNXHYEw/MSPLPjevGtXW4sCyblgsqt9k2BNq4cEjQArg6DaTEzxXIBbh0I4NYRFHyVP6ulqU5589jzcBi-EgjTsKrx8fmCODqpFTaeslsoH1Rx0RVyUAshAp_x4WshlX3mWZ02_6vo66t1ZcjADD7mXpnAmDtH-R1DLIl8n4ifgjviKs30BDnqXFMoS3VOPesB2AwzDB/WhwftRnHOK1Ia0V_BV2kpD0vZknvt0yQdsC5-fyaqiI),SP Doc - Bank Customer Services Clerk 4 40.pdf (https://v5.airtableusercontent.com/v3/u/48/48/1766800800000/XtWBgNMS7r6LSqmMFEVxXQ/wbR7Okj26Rcv0tPxpTZT1dBcVUUQByrbg4Jn_CImAe37jZiH4GZB_2e_G-6BZRjVSa19VOZzW0U7gNkkIMPtITOZpeiUDku2s7gNrJ7jhF7sJAsBMWGbkMoNXWXgc_5CADAcg9QSqR9lOh7qt2PGJMduyrpJfykQw2vCj0po20RI_NHA5AX31yOn7RyMZQFK/_UNzqedgz74xlfjzVpfYKPDGIiRYsRTazC093C62z18)"
SP-250310,Driller,2,28,"SP Curr - Driller 2 28.pdf (https://v5.airtableusercontent.com/v3/u/48/48/1766800800000/rGEO1usBqxipvGl8X2otwQ/yV1RcXgMlUL3O69cyvPh6sn7Qyvk4UUahgUDNXfq7HV134yL2wndLKPQcKOgab5quu_uOgw312ScHSYxPc9qASLvydexZDTMZ1AtBX9b1TLBcjXD5R6HRYcyii9wI9cgrYmReCrjtDxKkZOIrAIfxYvVvRnfOCk2Fqh4fucoRcY/4pb_IBG8DxjSGsqQPfqaKVzhM7s6eY5naxrxTYuRy0g),SP Doc - Driller 2 28.pdf (https://v5.airtableusercontent.com/v3/u/48/48/1766800800000/_tygbIZWhx1isg80aRmiSg/6XNAfi4EiEquW5v3K1NC_Ajm9cbbjF4dh2ER0IV1TGdiCsd9S_uCQ9GP49kuNyPIJhnYX4tHpyy8c-JWRpO1xFCd2rvn2HSDY6PuXUgx9hg1QZXRMOFPEXGDSuJeigLDOUjmZ8r_8kOEHhQCuMZN0zjDurpiiznaL4WF0XoLDOI/r3KaXQHxGQhn0Vm-BMIBwsqeU865IF7i3-gy8kuP0ss)"
SP-250903,Horticultural Farm Worker,2,60,"SP Curr - Horticulture Farm Worker 2 60.pdf (https://v5.airtableusercontent.com/v3/u/48/48/1766800800000/LWCHhP684eb_W-Ynk6ufZA/tlbFyYJTr2F7orbRBAGCaYshsWcvLWPFe2HtVId5kMxVB7hR9rUQAtzHKOmZY7dmFXuyYIrBkIHiO7_j4KqRZn7MJKiN_sDGTTvftBoAWnpOhwbEJn0xkYOn__hbmjxXrKzFFNVPSccgUKpNHBVhheM7DIxcwkNQOEF67yrgeElxrFrNNMXGaYY9DZ5rMnfW/HbOjVjPfpaSeYN4Q6PIPNkon2MsXrsiUeQT62vl9_30),SP Doc - Horticulture Farm Worker 2 60.pdf (https://v5.airtableusercontent.com/v3/u/48/48/1766800800000/6-0hSSaYQjuv-oYVacPAvA/skRK9HJlLtqkKZwVq5KG4uyqzyPTKdqnAk7Pu3FVp17uze58J-JIJq9YaWKZORy-LctOqpbgjS1s_KR3lGG6CL5uxajxgFklKjbZ2k_vAnty6U7I1vb5dMRijAlfWnNecqbBLUtUpljh5yXNAbJJoUMvcXH4m677_W3clD5MOjqTtuuGc5fL7tEbvXAyiyQ-/ckIgADrndVcX1fNehlldAyyS-6japduL6p85wirj0nk)"
SP-241001,Onsetter,2,51,"SP Curr - Onsetter SP 2 51.pdf (https://v5.airtableusercontent.com/v3/u/48/48/1766800800000/upxh--zH2E2sr-jxg6lLGg/jRNc1PKi7GVkMlX6s_yeRul_A8bzBvYEHnfDTw7kINXT_Vn89G24gskBMQPU2-JWl5R7dzO3zwOycv6S17n7Eg_IG_g6OcFm_TlGcsBka8U2UQ2sPdsseoGXoDCRe_jrq04gK42C-ksI0JjWoGS0h2Vl5s6wjr6nknGxGk_ZEFY/7TyLPhO6Za8WLWJrGZEmQ3i-IcS-CZV0fWyJ-y9mzsE),SP Doc - Onsetter SP 2 51.pdf (https://v5.airtableusercontent.com/v3/u/48/48/1766800800000/IMw9H5kfyLiX1EIJluHpaA/1cUr4GzGQrJeuqhYgeCOzBTyXEB82EnAwcuVy6x0cqtBT1BGM1tm1JdEgYtM2TB8qbQRw3smd2KznU5cgZZK-eVt9oBD8sZnjf1OIL5Wtomc22vL6Dpc2-4V7yDidX7lcEBmyul5rVbjfykCj439mvXIhQpTjPS8uN7wnohz4o8/LM73ngEPQl3jGmgrTUJdQ6AKTHmXJ86kcUg7mCnr9LY)"
SP-250201,Tube Set Finisher,3,49,"SP Curr - Tube Set Finisher 3 49.pdf (https://v5.airtableusercontent.com/v3/u/48/48/1766800800000/0aE8dG4r3DN-4vCaKNb2Ow/MFYLqN6tRgru5Dz4tW1qmtXQ4OB5ZJ2AOsAW0eDJ2z8hPDVyJpGK1Wl3382piQvddSjRSVFjqkDFMkLCBN6ByBnM8gbb1etyzBa5FJoOkDd_pzi1iXheYWuVf1_zRGqSetnOUMDuAVr6vV_cHSxEakT9d8eZLakwsAyqfN7dUsEf8ZUOIgFZslyKwetd8fUr/_nwspxJBlpqP9RzTFYYqg8ayLZWhh0PuaouO8QkiwQQ),SP Doc - Tube Set Finisher 3 49.pdf (https://v5.airtableusercontent.com/v3/u/48/48/1766800800000/A82IM3GRfXhJ-8PtmLWQXg/BfTadtSDL2GLNkNp0ybeRDn1ZSg-X3wTujg9t9_LawOGqr69_nuEWdpMHUcnBH1mt5PURug4xPqT6bk2och7o6mbWo3s7p3y_GZQhPXARlHNwFyAU-AkKSCyIcePmkdoHni9cVAJRWJTCbvTgcOZflF9vuxqzZLeBaBQzRsonOZbOpHbBmZnafuW5kU0Tp8t/C0BCxgTBiEkJ_sIh8tGtXrXU1bCUEgZYUOFHTZ1McsQ)"
SP-220327,Fifth Generation (5G) Cellular Network Administrator,4,59,"SP Curr 5G Network Administrator 4 59.pdf (https://v5.airtableusercontent.com/v3/u/48/48/1766800800000/g5A2EhDlgU7ksItkK1uHhQ/VKhMXG7F17iCF_x1GzHfjCmPMyFElQz3xLBwsxg-UTqLevaGm55Jgha6QMMcvZWZy81a_xxTUyOklHvhdxCzWPrGchAzUx3UJ9-7YaI0BaygO95N3mb1KgPz86QqS0zvUKFjTHHDi5sQ15rl8UTE09lu9j9zGRRf-t_AdBkTjw0/IyzzJgiGOgXsWRmdzJ71t-c-pWZzcCilUeL8-_0xhvw),SP Doc 5G Cellular Network Administrator 4 59.pdf (https://v5.airtableusercontent.com/v3/u/48/48/1766800800000/ZN_aH7O4fzJ51swig1_O1A/En_vaUjzrkt5n-rO46IDaWBe0h6MgnHAxcVzjjCFttYWBG9y2xnoQbSSmorO10hGnw95pZZ9qTbeysazcxhmFLOQLQ7R12h011Z4WfVaAEy5LBTS5ylqzs-4HhM26mcqarVZtwKdV8lngLLErrpIx3nh9C_z5JWo4EEHAXpJ4uyrYcVeUVrmyunVzG4zk_H-/kqencLr27KfYyZWp1fbPovmM5HJ-lDi1AXgAJBSVTHo)"
SP-230803,Advanced Emergency First Aid Responder,4,6,"SP Curr Advanced Emergency First Aid Responder 4 6.pdf (https://v5.airtableusercontent.com/v3/u/48/48/1766800800000/d3ouAKOOiga5tq4aZUPGBA/urrTFshB2tTtoyqc-eAFHgyh0KyBigjW7pFk4Pw_J-NKhMs4L7wf1U1omj55ECvQll5xSVZMS6BYDweE-7JXAArEKXfWTCo8Jxa_g3-x1BYlezpgTx24GEbD6IqaXHQTC_UXr1tXbKi8CBvw0u_ZOIMmo1v_4Pt4b4CRAnE7iDOiRZ2wZi_3blD6cjR6BRiw/09klEfUhjFnktYerQToXmS70Q6RbEit14jf5hqCqE18),SP Doc Advanced Emergency First Aid Responder 4 6.pdf (https://v5.airtableusercontent.com/v3/u/48/48/1766800800000/SkdMfArjbNt2p2o8ELHfQQ/n6PcpMrdPjhc_zJs6Nez09PedU5NaN64i_W4kHSEUb1665lilRAfMubTRU336z_7JdZIkJTERMBa9KiEwAnGNx1kzl18NR4lVjNScoUAz8tX6wwGSb_bJyMo8VE4XGIqzCngx-6BJPpPbz-7YNWt3T6d1i9UAC9i_MvDibeDP0g_sSpJGjFJ_zN6paikkOzC/EvUBZcewNpIx7tVdeBJ3mnrQ2of-gqqAym6-xjjfhPs)"
"
  SP-240203
  ",Advanced End User Computing,5,20,"SP Curr Advanced End User Computing 5 20.pdf (https://v5.airtableusercontent.com/v3/u/48/48/1766800800000/ieJsTFyHQ2DXPFvKZwu7iQ/DGjWLNhSRvQgeBsG8ujNzwsas27Cy-YU37CBPiPIQdZrlu1rIwbptWM0oRLm-9O0c3sfFIbZSmMuaYCnx9wbiO4gNe2NCcxta5WIztXFHmJAfp3x_GZ__GcrnnLKhmgdh6pqtr5GTVIMUWIux34O5z2pV4icoHCOHNnaQBgDnvDpCMX3eH9aInQqp7GUZDx5/-9lPGVmJu_9hIIciNJRak4uubwE_hf1Xfl7g9QzYklU),SP Doc Advanced End User Computing 5 20.pdf (https://v5.airtableusercontent.com/v3/u/48/48/1766800800000/g82gBf7WReuDyZchAkSKAg/QhJE5W__ounKof9z-8dN7xs2GOwSXWx3EVNP1H29i7UAiDPAFFn4dS0m_S87AqCOkm1-Cu1qOqViBJLIRQ2g91SPfK9zcSFxf1lnREKR76kVSib5FkF1gh25jfRcVbUseVuvpl2H-t1Rv34IDev_K74-MXrqSjCt0JT4iU8q003ZaGa8HpNnfnDIGWwZyym_/zT2i53THSmcW7YYx5L_ApzEHZDUzeq7owfNdpqMe8k8)"
SP-250601,Advanced Occupational Health and Safety (OHS) Compliance Ensurer,6,5,"SP Curr Advanced OHS Compliance Ensurer 6 5.pdf (https://v5.airtableusercontent.com/v3/u/48/48/1766800800000/mQFf9nm0xQhA9D4N6DGJuw/hw_bC2Q3FOUhEDWV-_lVujlUffVofgsbiTJkcOkeTWJ8ATtRQEJjzC564VjDsOnFzVv9XlkN9j6bvZq97BJQu2KPhzbosL_2X60aMchu1TebvwgrsO80NUDA3HTO75AEE0bD1sBSGNzZSHUKfrUs2DcOLxHrzi8TQy9eOCqcETlkw0UEJh1NFZzdaGyfij6l/qu45rFmiLPhCt0DOOXPNMllfqiOrB6dCww6Upw709hc),SP Doc Advanced OHS Compliance Ensurer 6 5.pdf (https://v5.airtableusercontent.com/v3/u/48/48/1766800800000/QYbYTr5FdWAq07KuRRd1Ow/OaGvkufk7b6aYO8liTUJL0twbvvaZTqOKhcrKL6DiwI4XMvsfXRfDR8TxknWUodatuMsTiM3ENMezqVqRUCoiYLzPFTzBxQ62GLXoT-I9epi89oWg4_tWgCjD78ukU3C__14DDwFuOstr5Ra4SfSi6yRVDQ8_qZByS6xBe5sIXuqUXWKMWHybhflEFh-71OX/_hZvu28Ovf68YYVZedZTzNEKB09ifkLLnUEKa2-gY4k)"
SP-250309,Advanced Photographic Image Creator ,5,60,"SP Curr Advanced Photographic Image Creator 5 60.pdf (https://v5.airtableusercontent.com/v3/u/48/48/1766800800000/Ua6A9rtU72AKLwb-ycx4hg/8n8hy4OxOf5FpBOKZ8yvvL3P_IXB1mSxGUZ2sWYpM9HE3BK8acpi_naJwlqfi6NYaH2hk-ZIn_4-1uDSGywxIlj5lbE4k9uRQoZQrzBN6RCocnqycg1gzemvM_VXiVJyTyMRAcLvbCKGOIevhLECuw0Qh-joJg16iDBkMuos6Yn3JxwmL9RaCwqomLPK2FUk1KvArb1mqZ9FsIAa_WJP5A/pETPPEPODjDMhp4moHvooMye37KfzpZNMrCzjwF4yUY),SP Doc Advanced Photographic Image Creator 5 60.pdf (https://v5.airtableusercontent.com/v3/u/48/48/1766800800000/VbtqhJiZZGzYBm3jcY9yKQ/CikfCy-ZEOB4yhptrWYmfQgfIsTxasChnsrar8hsN23saF-xTznpSjebzYv93tUYkIy0mAP99dl_9F3Ngu_jiML0_gbbGA_LFlcoIjXowjNFrzJ8JsF8ad5N9xOd0Fe4xFF5AUq8Gl27Cq8uGdDJ7DiYpyBLbct7MItzuVKU6YT-F_CF_iYp-jhB_xQnq6sPhOwxLc0JuPeAyipNxzI2sA/7PFtnTE866awc7VGOjDXkoWyd_CB-eCPtkzqapFdMLs)"
SP-220902,Aerial Chainsaw Operator,3,36,"SP Curr Aerial Chainsaw Operator 3 26.pdf (https://v5.airtableusercontent.com/v3/u/48/48/1766800800000/ZcoOF32tCDY7diWf1NzaVA/Sy0u_d1g-W2wrZt62BnhVc7-r-QQC_u0z47S38VAG2VZDrBQbhkXsPKKZtXESomuPc9Yb0wk-oalUGo9PJMsfErHUPmYA3RVNh0ztOet9jAIOIzntOTAP7d1h-1GYO0Uk83o57KJqBzGWbxZTRnmTGthGiQKuaY7xu5gvK-vZQc/lqXWFNPLCmzvDZSS42_VmZnJwbl8zsRlT1UWdmcKGy0),SP Doc Aerial Chainsaw Operator 3 36.pdf (https://v5.airtableusercontent.com/v3/u/48/48/1766800800000/gg0HZ1WOclKe17xgmjamKw/6sLvTDYZgMQKCMiFTCm1ZSVKtOzSYHQI9IKq16LPS353Csid0nGm8RVxzbQf8HBkmZO_Ww2rOVOfFMonz8Z8NupL9m69anAMlBoI7AfGUxV36qchvskLnNJUHHCuK2Hvy_hgwnRdszlzWf-pLXQnyDtbSa6kTXkspppLiK2n22E/q8ERlYzDPCjjWlHoSPva-BNi_cIPVQQSBn6g1_-1FHI)"
SP-250123,Air Transport Dangerous Goods Practitioner,5,52,"SP Curr Air Transport Dangerous Goods Practitioner 5 52.pdf (https://v5.airtableusercontent.com/v3/u/48/48/1766800800000/TVrEsd_isfP0rLYsqC8c5Q/shxtv0TytyqTuZE-mbqdxqAkP9TMcP0S9rsU5yAbcFMr1ISn-VbOswBwZK0uhLfitBmB-J5UTxVlRQdTdz33cuDXhW9lWoVF5gz6zTwCLo58ueeKdN4sBkjd8C7ElGd1c9gbazG2qXBqxnaYwXpqvRPhJDSMaXI5_icKngeQ1xlGv5W-UCl9m7nIyIFVhRKyOZgqHb3P_1VxMMqtLDWofA/6WqrvHKTVaDuJFVUKLvrL8zDnemkVn6g8yyKp67ocyU),SP Doc Air Transport Dangerous Goods Practitioner 5 52.pdf (https://v5.airtableusercontent.com/v3/u/48/48/1766800800000/SSJ2N71QVquTfAZN6SdiTg/sneMqG5nZ2iC5Wm4ow5bJ67xRM07LUPlreLDkX4uxOhKymxBKHzIfictkE2RuZlgoc_EPBXuqfhTDuhVtIc6OR3U3c2IVctM_q9zT8gZXKCLDH-J8W65oo5U9A6crwMpUbvCPIn3sVZwe9C7uP87nUwkLYyb7IEoiez1vQzTI4hCLkpEBhdQiMoFiY-hDy2HnGnFz7PncltwZ204YWsD4w/AmglT89GmgYr_-LRqcktk4ROyj0G769GMKlpUDQwGSE)"
SP-250113,Backfill Plant Operator ,2,24,"SP Curr Backfill Plant Operator 2 24.pdf (https://v5.airtableusercontent.com/v3/u/48/48/1766800800000/hQVJHLaqZgDJZYEKm7YuwA/wwE02GR13DCxYq0k1hEpFG2zNs849fl3GWGjRr2syxr8ZMbuyvyupKurNX6Fkjn19NuQ1o7F-MRTl47uYaR1jGG6yA7SyN2AkM3J6WETYM7qiFfmiXBBvjtp4vMf5SgYFIomBhJ4Uj3zHHxkdO_jl2gFubyCKm-m3CCxdsLhOp0uJ93moH0KGKOO8IlSttJR/oTQ8JEb4t-Ad9846bI-6mvTPQeTJoj8GEQqu5yjC1yM),SP Doc Backfill Plant Operator 2 24.pdf (https://v5.airtableusercontent.com/v3/u/48/48/1766800800000/H3SUjG48vJaaCf5Kq63Vrw/reuB6YGq_Mi8diBAX_toRG3EoPfgEpSvOvSC5OshHXRqrGhZmroy9CBVfYcPq52jvKI-vUXN9HE0_EDVo03WS_seItnfk6qAPiB01fXs9-JpvZtVY7obKaIQrT3Y1Mm6Vfywf5iuC1ZjGXLR4jaZ8-h_igammr0KFQCLACBBGkgWBjSJtTjq1R4nW6gRHTEz/6-9ixSNkYmemRGP9MFLeiWeSYK7UiwELepgxlCVf4EU)"
SP-230801,Basic Emergency First Aid Responder,2,2,"SP Curr Basic Emergency First Aid Responder 2 2.pdf (https://v5.airtableusercontent.com/v3/u/48/48/1766800800000/u9sF2utViSgaOc0aMmuQ8g/XZXmhWAwkm_X6N7LgaQp-93-RO3BGKDVEQ-D7jx7cp1vwqgLI1GCZKSwzJir1_kO-_U_8YnsRP66u_m4PxbItRwz4WHWbwJVSslJzCXsrMKIM28a5Tvt7HftnjSzjKJofW-kZ8tb_ds_4dYB0vOb0JYER7X7H5IqolE0dLRQUnVo2Y0WPYnJtwERJ77qJNGo/vbgTQ2OVNrzcdOmlpR6irD4PmP4NheFi3f5l4TpZ5F0),SP Doc Basic Emergency First Aid Responder 2  2.pdf (https://v5.airtableusercontent.com/v3/u/48/48/1766800800000/Noj8OPFKJ1ODYoZC44nWDA/0hu00EItGWHahB-57bvVUkt8cGRBfyI5Cl-RMb7KONfKkWY3WkxhNC1MPLjdueQN0YeWKG3fjwbh11vNZuxO8ocJl0UbUA5Xgj2icpPb1R-fyUWThYXXKw9GKpcd59rO5NXpwGCrlBVjYxEc4PgeFyU5jYANkbZOgBBz4qvj_qskxB-T4jQkNyTsWRVlhk2i/xdNe5RGCac7uUNhWr4vO_IjJ6R72HjXublwTc-ShB9k)"
SP-191210,Basic Kitchen Appliance Repairer,2,27,"SP Curr Basic Kitchen Appliance Repairer 2 27.pdf (https://v5.airtableusercontent.com/v3/u/48/48/1766800800000/2hOau7uS3tQW9ACVk5R96Q/Xuoip_hkwQOdnVg3RCxQvlwvTTzauUAZKourD0m3kRrhoa5JD9GwY4YQIjvACDQrCFufcjpT3zPFl1_oSuF4VjKUvYyByEnS19zArmOYqFYNGI1Gpc3pWHU8ov256yXZpw5KmRODn4uWZRZ6ryop47kHDLn0t6eW1uJ1thuyIr1hVWd4hfb3bzjnY7JWBQD_/fTX6dOC2ihY-nQOb74mL6DWuoMbJIWtOpDoCCCr_zBY),SP Doc Basic Kitchen Appliance Repairer 2 27.pdf (https://v5.airtableusercontent.com/v3/u/48/48/1766800800000/gbOj8cIOm3HSgxOEMBCkGg/T6HrYAPc2t0EKnrnskq7AN5PuYzxmn-Ze3yb-QVO9IoFFDYOL66WRgqAP-yVNcFfdsQiaCKLUNM15Pr-_RPUDNGXFH9vtFwiWn-dMaW1ZErW8MdjkDGJtVdksJpWEYnJtwS7hXV7bLz5asBPjwBBLf1U-Uuh34b_-CXx-y_frBAvVaqckkP-HQF_O8pRhd5D/J-qv3_pr-8hFU5kOaUS0pCbfNIVCzorGtnTPMBiaNtU)"
SP-250115,"Carbon-In-Pulp, Carbon-In-Leach Plant Operator ",2,24,"SP Curr Carbon-In-Pulp Plant Operator 2 24.pdf (https://v5.airtableusercontent.com/v3/u/48/48/1766800800000/QOONCuOxSA9Um4dLxH6IQg/F6cZ8RaqnoSIFO1r_Rvcjf5juqUPWe2hr1GgYuE1eSgS3VMT6I4Agb7guykmMULZhBbxW0_kVLFYa8cMHa3atx3oNQwV-8OKAMStviEtAprizBMATBxDS--uarqMbIJO6KVMLhl8PVZVXyV8-X3tvp0IVddpWesMfVa86cpiWHkQCqIMQQ_TtcFBaEy7ILYg/ZKKq1DMWOjowEBcQ2rlIOJchRGoWXNV2y1Ywf5wJLUk),SP Doc Carbon-In-Pulp Carbon-In-Leach Plant Operator 2 24.pdf (https://v5.airtableusercontent.com/v3/u/48/48/1766800800000/6JED4pztLSzy4iW8_paeVQ/xOFvHM-N9Iig-7hN18TlG5rKBSnB0yJEWEtAno-qMov5MCZ2DzpRY0u-1sFCajHQYYQQU8rUXnp1cOMKcO7bTe7kR0g5HjLHOh4XIGNeMBIvl9-YFBKHlniFgs4HN0UiwOa6gSd2bCya3i2LPRhBXOHhvQYDUrA2EZbgVbmYEPLH_NilWImp2Qw9loSMBo6zjz8D26bpPWdWSikdeVChBg/gJm2hsNwsfvdW5edObfGZpia_nTHBuNYLOcI6zcZJR4)"
SP-220901,Chainsaw Operator,2,23,"SP Curr Chainsaw Operator 2 23.pdf (https://v5.airtableusercontent.com/v3/u/48/48/1766800800000/WLxEzOlRrW3BW_8_sxb9XQ/aqfitERVZFVf8ngISLa_N5tl4xMC-Z1el0xjl-sIfestS4wLGUazqdP4G30iMDSiNWmn43kV1It_PXqtEiZRg0LdmsMUp_ww-fADQIBBVM7xubHvVH6ealkQJP3L5i3YhMHbpwSQ2gb75659NSEas42KUv1tER-TS7o0-v0NcA4/GHv9Bpj7pwR-K3KCHzBLXfRwboTgJRE-VaR-41y7VMk),SP Doc Chainsaw Operator 2 23.pdf (https://v5.airtableusercontent.com/v3/u/48/48/1766800800000/E2gTpUyOqLwjoOFJZNwTzQ/z8x26NprO39zfY5M9h1IwrQK12QMOI9hsJeevGUaTtbQxCdbbkwGZ7MmkFm9Oo4kGZc6ZFqp5jdH4jV7vuqS2gNIT60_j_F0xv3tyi5le6EuuuEfr13jc3_jaIJPRncZVMS-Xogr5R4eHJABQunqZIbqhoNEB2ZU_NroJBK1AaU/tjdar_65cW_38vaXauA9_k2v0hPbwxKQa2F8ox-MuWA)"
SP-250121,Converting Plant Operator,2,24,"SP Curr Converting Plant Operator 2 24.pdf (https://v5.airtableusercontent.com/v3/u/48/48/1766800800000/SN7PsK_7KMRGHE5yFoHEjA/HnjHrw-pbTWUuD53T-HDnTGTJKSTD543C_him8zJ7jaMi-QkgFMUYh7PkP48tYZPiTiEwQE7aoRu0VcHthoIOMwMq-sP-fw5QKChfohCdijX92kk5yhslBh9_A5Yuj8bfAY83qi0hf3sHqRbrfL986vrYnXCIbmbcDO7hp4K35q4au7z31mNW6gh3iCw09ED/9cRL6YP7WuPcBz1gyVnRL5cY3trKjnFmRX24oNobrFI),SP Doc Converting Plant Operator  2 24.pdf (https://v5.airtableusercontent.com/v3/u/48/48/1766800800000/MNRSUCnAl8HQ3CiIfruYcQ/6OfhgRORJ6u4LeZgeRb1vL5w6lJhT_QnEe558vNzdAr7BHxG7IKAygzlY5sxhFtKYal7Z-ehlBKidMNE-jvwgWomBg_bnaurIlAodvYisicZhhgPu9fWEisJ5Km1jDzdTajBI1t4hot9p7YTYXb2DUZcvx2YP0uPcNDeDzoQCdeKSqip9K04knnGYHhYMviN/Zqd4gGYqQ4H_assLfgoAUf20pB-YTu4j0vsmRI3bMNg)"
SP-250101,Conveying Plant Operator,2,24,"SP Curr Conveying Plant Operator 2 24.pdf (https://v5.airtableusercontent.com/v3/u/48/48/1766800800000/MYzT9KPDC9-c3IJMA12MgQ/kfbUPM6lC3b6vJmjnsAqPTMG4XnETav868lfRVxLkWp0q7E1RL4Emhk2lfO3cGbBpbCSST_K-wSwxDd3wu7BvKh13YX9BpwTfTch4f0PJc9eX75rpuR0y2_rYRjLOfnmfKpf04ebhnNAEcRLfTzqg6VOjuP6hH4INfZGLrXa1EipG1NdBem6hWGDeHVwfJSb/pppW-Sx6KtPUkV2u8akRjKnlNDUSm6Xdis0NuJ2Rmv0),SP Doc Conveying Plant Operator 2 24.pdf (https://v5.airtableusercontent.com/v3/u/48/48/1766800800000/CVlo5l8iWCF4d9QuqY5WiQ/7vLlYAKUuJbhKnFU9TisKTe5ZlLaBeUo2vV2dVxEj5yHz49veN2P-KFiQAOYs08O9v86WZj0b_1Sm52UyCrbSUtwEDJN-_0IdlPJWKE96oh6WSdDtBbdAlintFpJWwNtbMQJUMiHZVDSMA5S1q1Gb1vm4t2X6ln19UE0wUTjRI_29B5qH_Xw3DMoJj24ksfA/YyXYrN7SxrwYE9mS0DuTXbK6sYHGqgDHsNdX99iorYw)"
SP-220303,Counterbalanced Lift Truck Driver F1,3,20,"SP Curr Counterbalanced Lift Truck F1 Driver 3 20.pdf (https://v5.airtableusercontent.com/v3/u/48/48/1766800800000/AJPD50NKEEhBlCz4vKkoyg/60jc0ouj-EWCAm6JqUOg90vUpRBK-aZIZa2mtMG5wNKLdgOF1oklVaYb6J3I_wwPLn_ZDuzfDlaPXZeZk6TSmpMN-UHbpXhq32C0yIO8VAZL8dKQoBhy17Zps1aBEOlaFIqo3CRq3ik5XpfaT5f4qOkci-U88OdHH53v-elhSFxNQ8bxzCZME4dpkt8afuLe/Fa-bsLFZdNpKDe0L9Po_TiKU7ab7VLp3ZQVmN4_JZxg),SP Doc Counterbalanced Lift Truck F1 Driver 3 20.pdf (https://v5.airtableusercontent.com/v3/u/48/48/1766800800000/oCiAKs6wNdcMDZM2zKpq6g/j3n3BiosjKzsEFrXDytnqxZXworde_yjYhJv1IbyBBybi-7PitWLHJEltOf-o27sAhjyxWgiSXLeLBONwgmBbG75eEpSQlaQSHC2QOVFXoPpW0QsRUdB5_J2Oxwlruo5uUvHXtjVJGVIBStpgmwhly7voFLndkD4ProFnNTuRKoQIjpVPcTRS2uHwHW51OcZ/JLRyDLfs3JO7pfWx5HFW81vy4sghQBmwSE60ys_W5IA)"
SP-220304,Counterbalanced Lift Truck Driver F2,3,20,"SP Curr Counterbalanced Lift Truck F2 Driver 3 20.pdf (https://v5.airtableusercontent.com/v3/u/48/48/1766800800000/MFBEp6_uz5nxDefFvPsPvA/HoR1luLwNMcD5GpVsGkgibQEup2Mjp1BJf4pc7-jmt3Q3PPGGowa9SDuQ1kPE-fIiOhreJI3Vpnj4iL13p6M39MVbrcOiGRZjvw1H9oY_wg96WSd4QNUCS8VEEpC6oVfzAIizrzIu_cQ77bvPkYnOGJ5yjGWqNpp_VZbKYwRaOTDFHseCFEULfZSjBni2L78/ji5Lqo--I6jeQl9yqjaZLlLWiR-EICi23y09tHolB-w),SP Doc Counterbalanced Lift Truck F2 Driver 3 20.pdf (https://v5.airtableusercontent.com/v3/u/48/48/1766800800000/Zfc5LOy2K3M64CJPsENEPw/RNos5tjk9hxtx7Ew6iQhSbQHhhthkXqF1E2o5lC3uc7tuxZ-hUFbXhkZnGicOe_4Q04i2CJ0D_gUOEWAe-UpdYATRkDb5VFS9a5u_fUNREQaqi4E_GlAuDWWYjDYyICmf1MCMnK4kBVfkISCCIiAQ-1pnAfrZnhbGcHBs6u4o8OmON28_I9rNQ9DkLMkNZ9y/qkYPmXuePT3WFx0YQsRK3gc4-U1K635R3hANJDpzaQM)"
SP-220305,Counterbalanced Lift Truck Driver F3,3,20,"SP Curr Counterbalanced Lift Truck F3 Driver 3 20.pdf (https://v5.airtableusercontent.com/v3/u/48/48/1766800800000/O4Al0NrR6KRHDlybaEgVlQ/yyZxhprAM4lq57qfu-c657JrRULDvwEkwxtD00T6V9a8roZa9OsL3XUmgNNydpFRJFWZliXEft4lhpkhN2ItflNyhA1cgpjbl1wr78CCfRKrmmtVr4SvxSrLn7_AY7fHdQO3TJjAsrqYC_43jq7Nx3gsW5RjSBwWZcQnEwUgazXuJJMy0DiuW7FOGE7Wju0R/okw1EE13_Wp02aHD3N90nrowUfvy4zDfh-PDLpBQR8w),SP Doc Counterbalanced Lift Truck F3 Driver 3 20.pdf (https://v5.airtableusercontent.com/v3/u/48/48/1766800800000/sSIa5i8jeU8oamct-f82CQ/6Rk00B1TdGPGM9JgvKNgoJhxGehePvoH2BpdM6UFAtWvy4ucRXEjIab8W33Lcnfwz11xRrZwPZ2U98Nq742CmnRLHqi4DC7b0lnnsvhPNe0ry4TuQAaDPQUu2vRC05fFfIR94z5xtCGNWR7shL_Jn3C1O9l5peAUzkeIp6PGrx2NEdCUPu6YNbuU2Z7kkWBJ/bZEBianTQ7T8aF_LsghAP2TIlmMBVmZkVdfuY1Yu05I)"
SP-220306,Counterbalanced Lift Truck Driver F4,3,20,"SP Curr Counterbalanced Lift Truck F4 Driver 3 20.pdf (https://v5.airtableusercontent.com/v3/u/48/48/1766800800000/4nqKuY1TzLpfMVvIqrWm6w/5hDaMZsvp6-6awlQvIHFIgCf5-OlsRJLXzVz4TiJ-9JbGhJveJJ5JHCcVQvwVWe9H97xDW8peQ-t8hzlrAS-344nVNHrqt2c_mcfqgCkK_v5AZDXRRLI7wSMWlCUScxtAvYN6mLL9Ww1n8gI4fLBZ1jgfBN5r9pDWM0MAurCH0Fhrjbr_oLUbsxHa4qO3NEU/0iWJE6BDNEbl0xDTUIWJDdxCWrBp3YMRB1ickVDlOpo),SP Doc Counterbalanced Lift Truck F4 Driver 3 20.pdf (https://v5.airtableusercontent.com/v3/u/48/48/1766800800000/GEleOHhxXrrHA2ZpnnbD0g/a7ZJDpxzMX7Hj0GRdoVjUTZbrQCukZQbgQ-iInKp69nEhOf8XF2efVhKpd5j-TRUSVadxAs0hfOPaenlh-6metPwPJhSzyFB08Kijkp-J9O8PIMyfwpg71Fwp7-4Bew7YrpcrCrt_t0v2-IS1UmgTQkXLXi_N6WcP2p5vKBKRrGf-GzVTj_cX3GsYlFC65NO/3WjRW76rcSTG0E58HW1D6ErtQHYwKNGkN0o3dDnK9Fw)"
SP-220805,Covid-19 Vaccine Demand Creation and Community Advocacy Practitioner,3,15,"SP Curr Covid 19 Vaccine Demand and Community Advocacy Practitioner 3 15.pdf (https://v5.airtableusercontent.com/v3/u/48/48/1766800800000/TFVohKqrZOP1-fCkruOq9Q/av8iqiXA4bpAXNQvDL4ZNFqEgFRmWNImudaJXgtBF8ArwGcl3i53WYHMA0pGyKUOM5R8QBrwG8mkkVr5N85YO6ZtFc2WygY-_07dom4vmNq4cIp9KwHy8jdsJpAS6z1guylr5DcHs_Am3DAsl_Am2OJgTHI5eae0yB1Y8Z0he510bHG00oEFdVWugb-uzEDrkq5_66U_nBmlV45CfRYbIA/LMTLiH35q5JeFXo4reUqrHVojQMXuVcyU_-VvXBPfvA),SP Doc Covid 19 Vaccine Demand and Community Advocacy Practitioner 3 15.pdf (https://v5.airtableusercontent.com/v3/u/48/48/1766800800000/aOsTCFRW0q6puVtd0cj5_g/pZ7OR4Jt7pf7k27sUUZxCuaQDHeP_QWwo4FoaM-Y8bRMFIw7DC_9YGMhku5lfX6ydLSq4LmEVaUvgy-rvIBYDEj-8ApdrpzdnLaBWud2FpJeuhd4ae9mnWl8MUOOCIAn2MWevSKNC3jy5ARsAtjxz-Ph6D1x1CvATA4rxqYxHCK1C8lYy6J64vi_etFNO0_0a_Q9DRDlaGNmovU7bzVT6A/SzizKcdCB529ueli4zP0WignaxjHsjFnQzgD4qr2Brw)"
SP-250102,Crushing Plant Operator,2,24,"SP Curr Crushing Plant 2 24.pdf (https://v5.airtableusercontent.com/v3/u/48/48/1766800800000/a2npQtcdQSoFGtrPHMeb7Q/oujkVd71DNj0lsia62AFt5YnJT5Cp0yzY8bUahOGCnf-SY9Z0VAF9DWAi6eOsYnrQwQ-exevG35fuhVgMUONOwjVeA60XwRafDQvStvdZNtxZX-W6HnfgjkRdjTylcws6GP0JxNub7FGw_d6j_x_ZosTnP3kjgmiaqFu8TmDXCms_RgRJ2l6jYp8O8aPPRN4/xwIIuMQ1GMR9tSbel9YFC4wV6D0wUxGLZ483z5vnoCU),SP Doc Crushing Plant Operator 2 24.pdf (https://v5.airtableusercontent.com/v3/u/48/48/1766800800000/Mwe6N3DSEkkF8c7bkw0YMw/qTfIkxDVIVChLR4822dvc_fDlOX2KdDhPX-ECW0TLU1SS5vwZ8jWviH6epgohOQG5zYzKrEFkMaGN6WCdAo2j6rNfApYXS5BOW0V2xe5xoHRSaE-BnvcNk_3OGerhkQtdNkrnPzneZVhd20RgzcOYT5DfxZXbuzuPz5xAcqjJvsWLorQou67SNPsK3Yz1hdw/tdE3mY-kWW9Hx41nt5amFcaZkPMjEXtzbKSY0wF0yew)"
SP-220801,Dam Siltation Manager,8,60,"SP Curr Dam Siltation Manager 8 60.pdf (https://v5.airtableusercontent.com/v3/u/48/48/1766800800000/0-rDrdzRKV6U81eGLZOQ1A/Px2r016jVLPzIOMvM0mXTD_Nub4fuD1OHmAdKTd6iGYIrm6xPLwAFP1qBFNmL4M99bn1ErVh7JjbL9tWOD6IWBWWAlhUN_qPObZRsuDAIMhQ3bDGtWQ_5aBWVuZV64QoCnS6EV3VoBt1eOm2klvHG1mGHn5H7ZXASoxf1P658I6_thHYJLx0DCgIcpAE6K06/oztF_4NJL6fbIV6w5FN_nvC2p20EZEaQzugdlVtETns),SP Doc Dam Siltation Manager 8 60.pdf (https://v5.airtableusercontent.com/v3/u/48/48/1766800800000/RLE3Mcir2eiiB8DSQa2TOg/uBxc2O0lGRt_tJxxhVXUt9FmwXgLWzZXLil9II3ErjyC6cs0ODq1S44rAhWHAT1iTVsdUod_KxI_DBDHvMtlAvWvb9ODR0vip4ux5-idlM971-qvvBHGja_ivSN8Mo8qzFVTQ3KVkoKnxfK3SxJopZVEzRBdWUnQTN-gyik-_Oz3_bZr4wgPcX13Yjm2eBmF/aeZ9yRCWXxgHKLO8iI6d3Pkfp6zCQJteSJ2NC8Bmu9o)"
SP-220803,Dam Siltation Practitioner,5,60,"SP Curr Dam Siltation Practitioner 5 60_8057.pdf (https://v5.airtableusercontent.com/v3/u/48/48/1766800800000/LnYb-faBwSZlAR9ewfK83w/qA5lfGATRxkt1WKdDRDlHlOoLQLPIllZ2fCxhd3EQbi-22HH_i5izexaiO0A9cZ0vJvh-sGCbR_6b5B4Di6ks1BfDHczJLN498PRmB5Cghcbz5ltSdqpml_qeuIGdiyuFNB3Iq-A1SHumUP_WedhnsNgnVQ9C_5DojQrwbzhizEilFyEHaxbWFReHAV0O-S5/60I0VELvUvQYL4Sd_BkwXUvOqvcUf6mpjdcCMs-4ZPE),SP Doc Dam Siltation Practitioner 5 60.pdf (https://v5.airtableusercontent.com/v3/u/48/48/1766800800000/5lC6I1zrhD80LuuEgxzRyg/xDXxtBPIDmCC2aXALNR1h09xOl_r_wpzTrQ3GIKj2SSEXSF7pd3DhTgtpjwimjZojWFFY3G-h-oYfbnIt6aSVExJmUNQwO9k4x9Wv98C5f2js9ouOdL46fBOXT2W5u2qY4T7EiETSs_W1JZW-2ZH05LTMNs6B9pctF8vj-9Sncs/i1ybVmjvD7q0YoffxTg6hTK-mW3ekXM2Czpia6-XQPg),SP Curr Dam Siltation Practitioner 5 60.pdf (https://v5.airtableusercontent.com/v3/u/48/48/1766800800000/3F4HrxERPma5xCFk_0RR3w/pn7l7SPw8qY7plu2z4aBgHYaMUKMDbk73vWLtB26N1HdO2fv9Wp1HqS0kfrFgiYhnglFywki6yULvf7Hr-SbiuX-B43wiegq-K9HCT2VgLCIJzRTe5ADtemxV2S8XemWVJfHNDfxcQH0xZFzdzuKTZ6w8A1KYAJSJoGIZhE6hSnPHdzNjpvO35W1uONeUH6I/w5S3dIA-aCJk2mg5XoMqgWaLVQ1cCHsX-spng_U11NA)"
SP-20802,Dam Siltation Process Controller,3,60,"SP Curr Dam Siltation Process Controller 3 60.pdf (https://v5.airtableusercontent.com/v3/u/48/48/1766800800000/jkkvSDVK7Rt1s3wTq_xr6w/5pbKgr-y_DkPX7p31sbyvJXGhKQ2Q_eweQA7cGBNkmroZqbq-_XOpawuhm4TlBMHu1-xxBrvgp92z02LQ0mNbiWAY3C5QL3kD_AjP1X4yGZMDVmsZlh0_vqDVT_POfjBV-2wv-uRTRg7jBXnmgfbYW0Uk2f5lOcxxSiSvhlym6H60KRwFKFWBFB_nmH53-f5/RTLI8xo1_ugiz0ZsUnbjyjHPt_mpCaaKuiOtR8HluaU),SP Doc Dam Siltation Process Controller 3 60.pdf (https://v5.airtableusercontent.com/v3/u/48/48/1766800800000/PBEFOv5JikLufyWxSS5iXA/o2JcdMOgtr4BEYsQ79zjNty577_hjhRkH20wNqIS0SF5oLy-K_RvvYVY_8pIiq9rRwIbrgt_ckqEW4t3sKtoFPy9E4XlGhUstrqW2PqEkLESH3fAkw9GdBno4EwPAJpxzhMVgaM1MXufeNFCye35VeOiKMzQy-69j58J3yGLnBgh7-qMTLlPjMpQqzRronA4/4XyYdy260RyItfRkFxzyUhw3iYCRLYVMLJc0P9G5pCg)"
SP-220804,Dam Siltation Network and Partnership Coordinator,5,58,"SP Curr DamSiltationNetwork & PartnershipCoordinator 5 58.pdf (https://v5.airtableusercontent.com/v3/u/48/48/1766800800000/9-2j9eV5DDw_r6orchT3rw/yGtKPI7Aze8asC6IUq4USK6eQzWT6Rd0OGoo4PCZwmg--gWsJ2iiRx9qAE_l1JHV0Ir2ZRNb0p8yUO0uUU_XxKtDQ-odhrtkbtGXA7ml-FXct_e9gAR0U8DAWsOBHCj4cRXFOvVEQnjxHxm9Tv9XWBGU7upLuzfMIpcgstHtCk3pBCjZ44263EuuwSDWfGpQNNfCvMn_QHvNjHU-gRotkA/mzS6p_bKT6hkPoVtb4I7L18u46ePtXdf6R34lJdxbyE),SP Doc DamSiltationNetwork &PartnershipCoordinator 5 58.pdf (https://v5.airtableusercontent.com/v3/u/48/48/1766800800000/qgytiFCb0crAvzCFyBe9oA/gRxlUKgOM6ek1t109VX_GfYFHkxeM9Ly5gyC_0GomeQ_zQK7QwQ3TTczJp1ldYjcroJ8Tu1_R9AzAOj9erjjsVyBdB30l0SBXSf8W0xLaoLHif5doG9mvG5Y1KQUu6BfQi8UAEKYe-RI9H33xdC2PHN4GO2qFP1keYY3irdbvDPp76tboC_jqVf7Mo1E4UbwvawNlX2Z9gO54Cd3c6UBJA/aK8FTWDFkeD5wm5ZL_bg_mSAwDphb3gYpW1lOrtTRow)"
SP-250207,Dangerous Goods Rail Handler,3,10,"SP Curr Dangerous Goods Rail Handler 3 4 .pdf (https://v5.airtableusercontent.com/v3/u/48/48/1766800800000/9XjqOUTLPFyO98WbpjMFew/4Ob3QidisugiADMQ3w9iTgidl5KjCenl5u-01jhGISLvzfZMCnlNjWBFyDzapPfCfvhF39BqQOuIwTDthMYxeoCK9W1NCVR8F1Q-UC_UfspC5Y30wa1KJLIZgynGpieOJrBLOF_prkdkgVWaq6Q1UMjUAfofcWRA_yivD5tKWIqqIQFoddlF8KJ4X_ajV-9a/7V0_suI2W3UI8fqS-zSc-CAKfgn3ABgjJGsyCCu7RPI),SP Doc Dangerous Goods Rail Handler 3 4.pdf (https://v5.airtableusercontent.com/v3/u/48/48/1766800800000/dpLCFIEdG8rSOTf2MzP2EQ/cckWWJEQIQyd2h3N5Nhjxo0ou_-iuFNH5SYpM297SXLhvrI1y4gS4giIe-97TnJYE_4Pnn9z_cKlj3kdx-dYo7h8-t84U16bmc3zEJ12CAKVxC9TIQz-Iils2wy075EqMu_OD_bmD7Zi9EWZTrklPaO3nTBOdGgiWVnvNcoy6xpUp0sDSlELdcomGNjKqKXF/sZcNnduzJfRmSxQN1IRFd3AaZGDhGePWNY3VN_SdBFI)"
SP-250120,Dense Medium Separation Plant Operator,2,24,"SP Curr Dense Medium Separation Plant Operator 2 24.pdf (https://v5.airtableusercontent.com/v3/u/48/48/1766800800000/oLJhP7FkYEWJmURHfHII9g/8reAmJB-ZUBYlZNcqfwN14PpmKoyKfmH_Y0kaRVCu-Qu9LlzLAbbQZJyPG3BpIPn3mTA48ajNkfj_Hgo3nXI1Zlyc3jy7NPCPIkrOfrFmY-A71sRo45aUs0ceRdsdLUKvpInz3M-paAVp6doxkpTEToxAUmknyPWwyvyL0qJ1droanmY-N00mxMV_iYUtp1AdGHlpZYGvU_MNAVqZ9M90Q/KGnwVKWt7WQ_qmutxPoBjL7PxHuKxNPKyQVKaJqkNd0),SP Doc Dense Medium Separation Plant Operator 2 24.pdf (https://v5.airtableusercontent.com/v3/u/48/48/1766800800000/h7D28EdDmKYgZRxT7CH_pw/AvXF9-ZLtGuipHBzccR3xy9Y_Czglv9NB32iFYyse3RkjWPTlEUBGRDA0fG43wCi-K6Clbtp05kXwu2CapWqINIQp0_3RsMX3qyQ0AWPS7hUzQAZE1qv3NrMRKztGzfHQ2CgYwXDr-kp30ITskfBkSh0GeAlY39JmogQWp-4qfoYfzBVE2mytfDkky6lh-QQ7feHCHzro-5PAZLyVaRSeg/9mdITk3yMN4p_E395-qnP6dhYgQaXrLAiC0a-uzrr_c)"
SP-230202,Front-End Web Designer,4,60,"SP Curr Doc Front-End Web Designer 4 60.pdf (https://v5.airtableusercontent.com/v3/u/48/48/1766800800000/NF-Lc2vhWCkgq83SgU8xsg/e84pdK23AY85N2w6HICgCNAU4Rii1LauUXZ-7Da_WUM9i0E1rfQrcn0PVk8r972vl_APwM2V_BEhPSj2R7DWifqOLv7nP4rTBYGvgjaFSw4Hg1LIKNl4EwFu5q-YFzWgWE__TbxNVI4Yv87FQoOlzU8ItaefwH-oIiwOrRIpE8Q/lafsBa4NKSSrIW5zR4XudgCVP3Mali8RXgutO2Yd7Yo),SP Doc Front-End Web Designer 4 60 (002).pdf (https://v5.airtableusercontent.com/v3/u/48/48/1766800800000/FTkP8j2AABd4lFWjXIe9yg/V67EH7XN2Rn6RSYYZLqa6RYKsDkHlqVRgF5zHtERsA4nPHdf-copHM-S5v6XnmC47omRlwil5rM1sEeyhQ6SyqiBV92XS-xfdK7AennZHrvdtjO2V_UM6zdbweFr-bJ2mHIlXWcytftFNkihs-Nvpr19XPlVml0dTz8wsk18goM/GmXGdoBZPfaigU-5vYrdsbbcA_LPJmj5lGRthGKbKN4)"
SP-220319,Learning and Development Facilitator,5,36,"SP Curr Doc Learning and Develop Fac 5 36.pdf (https://v5.airtableusercontent.com/v3/u/48/48/1766800800000/vTb1mSfbtuavpRw5-HW_vA/tCQYVirnTFgdjvK2yLuT2Z1CFPmdYC8RFQ3KyPNE48cG1gkAjMp_qVWexnh4Aozf2Segaq_dIJHjMft8Cg-SsVK4SDU8eJloImDxVEmJoZfuc6vMnRohInF53Fde-Uy5VCYuLcNB85wHNIe9u2tDkV3tZfAO_nrHW_v0ipfxLIH_-iyQTJnX-QYP8J55Oi3x/lEAfH4SRqfVdoecfOLTEjnRtcBQUbn0jn9aPJrqoBKU),SP Doc Learning and Development Facilitator 5 36.pdf (https://v5.airtableusercontent.com/v3/u/48/48/1766800800000/sxfwReh4SlVC19Lh9CVgNw/USAI6SzqlmG1d0WDnJjH9UujJBZvws4KJ21CIGeQNkCgKtRj48FEb4h2wys0jgW9grAFY1lW8crFC7y2447HA385Plu_AJl3RmEwRwMjeIWOt3F70FrAgrchCdIUQaTacsYIPeIxLGkWx21GY4oV0hSOQeNqUYrT_eWps1uEBA9xP5x3meY1IThbEpr59QFL/mttbpXPSpH0ObEmyQKnMGuzk_GV_mbi0if_kfk2-gNU)"
SP-220325,Red Meat De-boner,2,48,"SP Curr Doc Red Meat De-Boner 2 48.pdf (https://v5.airtableusercontent.com/v3/u/48/48/1766800800000/ZBjwX8tceB-F_91oB5B-uQ/vF99Dmqv1RAZBYRCShN6fBD1KSKQdoKMvUysX8cw3ZurmNVZjGJ11oeSi8Sfh2qOddJy1iU6QvfFHR8lbHv89Tx4VwIDYL_UetVtKOhuJs9f1FnUVTmAXYcSPJ3k1UWIB8kwNrjm9v5s-PZucOPYscKElj7Y14p0z9I_iR7Y13g/jHmSnH33PvJp3tWCuJQw5cw_1dlI7OSjDtxMPFVU1Sw),SP Doc Red Meat De-Boner 2 48.pdf (https://v5.airtableusercontent.com/v3/u/48/48/1766800800000/aB5iyIwOvwxcp0wLmnRA9A/Raq03IteV8rE934QrIPY799AafvhW4mVSbhtnGFPpj-1r6vGoqci1fpk151ib_s_I2gxMVqKnAUEUcMnITQYda0oQy8yQCEi5bb8VMRP3vfeEC0pV5-dDlKZE7g0wqE1X5ATf3V-yU21lEanda-WfwQ3e_vRX8WvcdEmFJ44TkA/RGlXufzleSeq9M3cZEzrretM7CCMSIKMaJETwU78ZlI)"
SP-250116,Electrowinning Plant Operator,2,24,"SP Curr Electrowinning Plant Operator 2 24.pdf (https://v5.airtableusercontent.com/v3/u/48/48/1766800800000/J-P9IihldUnH043gGhRlEQ/GWflOCNDqJjJsxyj1oJtk-Qg56RvgqkqdnfS7Vro4i4b7U7kdWIXc2I1jsjKyrHbK_b_nKM5dbNSeIfNne0eo0PM1BqC6IcRdMjLaw6VBsPb01wIihHIDYBQZLZN4amrveEpHO05hwhMtJYku4CoQ_NfDDs71mj1acg2Gqwos5xwenD6os-RJuC3Wa30bCig/0Jc7nTO1vWijP9_UcH8tcFMmUE0xCchVdQtZkfcDEbA),SP Doc Electrowinning Plant Operator 2 24.pdf (https://v5.airtableusercontent.com/v3/u/48/48/1766800800000/uXokYfN__3loWL-oIbiOKw/38BMwNd0Lcdoe1oXcsu6gyUGe8FlvxEtLoBVSorfGaXyVOVY11tnwwUkx0SDpm-_SzpdyMmnGMWty78sHjDGjTfV6zc6ftvd_BJ8MYIzbWl5EL_rEtJW3CKoVCP6M8rko3yGygPk96PuWFZI0dbJbGhPPFcHDoan1_LxILJlG4_EFdPnB-BFqN-XZ8LPBKKD/mHNQfGpE6Qjcnsg0s2gf-OCiZHOgJTfMpfzEhCsJFAs)"
SP-250707,Emergency Response and Evacuation Co-ordinator,5,4,"SP Curr Emergency Response and Evacuation Co-ordinator 5 4.pdf (https://v5.airtableusercontent.com/v3/u/48/48/1766800800000/352tYn6c-8NC-26kvR72xg/rA-aCIwOjelgUITtjTAlGT4xtpEvgX2CYIJ7t95DfXizkRaGMiiwQxXo7nJXLMXdtYsuF7zFeurUMkb4dDU5u_ikCgdzECzly-TPZPRT7hXs9854kiei_JEhi_oHIgLZ7rwCWn_fui06p2chp22f0r41Eg7d4dNbxbUGhRq4Y7Q9Fq6XEDFacMFB11cBQQMKrDst0oXSyTpXEaQYcl00tA/nOO6LabgZ5h43SWd1xlBY3QpD3Dt5Cv8kYNEk6CQyAE),SP Doc Emergency Response and Evacuation Co-ordinator 5 4.pdf (https://v5.airtableusercontent.com/v3/u/48/48/1766800800000/JXa1ZfpIjraxZ3gpiI0m0w/P6q2YdsV6Ey6gZXVP2vanSMVyQqDKPXE2SdZ1RJaIXaavLg2SHdVne67wQ4Jp3eCq-snYNCW0X97shBwGuahOVkNNwWAUSskQm1u3TGcGYT606p3nmXhGX0YBW35NekLrs5CROSIO2dHuh2-CpkNM2jc-yDBlbYB8UHXB4FQ3XK4v1el8l_vu3kOnhBkY8OXBRQQ4h5iE3kq-54x5HPFuw/UaChQzV62uWA4LbiB3pA_YvRN_QflUQ9wZpDOfGH1es)"
SP-250604,Essential Occupational Health and Safety (OHS) Compliance Ensurer,2,2,"SP Curr Essential (OHS) Compliance Ensurer 2 2.pdf (https://v5.airtableusercontent.com/v3/u/48/48/1766800800000/wyKCoCSGCTXrH2pA1i0-Fg/Hh0ileDkY1_5gdaXvm6dCqh0PwTUMBCg4TwAXOyssa-9omLZ1GF_IZ7fO87w4ltcv08f4dTabJjzm4afd_55U2n4v-FF7ZQT6EOo3MxdYz3MVkwLQNDZNVxrNNo2NmyDXMoFSiuL3CVUV2qNJoYAN8UkLMHN5YxUrJrKjVM0wZSp1MXBaLwq6yhN3sux4FZd/CodWlbTR3pcnp3zVn1qIclQ3phwrY1PmEy2pIxOinfw),SP Doc Essential (OHS) Compliance Ensurer 2 2.pdf (https://v5.airtableusercontent.com/v3/u/48/48/1766800800000/AM2MZ1aaGWt6lq6YQsa4Dw/Pzo4FbHXeOsAaKjkySoqQAahiNcIcpvdbtwvt0eGz2JDCAlzqimjXn9UdQj4jRyzhc4LY_w9a7_OtOzVsHA0wKu2oJxqJPdgu99KEFkqIJRh4g3jED1VK72qZbtDDJI9oTKi_wBusk79dnavQxO06hD0wokh1juxpZhgzVdG6Geoirmbo4vurJt3pTFLpFiw/KfAVvROvFAKFI6UxuxYgcM5v2-Toudndtof_GTWL850)"
SP-250815,Essential Occupational Health and Safety (OHS) Representative (Low Risk Work Area),2,2,"SP Curr Essential OHS Representative (Low Risk Work Area) 2 2.pdf (https://v5.airtableusercontent.com/v3/u/48/48/1766800800000/6YD_0xPn2M0a3xWXzN_xAA/WBnB8pvVzU0JrHAvANMV1ReTHHYtL52NpYKzs3wZf_fbqfuRVkWfzX3BbZbgbfJ_RbAdQRYeCNW5tcfGHWssd3AdZnn_0P-L10VZ81qIGnOjKy0BjII0iNZF65Cmuxd7fGRWBlI8BBWn7dBFV89OVpaseig4XVFkRvxWKTRd85HwpoqDvvfuavFrv6_eE7YnoTafH15Epn47noJ8qEk9Rw/6Y9i_cyfLSFECTMOx6wFNPLH1GiIrNFMWDOFjtw99YY),SP Doc Essential OHS Representative (Low Risk Work Area) 2 2.pdf (https://v5.airtableusercontent.com/v3/u/48/48/1766800800000/m74XvlUfPw_FReHSyVwvtw/IfboxWZXK6hB5o4j7SOfSnjcFpqHARoMre-BRmTTyVlCNxKUmpuD_86LG8lQdSfeEDkVn--ZRkceNyWJ4PwwiVbZr0FTFuv2XD9czFZpW1LXu8haABArzeEVEP8MUvmebpCKXHLySqEqKifbVpqv9PbUDMNSZnsEe1Td2qh67rrOR0Kjn05rk_s6XIp4bzb7am2ui-KG-Yts5zulI7qbxw/CRNOikLMx1s3zW085AWu3vQFyQ8Mdu2uxdvaMBWk5Uc)"
SP-250817,Evacuation Marshal,2,2,"SP Curr Evacuation Marshal 2 2.pdf (https://v5.airtableusercontent.com/v3/u/48/48/1766800800000/fSToly0ygFGF00bgy7wAGw/EVY155yUCHNEeNoseHECPulP_P1c1GhLQdPAcj1dU63sO2OSFWHsc33Q8JGEEUtb0SQcDtchp3upWhxMRj7b1PldcTLmupaujbHwYVgIUxMC9_LqnW0w2MN65oCpkAeiDRaXgsZ3gtFqON4tMkb4Ul633GjaTc6armIAdhMUz-pC2ZbfaznKcva0Xv07rRv-/w7IPyygULEGHCDi0UIyZ2gs3vFn0DpvNARTm85v8yuI),SP Doc Evacuation Marshal 2 2.pdf (https://v5.airtableusercontent.com/v3/u/48/48/1766800800000/-SfXTLu9fOQCjwiYrh0Vfw/38CYjC9F0XCFQyjR_jC3duGKgVYdqSPIMQJOwQofF8-cky1zIyBU0izfj0ZjcDb2QqsBoeiFBq4zPueSdYgI4xaN7JAWt2xPJYspr12HuYvtUfxMd9nRlmQrfaRuBQI-lzeelNqGIsmG6eTG_ZVe4IDa1VJJantWo2v1U-ETu2n-OVSIsugy_7XVuUCD0N8r/IZy6ok4gGi0b1FnwBJtJ7lyAkHB0VGqgABNLV4ZC078)"
SP-250301,Explosives Production Supervisor,5,43,"SP Curr Explosives Production Superivsor 5 43.pdf (https://v5.airtableusercontent.com/v3/u/48/48/1766800800000/q_sFPTCYBe-Hcm3UzPjQaw/2HcJjcwhI5XSO-V9CN5utcNJ_GrlBhuW96JqrzI7vUMXvUxFkDwkcxaKR0c3zuR2sTmNBcxNgPPHWBpII-efJYtglb-OocMvAQdAMwr0hotjmiC1EgKRmSGuZfhfm_Gf9Ma6lmCBjBEl-qEj5Y6RX8QVV4RkNLFNtLFxXOQuyTV-FV-LEBcJF8m9S7qVKQnvLVI0W0AFCEebmA444uckMQ/eQxqQ-dueVBBLz6vA6Kth3T4v2YlNnhUSOdydEJsFdw),SP Doc Explosives Production Supervisor 5 43.pdf (https://v5.airtableusercontent.com/v3/u/48/48/1766800800000/oeN_FCyEzq2dYQdxtRv83w/QvAY5AW1Cs7tSXsZnxtB0zvTr7nwje-Y396RIPEE2J0dqbaEaKDCyZbZ1dMyedpJc_u9gR8MYC9SuF7kknajuiYF06FndagXdQeDPaNLA6XDz9Dx1_bc0-LswcoNWYV95Qj8I0BHMGKEE_IYLhzU4kiD-hxOKnlplhULkTMribQuyRPsNiXXsw8zTS-VMuQ3zBkmbTXSsknKt4PyvYoQwA/9GaMQj7OuHiPTYOEvSOw6ZId8TmQ8FYofmivJgBZXyA)"
SP-221106,Feller Buncher Machine Operator,3,27,"SP Curr Feller Buncher Machine Operator 3 27.pdf (https://v5.airtableusercontent.com/v3/u/48/48/1766800800000/r8hcMFxWha17u312YtqExQ/vvysM7zOtQL08jiC0fOrBdEGNO2Cgy4bBmhB-2vd0ZDi0jGbj750kluaRhF5tBr_HENxgQerKWs6AMw8WvqatBYP4VjqT4PJN4Q3vSNANo4cav9nfGGKHteGLq0c8wefUR0nOHRlUSIrQMTW-j2rWjF7mMp3hjUdadVOjOuOn3CpiPOWNiYCdV6xa4geM05W/tuC7tXfZyteqX9QFwCPrjOEaGOsZ20GXeJWI4wVVNXA),SP Doc Feller Buncher Machine Operator 3 27.pdf (https://v5.airtableusercontent.com/v3/u/48/48/1766800800000/ojYnsA_oPrOa7ogl4bgnMw/RXX8nxZcgz6M2h2dO74morVmYCCle3eZGkxM61_YyBsTP40bQWt83xwzebsQiRWVM6LgtH7fj305NTjcWZcxhehMDQzUWo1NHaleEOeafPteG9eigBNztBY0oe1NSEs7KE5OKdn2EPOkAX_964PMdNj6-F3AuYVPkARSylF_kDiX6AIJZGnFW1Wb3UMjioTn/nMZh4jq60L_s419KxH_tgQbxg_UU8zhATIEbNj1UMwo)"
SP-250117,Flotation Plant operator,2,24,"SP Curr Flotation Plant Operator 2 24.pdf (https://v5.airtableusercontent.com/v3/u/48/48/1766800800000/euD6L51It4sVwb3zq_SAGg/bHa7kEg3Oo8uKcukhqWRlsQzPlik_l20fr5-IkqWsIEs6VCe0apUKNmabQsv3xyzQRs6zp2OUXIf7p0O6rjtmyljF-3z8l6jUmWkEFEfeOJFlt3yN3tTQKrbJOFRTl2JWWymp76nW8OaA7Mplo6ylK8SX5_eic_cWuhBGp1WRKaSE2EH-ByhCbAuVWAAQA96/MbF9Qyqco0WzE0yOGmaW071xgFGMDXCD4FfSqhUrHTs),SP Doc Flotation Plant Operator 2 24.pdf (https://v5.airtableusercontent.com/v3/u/48/48/1766800800000/j0XejNkLAHdBB5QFrXRSiA/bTu5yBPCGAQOMBVOLHiSDYlM9QhsNr5XVyeFWfOW_tacXUZaEEeNbekMnWs2giKQNWo-1cK26qCfbsODyqSrQzaKc4zKxEiQQg0oq-C0uc3wmKcXUCtWLBJmVQCui6tcD0zNk-5f--1tOdk-rcTAFFCC--E9Y-zXToLYuXNU8bJFF4FSe-yKWSQ9TDs6EdWl/4aTPHn0Z4U_zhehpRVDcuYERglfnri_L5r8FWemWWl8)"
SP-220904,Forestry Hazard and Risk Assessor,4,35,"SP Curr Forestry Hazard and Risk Assessor 4 35 final.pdf (https://v5.airtableusercontent.com/v3/u/48/48/1766800800000/aRsitr2j4zjSRomv5Oz11w/boruyS6nGisRSRGnDgNDak1wwb_mguCI5uO-GhIMOeC3gME754qr5P2wgPuwkJ1_rOLMVd03qYCmktcoTN7XKtHIkA3AQXTz4GX9MfooF9tQPNjk4z_EQahQI-OjYX6WND1cJQdEPWMZh2mYNblTWvJ4yS7_SmuMm6gI0q9SMA1XrXlbRDklhRgzbWGlFg9_/ffoTNoY9On8geKiEDczz2yzDfLZpH2akU9QqyUNU5rI),SP Doc Forestry Hazard and Risk Assessor 4 35 final.pdf (https://v5.airtableusercontent.com/v3/u/48/48/1766800800000/fWG5kAXDStP6B4eviwy5IQ/y_hqBiZ7706jD5Q6y2Kdk7qn-PruHKMXn-blvJtDiJUvCbCZKCBFdKHXjkgMLRPwvKfhMZkOCMJIOEyOkJJMqVqVzjIaHPNr1lSa_TEZeewT5kUMoSZ9u2pIiM5tUivyGI26vrTJxnNSM6bCym7pdgU0XU6KBULKY6yNwoRiig7QqvfMmGiQW9F8XwH280NY/d6Grl3HDWwLUxPE4_a78TfuFKrnZVqe0JFmLU8YKsQ8)"
SP-220905,Forestry Incident Investigator,4,32,"SP Curr Forestry Incident Investigator 4 32.pdf (https://v5.airtableusercontent.com/v3/u/48/48/1766800800000/n4P6cEh4th4l4VNxVHs-fw/xfdVzisIzrrGkRqxkaZA_1s4rxSh3hdK0cPqHKR5mDtgEHJ6XUin-NX-99mszmEK59Gu0T6B6D7LI1UsVn0R1MAthkffyMWEdp4CxfJK-Jl3MG2FejNRw8szLbxHusVO8AvxBW26FLf_ygJpJ-VkqnJjMgK-dctpGjs0bN9JX5F_zwiZeBNUEGvg7L7NYJZa/QODfN8xXaEW182ghlLZywIIfQhKxU8PJfoPKrHbhbDA),SP Doc Forestry Incident Investigator 4 32.pdf (https://v5.airtableusercontent.com/v3/u/48/48/1766800800000/8k7uDwo7fy7PekLRkOqvfA/zjZ5vQEcybDin1rVj-iyfj57GCvMyN7m7AvZwlt6zOsA0Mj_4E-ersi2Bgc1aGi3n5sXIAjfwCZ3D6I9VPpb987Jazlo3EQoYvtdpODTflFppkoLu5WBwY895AQnNo__n_pBFPlp_-9frrBEP6-DoqA6-prq0ku2fKT8N3x2KL2vV7irWDb_VJ4gCazaIJ6R/F1rgiivmfofo77CcS7UoOjL8iCribIxHug9HzGOask4)"
SP-220906,Forestry SHE Representative,3,39,"SP Curr Forestry SHE Representative 3 39.pdf (https://v5.airtableusercontent.com/v3/u/48/48/1766800800000/tV9LpAewNjj0vgbPYq2pbA/9qp3frO0ADS7Gkfo51AeAteH3Uodf_aphZhf3YJ2o48N2fSuOcU8iFfN_BQc-utXZhVUX9zAbcuz5lvfa_0ILv1P6fKtkND0cxhKNJoFzkz3Jg85keArdJAfIFgiZMaFvQPPzkf8uKByipffieTpuGCBOjAOAx8oX-Q__kY-xKusot7mcPHtFO8JdrmJgdO4/JUSlTMYVCGNRt_sYoqnFFGQfUfxsSuWczdp1LNS4bjk),SP Doc Forestry SHE Representative 3 39.pdf (https://v5.airtableusercontent.com/v3/u/48/48/1766800800000/hdWmgawwAf3W7Z1e6JDupg/xLTs-i43wDi2j9ClfSWNCGs0dGWoCPLbazG-ThpJvK7AVRdK2Ivc3_Z85KXUp8RfqntWkpKI4Rw6w00s7SSc-8DfKVC3hENrZB63VfJtEKNa_qpY4mViI-6UD2MyizjWQZub4YP4uXsjzJPvfIHhwARJeuiXQJMPccb4zWEyl-19GM20rmCL2EtcCjYTUk7V/Aid_ElGs4Ocu2KdvAve0lyKt5Y53GNHxbSrbvqn_jkw)"
SP-230323,Gathering Arm Loader Operator,2,28,"SP Curr Gathering Arm Loader Operator 2 28.pdf (https://v5.airtableusercontent.com/v3/u/48/48/1766800800000/klGq3b9XgCFb_5ViIaGzHQ/NObsv8G_Gd2mr3oxcACsZUjJM6FBjGW6gBA1kkw6MHAa6O-3rYlIpd1JFnEez4EoJ5K1WJBypLvixm6oxv7hxhEbCrkch1q0H5lq29M-SmcvvF6EY3FSF3owHF7DG5lztpdU2xtj7CZepS9mGP0fcrvAS2eWUQz19dEZ_aR94c1Ts6ZWktRiD5TOB6TwNDAM/lrArmXdDUvd5UOOojqKNoyyBDF5CfRjOTV7BgAqX2ds),SP Doc Gathering Arm Loader Operator 2 28.pdf (https://v5.airtableusercontent.com/v3/u/48/48/1766800800000/nflgbj_D9cwTJWCbErs-GA/F_rCc7qn370gbcmYiEa5OWdVa-fc_4ZatYuJKJ1NhlpDkkZ9aPoFikz97TjjCG5Mlqx5WlEz5btQWUS0qYx_b9NInnDr9C3TGCjbqoeXDSe-OkJPp7P0dAewhe3BFDGVxwqPwmWsWFdwQd2c_Fg4vBDS3cF8OR1QZeqSNiEToj884UC4uFieGICZa3w16qIO/u21MUEIUvkxDRjENI1FER8-Og382Zxw8CSnUiI4E9HM)"
SP-191202,General Residential Repairer,3,31,"SP Curr General Residential Repairer 3 31.pdf (https://v5.airtableusercontent.com/v3/u/48/48/1766800800000/z6z1AKRhDn8vJ1grE0Nllg/JDoOSgu_jo6Ynu2QmuXlQioUGW9XNg3TH6EXUBWPhJf1xTkobGOm6ugQnRyUO-bfhZUYPigiGpQ_X2XiVgtWYqr9UE6Nph720sjqEKztxGcjOB7zKwS8LOB6XwHnUQDJ0Pa6PNB5j_UMVC0WL7C1F85F7ZC04ukqDmXrcvjvmOpwkLamAJ1bd76kUpeZ9L_J/ExVEBPiUYZfwQucu9B-QOtYtN_dgh0Hd65oRaejtVfM),SP Doc General Residential Repairer 3 31.pdf (https://v5.airtableusercontent.com/v3/u/48/48/1766800800000/nQhRMfWGzf3PNES3FovdoA/hA_ySvBON4iy_kR0AG4Z53f8vaFB0DzkMI1ZRJxRyfhtsv6EpNMmt-71LVg9LrD_01YR7MYml6h5Yj5gsKF_JltCjA85Zt3Rg_6lpzHiRU_0NIDICuBY0ExbLRillYlc1BOaUbpHfAZKyiztoUmx2IJ_cSS3aYRSB3U6I_1T7S8101cXfDNHG51J0PIgbWSM/fwJ2Yvd4q7o6i4M-erdd1a77fZUFUOAXHnnqIt5ac_M)"
SP-230302,Hair and Scalp Treatment Attendant,2,23,"SP Curr Hair and Scalp Treatment Attendant 2 23.pdf (https://v5.airtableusercontent.com/v3/u/48/48/1766800800000/VtgyGta6AuTbChPoxLsABg/J5yqfO1Y76ahfoEg3AP90uXZoNs04QaEXyvZyZi3RGrL6bpxM3NTJbcPA5zsiN_pEp53PLKyvvq0jscgNzfaImg_TKz-Wn8QIXyZShXem2SAb9A_f_WoIpJLC-em8O4patyOMv8Qwkm0I2ZUEbqY2ukAKIdOyXuBoNWO5_B9asn8j5DFcr0Aam5X4avoSDky/AK7odz54ngwgwvSBLopKnvw1-_gxFN8K_6rUQJ08Etc),SP Doc Hair and Scalp Treatment Attendant 2 23.pdf (https://v5.airtableusercontent.com/v3/u/48/48/1766800800000/EcSvqYWRnUEZ6tFGcWBwQQ/ZkQ87SsAQrLB-jlGwh7dkBSev43JaOcSHNkNhbapmxOl_AfHIF8VPWvEzqPdlZJ1NBv3wlrsb-lvNJaLxW8eCeKaURaS7okAlZCsbj3J7nzf-c9c_-3Xv-2QMkjZhFXraD-UcWC8_lVQKr_uREx0XAfNAjx6iMVK9AATe28ik5Hkr8DFXyjELGNrI76Hnyul/JT4aTHAlAEAqT3oRANvobP63Kx0yOfQYMj8yLyJ3oDQ)"
SP-230305,Hairstylist,3,56,"SP Curr Hairstylist 3 56.pdf (https://v5.airtableusercontent.com/v3/u/48/48/1766800800000/7CsUoBnbM0Xtq3mxmmvSEw/rij9b1Mpw-HqPWKEA3NVyzw7301iIGvJ4QnUCvOuyjJKQ_3N8qaqx-jx1txyf8_UN7fVjYFm-Ua41Y9Kr2D2Ue3sn0JsWi2jKqDRFy0xoM2pNVWmm0QRP9ioNQ_AFlu6Jp_NTAzYGvcGrNITYq34ISPiOH5ALajrP8zOLvCsS2k/tsz8OAKdjMQaBC5LNcB-Y2D-jQniqx2dt63By05uW_8),SP Doc Hairstylist 3 56.pdf (https://v5.airtableusercontent.com/v3/u/48/48/1766800800000/On25oi8KzLket1oIuBv9vQ/9OFkc-MEoriHTGH3GhthgG4qzuDeJuYB5BdCB505MQifn4vBL-zk8q8dLMTV_MJfwx5flDIYDqLyFoVY0PAKaZmCuDrw-EYHDnhVeKAcnMzRkir1XB-4NCOR2StaKIR_iT-z3VBxzNH_UOB4h-znuAU0Nq8SDYZjZwR9aJTBQXI/pso2tJLm5W2FSGVUGqmFy4TwelnldGLZSRN_Uba5K7k)"
SP-211017,Hydraulic Mobile Crane Operator C43,3,42,"SP Curr Hydraulic Mobile Crane C43 Operator 3 42.pdf (https://v5.airtableusercontent.com/v3/u/48/48/1766800800000/MdRXQ0frvist_jo_Wi234Q/GnDrP_BLGo788e_fOWkcyPGvloo3_HDQqjDm-KElCAtvhBUACcYgiXOqZHh3or2BTcHaSdNfEOE98BBAgKQ1dBJk4fqmyXCZvIsZTtndVw7CO60LJC0RatszwqS8uvcFO7uuWtXE223pMzF2UhXajLfkfjFcb9sl8xhdQq1MQwzvabotxoDhPKEK7z2wcoDP/3GUwdDtgRa0AA16_AwEKPaEBu6rLN6foYNFCPAto7Fo),SP Doc Hydraulic Mobile Crane C43 Operator 3 42.pdf (https://v5.airtableusercontent.com/v3/u/48/48/1766800800000/3bBI0VIpjfukbEe7EyoA1g/JGAvySur4_9beqB--VdL0HsqLB5fWoXsyg4HEDOyiUxmdeY5R48mbSxSLL82Wcdq5mxDrQ7uO-HGgeiXgaTcJseXqfnMo72CCgaU8v84pqwwH3q8p472Uf0p7C5823tOFceqkvaIDM8YAcFZDcdonlNOI2AATSxCxRxm1qCf0Ez7yiMNlv95sNMFb1sXZbqI/522xpwuXjXwfAAM8Lwrd5SYBDD3FFMty9l_y_iXLeXQ)"
SP-250818,Incident Investigation Team Leader,5,5,"SP Curr Incident Investigation Team Leader 5 5.pdf (https://v5.airtableusercontent.com/v3/u/48/48/1766800800000/5ngSt7wTt0jiUssun0UtyQ/2vNC4ykezamm1jCAAxc7T1YY9hVdIUPhAokwKG7BdDExZ91pa4JU5REe7MCQxM1yvJ8actkoxkRpuPkdhIA4WFyM6RIZ2qRezZR4wlY-uqb5PB5YPkfyndvsC3HJj1v97R8SvZ8aPzCJcXEyR7xCGje1n_zothM01G8fCS5bkqKJYVDGrk9bOFTfB1O4Jv_kd2QhgRLSbG6VoS7bh8JJ6Q/19x6ugA3VnpKXpw11MkimHjaHy7wFoU3dWEf4usVKzs),SP Doc Incident Investigation Team Leader 5 5.pdf (https://v5.airtableusercontent.com/v3/u/48/48/1766800800000/JdToZhkinByErobr1coi7g/8NQ-f1UNr1DSX4cl5eVHvQZzMPsb-7-xzg0flrrwRJ2yRgDjV3fh1Vp6U4_sqxP3CgghpEvVGwNSANxsFaBeD92Eb2nzFh26NFm5hdoV6VMf2fDbMbAa5W-sCkW32OcKjKr8XIuspbMCeILCe1zf7kCFotuaZZvSy_3yn3UlZvjUslJBlOFCfvB4sO-ipagbx7YSyhMYTZilaXIvcIERig/hwBo_xty3ot-ZEm1Mz6pC_o3oUAc4Z_m6Ha8f2bFY3k)"
SP-250906,Incident Investigation Team Member,4,2,"SP Curr Incident Investigation Team Member 4 2.pdf (https://v5.airtableusercontent.com/v3/u/48/48/1766800800000/v0wzuys7GuU97Byd202bcg/wp35M3-GCUexYzK0Z1jQLavWSSlIn74Pr_Vis0Q5upc7NhAASlB--jw_-uPDuM1qX8a16nmqWncTaAS75wHgcqeRAZ-hbrBqt6pKxbpAk1IE09hMsHNBaeTP_4j_JIISZfm3NkCpLgVqIWCXYQSjRMLgJELcA0CclFV6zPU2uQS0LUOh9IoPZLcYrdMnH1x-X8QnshYw-3G3BxJIQp3f8A/jnbdfwhxDtfWKKRtAFXTzWr_fHwbutRYaPCjCbvEk-Y),SP Doc Incident Investigation Team Member 4 2.pdf (https://v5.airtableusercontent.com/v3/u/48/48/1766800800000/I8L2VryFoz2KiiMQFMqWRQ/Db9yWPQC2PduXdU1gKv23MKjKit5wlpN6ZU_nT5NSwi_mRt6brw5Nlbb3MfFift0UR6j5NBfD3IvL6o3rlhV4hx1aGoAgbFT4ih8F79vgHZV5EMwjjqG4mDOeeDjRypVkBo-t7zoxuDrWUxdPKdBmrY_nMaXbIQUyg2EHjNRXdJrwiIR6fkFd0A_upo4K9NG9jZkTx4Tvoy99labnfdcrw/j6DT6z1bSJYzrUM6ytyZaNdYmeF01jh7gc995lUEmQE)"
SP-230802,Intermediate Emergency First Aid Responder,3,5,"SP Curr Intermediate Emergency First Aid Responder 3 5.pdf (https://v5.airtableusercontent.com/v3/u/48/48/1766800800000/KbAv6FaFvY9zjAhhau0pxw/4Kl05ks9ytRs1fstDCjNPZWrxZ33ii45ydtu_u09zl-z_Z0TfLznuViGiewJtsPzbsdVEOFzmhfNlntj3KXPxFqweFA2iRB7lJ4XBqP6sPZfM3HhGXguIzNVKHdUS4oA8Sd6PBKdmArHaQopZKxoIvmTWXFO4bh1s44F4Gwpm5RCoR9nGeGTxGCNwRCLdWU1/6QA0tfpteE673yIGtYQqzJnBxNglglUasG50csO4LeM),SP Doc Intermediate Emergency First Aid Responder 3 5.pdf (https://v5.airtableusercontent.com/v3/u/48/48/1766800800000/0qdWMJ06uK30RJe-uJlTvA/gnPRNr5EIe01Vlb9rcidUzKvLg68aSJIX6kpeMCUx_bziAkE8N0mFYnQrYvRiBm5RjySiyqUqr-LGhyaMgdO3XIchEVp2DXu92ZLDEBARMc-mDbLcf2jE6EyPS9OsaOLpbF5gPVZc18tjK3udGuai4_hxRLaOYH-Y9jZB4CSGZV2tbUxItRw_t6wU6TKvyVg/Lz26C2q2PVHGaTl0Kib43j2ePqoA0KIF3mwcDImwBAE)"
SP-250605,Intermediate Occupational Health and Safety (OHS) Compliance Ensurer,5,3,"SP Curr Intermediate OHS Compliance Ensurer 5 3.pdf (https://v5.airtableusercontent.com/v3/u/48/48/1766800800000/L7K7HHhxs6Gio_wU_LAJWw/foa8T00OdXvOB49wYi3MQDCB-wSMfNwr5Wo3Ssu-a61gN4a2DVDGnobr464L0VsiA5xq5JdtG05Qtg9i97wtdtlVXYmrUuJ86-sXEC0duQA8UyE4uEGalcJKq7CA4MbpR_NmzsCg_D1LPWz3td9SE0WXP7E_qZQd_DC7ns0WXc0aQpbwsiM9_cNpYhTb_hEELih3MDlsKjm3klVyIhH2hA/60SivUB9gWIyAwt0sQ6BpHQnGDDBm7Qz84D5af9sUh8),SP Doc Intermediate OHS Compliance Ensurer 5 3.pdf (https://v5.airtableusercontent.com/v3/u/48/48/1766800800000/4pdB39bCj5_RIuLBwY9uTg/QvdE6Vr9DOn1TGDJOio7tB7oQnmrsxayNcc5XTXeYLnCoeDJOQ5k3BpRqM9X9zo-eRMpgvjsmwwxSGKG_5rM3xH45EX3f_S9hJSwFLhhGAVoKYi4APAzuVktfOUSKheD4JCEbdoJFcDQ301aZnDuig_xViyUloPvzhsDIXsW6sRUBuJakmL5iLr6fe19lYFkhjnpLs-gooHtpDlCWSdyjQ/uRvneIQZS3SXyCF6u4PX4Fz72ib4-K_-jbd7-NvXlJ0)"
SP-240502,Lamproom Assistant,2,40,"SP Curr Lamproom Assistant 2 40.pdf (https://v5.airtableusercontent.com/v3/u/48/48/1766800800000/N-ACB_Yp2jeazpjQI8lG7A/r16Y6kfmp8XaRmUmipLNkcxQbBSAk1YGnDzpWIsK7phfvtgY9piIDkNm9M84mhOJ5JA7f1sqr7Hc57qV7bcfmOjnBcbrFfUPLHd0eNlA1i7JHx3gjvkTA8wmrq4KxqHVOmzdqeRMnZja7lcvWCXYYWgWVQ6lAazqzqayz6RpcHxWNtgtYw2mz8MQeNSqQ0VB/CLYY66g17nM3RbOfY9N8QsHKbEn90Nr_92EDe9sj7uI),SP Doc Lamproom Assistant 2 40final.pdf (https://v5.airtableusercontent.com/v3/u/48/48/1766800800000/E_WTmfciFU0X1LmU4K0UUA/giv1IoKlAvMIMnzglhpgHKCywfQ0678OMnHTrZA9HvC8eGyzSji0bc5UPdR-OVxB9dmRD43ptOdpTkA6hY8FGxqmj9wtIszSi3kXVv_m9F8CvzHeEvWqQQWOzjI9ckIKO8ax19ktZdaUJXYpjhhFNwEpnExYgIsx1ut8JlPOIEoNxVAA4pP_xkL6Ouw_tTcD/0w8lxKSoMLa66wqdgVhIVy54S7VrpaqDuX6fNCh1YVU)"
SP-250204,Landscape Technical Supervisor,3,46,"SP Curr Landscape Technical Supervisor 3 46.pdf (https://v5.airtableusercontent.com/v3/u/48/48/1766800800000/1_3bZNqtG2BPQTotipdKPA/hLFEes7nUgJ2NyIYrmKGwuGhjO0SOu5T1Ytvrq48bObHNVWDF3KZ55_DqRiF0tH4qIXq2dX6cRIoqbzRDQ3NDloRxBstK-DJho9YvZ3njyexCpHhQjB90RsjRiwjIdKDrjxa7nBAUGSzcNUjpKmVvsWGPeH7Q9RZj_L1ho83bETGXxmeqXz2YSHb69po9HG1/A53wJIJgKOeoa8f9Qz-OLXpxL9jfw40bsGQ-V7hIX7M),SP Doc Landscape Technical Supervisor 3 46.pdf (https://v5.airtableusercontent.com/v3/u/48/48/1766800800000/buxR3FkzYyj_cAQWlSQPLg/H7MQVp9pi87LdLrpLNlF5KloOFiDuoEQUEfg4ftXe8dKBrVTp06ouLU-SUi9SVSJrxPteZ8ZbtI_I2P8HjL13InHhevRXhz02BaRbzB81cfmemJUQNMcAocKsp748lAMadoF4xOtV9kmqVsNm0WXRoZfmKJK6wfiNyL_lZBfcXcrbshYc04jqs1Y96Z3OHIt/qIzhyVLropvUD0UW4PNlzjWOBJYw6Q361IsJeI1XAZY),SP Doc Landscape Technical Supervisor 3 46.pdf (https://v5.airtableusercontent.com/v3/u/48/48/1766800800000/efIai9crbiydIRLD96jcsA/0IG3mazHjanmGqyOVmTEjyHptUdF5VJTkjRyJW-XKA7zuUXil288rIkiImGX2yUFRJmNYN5aGC_Gj16MVlp08241FbuUR2EzfIEgYcrlCCNKnYRpKD0ASd7K03UnXT5TEIprfMnYx4ZsZ5YpBfhS1418j86HeSjcjnw8ff09MxB-XoWHnESESayIlmeicoJt/XFSx3IB2XXYTneEkFJSoS4Lm5fpyXBEUXUsKBKJoB80),SP Curr Landscape Technical Supervisor 3 46.pdf (https://v5.airtableusercontent.com/v3/u/48/48/1766800800000/O9QyxC94iVuoAQ24stVVjg/xX2ytfqiJNtKins1GVbrxcsEmrRQ4LZcF5c7TwS4HXcuqKeedhHmvEPyz7mr0pf2jfwyucQ3I5h0MH3-37h0Xrx_X3wUyonIpvdVe28JM6ASFF_b0E_JKAqU81Cedy6q7IiaDJKBXnNePHnGF6-5_yaD3EBC2K5bObNVVLy86ew4qAcI8IIdAXMtzIK0jDdk/K3GyWxuJVfsj9yyfHyVOQMxbs0nr6XIQmP7W7mSH8E0)"
SP-211021,Lattice Boom Mobile Truck Crane Operator C39,3,56,"SP Curr Lattice Boom Mobile Truck Crane C39 Operator 3 56.pdf (https://v5.airtableusercontent.com/v3/u/48/48/1766800800000/AtTFBAJdu9a8-yGei7EEqQ/AhrKnVtxC5qZXh2oJIDb2S4SYzhsz87f2A8Y0nxUXVYgGF0UpkfyrMfsqHQ8B4wzOud_oK1YZM8bK9Ly2AAwBBYyNjJs8frxOkd33-FefrjaDT23X9HAkZSYYgDjshAFIUGNdgbA8eMGBDgs9_ix4_0A_AjL1QQnFMSAuCndTLDu3viJwM8L4C4F1t2MnuLP/ytynAmM04G8nretj56w3NJ_pTskuSe3refn-6-3ztCo),Lattice Boom Mobile Truck Crane C39 Operator 3 56.pdf (https://v5.airtableusercontent.com/v3/u/48/48/1766800800000/_QZZ2jPrBeXs1IN8lNjj8Q/EwoZMUNWXMdnX_FsBZ6YcPRgxiNgcic20bOzj1xXbLwUEjEmBVUmIDGxQ6KZqUMPBpyrLHzG6Ok8jMRBAWCcJ-Cdo3EgE6Be-7r-Gb_zlZCjBW_5K-MoUrdjp5Wxvxh9Qky2YoyOnG7WSDwrQi57MRTW3NXWNf-fJa-uglPLRqxuEjmxJMNlzmtFlgXD9Dn7/stTLMUYeYWi60ewC7FqV_ecJaTdwA_YASFD0eHJx8Mo)"
SP-250103,Milling Plant Operator,2,24,"SP Curr Milling Plant Operator 2 24.pdf (https://v5.airtableusercontent.com/v3/u/48/48/1766800800000/jcg4o9X8gNqJ1XyXPC-NcA/meiAkkDpJNykB1vv0AWgFouEN51rkSP7myETZE-4VqnmkWixi4nqMv9eNaejzt6V5CouSIZuovJEGKdQwC3-SaFxdjjRQAAKyRX8kPr_IVQcqRxJNfGG3Qb7dNa5DoS-KxdbjH_90o2pbiU6MzJwN9-3HYEb_ya_bHT0hwq3tRcpN6FP3FuVkkm707XIhJG0/mX_OcMr3IIoojFuf9cTqw7VeQ-8LN2Pn1UeuY0VhiWQ),SP Doc Milling Plant Operator 2 24.pdf (https://v5.airtableusercontent.com/v3/u/48/48/1766800800000/lJaeDcesK3dINvzO9XSv_A/HQ8FV0AN51VcVETB7UVfRsN8RtlByqUsQOsJkKVqEKh6R7OceGdSDPDk0tByWNpvP_EKbvvVr0PzqKy4di-CpV7_K_tdxDh3z6qMvMfv1jcMbBRh3osY4ZDU6CYvJbDNnJVgLcPcPN7fDuseue1lbn4cNr1BHkBpQYHsW6LYXGWdI_fAcvZAsYueV6d6vc-B/uTGOX82SiB102waVQ-bpio_PnIF0i6zudOQ9d5KyIFs)"
SP-250112,Mine Technical Support Services Assistant: Planning/ Surveying Operations,2,56,"SP Curr Mine Tech. Support Services Ass. Planning Surv. Ops 2 56.pdf (https://v5.airtableusercontent.com/v3/u/48/48/1766800800000/HVt1Y_A0MDMijQ_UhAofRA/JfdM4ikR-tSUZNdzuKFBT5x8rSsxkshCpIdb30DSSHP-yFboFOCcFyDtC52KXWvf-lp04k2W0877bBho2DM0INcYwncbXH-VLp0TgG7zGG9bZ5I3kbnGhwW0XiD9cCtOmtPW6Ox2EWXyuf1pczr_lKWz-6ULpaA-nQl4WS5fY9pjPYY4ZuRezVZdhjw5b7wsJgyIA86Pj8eFt0AtMVp1Sw/lPc5GAcvC0MKgWlBAUgWIOhabs3D6W4wW5dtBY3MMbA),SP Doc Mine Tech. Support Services Ass. Planning Surveying Ops 2 56.pdf (https://v5.airtableusercontent.com/v3/u/48/48/1766800800000/Ib2sVbRnfxMg48A68cAznA/diXlQtTrTfX8amx1gsxr0mTLBnxC0RL8-JGpaeWABp_4--Y1-XSqgnJOouR6bA3e1IPl1LSd4JgoiZJTOAJKtYulDslpoqh5qPWGA6iVHUsOzlZ_NL2y9bQcih6kkQOKc8iD2AEA7cDE9RAQMFwIBdwfGOPJoGdhi5OQIhbqYdo0sWO6gR7lmA0VjS3Z3L_6kIog5mhrnTEw4bwRS2RtKS5OWBeOrapjTGwmd1dL3e4/3DjC3glMb5YltO-iXt2UdWeu419iMRGKi8yADMW1M4E)"
SP-230315,Mining Dozer Operator - Surface Mining Operations,2,24,"SP Curr Mining Dozer Operator 2 24.pdf (https://v5.airtableusercontent.com/v3/u/48/48/1766800800000/dPK9XBu_pNwZxfvUE4fcvQ/CUzc-3VWpkicObUR41VVbs9A_sqjxmQTBtOvaAyANnis8fO47NhHK87p6C-hKT2__CvmmkI23PixU4-frWlaNMhTThcESTvuVp1nAY2_4msKnYmQZCZFMK1ySlDXGbWoXjyjxsthSXTXsfxd8PCl1B6l90oHwWdCFpcUyBG_V6cpm5YcHRHQ_wO_4Kw6aaaV/5vmeusiHi4oHYMLxpeelFQ9VzecENXPguceaAb0l360),SP Doc Mining Dozer Operator 2 24.pdf (https://v5.airtableusercontent.com/v3/u/48/48/1766800800000/iUX31UTS52E2xadLR3w4PA/wmY2091-1DuXg20Sg52HXDTSnHllyD1tESHuMwjw3otysVN7pYkgSeVTj84L83GmCsyeeKtlz3d6yy0A9dz4tG5XfGLZCn3cCyAZ9aL_y3hvJyUQctpYierymJh9uES2KEBnNFKsRatQLR1pToaYOPCSbhh_XrmmqUCuBnKfaOG9kjj5Di4XSAJprq-MFAmZ/vtHjWyORaDu7qU1h_1iDtDXEA15Kp8jBLOGKLjUGqsI)"
SP-230331,Mining Dragline Operator,3,36,"SP Curr Mining Dragline Operator 3 36.pdf (https://v5.airtableusercontent.com/v3/u/48/48/1766800800000/L185iB1Hrbhi9Gr_Dz79uw/laGQ9Gb4I2RxoLl74PM80W7yBNswojqYtyWqqSvYJn3JQbLSoZLJcwBh3wDqlJTdr5XOsykRJCvxjoeYEf7vfw-9c5JXU2HC7nAIzdVlYuPoMf22Fpn-G87S2hWUBqGh9xYnr4RM8bAPfQ6mmJsIPLWFIJQur9I7QddT4uqfOCjCPSMx_4ZKpY916wDMD7tL/hZ7V4M3sDKGqExLYgsM8e-PO-thDyqCIL74xMIkBpt4),SP Doc Mining Dragline Operator 3 36.pdf (https://v5.airtableusercontent.com/v3/u/48/48/1766800800000/_maMTa9uk8tRCtRqG3kBvg/I-iqH_C51Hh0K2uRy2-58mKcVqutBqW4xHq7yi4x0RSisZ4gKxg0gnNERGYbSaybUcT2k5k-GiYlwAAFDf2YyFHQIjPMpXNLGzDg1SJVQ99keaD9uF5ZCJfQ9dC3R6sSeqS-m_AWdcH8VCQaD--2wJOqDmw9dtlmGAnsgfgdr7TsNnOVR_D7JGUdX1Ad02s1/rzEry7uiot7RVbEQ9-5DEAKue8MjiFw5e0H4XFwto6Q)"
SP-230336,Mining Dump Truck Operator - Underground Coal Operations,2,24,"SP Curr Mining Dump Truck Operator 2 24.pdf (https://v5.airtableusercontent.com/v3/u/48/48/1766800800000/CVz3HqGD-v1V9K2iBzX1XQ/unJ6ZKD3ZHfvsJo0wOiYcyehvfwl19KtZahWGdqORtUZyLuug6atoUp0PeRUSuAmm0kEIxOgn0hW394ZU1kBNhvVkBlreO4wyblUFgMIbjnVzdY-Yqk9m95foNvbm9bTDGpuKMCi6Yx0OCCl6bAGfi9ySB4SgoMznD4yIVd0ruOQRzar8L-v8e7snuW1_efw/wBAQ6ttCESjZ1L8tHuzEq_lQMnXzkB9DxdiAgLapArY),SP Doc Mining Dump Truck Operator 2 24.pdf (https://v5.airtableusercontent.com/v3/u/48/48/1766800800000/PVGagZg3NADT0sx2frh9nA/HaWUZCVvdRdHmgNdWVQFvZFg6UtpS-vAhEd8nh-sSTwdXGirQqPjoc3yS5MQQUgnxTyXODE6_slzMT1S-8SRiMk2L27Xq0N9a8bX4lsefplo9CiFe8f7XrE8dMPPzkth28pipez0LStDtxj9AJUqTDWLZdnfuzmEK80NogtmDzsDNfJtNJ-tbtvbvRojDNmt/2kP2TXw-vYxLHX-1xaXS4s3twNF8ABTm5l-zRIHRScU)"
SP-230335,Mining Dump Truck Operator - Underground hardrock operations,2,24,"SP Curr Mining Dump Truck Operator 2 24.pdf (https://v5.airtableusercontent.com/v3/u/48/48/1766800800000/8kHPwYHhV-G-AxTHB4XTSg/_biVPvgw6fbDqYFq7IzUUthNW3oMgjFbNTXeNTTTvG28MIjfksGD6rVrfJCnTJz9_cY3pPfgQIqlhVl0cZaX2ghw-OP7eltPYCyn5xJSNZTGb6WRbj5Q6_D6lx9kY9sStcviGgM43VCH_w7UEx-Lvvma2dmb8W1AV-DiGi9h49V4q3mTrt-w9JsdLOgulgjq/b0PdsxPuI8_rfNMsVcweL0c1g8AnLpMvznSCKpsEaE8),SP Doc Mining Dump Truck Operator 2 24.pdf (https://v5.airtableusercontent.com/v3/u/48/48/1766800800000/tKOUYnIlTULbG61nepVXGw/24aiHH0peoAXvkBw4IsOifg7IhgyiDbjksfIi66O6MERRV9OtevslUpTcvvhcvGXBcFyhQ2bjSBe_uZyNREfTmDiJbKbPJUJKOaAeOmkPKzNsmvWY-5VyOXsyEdvsKFMhmeBOFrzfrVOI_xcugZ9TOULF7TbmqJE5PxbGx5zp4n-P0KM8BYzwW6zRgBFUn1j/G_UtZRNeZmi29GddmB1r4KiS2sKZAuypuD_DQJYxMy8)"
SP-230322,Mining Face Shovel Operator,3,36,"SP Curr Mining Face Shovel Operator 3 36.pdf (https://v5.airtableusercontent.com/v3/u/48/48/1766800800000/l6x-KppbVBM1sJLsvo6kSQ/D3EHn2C8t0GyDB73u0Juk_O1zliVoTCeD6zEwTiMWiAs8pcmsDRpZiu5815yjLX8WM0__PP4FSOmxRm62d6Q-Ynucn8rn1w0YWa1CPse-PjJDiDTlLp-ZCF9roK3ind9Bu4s9CWNz9hAWg0VCyBZgAqh-RVw2U9NmzDiYhXbY3CgwMn0edIhdc37EXQIIsr1/KB952ySpPP9Rdt_FuHW1tdlryGaj43AcYkUCY1QbVzw),SP Doc Mining Face Shovel Operator 3 36.pdf (https://v5.airtableusercontent.com/v3/u/48/48/1766800800000/HqDj3MBKtn2saQa1I__YSA/QwEknEDXmC3Q-MJm_oH3TrxpyUai2HFr7JS0M6bQy7_IUwLddQ24rVFSEloDsuMSZuvybfTs90R00TJavA_6ffHy9Bo-3-O7z30CKxa9rVKw5bgLtyk9T_tfbTV7UKU6mWd0YqSWiFn1gYPZQwOb-W3I-G1YX8OKLPhOuloRAsYAdVbkGtb5gENnhmeOf_PR/_uCLwsOijM8OIZW2QV0tXkjf3mnZUY5MUAilthFpGEE)"
SP-230357,Mining Hydraulic Rock Breaker Operator - Surface Mining Operations,2,24,"SP Curr Mining Hydraulic Rock Breaker Operator 2 24.pdf (https://v5.airtableusercontent.com/v3/u/48/48/1766800800000/7JGwc_Oz6itoz3Rpd8cMtQ/UbWxPxwRvYJmhbYxj8DwksQuL91AO0mi4JiMmCuiep_MJT3pk1hqaTAHOceWdp5x02C8XeugWSCFLJg7ZUtwEs1RNapnxik8byKAN6Nc-R6LMWPeFOXoWntwrAA_bD7_jWQs2SF6tU2SG4JlhuoyS37QKD2c5Do04BR5yyhsBvYKbXxrSsSS_9IEhKCBEVi0APcs3PdVUPIM390pNyXvIQ/JjKBTdsUqh_LpZVBIvUssjMRq6KM7kZWmZ3xzHn-XGI),SP Doc Mining Hydraulic Rock Breaker Operator 2 24.pdf (https://v5.airtableusercontent.com/v3/u/48/48/1766800800000/lxq8PNTZ8t2fPvMe8wSsig/bU5Io8zH4uEkNXXTthaUdxNIxVsLXqo5xj7WC1LFA6zlrLj26KVXXvsH5-38JbFX58A0Zqgno-JMc6DfRzipb8Snk54MHkROVVPu_jfHndxD4s_j3W-6RV_QzUUiSGLOUb8W9fDvIRQESlB6mKgLArAwUUbcbsf9_yT-ah4XLk277d2fbJk0Z9TXYxVajUPgOm9KbLew0eE17NO2YhVlkQ/WR4fyXjnCJJHq4HG83dch5n-ZNkllDJzLr72oH4UoT8)"
SP-230307,Mining Rock Drill Operator - Underground Coal Operations,2,20,"SP Curr Mining Rock Drill Operator 2 20.pdf (https://v5.airtableusercontent.com/v3/u/48/48/1766800800000/BRzH2-Zt8ZKcKv5pW9cjMg/eGyBf2aXSlv_um8M_V2WE0rPtI_LLgrq307CYKXHhMSVlCyY1DxKhv9Ky-yEQoaZjWfNXIMvLzhgWsD6zF3EpAdvDyc9zlklR03vaPaw3YS_K4ZMQCNhUm9YVbyL96lQ8SVR5z6jefjfj9BlaHR0PY1V8wVeyqmehA-fxjwcEOsd2fhQLca3hfxqa7Pvx-UJ/DfeC42_Lk1_eMB9dxXz87_R5SNLnJbV7HI53Qe5rG_M),SP Doc Mining Rock Drill Operator 2 20.pdf (https://v5.airtableusercontent.com/v3/u/48/48/1766800800000/dyXB6D2UUadp-I-fnLmC0A/TMSoisjgpGbmz6r8FLRGmSHiDSs7-mJCU-hPWy_J6ZvErAzfxwdK_IAEovYIog1R_z3LSo-FlhYP__kQ1gXP1LPWfFvSD_mQ7vDf2DQLEqR_lRqjeeyK8LihMKP10exqRo6RI10i4GZlBY2Upp71QAk4Z36K7gwRi4zyDN-JBU4WXAoL3k8-0kHbwmw5tY0c/koSi_NX4z85ncsS-0uXDhQf__xSw46xaYD3LsS-Njx8)"
SP-230306,Mining Rock Drill Operator - Underground Hardrock Operations,2,20,"SP Curr Mining Rock Drill Operator 2 20.pdf (https://v5.airtableusercontent.com/v3/u/48/48/1766800800000/QjTrhV88-5MBIllnDSE0WQ/ng5PPkmCpvwPpzave_6CO1QzUZoDIx9YcqPxSrlbIoac7XATqxCetIbKie9u9-NnHdrQGEOU2J0MMfQDXNnirSXxV1Gi2UpnpBUBe9_BuLLRTFnpiZebgDurfqbw4JMXjByM6ux7zezUSSfNxTu1FA2mU1Msr5UEyBAJrbf7gR784qLtP2ilTXsa6tFIzFRr/z4u7o6D-fImRURfDPajMIlxA7jORPosrIlntVZ7toew),SP Doc Mining Rock Drill Operator 2 20.pdf (https://v5.airtableusercontent.com/v3/u/48/48/1766800800000/1fM-sGo7jMjEIIAlCt4fZQ/RULI2_iqXKhqtwBgibsw9mfiA7MHBT8XH1oGo7_GOwl74orF2d_y3EFkh70XGJAySOr8XNInfY1qk3pUh1hkA3Opf7Iuigrvj17uWakpwx9lMslOil3ycBsA3UKT7GhBnGg_5vkhn6S0hq5xxzDGLvnFu1KdqHwqEIcN16eeRTkQc2aXIAZSRL3vRKPnxDgx/uWVJUv38FA9a4zilQUfqH3ILPu-lBMqGkCZ0zirEWeo)"
SP-230366,Mining Skid Steer Loader Operator: Underground Coal Operations,2,20,"SP Curr Mining Skid Steer Loader Operator 2 20.pdf (https://v5.airtableusercontent.com/v3/u/48/48/1766800800000/Xy0dVtlnBoxIXgiL7yZfWg/7HiF8gEf7Mth-Z76jZ_nkG8zmpzrMwgnbNYiNTGK1hRcmXzqxxuyjvwgmUq77MEZM94tl01kpbQ2NcckopU7sVg3WJkaGeiwZzUJib4di_4gKLffmKSmc0wdznZyw2nzib-wIVcmNTmwIQVt5KTSpGc95sKNt3QlqmleECFnQJLtDX0napzhRGF5Sava9Yk4SNSt0SW0kIRIna7LeDgaAQ/SThDXNDHSYtKeb7oALqdTr1QZx5RqYUcgZjWV7WWsBk),SP Doc Mining Skid Steer Loader Operator 2 20.pdf (https://v5.airtableusercontent.com/v3/u/48/48/1766800800000/9p6aFnRpabNbmtxFAldQIg/hkJDzoFlFx9iW-56QxDDm9o1Hjg-Rg9qrRO3uk90mA3dZ_oYa5jno58AHHyYM5iPdXAdoZ-V09a7RVto2f4cLuaxRKd1MpetyJdQWD8mAU-NSE5-QtHcPWKD6NDubsXZuaDHquWGyZo049vzlbaJMfav1KWMmnnJhtZTeDnEOD6c_MSLfvFRZieg-MM6Ppb9/RzKE_MAoxEzQdyzEL9H-M61Ln7tCm-J6etfmOC9waSc)"
SP-250603,Operational Occupational Health and Safety Risk Assessor,3,2,"SP Curr Operational Occupational Health and Safety Risk Assessor 3 2.pdf (https://v5.airtableusercontent.com/v3/u/48/48/1766800800000/QrZXv8jfkSRkBDfWt0GldQ/c6mJr6hRBQPxYSknGxqIycHEbbgPkvzc_TUR4njdJ_xBEyegZNY6s6MZBOvH5_jvFnPPm_UsCQfaI1mLPTAnFRHHh1RJWMb72jl0nERhCvN2HbgElDsOfJL56henTDOIbb4o_U-EKD6q2en6PVvkQpObM7A6EcpGCqZ1Fgz6kWjTa_cJKQSkwu9YxnjycV0wKCGfggh8SoDAcMkiEgieikxXfE8fx-23bk-1PlX8nd0/Ym_YHb_ALWE2utVDxLEjA6URKuqQhnvgKozbBJHPcfU),SP Doc Operational Occupational Health and Safety Risk Assessor 3 2.pdf (https://v5.airtableusercontent.com/v3/u/48/48/1766800800000/1i2CB1hG8DVQpUBtoDoufQ/ZnsLLRPMFsBGoA1PXCZYpg0Fb7uQzbubxHr_ziRp1f23IyqlbUg16afFmAeSYbkAvKqkk9Wpf176rsQaA07jY_UtpsnaCZVWClfaxoDtNkXi96SC73Td7jactGP9-MJ06ctbNdcHilx0HJnAnBUC_ppRxPkCsJq7EllSxh-ofnye-SvR_N25dXqiGbPdgynRwUkia78iywX7J3B6C7-_kxcHKOXQLQrLpKp-P41udJI/LUFpPNFsRK5uniJgC-NXIhM2eHjK5hwarNORJdG7y0g)"
SP-220310,Order Picker Lift Truck Driver F8,3,20,"SP Curr Order Picker Lift Truck F8 Driver 3 20.pdf (https://v5.airtableusercontent.com/v3/u/48/48/1766800800000/I6IPVLnRvrZjHy4ueHUB1A/EAwJjJ-w1VjIF9XRskPxyW7Ahb2bmyt86dpqRZChyQafkr-OxzzNaYz8_FlVJ4m72OmgUKHAprvaANqo2IOWTPsDOtZDgN5WUBCT0Unh3FWSZkZtH9MPptkvFLU53HuTEo5-wb2aGPCozPgCm3bkSeSvqOMUlPxqiZO_NWuVknJ6EC4-oJUtIwNzXrm-dr3R/QkKqvVjZUh0-xhE7aSl8otFyz4uCVgcfIO1z9__lNUE),SP Doc Order Picker Lift Truck F8 Driver 3 20.pdf (https://v5.airtableusercontent.com/v3/u/48/48/1766800800000/UL-VqkQzrshKVweLYbBQNg/G0_XIVdKlu4I4vx7O5N2_kyf-XQCQ8iikvshSzlgkAFCGQh1lt7Dk2ahV5z1Nmx9twyioLntGqJjnNf_JoQcQKvQWlQxIVFvA41c2LVfg9a-XGP0Pt0Fyd9LyChBtXiu3pnEy-7yCRQLwt-3GDckprRXS5pIEyQjp_TqPNcKCRPNFtE8doiKzdaahz3nmkyW/zyXyXTLBLxdcG7a_FALFwVaGKvXYhLVtd2Grn9i4W_Y)"
SP-220311,Order Picker Lift Truck Driver F9,3,20,"SP Curr Order Picker Lift Truck F9 Driver 3 20.pdf (https://v5.airtableusercontent.com/v3/u/48/48/1766800800000/28Ix9qe1B2smajyPrIoceg/w-mbudMk_gb4rm2ZGqPYw0OiFWqYPkeAWBZuPOXaJiyXe2sCfPJ5GHB3_LDJ7BHsoS-mS9J-0Xj3IziZ3ZhyqSNU937f3XxFWXLuni5IMv4cnopXCATV7pyFOv0pwiubKkW_kI4Qa3pb-JwYL9LsjV3dFEGAnuDibgt356Kfu-UHn3-DVNy6bv-HeRYz1TfP/fcjtONRV78e0TvO9XkCcMSNHYgtvzrEmuu4rvjitbPk),SP Doc Order Picker Lift Truck F9 Driver 3 20.pdf (https://v5.airtableusercontent.com/v3/u/48/48/1766800800000/pFk3P8kNUBJy8ylkmzhcoA/UkEBujDBH0E3AKZlIePGGrY47RCiv-tyIdW8l9Im2KZ2-wBUOFltDJAKxo68chabeKjHEantnBaVsmPbUR-Tzm-ZqLi3VcmIIDkHDtSVjkk1IGfhuj3ivNhiB9ZyYGSOVrvOxJZn_xXXCYaFnWl3RsoB-Q-PErdg072RHnilahfMFAAfjZXw54_ZTiZGwOIB/qYIwnRtVtFmj8ZWn9f9xcwy8zqrcHWPyhPgdwGIzfsk)"
SP-250105,Ore Reception Plant Operator,2,24,"SP Curr Ore Reception Plant Operator 2 24.pdf (https://v5.airtableusercontent.com/v3/u/48/48/1766800800000/-at_vS_39LtXP1dBOIS1Fg/moHrbNdoifwsmkZGz9_WU96heGj210EZi-J0QkThRIKfgboQ2lm0Wp83E7flBQ1AoUEV5rHVqyK1peMVrT0W1S9mqHiIicPk3X_Zkm8ssB-jSlHZDI4MF2rYc03Zsbmp9-EkCf86ebVpADgK0MCNSWPr5Eif4QanS9KBBQ7th0nMyNlTyvEaHRT-MazYG40D/LUR2TD1hEA7LdsQEm1Fj1UlOvMFuwPCAWFd4shlsX28),SP Doc Ore Reception Plant Operator 2 24.pdf (https://v5.airtableusercontent.com/v3/u/48/48/1766800800000/aMgOxfnZb5TmCmlE-sdAKQ/Eh2S4LJWv0qlr1UGa581bzAQK6rRHfBI0MHFpe1kKKqzFQvXtLldX3DhxetqQ5BZ8VzI2-tKkf0ZqIrUH8axtxd8rxxMxtspHIyZ7JZy7ATno4bWaGORDDvgRP0fmZMxtQ5axXRnpKszL0rCyrPTShuqSyZbYdcpXsGufX_x6jZ2ZUUJ9CbSfi6A8CNWVsyL/rViNxulxyUlLafNOgfZ3BYtTDia8PJ6TowZ65Z7FMqw)"
SP-220314,Pallet Lift Truck F12 Driver,3,20,"SP Curr Pallet Lift Truck F12 Driver 3 20.pdf (https://v5.airtableusercontent.com/v3/u/48/48/1766800800000/vij5HdOeMVZvYUwuasbq-w/ysZ1BBWosvqULGhG3PCYArE2MgvDd9R_H-dTCgeWEih7lK5FGgPuzfJDuxGesvWryv7TFqeLISahnrSeFvjA7DgualHM2bJc44BGhdRP5kl4Fb_Zyg5_gfDom5dug9zXSEOSLP7zkwVmiTpAYjAvv8_lHAmZbib-KRDW04z7WsY4u4TPi3piC-_008niZQFj/mH4fyoVZLkWyUOuBN2KDkn-0JbAKS3oqEYmj_Im5Ltc),SP Doc Pallet Lift Truck F12 Driver 3 20.pdf (https://v5.airtableusercontent.com/v3/u/48/48/1766800800000/6P4CX6C09kdoe6dwnkxjvw/zdyi64bCRn3wB27UzXZtRZhnEqfpyAoFXyrbXtmhIMTYJGte7itDWkmYnSYNctowRmOG7Msv9P6QPegdm3lCAMgoO_3bGJaX5vchXt-Btrt47Gm4uj3fzGQYUlRh0-o8X4_36n7R5QE5r5tRT2uzHwC00u0w6ZEhW_7--uztO8Y/UHkGlsHju9UJ1jO2XO69B2Fc_i1qi-X-AYkCoXG_tQo)"
SP-220308,Pedestrian-controlled Lift Truck Driver F6,3,20,"SP Curr Pedestrian-controlled Lift Truck F6 Driver 3 20.pdf (https://v5.airtableusercontent.com/v3/u/48/48/1766800800000/Hy_EHvgCjCg5qVVOio5L4Q/ig64KZ3pfVXpjVQ0rO5zv7n1dhoM6xcN9fuuVA-9QsqsmYHqSGamGPR8LOacNOGBKzgNutVXPvO_TgQIqO7o-jkfnJMBb2-v52teWwY8BcQnLBUJwor0IGhf-ta7aacuyIrGYAmWAjHhW8eNFWHqHzYwh2o3QPgyYx7C5vorMxbYD-kVMZeoOgZpF4RV454Y/K5Z1latqyQgHhHToZjSumBQf79x9lCbdU9UVRefK9go),SP Doc Pedestrian-controlled Lift Truck F6 Driver 3 20.pdf (https://v5.airtableusercontent.com/v3/u/48/48/1766800800000/9tRCwZ_2fDNU0PLqnaPbSA/gxSV09LXiB_hyIrlBlRUXvU3EqHCFgfBNBGKOFZIozGMiRp8bCUOYFJFwXoQqV7sgQcOQJRrsmDX0MsK5Bo2pQdQnua_G_qIDoS4QcfqCWUDW-2fgl1eumyrpe5fD9MQe1D2tpAcDigX9JE_XopQfE82DaZwx8OVDHitLchxpmUNFJujLAabW5ibi6kO4dNr/_JDx031bcFiz1j8gg8-8EN4KgDm_Ggizu3ARUG3yaL0)"
SP-220309,Pedestrian-controlled Lift Truck Driver F7,3,20,"SP Curr Pedestrian-controlled Lift Truck F7 Driver 3 20.pdf (https://v5.airtableusercontent.com/v3/u/48/48/1766800800000/tWgN_Q7J7KJ8gcrUQb3qTQ/nBjuoyABDLSSqmtnhohKhU-Z6yp-jCvdHe9u9AqJ6I2whl6gUqBAgXo8mNeLC5mcKdc3_79S8wxAT48R74wQq4GhzSMI0lf2R0H0hD8c3t56GRB4xmjP4jPkHiqjJPrIa4hUjswtXEN9Pqmq6HuVJuhWmnAd1jXjQkMkaAFABMrtOdJYs6qhSuKV9rgE300p/oDQswMYzD-UtUQ3Vf1Kt5vpuAG766iRX_3102nL76GM),SP Doc Pedestrian-controlled Lift Truck F7 Driver 3 20.pdf (https://v5.airtableusercontent.com/v3/u/48/48/1766800800000/tHwslT8ddK4Rjj1WzbjClg/MESViBsbzm9W0I9gtysu-rZHHkarcJbc_6YsQ2YaB3vUEy7XNCx3m4NvUgEjTQXfCjo0-0ow9EM2TwIk8O6pffS9wWKsv0LEyOacj-kSj97BYux9SQOff6aziYsDgy-C3PZyF80N3fwc6c2KC-D_Wl6UTluwQFZtbYP21CtdIHiEUscM6tfXitAemeSX0rNY/sCAeOPSxizPmAAeSGxaSQLA72XV2LOAC8aYSxFn3yOE)"
SP-241201,Proficient Road Transport Dangerous Goods Driver,3,8,"SP Curr Proficient Road Trans Dangerous Goods Driver 3 8.pdf (https://v5.airtableusercontent.com/v3/u/48/48/1766800800000/EcD2a-Ctjj70Hb5R_Kxi_g/55meqieh4MwbTMTWY7g3265XAz-jOhqK9Nc7XrYHfRBrmYgBlN_NtneNC9g5VTgnBaND84eorluLUm42aA5UFn88_UO9V904h6AlPFmmSFU5PbJuZoz5sGz0jwrZipEkbek-QKvmUcvTiAYyvza_lDA9rrK0lI6uKOvsdPn-rQd4DEANZQEma7L6j2WmuUTIGEZKMytYcqcTworKAubxEw/kOnE_gYXCPxkG5yVhQyQh_THVmZ6k3yVKhpEuHOPmpg),SP Doc Proficient Road Transport Dangerous Goods 3 8.pdf (https://v5.airtableusercontent.com/v3/u/48/48/1766800800000/-EPvNkPT659iJFDAR4U-oQ/HgqcHMjIjb90cMUO_mJQ93pwdDaq86puLyTOP4dIhzmE5RDfkGPRc6Q3hjmsnK1F2NksW10Y4dT2hdZTjbI7f1MMo-jhLAZr6vuwURn3QQITyVU1SfnpZqYljusRpeqof7cA7M5rL1jUvks21-Xo6TSFbwGeL_1tUZECxYIG84PRBVZaa6Yt5hrJ4JVPizmlmXmDvNM-mQ0gch6bnWSM8g/GCUWAHdEUeGHKTLkAw7zS1ZnxyixGzljpWNxWVw3YjA)"
SP-220317,Rail Mounted Stacker Lift Truck F15 Driver,3,17,"SP Curr Rail Mounted Stacker Lift Truck F15 Driver 3 17.pdf (https://v5.airtableusercontent.com/v3/u/48/48/1766800800000/8JVqgnEYLe2tbBMdVH3pVg/xhFVp7MdqwdaFxqhyuU-u4TPn_crw76CxzF0ZZn781OdbAoC_8Lc0hYAbcQHzcvxJp9SWt8P-bkSm3I_j_Bs9dUNka-xy-uqo3vkmuK_GLhyULHDBLWgqONdk3d1ZX7N6ePKK9RDfBZw_rYH_G7AtxW3gOftLW7LHZYsADNLynbFrQZPGDtivHox0dXdjSBm/37VYdAVnr1JkjvmuGWAjZh8iGkGc5I9b3dn7sxfAIBk),SP Doc Rail Mounted Stacker Lift Truck F15 Driver 3 17.pdf (https://v5.airtableusercontent.com/v3/u/48/48/1766800800000/rOCRv4cLopIZBSwtgQ8yzA/bILEikfNHegBv6UFL-IqHoJynakGWy5pDkj_WEqshoehciwB-GHy2q8hZBYQMEiGlNebq3YwbI2m1MfQeNiozQ_AqH-oi1-Ffw5O1iPzP8dTIkZ6Nv8v28SN0XHHWnB9wW047NL0VGjKJqPxQq2cqEcZwz5j2mKUbzyveA_XOPFiphpQpwbgNNyzm2ahkdds/tLtvNJCyMrwk1Yq4hPIPR9dnWzEJK0DDuWJsF-MtguM)"
SP-220307,Reach Lift Truck Driver F5,3,20,"SP Curr Reach Lift Truck F5 Driver 3 20.pdf (https://v5.airtableusercontent.com/v3/u/48/48/1766800800000/8cu0Pa2Qa1e40tO2Lt9S1A/PJs6tbL5ZlTNY-ExJfBWzLtqoQXlrdeTCoxfGseQ3IqKsr37beL5ipIdAoYN_kFcA6hBpcpwoltBdOjf7kM-9lpzfLLO61sE5dlnym28mAdmDU3TBsHmsKA6fp5XTioSrMgPsIRQOSPuOMb_4sN-irVa84kD-fATsBNA7CEa9Gk/eQQnhWtr9-na_1jQfu19G-DLFWpN9NWszmAKE8r-mFY),SP Doc Reach Lift Truck F5 Driver 3 20.pdf (https://v5.airtableusercontent.com/v3/u/48/48/1766800800000/axMREsUIM8L4H1uY1l7Aww/2Odr5enTyBOjqGftIBe-Wtiy_4qeWmeZBKJ5mfN8boenK14Dw3-zjAhGUjK-olDxQ8xoq35SV4zs-r6UlPQem5lV6A1jIoIxM6aPc6XQ5Aseewkc_nEtqlyUEIqDQ8acyeiHV09GyNPsROz_0oMr9Ol9Y-hN0W0xQ9gqzvD-pfc/BBhz7R5B75eKSf1ZSaieZ9UtRRuO6boLsWQbAMhJdyg)"
SP-220313,Rough Terrain Lift Truck F11 Driver,3,26,"SP Curr Rough Terrain Lift Truck F11 Driver 3 26.pdf (https://v5.airtableusercontent.com/v3/u/48/48/1766800800000/UiWPV1d1hSIJfQAVjKCl8g/cwrywapYSO_p9dvSFWd20zrCYEey-W7zsQx7iKVtEUmHLaFPOY3CIGjwBFG1-QJJKQb8dP7nmjlEpWtHBs0N_oHZwlnedauX0mZuZGwUSLZDf2sRUBcB6RrPahrk3RxGqgowF2HSp4-FL4PiqE7mpFnIpqmEvBGEb_AKqg1Dd6at2NAi3WsmeeyGX9tC-cNz/JVGwYRSZfmdQt4yQfQ9Eg7RjzZic1fUTJI5SF6-oPI4),SP Doc Rough Terrain Lift Truck F11 Driver 3 26.pdf (https://v5.airtableusercontent.com/v3/u/48/48/1766800800000/Mjz8EgasevCHg8WNUubKUg/N0wXyKwHDPTtoIY318GK4KiypmV8XMvi-ZweUagqi112RL35-DOm1PylaDlGoyIYkwrKYDHskSwbXIM4aBIGsplb8uPqYZhkTUR5vE3NrY-VXz_MNGz9xg1xuyOjDOVctoTFrUS1-p1n3BFXKD8Fr9JY1s5tluqVou3D7h8-8ilbs90kjS_NlCX2PB4mp6Qu/5yMbt2LJLrg7U00Yq90X916eIi2pvlA5wKIo8MKnBOk)"
SP-250108,Screening Plant Operator,2,24,"SP Curr Screening Plant Operator 2 24.pdf (https://v5.airtableusercontent.com/v3/u/48/48/1766800800000/0X2W6lVBaqdWaL5x7t7orA/slYNATF7muudQQ0AtZ-NPLDwsGisN5EMWFgncFZIpvN4AwKfmPmV45vXc-cVbqh_TCxB4pnFNG19aHoZLVB8amLn18lhyeAlHxL_Xy4DNzBbZmk3tRUGpCN-aAyjVpjCmtn1I7RLpPBORmmuRW0EV1TaeOfy7CkARWgX64ceOgobA0G8r7VMMRXpPual-7m7/Xh5N6VIqKVDwf8FWNcxH3I5Vry_y2EJZNN0Wjm58z04),SP Doc Screening Plant Operator 2 24.pdf (https://v5.airtableusercontent.com/v3/u/48/48/1766800800000/_ueELLA1uDlwsREiP4lsUA/-cgKRKBf1FRnGnutWo8RpdQuf49ULb4xMSJB4eQPcyEpVDh-L1upf4Ygt-tJxrsv4nXMde2wPkD8tCHCbxkxf-YBE0dJ0iehx7B_uu9ZWJbCnU6sI77EMzwXRtxkAO6gCC1PXu9q4MkfnZXiAAfekB6OBhCvrqR3kv6Uf5wKYwWX_-v4mfy1Qky3S98UcxYL/O-6IaBofOo5T-xfDBk7gyfZaoRreqzTa5DvGOVcbFpc)"
SP-250109,Scrubbing Plant Operator,2,24,"SP Curr Scrubbing Plant Operator 2 24.pdf (https://v5.airtableusercontent.com/v3/u/48/48/1766800800000/jrkDxq-F_9_2GFdtmTMdMQ/MSakUbYW6MHl_4iL3TkVlOUpIH-j_ExXR8JDYN9UF1D9kfCBHRRDyUu8FmqkUxoGWzRFHQT9_Tu3v5mMFgNndn8_PiIaCpHFiIkvJ_gMeeuDkmZK5PvBwGV_PG5fC4731L9MgqlqgqDAtcSJlFg_3rY0Vjpl86jJY6HIPWjzb4HUT6HuS5Or8_sb_QemeoZV/Ma5Po_sdwbxmLtvXpucxjzWMdDDETCFYeH0ngxNzHDk),SP Doc Scrubbing Plant Operator 2 24.pdf (https://v5.airtableusercontent.com/v3/u/48/48/1766800800000/M-K1gWAAsa5-x-zb4t_YZg/i0gOyA4I6E8h8cZGwsuVHpoHbbazXbY9819BpQ2JFKphGSSoexNBbymlBTuO9AUZmdx4xRjvL9U5wYEjHHyGaCu4JnMOQ-Qo-G3WcBqMJhL487T1j9u0cKgRusz67XsNfIi6ue0DQbuUZke4ZOmmq5Pc6UzV_9DzbxceydT3ak3837VmeW8EK4uG3jku0YNA/bShg9DcwMHzPn1d-Ir36kBWx9KDKPZX-RN_jT5QqVH0)"
SP-191214,Seamstress,3,36,"SP Curr Seamstress  3 36.pdf (https://v5.airtableusercontent.com/v3/u/48/48/1766800800000/zlnFYhAx5cH8DfpjrcKfdA/bAEgyyU_8Dz-ZYfC5U6ihVfyubT26ZG952FzgDWKCMl1KNQ2Fwpm-Uj69ImkBjg2eoFE-Jxug_IVihDe8iaMu9-txHK5U0mhvvl_rJXcYL-G6A3Inm3L7bX3359UDcNhohz2r1CTikus5JepiC7MU5jpzKR13jxw0JGKuphDqhw/i3f0Q3vfa6SB-2eMT_09qsj4g2cQj90d5vDWnSl9Y0U),SP Doc Seamstress  3 36 final.pdf (https://v5.airtableusercontent.com/v3/u/48/48/1766800800000/bVJzXma1a0jkyx7NxPXPAQ/d5eZjL4R7qooXMhZjvfnvc7Ykm5zkq692gPKCIlEPRf2aDZHY1md4B7YnQw4Yhd2uPdY-FCewQ00CtxBD7XMBKVju0-iev8gzKB4GBl22GZ1Cvg00jSEupPAmd8uOtvSI700TbS_3MndC1MEvxL6mL6czUX3qY4wzX137Tz5P78/-ratADQ4VDGiSFGv-VVIgYe_8mjDQ0jo8oD9QZCnxWc)"
SP-250810,Shutter Hand,2,52,"SP Curr Shutter Hand 2 52.pdf (https://v5.airtableusercontent.com/v3/u/48/48/1766800800000/icH_6lldSZHX2GmDRljtSg/AmZAK0NCOW0DeBauQcGzHK7SnyppkwfxeWI7sCso6Y-j1DvUb4QyzwzxPUkqAJpKkfTQgRPk_GN_yBL4e_JSPT_YuaDyn_tUBmv3z5r8omwn7WflNJtHDCPnEruy7CrtBIBGW02y_Ya4dGT2ArQvtut8KH9ehotQeddXRrgnjSM/6Mtmj7uorM8b6Iv9n1FKlkHDu6gTjb9ny7cHVzSzGs4),SP Doc Shutter Hand 2 52.pdf (https://v5.airtableusercontent.com/v3/u/48/48/1766800800000/-rRGKw32gQgYwxJb6jhvgg/qR1sg9-paYJ4B3ah4AQfo9jtWSDukMq937dHnCLMDhD-Jt3ZO4DQ_aOsJxJIBb2tFMLrzCDI7TrGO-6ZnsxymmQhm6oA49SWS6UIrxZ4RitgqKKWtgDKQXtyU4LH1Ir9VJtFqrDLc7bRUPvXfnqH2cO4s37pqJljk2tc4sANeeU/-Cya5rPmbz-_QmEjeATOumIoTIpOWi_SbnzNSMF4vYI)"
SP-220312,Side Loader Lift Truck Driver F10,3,20,"SP Curr Side Loader Lift Truck F10 Driver 3 20.pdf (https://v5.airtableusercontent.com/v3/u/48/48/1766800800000/ucHuiVHYmA5qgyVglzNtwg/EDyBBwE74HyR-mDAbLQJCJavo9iKxYr6I17XPtpK6XsNCTh5E6Ngwn-XWYaN_eyezd5DLjoV3CX9x7Ju4IO2Bvkl48pV6DKL7umeJP1MdTDgISYAYD3DTnOHyNSYBdpMIVUqeE4yBpLNaBPGZUksTLPmMMSir9wFqYX1RvobOnzD39166yhZ31daNyzWzTyn/INxSGR2sV6gaUfcrkXyDBlbmujiEGp8a71rhgHEraFE),SP Doc Side Loader Lift Truck F10 Driver 3 20.pdf (https://v5.airtableusercontent.com/v3/u/48/48/1766800800000/JgO1JvxaKGp9zv7jSnOcZQ/1NmZqraZ_zCL_T_wAfDnZatPttJnRw77CIo9vHz_uDAtOZqThNjKNwunkhkkaeE43g5C6Ei8n2IeMh60ZQTKaiK13l2R2xdVfjNb_Ru39Rn1bm_rIv9QBbfxlx7f7icpreMhpc8y-qjB5Ab15Sw08FfFaXTgc5JfLUGWeKOam-fwCfy3Q0TMxSFGk-OPyI0i/Rz1g0IGSaBsBP_apVfoFXn7XPs2vB6HyjSxJdLU5Mzk)"
SP-220321,Skills Development Facilitation Practitioner,5,40,"SP Curr Skills Development Facilitation Practitioner 5 40.pdf (https://v5.airtableusercontent.com/v3/u/48/48/1766800800000/9oUvbAcs7wX8IFaYzyIcxA/xksu0u1Nc1SNJF72zZbyoQJovJ2ek8LVJ8fQxh7WroZglqx9S1hMqytuObXGOXXyANqwWPuYwke3SpHGGH21zKDEjDZhFYtsoRRXlyk6vejaNd_aBf4oqG_FmdSTgO_mvsFDILV-Pwv9gWQDiDqvhCpZgZnMDxi5jNMl5DYl9QmZKZGGr7q1d7X3ZOIomrcJPGmwUe886Y3sGgdHiZDy2A/EU3m59w9Jh8rBeJRx-cR8lEBPCgL5mWqb5YxBZ_Hx4Y),SP Doc Skills Development Facilitation Practitioner 5 40.pdf (https://v5.airtableusercontent.com/v3/u/48/48/1766800800000/v4xCSYQztnRLpVpmTiO7yw/I5SceHyeHvWYMZjy9--lA1TtQwBqK8QAXiOeDZlR1taB8glwmOk2nn0pNJe4Zwz8N8g7wAgi_FsO7_nv7Ri_S8rdqEKK1pWR1-_6BNxferncB0Fvwmkg3ivpEj4Febj7G202BIF7OLoSxemacX23ROhZ-ovaYJWmPTfmLe1MtEWNFsq9FoJumzkTfFJDQA4m4lThFnAVA_xa9vyxeYFoSQ/58S6zuQcakx0hegIDci0uEv7jNwY-Xv6fvyPknKfmZc)"
SP-250118,Smelting Plant Operator,2,24,"SP Curr Smelting Plant Operator 2 24.pdf (https://v5.airtableusercontent.com/v3/u/48/48/1766800800000/pKixlxkMmH3eetmenvJfdg/18ScSfnJCMe-7jhxqNAxCb8Q9D-UOXKt3ZxfYebn-G3iIilPFHUj1Ary5kfAzLc9E-ff5qeY8PFYmqGKnsK72kzPSWBMT0rt_3XV4mNp_LaMm5Ue52JLb7aPVfrOw_PlttkUHDVLscD-hdJy_5TL3RNi7jDZ0slhUY2FCbc6CR5wKPA6lhgMD3shTTiI4YVO/ibm3Gt41La3bZQRPxULYffQU6l0zeehG6et9aTHPyvw),SP Doc Smelting Plant Operator 2 24.pdf (https://v5.airtableusercontent.com/v3/u/48/48/1766800800000/sCDpZYm0FZGmgQ46bpFKMQ/Vo963Mt83cNP83SExNr1dXLYIYaHFxNp_SnpKmcpWzYmduo6T46Domhyd6X_Y9sxJqugsgp6f86cl69LxSvBzip1b-oI273e7nLH6wnqDlTkpAOLOomDPx7Y5NGPFwqeLIPGg5TpONkgvHasbiDpuM98yqlxyFjGBmVgeRtPiegQrj969tNX8E6eVIZ4HFuW/rLA7jsomUMrczvrhi9gksGWgQOQfi9lGpC6TFzOvhzo)"
SP-220903,Specialised Chainsaw Operator,3,15,"SP Curr Specialised Chainsaw Operator 3 15.pdf (https://v5.airtableusercontent.com/v3/u/48/48/1766800800000/pZG8c0O-6c-1-XPIbCqGWA/9_bsIQ3D57Qu0keLAZ31FEbhYQRkyv9dpOgn_P0v7Ogsab6595K9uRd1XqzLeCXjq6VmWLNciLGhBoh6vZOgVhCMzYbbk6eT0GGlZYwTZ_uK0CZvt74ZYil51d7H3m5-G1SMEH4FHrmHIiazS1iHtPuC40ZNOt1nQv0G2CtfaDTc9wcsMXDubwveBxfCD9ZV/AvHtTLRJNepxhuf3UUSNAL1IyN6ZKgIhzJqkOHo0O-4),SP Doc Specialised Chainsaw Operator 3 15.pdf (https://v5.airtableusercontent.com/v3/u/48/48/1766800800000/AZeYppzL3C6Q3IIciCquJw/bBcn7bZhY2AxPyQOzgMFMNuaL77L8fczLJ3vf0zQrQdbPftH823JiMgwVpoyJoZD2_cBiglL8KNa1XF4TfjQhEpxBzEbb0lsOW-RQENJFziVE_mJrWASib3mc6L45qMavRHQDsjtehLIUYyA5MTzRsphwdZOqDyoRCLImSYoty4V9yKHQ7tZLBIrOUjVB7fy/Th1aao-McsAE0eCOlMa0slljSwsYmysFFkXCNXgLx_Q)"
"
  SP-221121
  ",Surface Blasting Assistant,2,20,"SP Curr Surface Blasting Assistant 2 20.pdf (https://v5.airtableusercontent.com/v3/u/48/48/1766800800000/NUudHaOkefNS301NbI5sHQ/lNN4ra4EEg8RBW1XOgU-xkmRxar7A9nd6pa9-WzPa_NOiyiXSU8lHwOjYVCwtFMr9wlJKxXt1sSLmFleYYTwY-boPR4UhUoBSseI3CAG4S9W2lV0EiORSc8tUNqH46rF-rzFPQI4IxppJymyC2QYbNhgWqOB0l59CK4mV2UeZHNWvVl0Zhlsn7T9Q-9Ua1xa/ZxthPK3CH9iBIp0PyTNpj57lwdQ3gbcUddO676DMPsM),SP Doc Surface Blasting Assistant 2 20.pdf (https://v5.airtableusercontent.com/v3/u/48/48/1766800800000/F1tpXyCOVIlInRGInWrv8A/3VXUOt52DIGuzaxjyd04ZZ55u_345x260fwPpGjz1khkcbRR6HQFolLuVkTLCeyqGhzW-JHFmOjkCzw5fB-AHpfPmFagGd-SjTxO7pLJDorZ-rutTM1qIxUcPid6djXNUwGJk0hqpTxFAUsB1BX3d6S5R-s436W1S8nnsx9HdBI3nF2TP222s5ok8qnv_IkR/hHeuNOh94TvLTxZARP3G2g1VqlBGT-wt8ZnLQNLkZys)"
SP-250802,Team Motivator,4,13,"SP Curr Team Motivator  4 13.pdf (https://v5.airtableusercontent.com/v3/u/48/48/1766800800000/hC5w7z02Hb_LPDTJTkv8jw/KTjsT4dJLqvhbg2Jr3uBOba5gevOpnNBOuzXYMYXp8tU1j8VLwxeeoMroqJVPL7p-KV9PswltUqYf5Uz9zUecLKepgRn1g6OrheHVgCT6lx7Izldg-jpWigGLIhm-P4zZSRA9EnpFkFxV-Y6nQRZ9Zr641sw27pDfwD32PbEobVU84CmDvYT6PKwH0n70gER/ZPO0y5c9RbgtGggX_D6iyZlsxqVtEnrBPxpD-E2QgeA),SP Doc Team Motivator 4 13.pdf (https://v5.airtableusercontent.com/v3/u/48/48/1766800800000/WzoOI3HzaK2S-DzY1y_zEw/dpNqZHNsB8-ERzEl9WTkPQSiRLjhgv8LYvt-VLD9MILKTqY4eP_yXkM_h2CCzzmROijAk6ivBzI1FP0C0FTiyHJZQaxidfQF7YAmKWqvYdrtACkpil5_qdwhksLcTF3OP7BG6slq2M8iA0HJB7F0CEIE0UyZIpaWKSZgW21KOYM/34bj05C39RS82h92yV_dWiSF00ucRq6EZVLI5N9nMe8)"
Skills Programme ID No.,Skills Programme Descriptor,NQF Level,Credits,"SP Curr Team Motivator  4 13.pdf (https://v5.airtableusercontent.com/v3/u/48/48/1766800800000/NQibw71lAsl5IOFua6sclQ/oZYtLQVkUUlbaTS2rDMFJj8UeRabi49XaGl0Ez3E5uWYs3Vjiat7RizcmHyI8068d4v1ACB3DU0bEaWpP1JLcQU4E08w6F2zq5OPaTtJiPYRyM-uw-un4P0o-NME54oCqMv90WQlfOJ0OgDQZMnS4J_2xygQVKRq-qDPspyka8Gs_sDIcIi9_HpLtdJU9uAu/G9c9EAlcIBeE3XfDHxq4epx-8fB4fEYImsMnnTqxjDQ),SP Doc Team Motivator 4 13.pdf (https://v5.airtableusercontent.com/v3/u/48/48/1766800800000/4xot9hqRSUDQvYsWmutVnw/AHqJl_eq4f_7sj-zgjkIuco_zx6T5s4fKrgRR5--EHsju506nphOYHfqLBTXSF9lWXRxvGI0yYuqZVQJ7oEuZXogpiIxTNxmDOA1GZotC0Ifd3DK1Oi7WRzzJ2ClcQfVX2hJZwVj_dotYu8NqkuSHbaweVuBrQjbhmI78toUboQ/i2yqZluCVWXkVAmuogFGrCldk74FYBpVAh6QitqEVEU)"
SP-211034,Telescopic Boom Handler Operator C46,3,42,"SP Curr Telescopic Boom Handler C46 Operator 3 42.pdf (https://v5.airtableusercontent.com/v3/u/48/48/1766800800000/Ot3SvMUn6g3SbiC0w2h2EA/1TDw7uRHzAW4qNlCTeyt6_phBr9-ylJLr_Gquc9IliyTllr34BFzHPxgUd-12cbkpcQ0CsaAeQfcFm5WLAaDxehtUGNs-uA9upIdxE5510QT4C9fsQTDwe0NWBPYmalAzBfAWPOdu89cU4z481SaSIYDxEbeugkGNufVsZct1g_uBYIuhH5YtsnQP0i18FMe/xPaqo9JrOWym5ovegVhwsdId2viWO7xv33VmUtbFf24),SP Doc Telescopic Boom Handler C46 Operator 3 42.pdf (https://v5.airtableusercontent.com/v3/u/48/48/1766800800000/g_HV6arA0rpc8YEugsBm7w/DP9UdDkJC3knk2UI9b821BWSY-i7HFJjJaQbkHMbiNNLUeVcu94qBUoKpyxnMNMEvQ12LgsgW2UKc37IxPPsctSOJhbZHw4yb5hlx-HnCEDZ1hAdRGwUUcHrsJQEWNd0tzTodV9KT6B-RIB9eYPw05llRI3aVWF46HrpZukwfHeMQDr_9KJWqUfTScw9Uu5T/d6Z8BP9b-tR4C1uWl9OIjjUFxiFQYiGZFyb0njax2dI)"
SP-221108,Timber Forwarder Machine Operator,3,27,"SP Curr Timber Forwarder Machine Operator 3 27.pdf (https://v5.airtableusercontent.com/v3/u/48/48/1766800800000/-lTlv-svL9VI2VzRpwtywQ/X5utQxiugUQcpTtiHnQjxyaB_b7mPR-LMGzkY9luzJ3a8-QFIcFSyzGil1xusmKfgaF7nWtsS4ddxo8z40mNVBv-Z8Ozh0O2N1X8Xs94MWc7zIT76MNKwgZVLqqlDhI_3wfPnYJ6xLCJ2aYBzSW9-N9HOMmwL17bY8o_KO_NxZlV_rwCOyk3lYj8YesBts7x2417XbdTue4po0hPaN240A/JGFrvtNgC4a8Q2OeDuQ46_fBTyU9UhPeB6O_S3frcRU),SP Doc Timber Forwarder Machine Operator 3 27.pdf (https://v5.airtableusercontent.com/v3/u/48/48/1766800800000/3UqtHZPA-fUH7cAQ2hZvKw/FmWoAZxJ62Ta8pYff3G1_RCnRRiFfEmu2NIL535nMfqiypSmq1DIcKJUW4wpbjRh-_-f2ocZ_v5X3_fRkNIu8eC5Qj0M7FHIZ05e9UEJj3LCSjxsxSRUn3KfEfJrWyBPExSGKmn1nENjF0yVGXQIoohWeV9OFZyk62clBdUIVxsvWmlCahmiwiOwnqJ9O0Dt2JtOaRy2A7u5YAFK84OVpw/oUber4T6FFyxtMf3lKjKXbD_mvXHlnuD4A3zsc3DBRg)"
SP-220331,Time Study Clerk,4,35,"SP Curr Time Study Clerk 4 35.pdf (https://v5.airtableusercontent.com/v3/u/48/48/1766800800000/niDZqRgn-KaZulPiO_C05w/KkgAep03DpZF0Y8L6aTbFHUuzZ0zbz4jvVh-PJeKF7recGQg8q_IoKl1HXuUG-zLAGtnMcs0G5Y12BJms9kHbYdDypiIArMWLcVQrEAf0wu-3r9cfu5o-dUpxn1_mM_q_tAz9h18gV_TIMlW0Fo3vcK6-dYCqtDvs2evqKwQV9fiqoCQb6UML4MLt-L4DZD1/xrlpKRhEQ9cTgyw_9l07muxDJvdA92w6NtWZZ1Cm6Y4),SP Doc Time Study Clerk 4 35.pdf (https://v5.airtableusercontent.com/v3/u/48/48/1766800800000/6GCKst_t93Dx7QI6xMw8nA/m_uGItHSxmHq2hM3GeaXayrNDEkxs0wcozCGWvg3QH_WT1S7cT_ngOJUBjddLAEWJotHEcYM1PbwGqzeuI3ITzaY0ltb4FExz6iir928fnG3KuxVhloXQ275hIND5x0n6yxiOwzzueTNaZvlbdWPa-OazMSlnKVMpSiv8_W2uDCZntqzta8SPwxCY2sR4K0Y/1OjEr6SRsk07f4kedmNs2RSoiKVqqMs0vCYYkMzu4f0)"
SP-221114,Tractor Drawn Ring Debarker Machine Operator,3,25,"SP Curr Tractor Drawn Ring Debarker Machine Operator 3 25.pdf (https://v5.airtableusercontent.com/v3/u/48/48/1766800800000/shy4oahiPdH7k1hRsGML9g/WNmC14wTZBwG7JHgVqj9K3amfAN84XX7vdNRi8wh64dQ3I82EN5sfFUxQbNIj5QEOnUcyLOg8iL0bW8MDemH1mBXZa2KFtcXc8UF-mnEtNOzybv8zwBo422wM1Nwed0tjdGi_AUHWtehQzKfiWJBkSBLiFtWYdmWGAhGNVQrK5Jk9qDl9y5TA8b9Sl2OQzuzpbQI_cmXVztdsQbSNz4WOQ/UzomJbIbQo6EsTScctOwD9yBYxbczDotwdIpQRk2pqg),SP Doc Tractor Drawn Ring Debarker Machine Operator 3 25.pdf (https://v5.airtableusercontent.com/v3/u/48/48/1766800800000/YlECUWfEYFPqeQi3Qynp5Q/X3ySQ6Jabsz5up5thpt5c8oxMQIYYTxD9s7Std5me3bI6wyF3b7RLgdA6HwGu69pZzKmxQarHpuTI6-WKz7gd50BWtCWwOKQVnWOWbOrRgM70MxV1e5Fx2sKJ6iWX9phwgS1mt4eJdCqJrmyJNLinYChM9nTTbux7plrb9JkGKg5PcdxdOGar4ZraaQYv_37ttF7xbO1X4O4zy99kjb2VQ/tec-Pn1daNJye0b5_7qWmacs_wqc4tGGMAOTYfn8H2E)"
SP-221117,Tractor Mounted A-frame Machine Operator,3,25,"SP Curr Tractor Mounted A-frame Machine Operator 3 25.pdf (https://v5.airtableusercontent.com/v3/u/48/48/1766800800000/A-d3CeImpvsvVqghfxCu3g/-lVL-v5M2aKJYgTfXNpFB3u9rPHLKMcuVQHwHyZ5WvfV40QFvOkIBBP3bmwrdRh2pn9SU8IY6LkyJ8jBVw9JkW2zU0vhlOLAsQ8-PneHNmalHB_VfnzVYRNyy33S8ooLofftMLxW0c6WLC0C8xAVeB-9mOhEWpjHyIiEoeXNMYgIWH8G0bDgN7MjGvDelPgBd4iYXox9QVg6LJMAA8xwlw/KMEA8_qAlMlLQG9KeFb8nTsr_qy_5aHZZL6P0ckqarQ),SP Doc Tractor Mounted A-frame Machine Operator 3 25.pdf (https://v5.airtableusercontent.com/v3/u/48/48/1766800800000/PRTkIxPYg-deFgiJq2aAog/e-9c1KGhkIMX2oxBCEhU2Cc7T_nd60apfPT2JtK5I0f76b1A3Q1RwlSj6Gn-lqxJhKpaDaWdiLMhrNKxnTcWpEvSmw6qW3KagpIv8q8AEOnVkJLjVgPH4fyo8QsSufzAraKrqho1aA7XL5FKTRf1H5g6RlLmWlIYEwAwKXJ-fpICd1orm5kclH0yimzNH98mHNaQJthrkap9UI8Z5utZog/Mbh2Hg9ELdJ06Ptntg2YtqFiMysfWLqUF2579HVFhbY)"
SP-221118,Tractor Mounted Winch Machine Operator,3,25,"SP Curr Tractor Mounted Winch Machine Operator 3 25.pdf (https://v5.airtableusercontent.com/v3/u/48/48/1766800800000/MRw_br3Qkt27m0ZDNvYniw/KfKTJJMKTU55CWGgnZpwt5QXzcyR3Pk5K1jxvNndjZVJejGXY16wjFjtk7734qZrYJ2B2HUZpLc_wkNtMA8ecPdBpNP5PgcI3qu8ngrERDCOgJ_Uh9uSu6VgI-X-NNbN_0ylY6MyMlTksLhY4ve1QNOCzBi-WTZAPwefz-pSPN73qZiEUaY18U4_6y-2t-3pZLc6WpS9Q98lgBtvUzxKEQ/fEM1pPRW6Uj055wmIAredeE0aeqZgapsFSi6wxTwb1Q),SP Doc Tractor Mounted Winch Machine Operator 3 25.pdf (https://v5.airtableusercontent.com/v3/u/48/48/1766800800000/RcuxwQK1xK9Cjn5k6Wo1hA/DX41FFM1sgHAwL1krknblhN-XPPB1ILMPT3-LAiV10IVXenPyMxxAhWiJoPY0yYSO6Y77XDSSl5Cf6c48MWTkBES2H4Abxlye_J2DznNiIFwfG-tR1_9Q4_ja4zDUrDbJ0n80NY2xN6KppMeDV9bDGUBYddXzoW_-WenMyaRBhPWOUloSwB-WZluGT-6VFhgt0_Qdm_T4ZSGj97rzIC3ig/zvZCdM33GyaHtthgzq7zX-E8zT-CYW55WNrHtijZj6Y)"
SP-250303,Turbine Fitter (Steam and Gas),5,42,"SP Curr Turbine Fitter (Steam and Gas) 5 42.pdf (https://v5.airtableusercontent.com/v3/u/48/48/1766800800000/VEdxhG4CQnYFVViitWIx3w/nk7WJZqtezgdYhGQLSijnB993uGo8Ep9cNb07wYRJbG7SRY33so9Wam-YTuBFE8c6LWDrXW22pEBw6Kf-bIhbZp9vPLJc55cNdESStjomeMm7rBtMP1H2uF3zeHDe9b1s8DO2WPn_i8nMDLhdX9IVw3j5E-M2Hk-tCHjdfTpRd74Armt0mkQuJOMoVPWCeHT/3_AtZLmHPF9G0ZNtCCZyFkfFkm3HJ_YA5GdGEnnn-4c),SP Doc Turbine Fitter (Steam and Gas) 5 42.pdf (https://v5.airtableusercontent.com/v3/u/48/48/1766800800000/ABVhGB5Iss08EqsHxOMHSg/em6dAtqP9hIeIuB3Eg879L-z_m2OhtdSGWXr6n3qlbvPxpLjaDZZs3vg-DUuEUARWE9A1ta8nz5f9kkyfMYmsH7lErRmjt0PUqNCuWUHsArVMyMww_qqtOXCQFlBA6BUKzpC3dDjYZwtK_SWx6UNIggtD3f03qq51XFmS4riyDZywByxfwfb96K5Kq-9CSKO/Tk6NNgqh1euubvdXY5Dg21p9dzJAtS2ZO8tCsGRJmIo)"
"
  SP-221120
  ",Underground Coal Blasting Assistant,2,20,"SP Curr Underground Coal Blasting Assistant 2 20.pdf (https://v5.airtableusercontent.com/v3/u/48/48/1766800800000/e83-LdfSKlQdkrudLrjCpQ/qiaAgKIfIv_KXYxtGg489GdrJ2QDXGhjC2fpUqrbSE3mIlsyTRxq1hTjmkYX8CPs6jL2bSZHkV-bjfR-e618NxOjbJl0IFZgll0qf94DnUXvItP7ApXQUbXyR7MEjAlxpcAdVGoVP3cL_a9XqKOOdv-zfm48UnpC9_lN9TYxbaHWshs7viY0piOxwUMR9pf50SZvFoLVUIp8dPqy6pKKjg/Hjbc3A1rITuAN1mn0WaZfaqlmecuFXl2tOdOK0LHnOE),SP Doc Underground Coal Blasting Assistant 2 20.pdf (https://v5.airtableusercontent.com/v3/u/48/48/1766800800000/G73lfpxmvVmaZ1A-tryjpA/PdQORZ2hxdZjXBR45YgNV3d6gkPwHXNZylcCWQa56Sb2dtLqydO9HFlAZ1PrpdDprSW3_dxcrQrO_jbTBfaNJsHGalrMxuR-foiUeJHS8rxagJgopkJB2fR-Hrfh2LKoHua6aQA6Z8H9ETOj3RInA4Qln4hlztByLHfQr6WMbVsHjjf2SHhu9ypRblfqljZXLhxJwpLPvn157e_Apw_PMQ/dJr3YYZQqhU6y4zJ8IhwvQtuIRnrRQXuafElbYBMtcQ)"
SP-221126,Underground Coal Support Installer,2,20,"SP Curr Underground Coal Support Installer 2 20.pdf (https://v5.airtableusercontent.com/v3/u/48/48/1766800800000/v3vNUVJeBGOaXWD5VAQ-dQ/pw_4yKOmeA1SNJs4vGNjtJMb_rYTy0XkkR-AHhiUwUd1KR7roZCY9wcT3PpTNAoXwjqoOoSJs6aF4OI-kOAwDex-fC6j72sP1OKiIYJJx3iXvO6wSPGaEWBgFv9a29Q_ZvaZd1y54pQ5RDxBePET4Uz2V0CH0j0Hafjm81Aq0JBAjhRakOnokEah-RF-VN_oaWf-gSdqIKSSzP_jiuetmg/hspNDyrcPpdXq420uLcSjzXIAHzODLbzs8KacWqt69c),SP Doc Underground Coal Support Installer 2 20.pdf (https://v5.airtableusercontent.com/v3/u/48/48/1766800800000/Ibm64XsTPO4DnoEeGSF60Q/E6BzZquiU3Ym_pO0D7AmCY5CqbGYULdTmYiFY2MlNVJ6xdrKn0wsG2PIkky9y8_55508SGMMrAtH5F3NF5Lq-BGK6wwVhh_XFgxZ1U9ZX-ZLJmQ6iaxV4IeN6gGFKNhv3bFa9PEIJn1O4U50j9K-NjBsCRQOiGXY0VYGobTkkWA3mQ2BdIfxivceql_H317b-J7hrW_Z4nIesgdRM90R9Q/voI85Vmgbv_LPEh3LRwndoznIF0zrUupUKCu2MpeodM)"
"
  SP-221122
  ",Underground Hardrock Safe Declarer,2,12,"SP Curr Underground Hardrock Safe Declarer 2 12.pdf (https://v5.airtableusercontent.com/v3/u/48/48/1766800800000/NWdjS6RfI-AUN_x7Tk0Mqw/pPjeci3vQSgumUKGIQwsLfKbbyXBIYpqr3mltpJLIbhlic94Cq2vMH6EQx6kr6B_TTJwBhwy-6WS4Em9aJjA6kzvv3_YGV38XqzZF_kXKgzM73fSXPGg8uHhUiff4iwYTcDjr6vv0InXf8idnLR-9hlSe-yyEQsMINBuU2NstzY4RnIpuwJXQszXo6Kh7YBzBahLbDWGK67Xc4AZhYU81Q/LfPDyj8_JUAfT46SadDoWq-W3V4l9_Hp7ruxeFvG36s),SP Doc Underground Hardrock Safe Declarer 2 12.pdf (https://v5.airtableusercontent.com/v3/u/48/48/1766800800000/nX4-vSVoYmPX4Y8vb2sRLA/xlsIeHu3sSWAP5y4hJ-ExK_DaeN9nI-X6xYdPXzS7K55oT4pxvCE9n-FOCJj9yd1pEFdfWvDpVenn7nPTGRATLEuBhozYY5CdYusshez2HnCFHH-GL8_T39pL5oCYfP_FTpMCvBptzpqp3nayzOZe2qLG1147Ec8WHKlgfZrc3KJafL2myMYyKhTiYrYy0z4QZSrzNb-hzw5cW497g6QBw/C9b2AvEE_1EQwwH0G2brcjZ8BD_zYAwqJPpHDH4zdDM)"
"
  SP-221125
  ",Underground Hardrock Support Installer,2,20,"SP Curr Underground Hardrock Support Installer 2 20.pdf (https://v5.airtableusercontent.com/v3/u/48/48/1766800800000/zlksgJvFPj2DPu-VoMaRLg/kW1Nj_BRq5HfEOVQuLYBGyafjfDzt1LuJnP01H4mbZC41LlJMtJzpQTss3qFyscoO2UEaitsXIYkpqNooigX4cewybsu4jRPMiEiLS4pMknogfuOoj4q6SmPDQCIlYbr2UzYmALog8FivaC5lywWfoTO3S4DMzf5Ni4ohiTWG9RXYZCjwbqURY8pavKxjRMbNBIdcU1004HGlJ5ca6iSQQ/rXL_ZJw3sjjunbExL3wdOyQCCIW5kMgQbA8BQbicwb8),SP Doc Underground Hardrock Support Installer 2 20.pdf (https://v5.airtableusercontent.com/v3/u/48/48/1766800800000/BrDboilxnYpaeZEBWoW38g/eF9SLoxfUgH28TCDsEmK-_6vWmlKjnwQjFfcVy2kTGlaw6rO3LaHboorS_fxA0thYik40hCSGuW6UjXD-S3ls3XsXLB7F_98MDy6Ds6jdcV2nj3KEfTyavUzZdbYZbHDYmOx8KRCo4ZAN8Twv_sQd6ic1ftQlCGjH2gwe61q4IAAtDWmMgALCBQi6zJ8wip3BBG9xaq-098zolF53k16dw/_H8HEjY2KUYnpkk0nXm4QQAPHrVuk9-RCbWqlAv2g-8)"
SP-250602,Workplace Occupational Health and Safety Risk Assessment Specialist ,5,6,"SP Curr Workplace OHS Risk Assessment Specialist 5 6.pdf (https://v5.airtableusercontent.com/v3/u/48/48/1766800800000/5BV_1dfC--b81RSzDXJsWg/RnvuA2530y1Z7LwDP83Wk9MUFD92tg3e9VNfztmqGDz1kxRdgNwRYQrlFHBApnKQH3jkhou38ywCa3LfFMMgpJVKdc5fMo0LBZ5ybZOyYb8-4X_Q9fa9F3VxWGXvfi1Dlkv63E66w9PMCdRQsNR-epoSXLTEBhTNIbxklsLM6h5y_YPdD_qI14rBKezisV5lqfT_mDPd_tY_t6aGDhOePA/VSw2su7gOcvjNO5XCONbJhqd3qpmKbnP9fz-9kIsyb8),SP Doc Workplace OHS Risk Assessment Specialist 5 6.pdf (https://v5.airtableusercontent.com/v3/u/48/48/1766800800000/jZ4XePdXI84GmaUcQB0-Ig/ui-Nfx38H2IOLCJ-JkBm393Ht-Gb5xrywRHHQe86RKrpFQ9C6BgVKcBgxF_ouyjIf5LBrO9cm6GZl1mkY7IQDih6vKcUZYicSnoNTwqTHBS7hT2g3qwhZU59ihfFqe4pBdmO2aZxLABw7wcC7QmAfQuh__W1K08gDaleekvqeN25s9G_lSCesrCLQnXvO8cBIwz5MFc0L75u_oRm5VLg6g/4LEHpwmMYWX5R9qedUvlsDujOr3ZwIYjWRvl1JjpuiA)"
SP-250902,Broiler Farm Hand,2,39,"SP Doc - Broiler Farm Hand 2 39.pdf (https://v5.airtableusercontent.com/v3/u/48/48/1766800800000/yeaSyO_JNjViP_9jZywiDg/rcgVHsYBytILvFfCnr1lolpXT1ZQq0XYE40aBYjh9QEQayTZlm32qO4IjTNwePNvsT5Ue5pBALJS0vyPQ00VT8dIt90qGDDAaytm2DavCivRQMqAm6E727Dw3xV93pbDwXIvbFXBA-k8XuBmkU1ULNcZg-f1cYnajv2_mqa0pChBRFnm5CSmA60rf8Q7kyv2/W4f12rYJDnQHumudnGxkijC55_SOLQ-8CGMEya2z1KQ),SP Curr - Broiler Farm Hand 2 39.pdf (https://v5.airtableusercontent.com/v3/u/48/48/1766800800000/reklZ3oFo_vIZjFfcVETlg/yoQiA3gG0E0ZJj5ftmLHONndxv01r5DcwXP1vdUABDoQ6-KFhll56eqnKpXU14OKHdWe4Pffta3BG_cYB61s8gIeVtQop3qrQkj8Uvuli63oX2kttS0KwYWyzE0arZr-6u5CroToTzt5QTn80m21UzMvBAYQ34YO_TLhSkoF-hZM_6XFZHXWscqMM2MDzLhG/vkh9u2gDncxjpTdf9cxtwHqUZvksianTqvZT8VqKEpA)"
SP-250203,Channel Set Finisher,3,54,"SP Doc - Channel Set Finisher 3 54.pdf (https://v5.airtableusercontent.com/v3/u/48/48/1766800800000/ZaDDkR5kAEGGdTeY5uviCA/rcMgKCzT-iN74NbQqoZvAzBkD7OzJ3_BJuyBoLSvCngvsMa3LgEdw7krA_IDGZtpnpXYMlHi3zcrOzsGech79jhdupDq1yHeqlYs1DelB8OX4zOyhNZ2N6JCDDrHuTfpFfV5cMUh-ACXJkYijBZ858UuXet6RvUd7I5gFnFvWIjUVry2w8kvdDa7vQE-b6MF/PFlqbdySuwPlstrnihaMt10cy0_Z9FJPQqCyKMkU4BU),SP Curr - Channel Set Finisher 3 54.pdf (https://v5.airtableusercontent.com/v3/u/48/48/1766800800000/0YvEPrWEw_jMknlafoHQJw/gfrWbcUfNEkoic2O66FoLeJgZqGTCgHkHqP0UB9Xal-xCBaR2TscNl_rvfc2FAgbPQqUt1B8HTHxKXZR3u-T9cYicYJUSfJL-jtvrixYYm-HrA2DVdZx8rwCRRM5iIv3D__cI1uQrV6c4X4lw_apchvduGAe0RZ6YcwxBb1mXWgGVWKSsPcP_c_9ZEW9agfT/EI5Lzw41AwFmV4nLT7KUxvdOFCe-tmF9ABUVAmHHJcA)"
SP-250401,Contact Centre Compliance Ensurer ,6,22,"SP Doc - Contact Centre Compliance Ensurer 6 22.pdf (https://v5.airtableusercontent.com/v3/u/48/48/1766800800000/LZd4ceZTKhzh437U4932wg/I8ohx0-DkoAjC-5btgv9QacO70ScBkPqzOzXADoMXAEYmU8fbESrIa3v_WQI5uQYLmwVKmLXdZ4qE8I6rLCRjmAPNMGF7D9FKGLdo_RDlnNZHHvkQVQaB2kTuHDSIZYOnd_7X7kY7xExIHdl9oBlqCVJm7HpnVQjHmGXO-RFMDCC9VEGD_9yweiJfvhD9LieqI7hNMfOK3KwOsd5INEUSw/iIhVAvRZOPjDpkuO0ywlNZzWzR4W6CJ3M0afwEzKH-4),SP Curr - Contact Centre Compliance Ensurer 6 22.pdf (https://v5.airtableusercontent.com/v3/u/48/48/1766800800000/qROMvGLly9OUOiVBD0Z10Q/ecD5GylubXHFfdc2ZgzmhLLZw_lR51lhLQhdtabHTfetAsWFP8CSX7jSBSfCPo2JGOzSld_qiCIpwA7vm05o2ECROgVQIgFO1z6EFY2UXJBJUaIwrC0J2AnmHINAqVF3u1Uz9P7jfQ9Q6jbi_zMruO2PppT5n3HQ-Htjpe7F5m0m-veslB34Mwn-cEzW5xO_4gtYl-1DWfxcruhFxtfDvw/P6iVfRpAKcBCkqtTe9gy26GFe6a2AOFs7h9x5ZyG8OI)"
SP-250406,Digital Innovation Driver ,7,40,"SP Doc - Digital Innovation Driver 7 40.pdf (https://v5.airtableusercontent.com/v3/u/48/48/1766800800000/Sv3KwxIADFC1wuXD0WzH0w/w93pck4YulPk21ONm2gjnTmaVTQYice6riaOjXqfDzR4QiIL1UFeMiRoYG463BsqCtX5s5CBK5e-07PgvkHDSKEPdtbnTvhu9Njcu1q2Lnf-788Tp4TWH8mUDKpDbA7YEyi41lgXIQ36i3H3yT4kq9Q4xIFxKfKlqryDeTxfOJxNSEWV1UWKia4t9Y3KANb_/zhSXQ47-d__egf4xLusD93N_ZeG1yd2QvCfMHQqoWWM),SP Curr - Digital Innovation Driver 7 40.pdf (https://v5.airtableusercontent.com/v3/u/48/48/1766800800000/O5MSz9alUUmy_By3AVyfYA/JF3c9BksuhyWM5W9MPjU-Fk5e1RUjmG7uLVGhNvfePnKau14sCfqdQ-XBfC5tS8I2LEzcgZ-IFcQlVhv4olkyU97P_U3oyyo-9ahqiACL5oO6c56T9F1kjqF8WOtmWieN4f97bRoioJXwXgUYDKfMhTlUH_9VR-3pTlf9UAbZoCmqVM3M-ifvSmNeWUBbogf/EPoo8ad5P0nzeFO_ZB-Qp6CNdQvRIqUjeTdWRY3yv8Q)"
SP-240206,Digital Innovation Implementer ,6,30,"SP Doc - Digital Innovation Implementer 6 30.pdf (https://v5.airtableusercontent.com/v3/u/48/48/1766800800000/6UCA_bOcIHSVRXAygJIKLg/oCOZmkCTK0yal_BFi7bfdKSgjuLDqSTacID_iVuIpAl2Hzy-LhgGY_0Znlso2zQqTRu8uzzXWeB-Kv-lBHsgfKSuns-EzfA_xWKyWcq0dilwOPP-75Fytw262ZyyQN5xaJICvps3OGVMAiGIZYmZ_ThOANewXucYDSXLV4dLyVOYkdPXo3PdN0nOqWBo8_53/nCcASFGSvBHymi5z-lz74sI8quHholWVh_2Q-O5Nm4c),SP Curr - Digital Innovation Implementer 6 30.pdf (https://v5.airtableusercontent.com/v3/u/48/48/1766800800000/qKJGju4K87cakx5FFW2B_Q/umdBLFX4dfsuUcHGSKGXwintV2OnFIEC_ltHkyzQA_oxtKnEn36M1V8xUie43tjw9wDaSsdfJ33ck1RS0typ7DNBVXAm142ocjwv5aySpQ-yCGJnLBiRnsHZyWpCXFmaWQ5d5mWAx1aQA9UMUke63_1bUIBZGOwPmEGwFIYX_GMP_6KMO3pDCuWC5gky6QXqPG1-DcEt7JJDDChc26GA3w/snLNCMCxr1Lwv8urjUF2Pqge9eS1dncRY1-AVsHzggk)"
SP-250820,Electrical Network Operations (Medium and High Voltage),5,52,"SP Doc - Electrical Network Operations (Medium and High Voltage) 5 52.pdf (https://v5.airtableusercontent.com/v3/u/48/48/1766800800000/WLzfZDHyJLIHYu327ZLrIA/QrQa2efgPTpEBrmmIJE2hl_GFfwDnj-jeK3SbxyOr4OwzY5DCVwLUpKZidxycEOZhAGyOGrkxedfwzr06sepJ0fpcYRcuOgRt9_R1wOHSl9ngjrOjWuh939BluSFVtrHRESPKnvC0rem8SnRuD8K-eEpknW2Nz8v7xHB-z4bqkuj7vU8sCfx9MpYW3z03vor5rMTbjWwt3cRK63w69II_YiDlmQsS8J0NwIyAaRmCPU/L_YX7xy5ruFSusi0DANdtp-li-izKf-sodNS1hCsDMI),SP Curr - Electrical Network Operations (Medium and High Voltage) 5 52.pdf (https://v5.airtableusercontent.com/v3/u/48/48/1766800800000/6kjHio2yCKgdi-bQytGkTg/4-pmD01sKhNa2r_oM9hhikumQNQH0dDHI7a8mjNCg6uej_T48Bfyu1pKLqZ9TiXWChNHVECJj7xgtZayD_wxaCOdKEln5u_yszg-1VeZfWIxMptZrg-uFFJPjcq-ySnESqUvChdvGTTQUaG_fQOE1L7ynLB7nvPmH1BiBlpbZ5zKWvxa1GRcKAWq20I5T-dNS8QnmwuGRvsUDmqgJYUgZfDjZtvJBM1gaLJaaKt0e5w/m9dNY0FLpDOsehKDeB-pz5e-kpEIXQJP_RwVRLedhBM)"
SP-250501, Electrician's Assistant (Low Voltage Systems),2,29,"SP Doc - Electrician's Assistant (Low Voltage Systems) 2 29.pdf (https://v5.airtableusercontent.com/v3/u/48/48/1766800800000/UYbvKS1ytsvJtRzTeJIpEg/WpNH66qvC1FbmhxRWaxsHVHvJE_Qui-5uFgw6HeLQdeJyL5Vn-ZUNRrCEVWsNaNWXmscS_8nu4e4Y5jJVTdZaUAnRAhWclG7NRrjL5ZP7hYlvQKheTRbAbOxR0fAFB8sFKpGU142GNU9NKDzBGBHIS2wVttSKORnsZ8tiaJMnq7uZC4f62vgfLZbdn_iGH-4LzJzPw-r7XQQj6FbsSPoVg/CogLLbWfn9Y_PXneJpztDnhDDWN6O6nqsFzciE4q964),SP Curr - Electrician's Assistant (Low Voltage Systems) 2 29.pdf (https://v5.airtableusercontent.com/v3/u/48/48/1766800800000/nmVGZ3iu5WOnKbCcq5Fd1w/wRtvPg5C46M0NdJF9Cl99dExUbh6uFoUIBKeWTmVA9lsWEz89wo4MnYvG7EPikKs30u-o7rbo3lxWN5d7ziyXx_-zwUWn79y7ujzG4lr4pnYU_9w4iBu0wDkLOv9KMW1J4rZ_oPk4kk0m9cTeFvoZ6SzX986JHBNh_gCl4ayE0qBYT58prydRrL0L1RuMZFyWklcxXHIHxmx8gvCM13gtw/7weAu5axrYCLeiOBa9iy5Ep5n7lMYRwvg8sGIs6z81o)"
SP-250813,Mine Environmental Control Assistant,2,36,"SP Doc - Mine Environmental Control Assistant 2 36.pdf (https://v5.airtableusercontent.com/v3/u/48/48/1766800800000/8IH7xHvPG0csVC4yzGto8g/JEJ0lAOlMMQMo6tQ49KBGHMf-oZIT-GuI6Z7XH4KWPgJff-nxcYCKlbmwEy6u5evhwND1LnZ3OA3C6u93Z1XDYq1W3T6fy5reAIbteF5EQH-S1pUEko8muWwumdymNWLwZEwcX59lkxUP3lmAPrxa1m9gKDzC0lc7uzcKIYhcApzKM227uZ8oZ08SlDcW3h2XlR9apNbGRSQpFt1HuHb6A/uFSOpoy3ZDgrzkHecYDOeQQQk1AtoEf5dnTJk63IsTM),SP Curr - Mine Environmental Control Assistant 2 36.pdf (https://v5.airtableusercontent.com/v3/u/48/48/1766800800000/fzMKcP23A0wDugAV8PN_nw/-lGafZQ5-S4B8xg-yhBN24iqmR9p08qc6relnO4ld3i9A8CZp23ez2hitU24hD53JdNPYGeecGROSVCOcbKbPHXBSnIm3tc55x11F-VhR_HFtD-8QChzL3M5bB-rLevuO_39IEUIapLLzr6Ljz57UpV_HCM6gqbyL9d2zKW-_oZmMbHpQge4NG1kIVeEL3J_DnvYG9hhlN6ic0LD8sc4QQ/0GdjtJ76YDKCCIJygaiomLcbi7f2FjBWLs2t1sRHFJU)"
SP-251004,Moulding Assistant,3,43,"SP Doc - Moulding Assistant 3 43.pdf (https://v5.airtableusercontent.com/v3/u/48/48/1766800800000/I6FYCOR18WkzuUcsE0Quxg/lUxn6ASw8KFftL99JPFzKrBMtqRa9mqrnaPA_Kjt1ZdoJ9lmq0rvqUFPjO__9jpBWcz5TpKfOUd_KdQN7F4HjW6WAcpBBUN5ChP4B1qG9piG4l0c-Z9nmANab2G8_H-HURXrIRWMlyWfeADizzHGW5JF6KoiGFWg31IdzKg9l8Fin_CUXEBmE2PEQzhoej2S/bWicJi6u3JRiDAdStMwfyI2ILozMqGfLBc__qBBpkYE),SP Curr - Moulding Assistant 3 43.pdf (https://v5.airtableusercontent.com/v3/u/48/48/1766800800000/HJTeDgiGu555VjJIsu-2rA/bDaJDgiJmptszrtoFz4m4mTloLC4tM-M5L8VLeSYRpbP9eUJ9YIXG9IdARG4GOLDgRJ-cmqOjgdqXOGCvinDGWB6iP0XFZsFnhWq9E4mPUb8kUie4HQpdl_kiKoJNjs-XKJChlEBMyEpnHJmbV8R6eCMNEl-0p4FSVjJ3P-Ncm2eQOgqn9domvHm5o3TU4Va/6KyRWZFWpbfQsU5DT_Lps5DTN8I8m2MtOgVMasie1U8)"
SP-250202,Pavé Set Finisher,3,54,"SP Doc - Pavé Set Finisher 3 54.pdf (https://v5.airtableusercontent.com/v3/u/48/48/1766800800000/K5XcikpR4L_hnal7tmLCeA/zSGtNDGogzhrKEB8GjUGZECI0iqaOtEaXwhl4ZvjFQyQ9zoJIOeso5S72ifuLk9-iXvAlLOFlS4sSnOEoeDr1Rm1BQGL19bChmDj5CACZKS760LIjOB1LliDNriLKSZUbaIokrQSEPJM-pMzBZEJNFrhb5T18T49iT2GWCl9KiFBv_m-eccAa3D3i9ot5w4-/3VbSeYX9PuLlaeN1t5to3jVOwcJs2A-wGyRWFHEfbLk),SP Curr - Pavé Set Finisher 3 54.pdf (https://v5.airtableusercontent.com/v3/u/48/48/1766800800000/XTV5gBCDXjRpVGJDny-hjA/N0bhsR0c5EXqAT4WxDHr1GK3hFx2eBDpQxIOtFITZOelbUsxvvO3dg1KlvpZXWITwmPgTtpHrJ77pfhgayq2TdfviaiY3MxJSMlXpgRcWKF0pR5RFBnvDchaYeOlUZS4NKePk-qqekQ8-uHFKMb4Ftta6Y2CCZkxhsbZzQZx9DU4iJ9aFXy1XcZGjYszUdg8/MPOyfsE8lVxwLvDQKxyettLo8LAkFo1XO1ot8S3j7DU)"
SP-240505,Thermal Solar Water Heater Installation Designer,5,10,"SP Doc - Thermla Solar Water Heater Installer Designer.pdf (https://v5.airtableusercontent.com/v3/u/48/48/1766800800000/jvR1vASTZF08iUAYu1qJ8Q/IsGtmFcIiW39tLO0PPM0PZOayzaEM4oNTksWoKO6nnKvBplrZlLiaArOITc5CEWByiod9x-aH08bMqIDrMJq47wAEG6SEQPrbB9mgrk2NlexONYTpZEeb6mUbV8gmYNU7NpH03HrDlr7Qk7fuooKE2biTE57pR63IvxE_giaR8qWaePqEVbCnkfFjwveVGq1WJHM8RivSmttsxfOrlsvQg/rAoEZdt2SD-4DMByNlGm_i_Hd69qAxMuTJL33uwiFYY),SP Curriculum -Thermal Solar Water Heater Installation Designer .pdf (https://v5.airtableusercontent.com/v3/u/48/48/1766800800000/xu_mgstM48et7WP7HlR0Ow/3izQaqIIK1c0VSJnrJ-LGmfQF9Yv95WfMQ_duBlNZmLS4CErT8j0qURv-CkWMiOlLYANZMiRjyDo8G--xvdKiV5aZQA11c0KbPX80ruivga-QV2COwz_L9qEI3q55VHGO5gHeHmBiKHI35WP16hJgrzs3ZiSmtV6ihKRGu3RrcaEJC_htKBQKX9pJNkjNv2sFNBaaM4RLPwRZlKdr61uYQ5MUuALjhW5mziEpOhaE_8/1nU6RPms1LPAkWaEphgc0ckhHlBqiEekZArtJy6NKuM)"
SP-250311,Wind Turbine Operator,3,56,"SP Doc - Wind Turbine Operator 3 56.pdf (https://v5.airtableusercontent.com/v3/u/48/48/1766800800000/dpbw99xYV5jnqXKYixef8A/HSZXu13Ra38fCa0jDCMFXDKjvi9gtvTOs_qHJb-3kdACBCT35hzY-OV1QzU6Os2VkQeYcVXHl0Z6JaKi6-ihBekiTsLkHetyo3Peapqyn04dF3QKKRTWB9bvjefIiPvZBJIK_WUg3r3rkwI9rzNZsMeA-8D3DRmbgAj3n3DtMr4MLp-Ly41X6MyWIZLA6h3N/U5dxvh-_0JOoSpv4nyA9kGbtyv7T1Z0OAvauATsswPM),SP Curr - Wind Turbine Operator 3 56.pdf (https://v5.airtableusercontent.com/v3/u/48/48/1766800800000/eZjX9zg23FM9pN9bLY7MuA/ewAmPDzaBXfi4pUju4jtD4wOHSaDO83UZG1rgUnIoh57INnq2EM5EC5riEAEVTCOoyGb38spsl3_hmGTfuxI3qwnjXAjgXmsIxWcOxt21XvcKUTBzfBTKAHYsPbxeQQW5W-R3B_3UK6ANNFm0l4gf3qqSCS_yU_Nk4FXU2ZGO239cT_cDcda4D5pHegN2ifm/eZZ3OzUm8PM0KLIXnyvFO874yV9o-6Vky-HBFGedznM)"
SP-220326,Abattoir Process Worker,1,56,"SP Doc Abattoir Process Worker 1 56.pdf (https://v5.airtableusercontent.com/v3/u/48/48/1766800800000/B28ennWxFdIo-MG2lQLssg/zGufo-SzFUBi1uPhWWA1MyGvPkgwFBQisIgsAf3a4xErrlXMPZXzTM6UD6g1bjNM0xZXrY9xtx3vBsOR1DA5tkuW6AI5CvIuhXTARV-awI3K386Q5MBomxzPtd1tKDH8rjjcIheikDJb-k7eNTIhwRQgIZ_usyPHDTIHxUnDWYg/PAGOMm1-PYiyExfSkWcOxJh_9LcJ-t2NbhBNWYs4oAo),SP Curr Abattoir Process Worker 1 56 (1).pdf (https://v5.airtableusercontent.com/v3/u/48/48/1766800800000/pOIG2mkYt4Gz621FsjdFfQ/23xHV4eAfnMJm6Jt6xgPHSnCqipWRBoPkuRWqyh7aHd5euK1CTBwFJeAWvAvdWeQJTKtr6j3nI3Pzab9atUVsBkNT45JWFdWKfaWdLOVmuN-jiEoqBLsBRgtTInAj7PBjwzcciPdqSkV_Cf08TPFCj2MaivWfO2GLiTlVg9k81s/cLe15CJR7uiIsAkWvF_or6MqpHhGKgoloGsOilCNAdI)"
SP-221101,Articulated Timber Truck Machine Operator,3,25,"SP Doc Articulated Timber Truck Machine Operator 3 25.pdf (https://v5.airtableusercontent.com/v3/u/48/48/1766800800000/bVI4XhNYnUpqznwOPc0oGQ/5ScE6O3MAnFKGgQCi66hslE_315N1zwCSQXyv3hLFXXtwPEA_gIodWCmyASzmQt67OTJfjtY9a-Lcozv7uBKgEr_KLewE0Ud4VKuyR002TGk3nuGbKrkpaf9VV1RGevtIemB7qWkyNrQX4_Sidj_o07NO3aGXoG2BJNa6o2kW9n4KupVw8LKE_uvShSZLqlUJLp9n9cdIxXJcNXWsub4zw/04luWAMG49UgnrQVNkORI4JUOYjJ6_gfj3_1-2T9YkM),SP Curr Articulated Timber Truck Machine Operator 3 25.pdf (https://v5.airtableusercontent.com/v3/u/48/48/1766800800000/1HeU8tLe5-HPcQwXFsu1_g/DxXOdYMuCblz5PAYHDU0Fl67WPqwxtU7ZYwhOtKxN9LbIvReGzOjvXl-W6vcfVdSG1wAdV1k4LzUhNi0q_N8Fv04-8RcZ9eDBF92w1wPNoyzXHiIlndd6zsfhZmVV7T3_UveIkUjjpGXcIwq142iNvCrZAb43Yk6lgQkxz_sS4OLQ4asv70b2lEZma4iUsTVIRlZBnT-6IlnKrswPeCvfw/NnzzwFezqlgpn3TF1Zizngym6uJpxx5-r7iIjcw2SjA)"
SP-191206,Assistant Baker: Fermented Dough Products,2,36,"SP Doc Assistant Baker (Fermented Dough Products) 2 36.pdf (https://v5.airtableusercontent.com/v3/u/48/48/1766800800000/RKw4gX8IZRWqfEKIagiUzg/fJwlWAFRkJ9mZ2ahfxM-lsXDW42jgRRzSYmKssyzAz1p0txUCb5VHgQK-mbJtfMNo71hrJXwElPZ69XVxoN5Dy4PouF8eE1vagCfwDhrIHymM4_Fm0tfoMhrFucTPBC5_CP-M_Peoc0aUrNEFTnKKkNTZAmrjFg4XIizrWw03dwOgwr3gpylSXvim7lw8OIi/ht7avpLU4opq8gpIZRFpjrPKJoDPNs84I3u6Pjr3t5Y),SP Curr Assistant Baker (Fermented Dough Products) 2 36.pdf (https://v5.airtableusercontent.com/v3/u/48/48/1766800800000/eugMvnDmU-WrsrjYHABuiA/RFDdTaseY0o8eTqF6qnqYpmQn7rXiEbbNPqpHaV831UTIfo_xFyyB2R44rZC0qjTlmWHsEe4P1902hXsEBPw6uutECYDp796J7sgyt6Vn2QayO30v4oI0l2KxmeV4roVU9PCbUVyLnWGAhJ4sGEMSZeCmHynJqUL8D8iKSqOSjT1i_Eydyys8N7Q96fMKUT4/NiGbgAA5tOv8lte_NqxdPFC57i5pxyZb4j8Jvlwm8ng)"
SP-250801,Barber,3,32,"SP Doc Barber 3 32.pdf (https://v5.airtableusercontent.com/v3/u/48/48/1766800800000/Y4FR-VsFe_x57XYZXWF5Vw/vTqRJ90whF4KGv2DMum-tML9OaDUWtKtU0EGcQpEynSXBovY15TE9U3KIUf36TYyNNMYgAKf36AePK0lcLnhb7Uy1kgzfzS56mJ3MmhkNjyCsD3CFALoratSW_p8AanR2R8fGhoCPhULkKJ8TYT-2YXwm3K7tTEMm1gJKEOXNfg/IgkYWNQax-jklcm1LnhhoRd2YbmVFUWgV5afrtJfsOs),SP Curr Barber 3 32.pdf (https://v5.airtableusercontent.com/v3/u/48/48/1766800800000/Kzd_7SBM_FHND4fILZk0DQ/R3plr82iAUPl71pt4OgL0qaurd5O2d1_tZ0p0Sv56COWvdn5xjIs6DBiUyCbh-sZKzqYTQVOEtfW0j8Q9ANytC_0ExDqBMIripP-_Typw0EBofeV4lP2MYkk0ruGzksnWXxC9rD5chKv24zMu3aoP1y0sel4uBH1aKu9s6_ji0E/OudupKXpDSWS4nrp4KGdvUVQF8kRoINjA6dn3cbw86E)"
"
  SP-240201
  ",Basic End User Computing,3,30,"SP Doc Basic End User Computing 3 30 final.pdf (https://v5.airtableusercontent.com/v3/u/48/48/1766800800000/RkRPkanh-K_dgy4IgfdmjQ/1gpy5fenBHBTG2B1DVAxmtoV_o3PEOppP1968-WKU6Ld6qhsEBkFzmN7-WdFkgPd15WvKAQJiNaX873Y2tZ5b9BBCT11C3d4VNkszxoVyBi-3Gtabd4oCEHSq7X0VN2Dx9qw8VnTi8l-jhieG6W_t7rVtOeDuB2_pm9k_-BZEwn1XRLM7q_IosSdr3G5fSz2/STSM5MAPxIssZP3HjPxSjoW_WSRv4eS6w_08HOFj8z0),SP Curr Basic End User Computing 3 30 final.pdf (https://v5.airtableusercontent.com/v3/u/48/48/1766800800000/SKJC9viw3ah82BesvI5UjQ/GHQyZhDTl2bO0FdYml6VouAJyU25ih5-uMeewgHqAeY51HD6p9Q3WaQGD-Oy2TMKgTWEEGrRfdnqcf2habkSrcPGNgMNO_BGi5m0iKKBqDkpPZYoGsP_iP5DBoIuictzi-dATfK414ta_uGl_J7YiDbUjyzU6BFdb3W8ndxUdFip9372ruUlRweIa4-GGOBp/YubTtTYqz4WGqJAq6BqyDgOuz3tYMquLvwUH5KGmSw8)"
SP-241202,Basic Food Safety Complier,2,16,"SP Doc Basic Food Safety Complier 2 16final.pdf (https://v5.airtableusercontent.com/v3/u/48/48/1766800800000/8_obnM4phDPKmvEbdbqdAA/h9G3NWM6NpdMOkbdZAFjpn7GTPgASfejAIgxSE1bXhUoiFKMZFr7nSDfaIeYDcUo84BSMptaH6sRVC2wKMEVQrCeu0rgab60o0eEuRCzMmT3kGNMLJ6zM_7BCatv6gPABQa3hqvh6JQfZrSj4nQJzostH3zYmzXndwKKuogBCuduxhQfvBqtOoHZNeDeSJ0K/x0zQM5CN4YZVK7a3JwJ_KyQINr_448mXJHtItfSbKto),SP Curr Basic Food Safety Complier 2 16.pdf (https://v5.airtableusercontent.com/v3/u/48/48/1766800800000/3f2fgpY1VtwU8NMdIIs3lw/gJH8ifueqRw9PABY0aL5gPAb0obgMsz7y25pPjm3YosJamdHmh0ie_NmFflh-6zBcWjSfQTz6DkW6nJqa_RSAc95IomyGGR9E6eh3smqpQ7NdRICrYt14wMnawGe0XrQHHyEIWClD6Q7TaLVI6zF9k6pqGSQoe-748SPPWJXb4C5es_TntsaOGjmhHfyLR7-/84uf3DyGzFPqCKFU9YtWC4VN1v739usOUpZKOqXZt5c)"
SP-191221,Basic Furniture Upholsterer,2,28,"SP Doc Basic Furniture Upholsterer 2 28.pdf (https://v5.airtableusercontent.com/v3/u/48/48/1766800800000/uXaRWyUywuPKe2opkoijOQ/Ca8B88NOiAkMYia16hp1Ky8s32ap2xZh2REjQfWuHt9JksPF2jWpJ1xuwc7G7gfzUR8V0-qcXwZMIW2ojIbQIoyJI9ahs5ySyd2qIUX2liwKA9y9xguSQEcxYDU31OTX1tg6AwOyv-I08TsoQuqdj-EeqwO_7EQx9ZjQP2RcBkAUD314_-DIyG1k8JF3kerV/-9egbrWqqLc1kDlgO4GJjJ9lqjCXoV7_WIQ5ux4LLPI),SP Curr Basic Furniture Upholsterer 2 28.pdf (https://v5.airtableusercontent.com/v3/u/48/48/1766800800000/eKl9G8bkDim1OM_4QE2oQA/KFnZBWsC_LarZJ_q6W1bPsfFH54_IoqkZpV5QVoVHUbq2DRI8t3wiLyt97UjL1fEZ4SqsvT0yBxlvfwpOg7JUDjmsvnr9dFBQKQ24a6WZD3NmK72oAmn7bmI6lMtZTbQZgXOsxvflk7beX6cF7usF97OUtmVza5LTdZJxFs9q8aEGvyCQAuxiMJF4l-kDzJg/VhkMkF_J_vxyUkz3CJ735sMFn1kU5DDRpKYyF8JcNd4)"
SP-250122,Battery Based Domestic Energy System Mounter,4,60,"SP Doc Battery Based Domestic Energy System Mounter 4 60 final.pdf (https://v5.airtableusercontent.com/v3/u/48/48/1766800800000/w6sf3SuStlww0rFqEyLvMA/8qM35a_IMVnhhKWppWLhzrr5LDnFxnLVR_zn9xbfdYLaW4__pVj1fzpd6XsCinxntTLuTEPeTg13B60f6zgxuTev0QdyUlrVgM8w8ptQSFKj_q4jkCC9MGzE4jxWKgABVK6JI0ZYELuhuSL8kFL3ZoB4TupmtfzeAZK4eEokFsDOjAAr-xke3e7F_3Id4iX6hqFgVrozEV68khywAd-JkA/34i_2ZD0D_u8QPkPMCz4j8NPPAEmeSto9RQDudqqylE),SP Curr Battery Based Domestic Energy System Mounter 4 60 final.pdf (https://v5.airtableusercontent.com/v3/u/48/48/1766800800000/MjMYFAmAa8pmOm45JFng_w/yL-2stNcllKgYFM-6xSLdtt2-Co9vsDj-46NgqFYdVHWz01pjji_H4rAqo1k7kRCUyDhhFm0OERMsM4Esd3OW_TwtuVrLP8lL23fxsO5X20d3DbT6dvnRMFcgZZT37a-vmSv5BCUYPFlC-kN15pb2pM4DCsmaA0cJ3Zqv-KbXD4moI_BKM018g40ugyN3W2fWG7na1DVg3mmLsKFIO22Bw/f5tyRUIEO2nG0Ti31Chfj08Pbw74WJMzzZYb40eZH8I)"
SP-250608,Bodyguard,5,37,"SP Doc Bodyguard 5 37 B.pdf (https://v5.airtableusercontent.com/v3/u/48/48/1766800800000/chTF5UVBAejVoy6YMaHVsQ/_QUFoQlE65lJn3Mbn2pGTIvbqxDdUAJ600Uxy5HGwfr_0FlZ5z-hcndquJZ6u288KXOUCKvHQgRYSG4yZP1478MDB_QaJq0Eg4g2gq4BP2cvzeqOLPKa-DslrEXrf2UQxuymPzHSgsV3E817DdaVM5Q4UaB0UMk_D5h4-j8Quxc/snkAZGdylQzS-RcZp2HJ4nMPt1elOeFYfk9gDnpgzIg),SP Curr Bodyguard 5 37 A.pdf (https://v5.airtableusercontent.com/v3/u/48/48/1766800800000/ZjVDpAUcsQWHfjglZYok8g/KVgbZItJJEQ93Di7JeRGDLhxBblltFQ7b7YRp7r8IPA5qYXAbPnqETZ36h_dFa1zTmKmO_pe2XPvXDfAc2J7x56wBTuxEELIrarXGuU_VVxM6O0Eo5L_Vk_HAh4pg4nFCPTynQWPJfIC8mvbn35ZgIQwAI8kpFY00LZAVOecvo8/C_TUqF_gZ40Bpjpwb389C-EGeol9dAFmQZgoV1scHQI)"
SP-191217,Bricklayer's Assistant,1,45,"SP Doc Bricklayer-s Assistant 1 45.pdf (https://v5.airtableusercontent.com/v3/u/48/48/1766800800000/CI9XWeRULVMdxc2a3Pfdzg/FO_D70ytTqujf3wg3tZjSUacAFL1sKoje15TyTaz9teIfLOritJlRgYssaIfT_HAZEVIL5oYQX0ACaUOlhhQDNlFtAzYKRqTW2VR89Qh8mmH9MSFzPCSVTqwS9hFmGL3rN9PuuOimsGVFqqYTl-ML8oD2pGc5aKz3tfGymsAqQE/0Faw2N6cICWI7eR86rUQlmje0I1CWIFnlE5313di49c),SP Curriculum Document - Bricklayer-s Assistant 1 45.pdf (https://v5.airtableusercontent.com/v3/u/48/48/1766800800000/riu03ffa7j1rG6xLEYqHXA/A-fpP8_b-uZxVxtFE8mpLThqknZVCWZARH6P3I4LuEqzJAxc78kN20vhynTC5QoKPNJYMV4gpAMnh1T3_R1gWKw1406xd5sHD2rd2jseW6iETHoqBM1WOgawZhbOFoU3N8bvynbmP8bKrhvUTvcH15wgPrKl0eY_w5Z6af7C2KnpzczckrGNyTsTtthPgUrv/iofbPKX_aN6YaQbRiLwh37Z5x874MXkh_HUA965B4RE),SP Doc Bricklayer's Assistant 1  45 vers 2 17 Jan 2024.pdf (https://v5.airtableusercontent.com/v3/u/48/48/1766800800000/TdIrYLl9O8I5WmDozTg0kA/qLaenoDYuVdTBbjHbzLcuWJsouYZPPRS8N9dWuo1OnLfXfg03KPP7nKrU40QiiFijvl9Jz1PztgtWSObovBq0lYzC9Mk7khaZE6_YLy4xOJLGrJULi1ZMmIdkQ5LJtswzKazrA8bfcXf2HezXpQRVf8_vjeYHo_4r9Pytnbi9J7C1oYu7NIYQ1UMbUKl9mYu1ApeNHx6tpGXMsEHwwoPIQ/IERaY_J47DNJXF55R7EheqJYxrSptQqZ9jKAfwC9ih8)"
SP-230374,C++ Programmer,4,60,"SP Doc C_ Programmer 4 60.pdf (https://v5.airtableusercontent.com/v3/u/48/48/1766800800000/Lyx77_njnsV4Dg1sHls8gg/H0xGMWXZtN23rOhZ2tc6LVE0myPF8gI3dztb35oeIkJumGM2hQl_gu5bfgLO-jCQYrWWVplPtJffqwse2VTvkc38ZZEvCdqzDnC5bXMWYtLk9eZIPnya4GAPgkTVqJUW8JhsKya9FKahejN0SE4qn6IJ9MjtCGA1OJ5yVQJALiQ/1Hs9UNjNdwF5JtJZdG5PxsX85TH4m-eNM2_1WGn-LG0),SP Curr C_ Programmer 4 60.pdf (https://v5.airtableusercontent.com/v3/u/48/48/1766800800000/F4Ge1sFOflTRdWF-OOYpTA/3-QhYp4z_ILCCDbJv0DazDvqVbKEHBAKpA5iPKtr1KOFpCer3Q5SfDb_PvhwktNN9cv4QA_GTcNYyNAKod8EPA-fiLiCIK7jNQ4EcPmVim_4Wi4VlgkTrG1RcOzXcV5YAm7HGAyVanKkscKojK2L-dkKs19_4L3TFgIJahkHMaY/Ml091lcpRl8egKf-i3qWIO7pay0GDpMYUZ-KrSixQ_E)"
SP-221102,Cable Skidder Machine Operator,3,31,"SP Doc Cable Skidder Machine Operator 3 31.pdf (https://v5.airtableusercontent.com/v3/u/48/48/1766800800000/goMbYzOw7xG8tyz-4kBLGw/zM418i3DC9Z6hQ7AOexp6IqdbluDs9TW8Kbmzer-Aquv8d6dfpcgrCzG1ztPiMHZHqBlDxKOrZ3qpI3sqpNuYDwtde2vRMBRpP5mb7a6wuxznuDY2psldm-rd4M_ABP4RT9mpi6ksjhILdxywBpvWnYuf5Cgb2hMTt6riFhf73BADoWwEdjOEM3hcCas13cf/KIVcjSmETGL3gIHJeBFKftrWoW5JOJD7UqhaxYTA5bc),SP Curr Cable Skidder Machine Operator 3 31.pdf (https://v5.airtableusercontent.com/v3/u/48/48/1766800800000/ei7Bm68mSMAvv0Y9bek-9g/s7x_UtZJ59i3Eo2hueSvp2Ppx920JvIKc3v71wt30f-4Atii6gZosmdraYOU2-U8Z-fLzx-WAegvywnIt4am7imKA8dOxCG7j2m3CtqQu1zrr996c4kMxXry3vab-7FBqg7Wpfh-fxCE8EqxRLhwJSOZoreLU2Mg1yEmfhIRSgBkQahhqsuqUuhLon1Lb1hQ/ShcTiKVfZofIvbMNihy0RkFhNuYTTNTEBb3tGcbROVw)"
SP-221103,Cable Yarder Machine Operator,3,27,"SP Doc Cable Yarder Machine Operator 3 27.pdf (https://v5.airtableusercontent.com/v3/u/48/48/1766800800000/PJCq1UaNwTCHBmwrlKBbzw/GZgBXIN3b87RqINBOKOmcGatfcYZTbLZuixPavn0yAImbr6fUQ01j2sq-qOC7aLziFvamikLnu8pbXa5_LcfRoioLj8rw3RgBTTJ5tQ8sCxX-PurOrfZ9ujM2RrKCwPkwWZzgXGH3CZD6mose6swnUJWVmKrQRagRWqcmeJubv2jfi4llAhX9Av4BFrEE4x-/rdnJSykesu3I8xyKwbV74yiwIId2FuP-OpPh-f9Z0mY),SP Curr Cable Yarder Machine Operator 3 27.pdf (https://v5.airtableusercontent.com/v3/u/48/48/1766800800000/Kg3PISh_E1ua_85tMS_KUA/wK9XnqqiNxngaq-IZsN965mtGxgX30foJCPmtt4nlBf4K-5liUc_D23VMPVbzEuQVTDtlxpO7e9JEAAPb1LN-Cv8tBAKlA5F_UJ5nWTsDiHAZlADaZg2sWRtXFsobWi4nu0dSg1XqWvfH5fOAYJCaQUNX7AW2Vgmz71thyOJk1tk0peg1F-pjgHP4m06B2Jc/-6yoG1FGWMbOUdyhjJ8BF6E82Gv6kfbjYbbIpc7daPU)"
SP-250114,Calcining Plant Operator,2,24,"SP Doc Calcining Plant Operator 2 24.pdf (https://v5.airtableusercontent.com/v3/u/48/48/1766800800000/YaKmADHLUVCX2P9c8zxjAQ/gyTNu2YJ3_gAt69SKzEIvW9ixJkX623RYlLTdhiP9Xpy_Y-K_ZF-4n6AGgd1wFIn36CCVaeJQXrtHZF789qOeaKbzh65xZrOmf0vQVs5v7Fo54EvEXEEKM59l_WxfQIGE3OpxGZZo3CpOqqrpbi295w8-17EULnzMk3OnWlnIi9N7_xJs4M2XhWFh5qpCozM/chvBe9j3LbrCsi0jh1kqjavEgZxq2vxM_udnMM-bmVo),SP Curr Calcining Plant Operator 2 24.pdf (https://v5.airtableusercontent.com/v3/u/48/48/1766800800000/I3d9rNk7ZJ-jjlrWlQMf_w/gn15RPL1YcNhEGAC6H-9nuTeh2DX6hjF4ceKiXcBMS0axbTljWIWNAC0osiwsS-qRJMFQBI6GZBKUF0tnUiTT1gMT6TgqeR5DU7dcXzuAkDMK3CpYhbH4svm_VNJQ1xOAjkzqY7JQ3eqypEsn5vNX8uBXOyIwYSdQhhfrkp1wNCNv0r22edgi_KtCCZZxDpa/U3tRvRhsS8FBsCBQHMU7tro0sJl3K9R2RkYs_F3b8Vk)"
SP-211010,Cantilever Container Crane C50 Operator,3,40,"SP Doc Cantilever Container Crane C50 Operator 3 40-14-.pdf (https://v5.airtableusercontent.com/v3/u/48/48/1766800800000/iMFocRPh95eu1yE1Uwg9fw/QWu8BVKyb4Ny6gW_gI5iP3G6mwEekhnIAXl64wqU9vKRSh5b24rhHlRCKfoCl3Ycce9DdZLAKfrJMICTFSml2TjiE04zF7WDnlNcejeCrjnFCgynmt2O1hwtbXkpBnlAK1txUE4oSupOWDkjMXmaoBaqYJh90z1prL5rlRcLxpIJrCDq6JjeGeZ3hIvvs4mX/yM3XZETAtxx02zOKRIWQi1Unq9Pygy_yIubIvP-SJlU),SP Curr Cantilever Container Crane C50 3 40-42-.pdf (https://v5.airtableusercontent.com/v3/u/48/48/1766800800000/NhW_a0gKJtkWqo6PR-Ym9g/htckploIY3i1GtsTCqn5h_UV1lJMo46ovc_JSI4c71ZNLEFoFs5mG98NFey5U35s0a-UAXCDWXtvTqwUgZYrtqJ-RdTdOX027B6FwzbOyUGbUuxHwEJuM5maRUlCijcSCLqZscwJF6OPf3KgF5pFiFAY3qidvHrHJVxPL_BbFvdtiT0iHTItqB5_nlQd5u3M/FAUzSr6UaGqV_3FVLyZSm8ywnW6kFDf66mB8mplw8zQ)"
SP-221104,Chain Flail Delimber Debarker Machine Operator,3,25,"SP Doc Chain Flail Delimber Debarker Machine Op 3 25.pdf (https://v5.airtableusercontent.com/v3/u/48/48/1766800800000/Dsdy9ziEbzdTm2lCkRBbrg/uhn7gGMVUhfY78xA1k3H8fTCiB-WYCIGMlYvT0pAt6ZQjBmibbjqoqF3ciGwKZtW_ocySCMWQslfmT9yzqaOBqUCAUriEMb8OXGximu9qfAuO7T-9tWB8LrqyFeC5Te4jSNNRxNOA83v_c48XQvZ02iAI_oB1_uaifWvo6s3u-rQWhvDj0lKrwl9HDaSMIPq5Pmb8Gntrd9QPm3hErl4tA/B1QC-Nor51cHdTKTfrfQSAWlC9kZ8G9Y2aQZ4WWRbQQ),SP Curr Chain Flail Delimber Debarker Machine Op 3 25.pdf (https://v5.airtableusercontent.com/v3/u/48/48/1766800800000/whzhOENVh8r-sl2EJ6lA3w/UO3C6vK6RBS3hbIhj_gMDRTU3wfMkAsdzcO1R5qYPiSxLItI_qilCz-eXYwSdAnkYJIZ4mCwlPof_oDH87gGOwQ_ic2V1pZ2vwv9fHiLaf1pYBCSRgEhHaF0hP9j6zpgzkkzJH0r4v8Wjw5SMYky4KLE71-AM001nBoXb0Zto80QFfzNsmNlSd0qRN8idesCYevzDDqiYVsjqepXfDlVMA/Acgq7FFrFaC67VgxXhEng5WbC2aaP3BDSpkoV4G2nVQ)"
SP-221105,Chipper Machine Operator,3,25,"SP Doc Chipper Machine Operator 3 25.pdf (https://v5.airtableusercontent.com/v3/u/48/48/1766800800000/-UtScj6hruaSqr-Tg3dxNQ/gNLqtoSQdCNQCRI6u1GAyxQgcTCn56HNuTbxA9U1l-Bi--RoeOg7OZL1Nkk8gEsew1rTMLNOb6BiWG3BioZMxy7OrmpkKMyWWdzgUMRxWFJeCKkOGK5s5iW1wACVq8aT-wRReHn93mjWvC12DSsvIrAYu_rK74WcOc9EX3sHGz31pyTWFZIsyReOzfvYjBtL/w3TKDzIKbD33b9vWIjNBE77EcUbzWeQwtSx1jbdg7Pk),SP Curr Chipper Machine Operator 3 25.pdf (https://v5.airtableusercontent.com/v3/u/48/48/1766800800000/cpC5I36UodQ0FwuIxpwZbQ/VoThZcNfWEexhhc7wGa6HoT_y9Qo7HAYMQavJ9D7UmjimHy3byd6kIDapk6T3o4Lq3Uz3WDO79uFEtNeCI9etgGOnz1w2_e_Zz4wEzwKoZHEFvs0wjGbwxMYp4rX6-oIX0gnnT0uHSSGOs_xEluscx1yvVkroA3Piux4p2ekQrfrAK68xrmbaAplzm6qXxPQ/mPvf-v2Wo-Wb5bgiMz9y5A0-xJVyveZoziCC6JWXRII)"
SP-250808,Class A Falsework Installer and Inspector,4,10,"SP Doc Class A Falsework Installer and Inspector 4 10.pdf (https://v5.airtableusercontent.com/v3/u/48/48/1766800800000/Ursp3CZ2NXbYYCVzcZlgEQ/G88NVfe3Tk7jyh8q2ZOCo9XJdwpj1_nKxYgC5q4HGiDRqIWUbAyumphx-Y63ZZKpbEgNxzpzHLUrxRT1MpwmjZiJhGexDzNVn-pxE3oSo6nMAhSMdnBEeRQvjfn6mdPKuB6sHe_4q__o1MduHOdkgRdd7vxnwMPt03io_zBeITFo1cyIdVxm1Y1NCaIP_Hvw_sa5gP-zZpiWcBBM21tqsQ/w-_Q8TGp0-tSUPt2jBQbyr-hU68me58ONU2ew-tmFA8),SP Curr Class A Falsework Installer and Inspector 4 10.pdf (https://v5.airtableusercontent.com/v3/u/48/48/1766800800000/gwbvC5q3UX9E3UZFbe-bHA/gQzmE9Aft8SjOJ_skAPkmWCCB7yXenjG28eYrNHPdjEmGymHXVehc-KPMIKrvhOydfi6EVm0SJYHC4BN8yH_Y_0Jh5R-uPReGCE10OkwN7VJo49u00SWtEzwB5YpGsblJLCXMCFF1BzPrBizRZDaIP7rHNhojp-WZIMNt2g90EjBUYHgWXu3fbNZzuINYg9PjXXzpfJ0OTwbJSm1Sjs4Mg/qrwgy7ho_DqKxe1S6esEZkWIJG1ocQLYt6bEtE5Z-_M)"
SP-240205,Coffee Bar Technician’s Assistant,3,45,"SP Doc Coffee Bar Technician's Assistant 3 45.pdf (https://v5.airtableusercontent.com/v3/u/48/48/1766800800000/cXI79zyMt3NhTml4yd_fpQ/OLCf86aOPExSZ8oRfW3E420m1kEoBFAQGu11xH_ApgQKI6PpdquZC3l0257zymShoW8TqFrRPk7XxBZTnveiURb4neB4g-G3ZHbSemqVecOel8kR5pkiQZnXnP465epVevvwHpb_be3otVrYm0137UdhFr_ISgq4TjOJEHpC88B6fGCcoDh10sPhXPH7CoC8/YMQfXyBykAcBtR3c9dHHBGToosk5BfQaovD48iDbExI),SP Curr Coffee Bar Technician’s Assistant 3 45.pdf (https://v5.airtableusercontent.com/v3/u/48/48/1766800800000/q6MOhBC7XExPrxRF39vqKg/IhVGahFdd3MJX9-jhj4jlmxjzv66rD4k3ZMzrwGrJHNt1WHsMeVrPKhjnswoYEs5h6r5ErajT9VN0HWTkPvxD8mwqJIvEShaKVDL255OzRXRsTl9dOBO7OhMfRDcElC90f0AXCY77Z-DYfk17uq68TepvTMKwuQqt-hPYffTRDd3Ro8UDAiB11x0kfCDr5lA44R0MZS6Vl8x_DvF3v2-Cw/hle1R8m458u2Qjvki5P0rDComzAlpUg4vGOj0-6ZEwg)"
SP-230309,Continuous Miner Operator,3,52,"SP Doc Continuous Miner Operator 3 52.pdf (https://v5.airtableusercontent.com/v3/u/48/48/1766800800000/ieWgF80MOdfZT0WDRavK6Q/pGPShT4haLaG1fdDdZMwbif5WQcFiPpjbqwbDC-FJHCgLpz7_my9ByNNnec6-sI5WNUWmaK39sba8DjZlIRSL0lNg2sKGW4PXEV3a_uyQeWPTpXGR_7m9UwFuA5zGCEmeNQhAymWh5DKyIxbwoAhWfryFoHazPQDE1KDfe0cnNnu866HphHAzPtv8O6ttthz/HFH4b2ze8zXqbMn_Ce7N87bxOwVyTuqdN-113OI9vA8),SP Curr Continuous Miner Operator 3 52.pdf (https://v5.airtableusercontent.com/v3/u/48/48/1766800800000/Vv0pBrGguyCNk3BE7oVkag/paCI9q6omTInoKcjncZofamn8xaIgfRtbaO9lkMBFURQUXQ8R5_54g0MBOOAD-V_2183TWfA10fKTSgW81fgeal6OxjFqhoSGO2j41pZ1uekEyZBZ0zpZgEBmElxxtFfHQh2WOdAnarNIyIxUWilDyxWQ3WtQ1U-9V-Ws1LQGWdY9oggvegcLq5VTs_Sywvu/Ff-nbbA8zg3A2aUUXUtFv7oy7oN3R92DuoKWX-vFRsM)"
SP-211011,Crawler Hydraulic Crane Uncoded Operator,3,56,"SP Doc Crawler Hydraulic Crane Uncoded Operator 3 56-68-.pdf (https://v5.airtableusercontent.com/v3/u/48/48/1766800800000/n7c3YrJLyGBwwqSu4gHfQA/X1OdAipjM9jo1WEwVd6gPR_3YZ7h56ybfRvRLt9C_kauqlhPcRU0e5lN48DYYlvdotlCFNZXkY05OM1a5EM1dFR7d7CNRQjV7Uy8coD6TRaYYpkDMLrdE7TVAQQR6hlxxxILlf8B6BrWnf9Vv9JfWDTzSk1Fz8Z0FmfM0KrvHgJwIceSuD4vhDX-c9TpohZ8/5dBB8KhlmlEX-qCBWCu34oJtLWt9KGUwCySiuavgT_A),SP Curr Crawler Hydraulic Crane Uncoded Operator 3 56 (1).pdf (https://v5.airtableusercontent.com/v3/u/48/48/1766800800000/h7ZRoh84Nlmy6vNrt21QYw/5f3CgVLG1jNhnEGK7xsi3t34VVZ8zRbnI8j-GMPMtZHNx3lM1X5Wu3B34ekp8VBFeK7nuysaKEsjUj3MbOUTVkys6lZEO9NAfRAfSmjaukW_QvyRhC0fKSzZKuYpDJd90QG7F4faYt8ZR1_2CAmfLi1pz8xhg-we6h7qd4zpgbLWPJJGTjbG0zdqF_J3k8_o/K6G-Y7BYoCivajESxPh9PATAvG12qaE42CpYFsDKbQ4)"
SP-250126,Crime Scene Cleaner,3,55,"SP Doc Crime Scene Cleaner 3 55.pdf (https://v5.airtableusercontent.com/v3/u/48/48/1766800800000/nT6t83jsHZ6P4xW2DAcg5g/KPFZJJQxQ5UhMhJNMPo2-bbbAfTrvWBH70H1S6pWqjo7IJ1bY2l4AaIZld19BHV-aTps9TES8o32Oncjka9DYri6cNFwS-z5dXloXmE-8miofA5Rfd0lpZpd22RbHZU7PUJfkENxgCa1qcYZB9NRw0WBWAlXPcXe94L1ShpMMxUe6-FcAOBMCrod-oPY8YAm/uRBJzhuJGfY2Oml7zNlOTfLnU7krpj5PZVgm5Nfl3jc),SP Curr Crime Scene Cleaner 3 55 final.pdf (https://v5.airtableusercontent.com/v3/u/48/48/1766800800000/aV3Sg1VlWuKoCJlR0xvyww/hMQFuoE3WORLlfnpENuk_pACvE54woACXnLbA22Jxub5T0eAPxBG4saywy8XUMGwuUn8LeVj_8jjqebnqmtS7sLeoYRyyE3Ipud7fnFdxBDIVPnDJrqr-BzbPsEJztCl7Xjc9NQf3ZeD-foxk9PSb-niXfNbfz-LBKV2TELnplnUQ7MyRHE-IPFlvvk22wZP/RhS0G5TFkhASxUgPijtbKZ-l3Eh9SMJt2wrw0PLVXp4)"
SP-220330,Cybersecurity Defender,4,60,"SP Doc Cybersecurity Defender 4 60.pdf (https://v5.airtableusercontent.com/v3/u/48/48/1766800800000/rjwrhfv2oaljd-GS8v-Q7A/vL38lmyTR7fWwS6loYtF8LyDqgskvVofkQ6j4Ly12fVKFYzw3q4payYtJqtr40_S0CXNTUupsdEVZY-fUVgQgCBahApWaneTbJU763Wt332g19dJfTeuAtyYyx7WQNvz89F2ftzw0Uti0ld2ZEFQrJktWKrHeMAUAH5J5lOFP_k/l6OEteC1HNW22OgJdFCffol-Wgl9T1nRvF5JaY5BAdQ),SP Curr Cybersecurity Defender 4 60.pdf (https://v5.airtableusercontent.com/v3/u/48/48/1766800800000/aSR6AJry4s48K1layBHVKw/VvUk8nveKINAbSV-jxPGZRkA4pEp_0HUwwGocVlxsjj_tcvgzQQdKUd2-sfmhJrCNkz9S7M6PsBqb63F1u2GdIPDhPFEnMsm4JdkqFsWR3OXhqnSFOlkV6wjA3zrrsfdiWMZ0qcp1fqdtOUQMkWtdMKWDZgQDICo3U3beo_QmRo/hZhRYZ3R-crNVAvGU2SM_-8ljgoCdvVvKgz84tvhjx8)"
SP-230312,Directional Driller - Surface Mining,3,60,"SP Doc Directional Driller 3 60.pdf (https://v5.airtableusercontent.com/v3/u/48/48/1766800800000/6rJaG2FTXxmSK2hX11-fyA/Pb8V-p57D524m9VERjGoYfci3uEGnF0PJ-47ewks3_AQJWDp1hUlWNg5u1ZMLU8JMWQmbsDnmwwbcpQ6rtBQBLjg4qBYJXUYK74jM2uXIw3Fk0G9-oz0jHY_cQZVgUSvDLpj1xysMY0LsEBAZ1Ozw-_9FwLTYDAH7phddm3bwPpf1hlf8Z-0TfH0fXL_PUDs/2bPJ1IPqduTaiarRO3KQLNfvqpd33PD8nKYanlXvHoY),SP Curr Directional Driller 3 60.pdf (https://v5.airtableusercontent.com/v3/u/48/48/1766800800000/1iG27ouSzqWOJW9aS4Iwyw/0TLcMbP0kCh4gr6ecafErhkUeuG6Ul6S3JrMWlosetIUdd22CEBEb8aQWdKpC7MXVho5yFDUYALTUOh7A7BRL5_StpouWmQqmbWGVjMPD32p9G3K-FJaDrD3oO6rY5pJcloMrnbEdBEOiWziXfyjXC25G0mx8EL9ytg_yg2NawQdzMicuZM0XUf7zWcX5O7r/XZzGVE3Pf2FoUF76w4eAXaLXoG7YCvbb36o7dXR8IB4)"
SP-230311,Directional Driller - Underground Coal Operations,3,60,"SP Doc Directional Driller 3 60.pdf (https://v5.airtableusercontent.com/v3/u/48/48/1766800800000/BYI25Lg1WqXfKMN3RpoN1g/50vylnBXv14tYa3oUUHVRHpM-ZokazBM8WIQG4jvp0joay7ZxFsS9CDNpFDPo5_NVU49VEbdgX1rYhaDFE36oAQyf0sGNsrmCd_kVrNfaYU-vkDn4OALJOl7Jm-l3QSJamNE9_GdMMqSIdOy1__T5vMV-nTytYqpXZqpbRp7EzplNUrqQy3H03bQBwgrxNHd/qXHXLFAgsJdTNRjQRxTzrxq5Dj9uedK9ikAFl_FotO8),SP Curr Directional Driller 3 60.pdf (https://v5.airtableusercontent.com/v3/u/48/48/1766800800000/6JNWfUE44o0uxwYyeMMknw/J2N7jyMiNniUtd_SfTNzqAMFmy2wh2EjOxKCRe7L5DpwL3bxMg7B34O_FTzKGnz9IJ_gGuWEOesRnhIHyJCaEGjv9YZcNpb0hVbqODlw6s_2mEvHBL-5c7uiDylW6kOGzVs_bpYLt7lUKWJ8WbiiXpcLuPq500MPIzmoYFdWblnZ1k1n1Ep5MIT46obEGVIg/N2ZOOM8RD3GI11N015Fmoyuj-byUgLP_2mOGfv_quEU)"
SP-230310,Directional Driller - Underground Hardrock Operations,3,60,"SP Doc Directional Driller 3 60.pdf (https://v5.airtableusercontent.com/v3/u/48/48/1766800800000/TjLp8IEBJ5Zb80f2Pvnjjw/KTCFxOltJOGrwf8Qn32UnIs5pqignxzqB1neT6t-KToXcQlwDyLooho7LviHOiIWAi4U5mVo45GfVbt9nnJDvnkOpoidLmnsje1rWBQlGDkFTF5Q9tGSpL8-NNFSHqJiwUry-WCG-ucJwo7IOgu2Hux1SU40FBo8-1JNUlYPDM_KRP1FlNEjDRmEY3Us2mYG/QNEHroYu2KypE24GVqrTg5BqyXmAn0F8hkyax5j7LXo),SP Curr Directional Driller 3 60.pdf (https://v5.airtableusercontent.com/v3/u/48/48/1766800800000/AkRYvPRhiJn-dbUbi_vLUw/9slyaApAPpl8ALxl9qMR-mtsXBAv8jmz8J4QAL3CY_qPr5pWgUGpChCei2vEEsav0yeu_zPQnzPXiSK8e9Ph1Dpt9jeJ_dz-2GU7vgiTiANTRm_EmLEDp0x2KSXFD8W-WSZ3Zb9hhLRPy861lDwQNUbwgz785DAf1Jdw8RQisEAHb9AE5p1uuGC2fzIIVFk2/QBvHOXJJefE6X0xZIzzQmx-ozATg8Nj-FU2rIRJ6fpo)"
"
  SP-240208
  ",Domestic Refrigeration Appliance Repairer,3,60,"SP Doc Domestic Refrigeration Appliance Repairer  3 60 final.pdf (https://v5.airtableusercontent.com/v3/u/48/48/1766800800000/PrGdtjE3-ixiA30KCRYd1A/eU_EhHI-D2T7G9RVmS8lYhoq0Dq5SFDHUi3pBn8MFyUG6ix60Xa8f7sMkee96DY0HnTPPezzSOyNj3kxY-GQ1ZEc0o-bG7gVce8AxCv81HSdk_3IYx4BdujRONhfaybL6qqrlU0ktjqpOc4VaksZ1E96u5zvqrY03shSESoUN6TaFXGO9l8OB0FSW8Fm1Gf7zGtMLuTv9behVCGDU4TFPg/Ou3n-QaY3hDRxyMtJuwr8HRb5DnRpj7RzMLHLq64v44),SP Curr Domestic Refrigeration Appliance Repair 3 60 final.pdf (https://v5.airtableusercontent.com/v3/u/48/48/1766800800000/scyNhbI4OFi-QMfLYzmPOQ/XjMtoI9sSrBwXGN8MMNB3AdFAoL5Fm5x1DBMfPKGxvoJ6EYBtk3Bkv87YdVU66mZanBDQNBhVbTWzwc8maxJgMXm-_2AvV39CwgE7oKEjMTGRlcvrBt-yeuaUjns1NcdQ_cgbn7XqyIf1YX0s_EqYSKcG6XrXjZsK68qkk6qyPLOXN_zVHKwo_7tZdc__K35ZQyA5mOJ739bK40KYYAr9w/JKA8VFCuiEn-Bj6J9hDhROqE2F9U5MBzQAKF2harsjQ)"
SP-250702,Driving Licence Examiner (Heavy Motor Vehicle and Light Motor Vehicle Combination) – Grade B ,4,15,"SP Doc Driving Licence Examiner - Grade B 4 15.pdf (https://v5.airtableusercontent.com/v3/u/48/48/1766800800000/dnCELjQn2NybjoRJHpL8cg/qETusM0vBnB6bo7E0JHmjKzyS02kHw1Wppj6Yxe0scLgM6ym_mNFlLwxL0bIWJ5CMpRZnqaUpFd0GhcYAvKPpVHbRRM_YdTi9M93gZ4UT8ux5aOIW631BlnhA38hLJy_SNTuciGdMSZEEVlFscp6CPpaLCJN5IbjH6tmVvRidKS4Moy7SkTCqlcOrRsv7L-x/08l0EBigCVcHVXNHdEJy1i4N92w6nyLCZTLwQpdDE64),SP Curr Driving Licence Examiner - Grade B 4 15.pdf (https://v5.airtableusercontent.com/v3/u/48/48/1766800800000/Yl6BHwi5iThUb5kvz11xdQ/5OOf-22rUqV-TQhHR18SZHm7MdU3SRlnSVWhFhgiVyMDHWcto8dlfsKNZWBoPn5Z7XGYC7fyHmtNIGP_Y0jlYALESuySPj-H1RQjA8pflmZsaWgRLu8d3yAPaEpH5ZTGza8aNCszYkuhLYLUWdnKY_pxjPyfB8oxXq3eFDU_D2N-_1Qn88auWZ5_dbHJ9ZeGoPl0xaX-VIV88B95BSOv4g/zvB_uo1cJlbut3pj9yzagvBMh6oBr6rGYrkKYbrwfoo)"
SP-250706,Driving Licence Examiner – Grade L ,4,14,"SP Doc Driving Licence-Examiner (Learners Licence) Grade L 4 14.pdf (https://v5.airtableusercontent.com/v3/u/48/48/1766800800000/OME73zOqm9LPVcWYR5xkyg/KUXl5nZg0qyQO9QTTykr4lGrYs76C_maj8VXpeGMmLeZZ-_KBTxgo67TfJ3UmrZBB8at09FdjnkgufuD4yu4xa1p_f146HZPpWge9Ew8cEhr0sUWWuII9_puMuJnBVafmv7ci5da-cRH9VFZ2lGtFjSBU9gMz4ulbIKHy73hSRMBAPjZdXDnmJXB6vkY8NCQ8JHgJK32mkDuKKVWe6XHQw/8B5hUM1cblUQyAroRDTCsengQdW9Xedwxdlx3VNPp8c),SP Curr Driving Licence-Examiner (Learners Licence) Grade L 4 14.pdf (https://v5.airtableusercontent.com/v3/u/48/48/1766800800000/olFgJHCE9cd1qytbt4U_Ew/XIrxUV8uUppN-7iKWlUNMOqrxWDEY3thi94VtnT3lWgXUzuOVb_t6aDC-EgUBh4SrgDPU7NJ0Txkmf77z7PrjrcS4tFx3Hfkq1BCjIWes0pBKOgeaXBBZUz4_YhqVFw7OToe-o5UAZagyVA_8tI5Wh6VDxsNOIzHr9BOaHMVWVrnw9FNDj1l_MbckWppjG2zPmSAUj59CELo72KrI-DEIA/snWqX2Nnns2tpjx80wLgNXoDMOEvZakO08KXPYtQVrA)"
SP-250704,Driving Licence Examiner (Light Motor Vehicle) – Grade D ,4,19,"SP Doc Driving Licence-Examiner (Light Motor Vehicle) Grade D 4 19.pdf (https://v5.airtableusercontent.com/v3/u/48/48/1766800800000/mQE2SOeDBm1ahsEAp2_Hgg/amVUMPtBtV72iBrSA5pJ4hrneRZUbdA8xC5Z4JSRYmq9s9znjeh8LIVwpezvFHrZT8Yf-8KpAXmKaA7psnKeRFrxKuN-4GkEqSu9vEy9Lw-EsmvbOO30Dp2AB220JpkevFUJFBB_aLSIYSb5GsOojPJgw0gRVcV63YoNkhWmbNj-_d58Gyp1pJhrIzU9Txoof5jeQE3EYFvtwYT1eYyNq2EQJGCLLPUhETV99QCBEak/9I5iOuwEW-Cbzl_xYFhUTjpDwIRs3LMU9sFHYzUf0iE),SP Curr Driving Licence-Examiner (Light Motor Vehicle) Grade D 4 19.pdf (https://v5.airtableusercontent.com/v3/u/48/48/1766800800000/ycxvALvf4cRZ6jpQVnC4LA/C6zXkE5JFHOAFrMVu09PItWmEs_EzUZJaq9XKjksNI2_PSVQUaLjZTVw60atKOb_FhJswEkEzQomWRwsACNdysvTPfHdYJCzz6T0pRrV7zaCu8g8HqzmTC6-YDarl8iiRymNXEd65Vuo_4tb0VyTi9811-YBcmv8B4IsrsZELdh6239Z8lVg6yP6Wm6IbkIakTnNQzKDkbs8HmnTmKOF--LDq2VzmIX8YXLvoMNYGY4/Np83gahe-faw1uUKdS_HlzIIPo9YRTd6vAnIo7Kqr9Y)"
SP-250703,Driving Licence Examiner (Motorcycle) – Grade C,4,14,"SP Doc Driving Licence-Examiner (Motorcycle) Grade C 4 14.pdf (https://v5.airtableusercontent.com/v3/u/48/48/1766800800000/nWZd6De5FtvV5cHHUP_5bg/qjYeTJuDiFMAn9oZV_T3U99SHvAvpy6MzxO0F_gmstP9UVFp_QGkaMiJUnRyPcJ5N1aEfOFyBpHFE6MPRY0f6wdJ7h14rvSu1ctYV4eVN2BW6LTTX-ZrqFWM4VI2tmYYAEt-3qnoS7xXkmnF3anbS1RXognwvCzUTibGT2JoTTvDvuS4ltjW4M33u4zEjXYiWag-uCLHEdYcVVoXo6xPEg/3QvFULv2FJc6dyQjiAynZgNdvQhhKt8-WdcLbkKDC-I),SP Curr Driving Licence-Examiner (Motorcycle) Grade C 4 14.pdf (https://v5.airtableusercontent.com/v3/u/48/48/1766800800000/ujy5DlCB7NfVGFbKZOlm4g/8odgFiX2WYOfFbNCz6W4vAk1HHxDpUxUzXrfnO9Duy6TrkmP8T_mvWCko9tk6K9-EQdaU1eHmFQGbneCl5lVNyU39cgiE6X4kF-yfurQe_WM2w_bHydkDdPSmnNGIZ9ruXCgt8Z8rxbhoivVw5cqySp6ClhQSWsryuwWpHu0qPTsKKkMXq9e1PoLPAZ1kOiH2QDNvnwFe16NHe7bE86JRg/GW9SKxdK3mcxTD-_rpzepWf9zNUcfRjZSc96TyKwEv8)"
SP-250705,Driving Licenses Examiner: Grade F ,4,20,"SP Doc Driving Licence-Examiner- (Fingerprints and Eye Testing) Grade F 4 20.pdf (https://v5.airtableusercontent.com/v3/u/48/48/1766800800000/s9OU_ilCdldHnlgy27EOrA/RKSoOxYEMZZLEx3IcC-sTeN0TlIlFaXhfsauF17BB4bFADhlhO5yC0M4XrvpE6NbRAiYcQtKPCO7V78I2Ji7-4GALMKQAnKwWoioOdHZQWqTwn51jQUGsDOfSjxRmr_jBwPcluq1gZdl5KlKyVVXxQEqrYDt7maI25bxwY4Srh8Nb-fyVq5gW2IGGDE-mIQ84UFMUDuo37nCAVuxyxchoqbx9z52HuQtitN7SDSYebk/FxfPB_L9WlFoBilwvTVXjBxtG-dIbq3FDoRUQ9NiGLI),SP Curr Driving Licence-Examiner (Fingerprints and Eye Testing) Grade F 4 20.pdf (https://v5.airtableusercontent.com/v3/u/48/48/1766800800000/l08lA8dvdUaLnP3jxLsXrQ/wFT7vJZZnUlOoxynM8_NTPJqJotqedDEUW3W8ADiCy-jvcUFba6JoJf3VH4ma64yRkOg7mGZnZnUYNqRX54ON-cIuU9uvIJqew75oGKXi4rMQ-DbHTZxASThUAYiC1Kqy2yl0C_tTAwIMoemd5Uf0dIwVJhMBdHWJ8ClikykqCRZJIZyYqD5nvYyHxZEOG-mmrWOdIPp8mtfNlPB8-j4rkwRYxFkaIjRRDSd0FgYwKs/CYVnI07UNeKOyY7_uYV4Q9AdD-VjfACxPbVRtoNxFGU)"
SP-191219,Early Childhood Caregiver,1,32,"SP Doc Early Childhood Caregiver 1 32final.pdf (https://v5.airtableusercontent.com/v3/u/48/48/1766800800000/onUdoVtHLWd1a_0Uq_CHPw/qI5-XW3DlNiyDGGRhzFdNGmGJsM_kkWR93bzx19YyjyJH4IEDUOAubesoGzSJVgR2osZCboAsB4ybRU7fExs5AWR5wNZw7PNyg_Y8DLkSMNclot2TI1XTT0UcxpXGtKiyAFk7iyPBdGH4PDEva1SqZ-FQ-eLJkWKxzRoarzFdEjOJ6EfNmu9yvOO37d-aqGH/v_h0FyvdEVOupA_zR1AzN9L-tcQQ6hH86xuYinAo48Q),SP Curr Early Childhood Caregiver 1 32final.pdf (https://v5.airtableusercontent.com/v3/u/48/48/1766800800000/9t3ndDmghfFJ0RniOlBYGQ/ku9rKt-974dTivHBKHdzl54NX2sQP8Zt1iieYeFvO8ejXx4gwxirobZr5-K-fNDpzXK-Kj8f31tWnYvRtzG59ZcRqsz3qwn4xWtjFHmjN6fSENvz84kQkvTJHt4P1t9Jx8s2mgGXUaaPLrMXM3StmAKoBPVuKQswExn8PdtgjhByAEpVijnk80G1CAxk4Yse/yUejuAFxuZJvqSUtOCr0fy0VLu1sj02wwTQWB6BC4vU)"
SP-250803,Effective Problem Solving and Decision Making,4,8,"SP Doc Effective Problem Solving and Decision-Making 4 8.pdf (https://v5.airtableusercontent.com/v3/u/48/48/1766800800000/U9Y9s1fpR2-wJQ42MOOOlw/lvgMT3i9CIpn9Vo4Jj0gyzhc8FByMnTTZ5ItF7RdAf2Pm2WzcjVE-b2rcJ-uCCKJdvmzPi-DcR5dlVkFA6x73tQtVQWAWrEpRJPmmqgocnWGkYR2RuMpyZIK3A4DkJKyTOXe6vaY1cp_U6xoxB42WV99PvqB53k3I3qtlUgqXbw_UKMIdWaDObXXC674pjCSQtz5UQYO0sR0JLFinLJkSA/hgHrNBbrV6ff-eVePEZ3QnAV8DrI9oAXNR3ORSZ8Ty0),SP Curr Effective Problem Solving and Decision-Making 4 8.pdf (https://v5.airtableusercontent.com/v3/u/48/48/1766800800000/OckcbOkZ4dw4lxjAyItMLA/ZHNYxyyY_9YWVGMV3wKmKUpZzB6C4JVXhKLcBk47xrTfq6aROCGtYkCzVwayzX_Xn0pF_6jPRIb6snNn2jdxyW42K4QXYLeR1OtU36OPpCCUDXgHP_gYzRTlwOhrnxnmctBaLka40FGRKaw1Etmmo3meQ64ZwvgiI20pvUO7LDRXMp0n-XlwpJJlce6H68xHOhe7mtzb8u78NkjjPn6GPg/VywHOsJhhT2aILkoF6cVWizEQU8m3XBOqJRZUZEfdmQ)"
SP-230321,Exploration Driller - Surface Mining Operations,3,40,"SP Doc Exploration Driller 3 40.pdf (https://v5.airtableusercontent.com/v3/u/48/48/1766800800000/iZGHJNWhcS7MgBqQzRWpJg/HGOM48TMwW5oEXtYwGzKcVTE3cC_r-ltntPjMtwzl5bqWos1ecUjJCh_6aTdWRvUIPIayHARqYn3HjqXONGbbMQHOi-dd7j7WDiARYJxjO5hiCsJ1pAaZtxbnZi2MzpNSn3ynom_T7c2CLr8B5lDVGiY2lsUpbYpOLs-MtEKSSAZXr-xrej4LNJE1Vz9JVz3/BXbHhVyR3XiqOWp04HyLOIW7L1KugjFc4sig52hfIWc),SP Curr Exploration Driller 3 40.pdf (https://v5.airtableusercontent.com/v3/u/48/48/1766800800000/f--TgKTrrQ6Az51fLk1_Vg/rJPgVWEe7fY-Cv1g3_ij5he4mp67j6P5JUEaHMadexWsqM9p_31wL6uiJNlBqq9KbLrivp0obQ5QBUtb2-ZGEEwdStmr-qFJW0I9M21AH5Vtnh9BccdhvLr8pQY1uMCdtsw4xtOYpIXJJDXwr1yHbCePUaQeqV0jm3GCJMMudOVuG5-0cIkzQGahMzNbPPxB/b4tUZUydF4_hjwHFHfKeOkmK7LWj8MLKjL-oIpiRrjk)"
SP-230320,Exploration Driller - Underground Coal Operations,3,40,"SP Doc Exploration Driller 3 40.pdf (https://v5.airtableusercontent.com/v3/u/48/48/1766800800000/LaqlL0OTiFimo47V7DUjxA/58O0JhEd4Rq5zhT10Q_FI9PW1G2_PkxPOGQJ1_F_72WZLrMp6s0Y_F0dcb60xIqeBy6Ke0N9-E46wMO7utILPRO484_3oxAYW00vn8rnb_CIonRAhsPMkiu3aXp64E_U-2Fz8S5-4w3P6zM-r1c7jR2u5cTA0MeSDOx2fqpTRDZm1JoLyFzot2PLzO8Gt5wA/vr7skelIZJovmeEeUees6jDP4dB_4Sk-VUFxhVoMxWU),SP Curr Exploration Driller 3 40.pdf (https://v5.airtableusercontent.com/v3/u/48/48/1766800800000/ySdUGMv86n3ecutnysxxRA/wIschAUoC26eXZKyPp7ZKWgz_MyLR9tU6aNdI5aqDODQThji4_uxGMtUb0t-afJ69yv9prKNNJ9sBpPThvY8jHy1W5FDqYqenfYEhbzmKj4KPnV4J-iaGb3_Qb9o6oatnz36j7pefikHIKqVLMXW5GjXHSfixgAAQrne6k2X995qIophQ6HT68EUIFDA0O5u/0Sz4eb8idcqtsqZBxRO3vxn_DH6zC16dZLs2DUhx0ic)"
SP-230319,Exploration Driller -  Underground Hardrock Operations,3,40,"SP Doc Exploration Driller 3 40.pdf (https://v5.airtableusercontent.com/v3/u/48/48/1766800800000/2gWRFNdhAczrzmwYUWfrmw/sTW15HUik-BtwBB0V96dptdyZKjTv2wHDp7rt1yUBL-89CLgUhkMI-YmnJU_BywNVg9V58Syag9xBvaKIr07nM2Cvozw2uB9wWU-wqH-QRN5yDHnCBlyye8fY44lbmnUuKQ2aBi8GFUazm27SAl-5_RUsXp_FVxx2baecHQjNqP4gbl09VaywQAU1IyH831G/Q3hNNGjdLJs2ksYNdOa6TG9w6uVNQom90yxCURzZar0),SP Curr Exploration Driller 3 40.pdf (https://v5.airtableusercontent.com/v3/u/48/48/1766800800000/0uppEq1gPjywfTgg-M45pQ/X85b1ddpeA-Z3bdLuhRbqQmvT3KIhW2DnwqcmgIgYYNIZDc84dONjt1DGedxJQ4dIhA9zWQjyWsLdmMhN1HuFafjb71CUSx-MwFP6ZOmk23JQ2aNMn5uQqoakHFMhXmGS_VW9taiLvtPu3cqIBRgBxah66tIWy53cyksqE0fLNQ4dFpzdcgc0-pZlsOGhuGq/itf2C5upqFdxfnhb4qN8TJsLuDbTUWCOheMwyKC6qrs)"
SP-211012,Floating Crane C57 Operator,3,40,"SP Doc Floating Crane C57 Operator 3 40.pdf (https://v5.airtableusercontent.com/v3/u/48/48/1766800800000/ozyxoB-CxSBf5zAVuhsxig/pSOnfC04i8hPw8Hdk7uI8raQejV2UoNi8r_NF5etzKmSXd13tlZKtXBDmPRAapRU7D4N5U41HPOm63G13IkpDJy8DS_VxWGgtdJrYnd9GmvsItECGkKO_mNiuCgftdcmyqyOeBrplA8-Lq5NnmjI95gcsLQ6VIOFJH854RbxrAg/bKrIFA2qY8m29Eu62xRzeXctMikQt7NfasMtvbXFnEY),SP Curr Floating Crane C57 Operator 3 40.pdf (https://v5.airtableusercontent.com/v3/u/48/48/1766800800000/1apn6ljEyvInWhNvRzMM5g/Yjuiolx3KJEPwwUGYQft-UipQ20pjUOBFnCn4M5bvI1QFVbPMLKFckEgzaofTMjPI2ghLRWSOHFedB3dk2JuVxOg5TW3QlDurvXHjGCGn2WMz1x8nM6pcLwpjvLraP-oKUMMltKltjfvtZC-xMi4Emz6XsUTkUYH2VagCOsv3usOmWMHB2vxs3sHsKcl4brL/nYQ0KhFrqTqTeOWZ3hq_C_feB91pZ9P1Sn22kSwH8oE)"
SP-250809,Free-standing Scaffold Tower Erector and Inspector,4,6,"SP Doc Free-Standing Scaffold Tower and Inspector 4 6.pdf (https://v5.airtableusercontent.com/v3/u/48/48/1766800800000/B3QoKNWT6pfapsewXo2CkQ/L5Fnd0n6Sb3wY2mfyKYh3dsa78gDUUso3NoAZIDX9586Md4TUxWoLxz6PyUMaEKHo0-s9w66ol1qpXaK77f0ME37HRuQrjbuZwXQIXEJc0DcStwx8KB8SvltElllz0k5MPfQalAx_5F89lM5tJ4e462jjg2lMiFyJQY72mW9gaIdRRCkR1jr3aw-E9UkdK__9OLdV-VOHvpaKB0Yok6eog/3-5SbLciWcOzH8U3oXVA34dmVIXrNe-WMBZCaA_mRz4),SP Curr Free-Standing Scaffold Tower and Inspector 4 6.pdf (https://v5.airtableusercontent.com/v3/u/48/48/1766800800000/Q8B98v_PrmrAQNLe2WuzJQ/vugejfDCS8NI-EIBvxvfvSoUUrmktHmX3H75lXomIetNVTBUVkCvNGFdNaHj1JL303WTLbgmSdur970EPir9H2xTlUzMGGRYZdqDeCWIaazPoynMRFackzDxeozrhhHjy5rvoTY04Ow3lfceK0brmM3MpoVImuPd6HuZ5vDkYnOiUwt2VonL6c0mFM6Q8EY2eQXd0IL2_WjBlNpuLk8l_g/PHM8SBD2vXYS82l9QDBHeFQqExi5sIjJR-7klT4UO1U)"
SP-250206,Garden Centre Technical Supervisor,3,38,"SP Doc Garden Centre Technical Supervisor 3 38.pdf (https://v5.airtableusercontent.com/v3/u/48/48/1766800800000/TEDuDXz6A3-b8ZWzy49tmA/aDrUUquK00SAhJyLHsBelNwcfCUSwwLLTUvFJEgGUDsRmPXm1yJ2uv1p8QGngiTcDzSeDlAfF_x6AmBpklz0d_iHNrwLHru2oKtB60iUEkC5SgxXPWpyEr-o1jHaREYWws73Gi4DAxDKql6tiakgAVv3v-NBtApi0njp_mdaOdQy2CFZrCiYK3Ph7KvNP_ybWDSthQpiDMHBtlA4Tf-NAQ/skasALPVUmnbFC9dqDbQi8yzLUdcnV1ECT2CmlEMESM),SP Curr Garden Centre Technical Supervisor 3 28.pdf (https://v5.airtableusercontent.com/v3/u/48/48/1766800800000/0GnyqDWYk7gZf1THXwxLXQ/9ojEfXePe_g0fgHDALCVf2p_PPSvUThTzLmFBAytQ5ekUFiJKxImZEHXWtzPJybquO0uLezLAM343KDBh4nFEw3JhcI9A__mMK4ilPv_rd1fePjr2wOucThB0holyFuzyliVL3hJwFq6Szlgp5duwfH8zqJZAStxe2vHHFc_iIH4rPeDyx-Jys-LEyxfqYUKI4hsDj6KatwSeCLbLIQtSw/NFlxBTO8VtxWrlQNrAurBFMunXldGh1JhniDEUd7Yso)"
SP-221107,Grapple Skidder Machine Operator,3,25,"SP Doc Grapple Skidder Machine Operator 3 25.pdf (https://v5.airtableusercontent.com/v3/u/48/48/1766800800000/1Bqvdb8ccPNOF20XSPExLA/V5fs0WaXJ8i_Nl5tiHDw8oI0rddbEtQjtkCHywgwmugEuXcBx9vtWgoLjzHH5HyoyW05L2R8jyvCUgiJItGv1Xk0DuQhWA8gfESl1q53sBak2r3aDbmJkcohezdDUBedWnPvP8JrKiZF41Gmvy1AuaqitaZlO2EZptwzhbAyaOolvEskySxapuOGgX90BurG/enBkHUXI7AZ4cjGIQSUq9yrbSD_yfGEjBWApc8FcSIU),SP Curr Grapple Skidder Machine Operator 3 25.pdf (https://v5.airtableusercontent.com/v3/u/48/48/1766800800000/XjeWh-nfdjPb-7C5Q7JBsQ/M_hRio7qn5IP_g72-Gb47ai-m_81MA21s7uP5yGHzxE-21KwgSjYdEqbM2ui1QQ-n4MrZlIYbDmEiHKoEZPJEPGZ793CvErq0jgJX5MjNGa1Avl_rTljRc44-26X3u55EFYJ71SRFJrVF5OId9g47ZKzWxyvwxyPcatn6yBoAb5SDshAp7Rl_pcuh76jaOQsPMyeU-iKQKABO-2WO2m_1Q/5iD21JdZU8u9qPo0kLpC3EQIco-r46CoXOE-76Wd1l0)"
SP-250403,Green Hydrogen Production,4,29,"SP Doc Green Hydrogen Production 4 29.pdf (https://v5.airtableusercontent.com/v3/u/48/48/1766800800000/X3IjEaHAsdMXdrEmoUYgrA/k7fdS199qfSVYOVdNrVUWhN5BQ2pgPJZtFTs38tWGDPFzz6xJgKKtGLjRsMIQAcE5rcQgtz7bJs77UE-8qdvbNqWjzACVhR-_gwEg8_ABvlmibRStPu3bUD4SVX2oAiOQGw-0g5gI_Iy_oyMKYqcxoSTKltSIWloQFEmHX7Dzg87MDcRwGDMYrxmMMIHpovd/61023YWxz9pCOZ4CU5Pk7QYQOPJOXso0brCDD8e_-Ug),SP Curr Green Hydrogen Production 4 29.pdf (https://v5.airtableusercontent.com/v3/u/48/48/1766800800000/bH1FCy-efn0t_l1QMCAwlg/m0q5csj5Pl15e-ZZigkM05dTZ5F8HhH1_QeXMWRZFZzAlKqzGyEhWb1jFurtyANfwqdp5qx7z7Uj2Rqvr-uvMu1f2wOe21PyQasYVoGlUbbJdqkGQARC9uESMvWFaazUEdToVTGi0yq1A3tHrDvsM5FlmWIh5OFHbcNccRqEUWPRFTkbMpHJm83zjSPZIQtd/29dFOxNSdiGSfTcq23f20hKfA-cq4fvY3K9K7OfzDrE)"
SP-250404,Green Hydrogen Storage and Transfer,4,28,"SP Doc Green Hydrogen Storage and Transfer 4 28.pdf (https://v5.airtableusercontent.com/v3/u/48/48/1766800800000/nUO6eRwNzNx2Nz_lMnaSzQ/akgzgBw79gK3ptH8u-ji0wfI3oF7U8ZExdlfmfk6QiYZtRsvRyZ3wSy84eoCKCyaVwDtBJ39hRuEogRXqu7qMDTobKi-qVqyf4cgWagwvDPSmdn6-mWYGtSKyvK7RDZKOsIb1Q1YvxmBD0zxzM2vB3L3Z7iHEMqgPnzccTZ6zeQBtjO4Lq_6n0Bfv5_jXIwebaouDXIax56UgIaF202XFQ/mv_AceJnJMMy62RxloZxWhmM_p4tQf7J1LqDpzoG2pY),SP Curr Green Hydrogen Storage and Transfer 4 28.pdf (https://v5.airtableusercontent.com/v3/u/48/48/1766800800000/o4yIgbLAgzGoYLw_zaNmyQ/XXKvB2mUBAM_v7-lYfCiAh0W2UzvNXeQDcEWsqTa-Brv56OEBDZ37fDsaUVjpA9jkaYdiLWiZ_0kAzdDhLn_-9rX39hqQGyOKG7-hhS1kO-HbraCXu1shKsPdkmCUO_hFdfOdymEv2rn-I3wrqfhUml9p2iwhIRlARstmyFqZlxrsOyaY9E-Lr5br53h0N50Z4ZCRXAOfMsGkoarAeDxGg/TZTAP0MgugNWNNKj9XaEiraL2miVNMfgzVSsg0VKK_s)"
SP-250405,Green Hydrogen Technology,4,29,"SP Doc Green Hydrogen Technology 4 29.pdf (https://v5.airtableusercontent.com/v3/u/48/48/1766800800000/V3Brlfope11zN8XP9gb8Sw/cgiRd0rVMln9DQ69LTTtxT1eEuUZQhonlAtp6bTPPucWt63mBjM1r91Ne5_XYugx6wNLUpZReqftYPYFGDuNl-boeIg5w3gG171KNXZELmpiNeY118F51wB8jtekHhE3lharB3486WyUGbAQ8rRVFr5MBwYsxLbbFI2ciCfQX9kgGM8e6wd8YNJ4r4oYDInH/TakiJuIFjyevBXW-uCP7ixE3AOZpi2v4QuTaUwfTd-Q),SP Curr Green Hydrogen Technology 4 29.pdf (https://v5.airtableusercontent.com/v3/u/48/48/1766800800000/magxY40KRn-gEGtbGwB82g/WjMTVlP6Y3u8blVw37NnXpr94-vT6YhPm5WQR4e58RPhIY5-OyuQdCdHfkOafhBbk1N897QU4MIkHS9kk8hBLr-iPABi-bbqJyCArsY94oc9O4H9yInvqJBR6lYpyPbClzPdEPCOTJptf4BNvP2cuKipKF0HYfbvQCp23d2gZYqxlefyydEG1-E-lb12ulwm/wuw1S4kpc8wMoU44w2I63ZFqyQc154pRgSMZrX9jMCU)"
SP-230303,Hair Colouring Attendant,4,51,"SP Doc Hair Colouring Attendant 4 51.pdf (https://v5.airtableusercontent.com/v3/u/48/48/1766800800000/dlmyIT15Jtc8ySeLMKFunA/pgnuuzjTwuc0uOPnZRdJ05V6Eyp1UuCYyEOtMuM-H7q0N1DDCEjLKVfnDPvPNb75RoifkHuR6uwf5b9J3SaIega4cWOCaxTuDWixlOXnKDUh-3XZ3gFPwqXxM1ABCea9AQjHz6w2wBdTJxTn-h5DCBCnwd80iImXtU8Vc-zV0ts/ROnAplm5CEBmwqjLuKmyQXO7c7xV-2g_EBcUsj6xgsg),SP Curr Hair Colouring Attendant 4 51.pdf (https://v5.airtableusercontent.com/v3/u/48/48/1766800800000/eudNVr6hi1NYU93mYiAAhA/2WZZn93YAvDRY3sF57S82YT5Dbso7evceLmp4CiYl_vmQk8PzvS4mMUmk73BYYcwuDjZ8qcuKhSGqi_4Lt0fapv1Qu5wK56kOEth6Fjtdhf1duVVtpCD71KAUYv_TEjtcs1tCt7S7MheSnohEf4sCCS3uTkz1Sudl8IgNfRPRpw/FYBD1kS30I0WfbGEEWR6vbyMY7Ker2GnYbfAh_zBuGk)"
SP-230304,Hair Cutting Attendant,4,60,"SP Doc Hair Cutting Attendant 4 60.pdf (https://v5.airtableusercontent.com/v3/u/48/48/1766800800000/a2JavH0RlFikxLN4AALBqg/sdJ-Z5nxNuT1XWdfE1nOO5LEX-9togPovToiQS2b2R4i-ZDMxUI_mMMF4DxEfkHd9QyoGI-e8UriCOFz_TGDAhzuuenB0uhGSOduoQwxtvl8IwEtYF_BiLQvdcjwZP_bAb0FXzrin7NvgrHjT-MyDCJ5bnsQWQxjwhSSADcDzco/WtYaOOvew2SBX7Bi_NCWYs00CiiBtNxVbXYcKHxi6pc),SP Curr Hair Cutting Attendant 4 60.pdf (https://v5.airtableusercontent.com/v3/u/48/48/1766800800000/3CwymsOVHgfWV3orqUiy2g/EUzwlc14kQRqrYAHya3uvj-Hyc9q7EEidgvoAj4Ay6KgwG7j4xiTXf51RAVIe1seJ-V1MteCh7AuHTBBKZbavlIdTQAvTl6B1IzioMXYdpG8bA8M-6VNCZ80pJ7wu-JFQa4BaNYHz_CZCzTceEXTZ1PYgLBEvoI8BqTQiAyPjnQ/gCTOvNiXi5AySR7xU1nTs7xiLc5S2Zo_QKrAVob8lfo)"
SP-250127,High-Pressure Water Jet Operator,3,55,"SP Doc High-Pressure Water Jet Operator 3 55final.pdf (https://v5.airtableusercontent.com/v3/u/48/48/1766800800000/Re_3BniCmWe4dvgaX8tAfw/OhadvWihzpDEny5JaXI3wzltvgnsLq5OTGdcEsSLHaW_Tqq_SNiApTBWQj9hKWlNj0g9TqSORFaQT6VClmW98KPojH6dfPpbecvkPYM483YeJ2Kc73GiBtoZjV_nzUGT2K-3c6KKIaZZ9ghXjgbvKpdOSkhTbI4TFApv_vmbPp9gsZ29Cg9K7HxZI8kYPe0pkIDVL99R4QXlGJLLRqb1kA/Ex3m1URFwzhQbvszwY6zmfGAe5kKla1RumWdo_EBkjI),SP Curr High-Pressure Water Jet Operator 3 55final.pdf (https://v5.airtableusercontent.com/v3/u/48/48/1766800800000/rOKa07U1U9EVN9_lQP_Yvg/3GVKFZVf20t1qIpb20rma_vj0t91PSTJn0oMl7DdeGvzF0Za-aHegCn_0LvI3Z9h9W6maDDZa0894iSyM6n5RMLabnpf_U2SjBPWrYilQSg8nzCLcD5pCI36LidoaJxKyz9J6Onp9w0sR_LB1y04tw-c35beyhk3RXZOrj4xS5Mv6tW_UZrPy6tCjBqD_KW6icNvcJ1HDxgEAtpgmggz_w/TCocdW9h-4B-moQbW84XeogbnM0ZapF8an1IwpLJOlw)"
SP-230372,Hypertext Markup Language (HTML) Programmer,4,60,"SP Doc HTML Skills Programme 4 60.pdf (https://v5.airtableusercontent.com/v3/u/48/48/1766800800000/L5aLKL5DSnI0YbIR6tQcpQ/ozlXzWH5Lhg_llQPLCVInx2oBoZZJ4CblyzM9DTy1ENeNeuChf_6ETOf73MXuvYT7CHQ_uJ538OCvv0ShgPKXb8kJjIKFdP5pPN3vWGPoLXVqcsfKFpt0lhiq5FSgoP_x6K17JDEHgNemj2SUQLlyBxG-3GOWlT7pXNNAKn1tVM/CtBCeDrWBlE8xhqScd6rWKwl_H-_7pLGLQxX04nKcag),SP Curr HTML Programmer 4 60.pdf (https://v5.airtableusercontent.com/v3/u/48/48/1766800800000/gcCr9QhEWLkBvREE6TGQwg/85jKdHwcgnyXux2bkaC4BrauyElrbxLLxQxZBb3fAhMbv8vncMKpiVxdRmT7ZQrWly_TcC8UWXGtCzaN41ASTcB9jp8IFjs8dyCh0qgAgZbHOWGSa4_poIH_PLT75-gB3HoXxQgBnHtK-9_jcCRX2uA6He5SNwzpHXAYszavocA/ueiU8KsMoEb-HNuqcm-y5qzHXsURdwaVwleGEsYjRuA)"
SP-211013,Hydraulic Crane Pick Up and Carry Operator C34,3,42,"SP Doc Hydraulic Crane Pick Up and Carry C 34 Operator 3 42.pdf (https://v5.airtableusercontent.com/v3/u/48/48/1766800800000/qbq9sZI43c1YfnTllvInuA/xPgYDfkHF78ectsGhBjAFdJZiyPR35hywP2BMWIM9XS27xL96h5GZ9nSBFjaF9HCz67a6yfyWNTrw6n2kjBKTURVryAM7nmghO4POXtlWhZYmNnBzwDgW-WMFEqSdWao7le5JdAffAXSVSr0G_9xzrAK2PGqi_gQDVUxDin4JtZDfylrk89R1K32Zq7Ug02J/MtkqYAKUzXSsv0JohioGoYph2k9GcaruaJKnz4o2ROw),SP Curr Hydraulic Crane Pick Up and Carry C34 Operator 3 42.pdf (https://v5.airtableusercontent.com/v3/u/48/48/1766800800000/9WKvSdBvhVbREw2LY_HTEw/WU1Bk6a_xLMexapyBIK9iI4uwm7wEyKkgNs2bDEyklxptBYmFUWNR5IWIWsLctDi61zcTJmnAW_suyIv4slio1GWxSjFGuLxabLYxcoBRrr59KEqt_M5XJOl22TuRqG18hE1pyOH9FDPabKt-aUU2dBBQ0ODvMxVt7h8E4bkrdEjjqdqWGHSBy-900rK3kev/El1QJiZzLNDdg91rUrJnUNBu6YMOdiAuUwq2pBf4xTQ)"
SP-211014,Hydraulic Crane Pick Up and Carry C36 Operator,3,56,"SP Doc Hydraulic Crane Pick Up and Carry C36 3 56.pdf (https://v5.airtableusercontent.com/v3/u/48/48/1766800800000/CXpjqvThvhZAeTxiXPswAg/z9bNQV33nY6tz3QUI3fls5LJTXD2L8KaRLX6JH0QDSGUxljsCwWpzr3bAvUbIo5HCvktiRwgBQpOFq-hL5pQMK6HGZbFhjPNCg2zocOv6Vwmy5302LwlVHU0ZQtpmF_uRaVqcLtaA2tfinXBnzJkwl5bzrliuTOLCLXQ8YfPMC0GypzaMNtZc_B2DSRJPp1c/Xib0RnO6rqPeL0DLx0tK0Y_amtCGKtFzp6oE-iGBXCQ),SP Curr Hydraulic Crane Pick Up and Carry C36 Operator 3 56.pdf (https://v5.airtableusercontent.com/v3/u/48/48/1766800800000/YW0O-VdyWishwgUrkaurDA/fRvkah_DowQfiVVYvPYk53BiYejpYmgM7kENZqk5Q38_HkJYtmcJNKkh125_RYP64Hhek6vsdCvsToaic1NWJ-5VSZPnFp_8k84j5sFYDMfvl4uJkwEMUAQD9noF3SazyL8bbU13hjDJQpTPj4_GtOy2S-sKKrLJZ712QebPTlZ79yiU8JAgis75i5J-aRqe/oZG1mVF6IB4LMuTqXgB-fCuBZxRVSL37-gnS7_VCToY)"
SP-211015,Hydraulic Mobile Crane Operator C33,3,42,"SP Doc Hydraulic Mobile Crane C33 Operator 3 42.pdf (https://v5.airtableusercontent.com/v3/u/48/48/1766800800000/oSj5NlLWYL8NQLg56X9D4Q/IWcNTyMi7uXBFB7IkjCIbdRM1FIRaFIzvvDJOs8asefnllo34ekGUBfa-Blz5vq3BVUenuWhqKlkftTUec1bJNG_-M28qqaO8r6SQI1JwEP0ffvHBGlk-0FHmdDLb6el5wchpnHqAzbo_H1tX1D8ef69xYTw96vqoOupbwpiNhtvMrxZ-vP4KnOjWVG7A-VB/iapuIEYrNNK5HTsOA-9J6p-8pYh6LymI2Kbpdutq51g),SP Curr Hydraulic Mobile Crane C33 Operator 3 42.pdf (https://v5.airtableusercontent.com/v3/u/48/48/1766800800000/ehCbxzOL4A_pazAIMYms7g/Bg3L3U_8tjdAFvOyA-7EYgIP_sNzecYOU6JjCEpeiIOpmWWCQUo8TgghgWXcqQHCedWIvHIB8J6XBEkBC61lIdbzmiYAHZivLkLB_udM8umciUIquVGwWduiOH-zMUxBUz4f1FFY7E5eZqlWC3v2Cn4X5Pgj4htaMYUqxsOZaqAHvTwje9S2YAhfJqD98HEM/rvGJFUBaKCrlzXlH14ndWVdkzrIWMc-8qvmmIIjGip8)"
SP-211016,Hydraulic Mobile Crane Operator C35,3,56,"SP Doc Hydraulic Mobile Crane C35 Operator 3 56.pdf (https://v5.airtableusercontent.com/v3/u/48/48/1766800800000/aFHjY_aPyfGMzd9jeMKFrA/hKPh1sgqsIOcMFz3vUT17IWJ1R5m8n4pIUorzFCA_j6hPwOzuJvDXcoL9sP6YjlFu6n3faN8pBkyYH394g9xv5HOV8G2E1M69CTw9atZyAKiHiz23iE_22h_nHtZvnfcf1-q9FDjFHNIv7MNytcggKmGfc2qvSt_bRnBmmUr9Er_wBdzV3dvuOXhyxuSdbq9/HlG83t07t-vJFg6BhEY_iFaPPsFy9xnNWp5NhJsXT4A),SP Curr Hydraulic Mobile Crane C35 Operator 3 56.pdf (https://v5.airtableusercontent.com/v3/u/48/48/1766800800000/BfcbFGGdjaW5Nd9DoN8RBA/6_GZsCbRzPMnS8i7how7vsdU2R3_yPT9_XwIlrEYKb1VOdA6kvGAHYvo50T0HZFHJaaHvpPl3S6-FoQR-W7rinhZNpeAl43q1dm-zYRyswMvLq4TqMwPNlT7Y-N-R8Y54Ldsdk6lV4gMQQ5IEnoTVJ--nd7dGYvFTKJIKZLbSBhGM0odMdKONQegjue7lEhU/JZhe3y5DRTyHm2tWScMHKs9uCl879G65Ljw5uCuZ6po)"
SP-230201,Hydrogen Fuel Cell System Practitioner,5,39,"SP Doc Hydrogen Fuel Cell System Practitioner 5 39.pdf (https://v5.airtableusercontent.com/v3/u/48/48/1766800800000/OHCcu0UNUCGto-ewvl1yHw/KuukOHg9b8NPOysrUetl4S3n4oirF99XuE8xluLdYPhBut7kpw8ceMWQUE7MTwizU3jIa0omblz9_cX2sa4WihjjLYYr8Ny5C-A8dVs4eC2EceSDm4AkEHr_DxjAMSF_ZVLqDNlfpDHjlRm0CO78nO-66RHS8Cj2c4OBuk_9InjyCrtNumXTl4nQsJ-g3LZN/nExW50RDkQuCVeV6dsgkIbWpKh37a-yHtBirLU5ourw),Curr Doc Hydrogen Fuel Cell System Practitioner 5 39.pdf (https://v5.airtableusercontent.com/v3/u/48/48/1766800800000/8UE6xW7KnVVjhEpQq57xGw/thl9YuC_Ex8ELyDloST7EgJClRp8m9kxe-QmA9pN0E3dqLFNm8Vz4bZGQzetuflwF_UzGEnItWjKfHhL8rAkqn_61_fEZ54pzHX2Qwew6j5iQUy3paFrKCSfhRM6lcKQJz37Z-inFedIpRuyL3EZLU1iiV_29XhUHA0skfgd6qrv4RXsoOgtTXS2Z4SHERMW/CaZ8SCj4mab0JjLQzWYPZlsM40v_pGXa3crwzHuMX4A)"
SP-240202,Intermediate End User Computing,4,20,"SP Doc Intermediate End User Computing  4 20.pdf (https://v5.airtableusercontent.com/v3/u/48/48/1766800800000/HbgGQfV0ZFH_IoYh-M5EFA/wF8zCgX5yiL2FCL9QIH0EMLYp2XukKu6SFafUB9r6lOVvdm-1_3HomrCRnA1bmvDr6YBs_Oo5xVl5551gARqRWb_FPYC5fBjOOIaACS4wmurL42mSOTgd6Tef4qYRtXuu7cLk4a8pAVewflNoVD4cPc2zLM47MuI_ucFGnTbdTXruYbO7X8lVLC6gagqXTip/DV710a8oIId2LPRoZ3WfrSKqh4w7KLb0DdItLNkDxWs),SP Curr Intermediate End User Computing 4 20.pdf (https://v5.airtableusercontent.com/v3/u/48/48/1766800800000/YwFDAejuN3qJVsy6SNRswg/ZtHhhANMdouiVohQ0rscaEV94jUCi-J_fjx_6FI_AR7z33AVemIVzOItP-tVya-_KoRM8Catx_o7RQMOQORJt_N9XyiCvcf8oqDGLSj79G-QG6rgaUXTRA5DSWuse9_qPHDqZMdnNh_E_PhfH7kvbu9Pgu19s_6VbilQoIMN5nLLijkq1GEPBdHw5oC0CH22/G1tUzT4_NT1f6cFiYvhg2dL97m_UTSM1JKBIaa9j188)"
SP-250816,Intermediate Occupational Health and Safety (OHS) Representative (High Risk Work Area),4,6,"SP Doc Intermediate OHS Representative (High Risk Work Area) 4 6.pdf (https://v5.airtableusercontent.com/v3/u/48/48/1766800800000/cnTZZvAhZVXeKGCJwhcEJQ/bzTlabcbIvPT8hpwtdBcNLLprSAAB1cttFzLIBD5cwD6gchb83syvMhCo7TcWTQ0NW1CdEYdEiztZZX3Ju0vLAKFWLFBN0J8d5zM13i9tYSX4H4StB341pY1IPtbwItPzTViI7lgPclt4EgiP68Tx1_g8J2KU-io4T4K5NvUmPeYAXrm78Q3-9mVhAWzXeYHCsfwRDIylpexsY8Yv-qCvw/WbvKim9MmVpj8-BEBGgnpxCMlUD0VbSWi3qlICi7iWs),SP Curr Intermediate OHS Representative (High Risk Work Area) 4 6.pdf (https://v5.airtableusercontent.com/v3/u/48/48/1766800800000/cVaZAzAghIub9D_LJgDf5w/XNJB9Q2MrIRO_be1PjR2GyY8lgxvzMnROw-E4_oUjt2le6kUFIcDjqthfKrTBjZQ62XyRIbWxSekxWBuGXkLTOfGqHDy8_vnIaJJmHy28A-jeuxCyBzvM2d_HPxeST8Ge1MSxa_8fhzrla5j2mDfGKfzVtR3rUO1Ak0abnPJIMzNipteRjvagYgFfTaf3ckTTEbqP7SWZw4VWpKlTjOWag/GFhyLK_GXCmz27JHpaV8i4fgdoUML5kePiJOgx4pRGU)"
SP-250308,Intermediate Photographic Image Creator ,4,60,"SP Doc Intermediate Photographic Image Creator 4 60.pdf (https://v5.airtableusercontent.com/v3/u/48/48/1766800800000/9k81VhkKDut6jwDSsgjymg/6dsbX13Pd7U5lEv5JynSGSVlbFIsQxJk8HsHgy85fDFNPmg2WBSrvDAQRb4jipQr3wSEXZ9uNpiTFJql7d2UFOeRz6kHAA8-9PBofm7Ux3mfR09bnkpQWeUYo7A-c9u2qGjLkZexLxmpGfuAmaFFsVDNtLU_UMGVW86zJfp5mfjh8bg3ddqv-owZ7ovXW69ohDgsUZOaljy-ml9JBqOI6Q/lEWD4jJ2zFNTbJTc5r9J8bRnjjEqyHmM0fXDs6eZVhM),SP Curr Intermediate Photographic Image Creator 4 60.pdf (https://v5.airtableusercontent.com/v3/u/48/48/1766800800000/7nFw5a9yjxcdGMECoCHfdQ/PhSxwIxNkqcO7ZUxjqFs2vvSa6p_d9b7iENIDrOkR-bLVpFd66BplZJ1ffXFzgWQokIucgV2nW7cAuTAjJNBF9B3FOBxatafs5j43ijxTx1nOBmU0-ok7QtrRSeIZ7uKrMPgMH-B_U9QoOgn-SISbXEn91ZyTLZg8EVwaiRY2c-XrAZvhXreyOgR7lD9GVEjfdb2ZnJBAsBlxpT9FeIeZw/Jwj-bhT9XrzSVEAhlE9mfyXHWJDjRIkIoR8gDO85ySA)"
SP-220329,Java Programmer,4,53,"SP Doc Java Programmer 4 53.pdf (https://v5.airtableusercontent.com/v3/u/48/48/1766800800000/Y36Z2tdZHd92z1I3vaO1Pw/K5EmeHzNVgqCTWJQKuVTxFlidVDU4A5CZweu9r2tH6yug2bHUtNe66C1TJACe-XxxnxHAGX2jCo4NWx8UE0jghrqE7mN2jQ1jZIiIRysNQ1Zi71En-F_bOkOo8ki1Pq9T-MnfhnHnKmiZ4z4HD3DsbWrCK79ufOqEN0SbieLjHk/hZbeMqXPxgqxxG7HEtGh5xdk9E9ptMDr_SJe5oDKMqs),SP Curr Java Programmer 4 53.pdf (https://v5.airtableusercontent.com/v3/u/48/48/1766800800000/iM9TGOKqPfYaWbLBWg4Epg/fM-PxRh8ehT8bEbXNI_UKsnNXS6YADKgh0YyHc3p2mBUGgvRhjI850NOdcDCLdb-wGbG11nsM4bORV-VeI2ZwYXkOBn2aOMILb1yYW6TMsGxAH1JHgIVNQB_1zpcvHWWRCM2cWQHZFRn1U8Waj_xXI55Pv_gKiSwbuwP3jtZ1F8/72K_ovh1z4_yF3vkOe5ovcq-z6sfdMXQyZr3YtKcE0A)"
SP-220373,JavaScript Programmer,4,60,"SP Doc JavaScript Skills Programme 4 60.pdf (https://v5.airtableusercontent.com/v3/u/48/48/1766800800000/psQ7cqpoJfP4y_LsoVpGsA/L8Z3_RpvzSyQngefbROXTXC5SE6c7GhCdUtCYZBhAkf3uR4t1dJ0Ddxx5yEsc0mWTS3EiToZg0fwYkI18wPXECtoEFNpu6-GJt_Pb8HEmKkXuvxzk7Ok5jQFVxsemMH6OOyC6OyPN26bGJMhLFFMg5OYjDKCZRUpkdIxXRQyPCPU06ScFhyU502PAQgDn2or/4QSzFygO1fFOFinnh6dwRxsYqzz4FKJ0aqvmtH9mr04),SP Curr JavaScript Programmer 4 60.pdf (https://v5.airtableusercontent.com/v3/u/48/48/1766800800000/pKAaaAniEuH1r0gnIaCpDQ/IZv4F-rBxSR_nJ3MQMwMoT0NjV8npRBkhXd74BJM0diPn5OGWzd1FAUml0EsJQ63r16RNSqVEHzNju4dU5w_td1zRNBkuL7Ntd9FmNHwPjB-xTY-bFaDQEBAYpMYYuQARH8qq15lns55RlX0bumgXOmeb_s4tPUBnsZgEcP_itE/I9Xrx_WP0TMgCAaLxilVteMvpU_7MdC9hYACRPY30fQ)"
SP-250205,Landscape & Ornamental Horticulture Supervisor,3,38,"SP Doc Landscape & Ornamental Horticulture Sup 3 38.pdf (https://v5.airtableusercontent.com/v3/u/48/48/1766800800000/dD17SnseF62XTHTAXUjizw/f8TMpndScdwuS13-q8lHjc2ANBK15AWznEvouhkDtw_zcK7Q-48Bg0F8KIpnLpmdo8Vf4h26AyENfZwAoCvzWjVJsLLzgtkkbij4RZ2UO0BxjrbfDKOk807bMwZllHwezilAeA8zdKeUU_z4fwjYlhp3_C9DEuwChvtYeF8n-010GchKNCfKO3iBKWnPT_5XeGE7w6eOd6kIe6xyNPvtLA/EBKzgf4awy0AFgRd9HhLxf36jOSpnZ_TkIcapxAcmyQ),SP Curr Landscape and Ornamental Horticulture Sup 3 38.pdf (https://v5.airtableusercontent.com/v3/u/48/48/1766800800000/sTiUsXMyouipEYR5Eh71DQ/WF37QcPcNaTW3aNcYc6gnNOI6j8C2E6ws41Yl2n19q-ueN4OWQiMT-ftE5qnqgbve6kRPBoHZzooReSwbKTaaUYs9DZaQsjEChcRqwTGtLtVns0-4FbNqanZXL8fThwz9HK3Fyl_VSTBoD2MxuGjGo7bxOVP6cLhiHyuQ690ifX5BsRhTUBOK0KEWRixGcEqBYvNNbFX97KDxZ54yMZAEA/lXtM3DS7VIZXvT6TUyiTwthIpVa5TfEt6oq99ndH0MI)"
SP-250307,Ornamental Horticultural Production Nursery Technical Supervisor,3,31,"SP Doc Landscape & Ornamental Horticulture Sup 3 38.pdf (https://v5.airtableusercontent.com/v3/u/48/48/1766800800000/j9cs_lxJicz61AvGTJLzzQ/3FrjyyXZoSstSSzz5qoH5m5qS4ZTAHT_-_HKJKzHv9BXKMYO5HK-ZWE8JiPCxrNqEMqRDEQftJGj6p2V5je7D2V_oHP0LDlDcgvg0Se4FFO42qRA8-E3UogbYEGVPmOPRE8PYuZapr4fJ2_Ebt5YR_jphG4ewqiWfH8Jp_uTkWK12G3LGaY-p3r3sU2pBUICb_I8-zI6ldRff2Jv4auCkw/zUpdHyI2Q2ySNW__E-LzMD9dQvhM9I30m8T8keICwJ8),SP Curr Ornamental Horticultural Prod Nursery Tech Sup 3 31.pdf (https://v5.airtableusercontent.com/v3/u/48/48/1766800800000/6LmljGA75fKgu4_6EBNBXQ/1gd-1nvuPvPI_diQ5H1_mte7kc9s-f-IdD0dmHJjwvS1FXl7kFIgBf2m3T1Ioez8x-WxBOCOv33Ekus_uPtQC51IwxkbRe-DBfgmvTM0SbjVrWPX0OyvdgymMHmt-sjqUyx5HMtGJ7hTeevDdb-hpAtFCqWA4_SW-s9MTuRqIMEnBjA8sETSdsg_75Ax20J1V7ksivmJMZSWODHZ9oCmTw/munyY9z8zvCcVw--XExQWQ6dD0cW3QQNtBSlaKSs8ro),SP Doc Ornamental Horticultural Production Nursery Technical Sup 3 31 1.2.pdf (https://v5.airtableusercontent.com/v3/u/48/48/1766800800000/7znZ4GrjUqHcC8O2bbuMfQ/SK-X5HKU_78wZ5lOvjdLsJJCltfnfsQw-7tsjPiZZO_vZnFRogs4lnGXtwlx2jnntn7LEEGnE407HRGV0J-hK0iz8aegBs63NCGFzeNfYffrWY-MbluFOHi_1rQZlPzHbBZmWf_48nT4kH103fN4loxOXUaY2MWxfL763O-BNuaV4boMvfIbGub7dDu1YcMXGHNKrhUFdzW5bmoUU3JoLphqiGKArdf4DKE9ySvJeFE/ykWYpTwybY3TDlInQSQtiILKFlCkjeqhUITu75uhyLk),SP Curr Ornamental Horticultural Production Nursery Technical Sup 3 31 1.2.pdf (https://v5.airtableusercontent.com/v3/u/48/48/1766800800000/peN9NVpTkvGv3p_og4d_1A/QGsAyV-VKWPCsLOgksBYpwcxu1iL83DvGkN8i7p1_qizcAzzpTmglGhXDE3ecdptzwa-mN9jWUMvoe7mauz4Ymop8k4g6exC3ceq8n_PUGB6-atRPbNjNItHbzIhDrzHFIBolhCS4yXwkmjBns5_LWkdULgHel_8nxJGp5nAwphTBn7dtBpOSkQq5pWLqmIHn_ugetUSP4JwbnqvHt5hc8WzlXoFApLp4ziDtfGU0FU/rvJRaeVAUggn56o5mM6lqNdYWqqlADoTvuao3AXa3DE)"
SP-211018,Lattice Boom Mobile Crawler Crane Operator C38,3,42,"SP Doc Lattice Boom Crawler Crane C 38 Operator 3 42.pdf (https://v5.airtableusercontent.com/v3/u/48/48/1766800800000/dQngySDSzn71E2i2TMgTJw/sCdJLsLdju7nG6fwShHcme7cxATnNliV7w92Sci5U3dN58UdqWxPI93TnZJ4c9ajJ2JfwMrS30tBUsVSWsxvWJdP3Ez-2pZXLR3JWg2J7XOA6piRV8EegXMLoCK-453LloJLibqB-MjRVpxlYP02DHs54RcUZ9ncX03drEFSyQno1Rb7_Bnw75DClC42z3i6/qXKFSDUgcI1hHjsrh6yS5QLXPuQMUB9smJLZr7ObHVg),SPCurr Lattice Boom Mobile Crawler Crane C38 Operator 3 42.pdf (https://v5.airtableusercontent.com/v3/u/48/48/1766800800000/grE2nUdGTboKW26qFYHTKw/vfuia6fipV-qOrhyrLKXdheDLLHaVJLIN9L1exiR2Tx-57avJR2xh8pD4UOphDiI7lTcxoj8_qVdRFZ6wAkUNifWWqRbBr0vMHljEkz1Npi3bfRojsy6NI-m-sa7ImNkmHuqoet-jkAMd5rbkBWpP6ShC_d1Ufdc6IcPEF84JZd9-gcovytrhV0Sun0_r67Ur3_NPNm__OkchlcHlqs_NA/Iuw315grgBBSwepn7CEAK9I_uwKGuSiF5ytYkFi_Uy4)"
SP-211019,Lattice Boom Mobile Crawler Crane Operator C40,3,56,"SP Doc Lattice Boom Mobile Crawler Crane C40 Operator 3 56.pdf (https://v5.airtableusercontent.com/v3/u/48/48/1766800800000/HB4IoaZdybdoKCdW011kcw/pOpyVVKzF_B1OgGlL0X83ebmHqg-n6jvBHrt4923FEr0rSx993ivxvkDRpuS81ilXPNYpzqcpEIWPIIR1w1JGI9e5m5ksv1hefrVNtlXUTasMlnxC8Dw7EuK57ECGaUMTI8TxRddurPwpnPtYBl6ow4U1zDBlZ144Q3C99o0YV3j2i09TSmrJkASmyCjnQud/rLDmap4MAZ-snD71ci2wQLXPP4_PQa9MnhXaqV2pnz8),SP Curr Lattice Boom Mobile Crawler Crane C40 Operator 3 56.pdf (https://v5.airtableusercontent.com/v3/u/48/48/1766800800000/MQUBUGalBdI3z4MO8noeSQ/iKy89lVMGzjQCTYaY_6TjSpx1rp_aOr_cXU0dzZaQalwsAyOP_9P8uWVkfb_OxXE1_iimpq8aCdYnC1AIKpc8iIrdq6mdKZUbEFO929puZOitLUD6vOZXYfBgmfmWoAXvBxYLUDUCDuCdSFP_SMCYytW9TdZ4Zt5V2pAMZRaMM_Nj6v4IDm2YVuNVoHXMbwNezIfhtdRLUvwBTVC0-lwvQ/mrsUfpK3FaDvp1kOfGrPqMeNr2ZFJRZR0Vtota1G4jc)"
SP-211020,Lattice Boom Mobile Truck Crane Operator C37,3,56,"SP Doc Lattice Boom Mobile Truck Crane C37 Operator 3 42.pdf (https://v5.airtableusercontent.com/v3/u/48/48/1766800800000/JExUQFNmYcq_tlM3af--Tw/xq6aMQUB5kq2vf-kF9jpvBDgXCOCFUWThFwVedP-MUiZd16RZh-ZPiolsNg1W_vSkin0FQ7Oqg_7dg4rliVD6DMjaDJtCIFkfw-AeIS7SRnIi3hwn7wHgB_eE6Ho6ed7vm79arTcBT9bBMA538b72dABMND4xHH14o1aKfAOfi1ydL9Oy4KXAT9TNAQD_Ib1/-7pI9dC7d10FVMntu4VEBnQdUxvxLMUpL42p4W1AXi0),SP Curr Lattice Boom Mobile Truck Crane C37 Operator 3 42.pdf (https://v5.airtableusercontent.com/v3/u/48/48/1766800800000/ZfAUbtca5OgFzlJUJPyawg/g6Bvarft95hw4st-b5UoSZB-_k9n44Do8Po1H8nBhwOLxdvH9LRKIM9Kt1Y46UITBH2uadXLG31rEust0B8CvNkU67EEiPRHsyV1VgYMXyVVECkh3U421amQUT7eXNwqE88tkMaO_jhrN_kDIFkqGwFrb8SDcLRMoZSH41qALjqwdXnrKceLGjbGdjbo8615/U10-V87t62sCH9wPZlZsf2VyjbQn-DihI3PPqethvHk)"
SP-211007,Learning Support Facilitator,5,20,"SP Doc Learning Support Facilitator 5 20.pdf (https://v5.airtableusercontent.com/v3/u/48/48/1766800800000/dgYrPmzZeA8a_L9J_StJLA/QBqlLJn1E7RjkmoDj8U7QaidPCfKgJ8GGRXM-ifGkh2fdvegKMY_TTKmozPBZx78lUjqAoLuXDhFUMLxF8_Tc4k3eD5A-JsijrczBM6Bb6u1-S9oHO5AftMX0NBfUNTzfXRoIGwtTBPc7r_tRZK_V2i3vAo8WAg4Xw_sJ0A6Fn1q5WMhGv_U7w1WskyNty0r/LxWgmDV2Bk6T4XWbFpP7PbAwWxW9bGSAstX0I5Xq9rE),SP Curr Learning Support Facilitator 5 20.pdf (https://v5.airtableusercontent.com/v3/u/48/48/1766800800000/krUB9oWuiOn0nqkoREXgHg/nMqPRzZruzsBkO1ae-PhFJtLW629JRuvZgST6_rBnagnGgNqdm8pmU-JqFwZYzKU4jX9OBSEi3tzGbV_YXs-bEFyG4GM-_K_f-ExoIhIZUjSwp5ZmrtJY6FxAZain96RCU7pMYP_KhopnfjEEP6ijzcpPBQKFcNfgU-K2WxGs1lJlQ0zI9MQDungoOW44F7H/xBqJHQ7ymCb10cb9tXuxNecEL669BJoUJi32gTXyem0)"
﻿﻿SP-220324,Magazine Master,5,31,"SP Doc Magazine Master 5 31 final 251022.pdf (https://v5.airtableusercontent.com/v3/u/48/48/1766800800000/r8rghbICYYNVnb_b6RxT7g/7e1ZPSSund-3GGR0dl3huXcXy4wBBGBw0E8Lc92LooywxLsP2qQAs9dfuEMGOSfGGKap-kdbOJJWnG3Y_8QEm89uWOcYSamOznvfT-7SBHNILHbqYe20ssGhXqu5qkz8x746njyP3YnTtgFhSskn0dQglm81P0mugGPeQck_9UUhf-LY7gxwgdO3okozSs7V/Df0H-Cct_zLRHnnjeGqmv6nxB74L2razLFLLfCX8JuY),SP Curriculum Document Magazine Master 5 31 final 251022.pdf (https://v5.airtableusercontent.com/v3/u/48/48/1766800800000/EDR0m3KfL0GWHBB2in2f7w/hfpyS8b2V7ivG-2Sc3A4WozZtRXzz-u73REdGIyaQTM3KYmHD85nstuL-2FVEt-eovKqxE9LjJeB5iaWeE342oHW9jiy7p4P6GXiHsKgXRUHKwUeDNEqALjKbl2CP56uhlvZQu_y-jUALfNdj-iHW_ydGns8H46lhaJcVsBzzH8T30pDqQxz5HBpp_4RXC0T/APpAjE2SQj0XMHFwJYXosiV_btD9PsiyVN1Tdyp-a0o)"
SP-240209,Major Domestic Appliance Repairer,3,57,"SP Doc Major Domestic Appliance Repairer 3 57.pdf (https://v5.airtableusercontent.com/v3/u/48/48/1766800800000/N5AvG_YVdqsWgU9VCzyeIg/iVneJ0WN_ewGi2qiP7zsPEJExzQh5LyDd349tQY3jQEnJfKG9LxbNSW9JgkrxmLX_N2iuib0giY5HRZlnWvolhoZaIKMEuAajT1GjQlybwXQmCy8pTn8fDtAMUlpJELdMso15dY_EhKV5uzbUGWT7pbPW3DVqPb8on-aUQo1JkT3O2t6cFyfVrT6qEioIq6ojYxHYLcItUFro1KpHz181Q/bfKAn4n7KcPPQlGCVINxcxPjsLJejFAItRmC_GaeZK0),SP Curr - Major Domestic Appliance Repairer 3 57.pdf (https://v5.airtableusercontent.com/v3/u/48/48/1766800800000/440Z1PsL_WLOPMEpbuuL2Q/aZOtE-m7jzer-eoJWqH4ESO7dGGyZsRsrALmU6GybYudMCnH60GCQcGe4RYGJ8LZPxlK7fPQv6A8gaSxBFXkVWm1QTr3CpQtu_Z594BeHkYuivWguvFJd51H271dy_sqqToi6eslc3oVqtKQhlt5jViy_b2rsA4tM-iBTMSDr9juqYmfL98t4I5n4pxZbS-sQJD0zI_zCqvVyQkJSEegVg/BiO1FoT83m19CicLZWZiyciI5-wsr0EPezXaQntHJJA)"
SP-250708,Managing workplace discipline,5,43,"SP Doc Managing Workplace Discipline 5 43.pdf (https://v5.airtableusercontent.com/v3/u/48/48/1766800800000/tnkMJJG-BEkQI3eSoRLzaw/HxJEfRCA3rGYrnB8nNpISiref58ynMvozAYNUgJPYMz0M98aN06PMoH8BDty-TKIbFaW3jHPWYpgl26qna3eUwfm-FqTDZGVlwTyeisX2-EGKNxO_neLIEGq0fX8I_qu5L8TdAnbr0xaYHXVgYJEfmcoCwzEU9_aTh0gyzCcjWacivXe7kAgv6ToXCr9QMhB/ctUkaRcaUwKqq4WUDzDGGhfNcIbma7Q76-Ae_8z77jY),SP Curr Managing Workplace Discipline 5 43.pdf (https://v5.airtableusercontent.com/v3/u/48/48/1766800800000/DOMXggnieT3WlUtXZhAg9Q/j0ueYQkgM5tKr8mAY_qVkycQRg23XwhlTdfkwTu7ZPdeQyi3P5eWgS56T8lIjBv3QZAC-Om6HWIpzq76bQdKM7lvrq261l4tossROKejmbVURziP8CfbbFa1xGvEOLp_iDftsOEaDMtd28opOeZGXltoFq_7PwmJBE18LbnkpO4tGbHQan37bRQgfpHt2Fxt/Kip1vD233pcs42E_S2l1Cnl2I0KMGqwm_3cb3_Om0X4)"
SP-250124,Micro-Biogas Digester Constructor,4,50,"SP Doc Micro-Biogas Digester Constructor  4 50.pdf (https://v5.airtableusercontent.com/v3/u/48/48/1766800800000/f-WAAxdZ5VJwUfav2LNc2w/2kzjNDB_HcQp8O3mouoXIk2fvbUyT4Jbr3QB5-q4JO1Ng9EBZcLLf32MVYyt8BBZ-Wtp2OgDKPvJStDssUVzWjDMhDNy2NFCuvsMQ6RRg5KO2LWKClqCUWeURVtBJRXjU-3huNr1gWr_FuXV4B2K6u4ISkaDKZempCZ_28u7ZYMGyeV8OYR9C3pBzEcxfD3LjD26GTMsjYOoOG9yaoRn3Q/mlO69JBmHteichyov7QNk-silDrbHAy2nWgLCezT7eE),SP Curr Micro-Biogas Digester Constructor 4 50.pdf (https://v5.airtableusercontent.com/v3/u/48/48/1766800800000/rdT_bek0iZwWpwrc9KvHOw/4gZSqA75B7gPdIMOVx208XNwQMbCQdkl_YNOzflbNx0J20g4igoFUU0iDrPTSVsDohz9-i13RJ0F3wVeyPdPpik1nsIoKsxmkukVHra1bb386AiQdfZp_alfvG9uLnv8i2Ck0mbuVb96l_f5r5b_lkfeJzJzZDKagxYxehQ-aPTHSxIAKwK3m5XY7o6LcTKVo9DzMyl4kXrQZuD6Sk95FQ/VpqMSHVBgiV47j3ZwENvYE9EZOeDhv_ANRH8dfGSBm4)"
SP-250209,Microgrid Systems Management,6,60,"SP Doc Microgrid Systems Management 6 60.pdf (https://v5.airtableusercontent.com/v3/u/48/48/1766800800000/YfXQ79PqaxJnIH8dyys8dg/tqQYQp7LgKdgRb8hXFRo9yk_iIlEzk6robvnT9rFhp9-JiVdA3rOrd2_Z3SgD03BxvOgaX8u49xvm-k07ahIqwAuObSkNN7HmuFXQ1Iakki9kxwLJxies9ufqGrxpmYrbLt2hBZ7oGgCwXX0ChJTJ3_uEthodU8CX5AmKFgkRoX3BBSwB12v8yRbzlByG5NY/z40TXm-gwU8ljSKpaw15H5lpJriiTqXwVExNfswNgZ8),SP Curr Microgrid Systems Management 6 60.pdf (https://v5.airtableusercontent.com/v3/u/48/48/1766800800000/wQlK2onuyRpiMQnQGM0bKA/X2vpznmEJBLSzm9iib-YstgC2KfJe8D6TrGyXmzPUJw_w64NWn43BHBUp2PU_jwXMzFAOSlsX_GOWf9MZvJZ5-RqftPpd6XHsucdeXlnUkbYTc99q9KAgf-2Q8DPuGpnNoPCrRHkVjsaiUQdqnFpAkXXcMXSbm0tMzk9IsXCDnpxxP4cbdvBXQsaV_7yCwCi/TsMvWSwZ8AKAFzj1d3bEzchtCF081BPhBBdgkyACElY)"
SP-230327,Mine Gas Tester - Underground Hardrock Operations,2,28,"SP Doc Mine Gas Tester 2 28.pdf (https://v5.airtableusercontent.com/v3/u/48/48/1766800800000/XhvlU5sREA5k3xUqetYziQ/_5lUd2MuRsEFllj70vKLNYLC6VYzqUg14SMYm2Qcz2rkeP_bZ0_Lpa8w7tnmRhUUQGHo_7i2ua5ouV5evQjR3Rwdn8To3vnczjbjBjgmcI6juNd72UcD3qBM-wcM2JyLHicUQA2yum1tUn4CxXNc6onpYjw2KSdntuAJAgokMwM/efgF5AfQm7oCX0dRi7GcnwTK3kwzyJz-UyvnlQalF-U),SP Curr Mine Gas Tester 2 28.pdf (https://v5.airtableusercontent.com/v3/u/48/48/1766800800000/4mHQXTMiYNQAjpzlLfP3RA/0ztQ5vhxE1t3UdlMY6KxACbgsnCP1ChKAQbL7QxD5reh9icpRGvtHSUP_3wW1zseCg55Olxy31_o1-gGMzZ1PALDpQkU5LXWrDc5YKPMiLlEidJBrXdZZn2-XJzYnq9jjmRaMdUDfsGy4X2IRoNoD4aVOH6DdJ5dOJLulg_BYDfAFXmK5wiw8INSmz44ai6P/X-5LEfcyXFyxM5PEwfIpP8CbOI02ILO_VdFkwqI4_p8)"
SP-230329,Mine Gas Tester - Surface Mining Operations,2,28,"SP Doc Mine Gas Tester 2 28.pdf (https://v5.airtableusercontent.com/v3/u/48/48/1766800800000/5RCCbjwyCxLqCfJBNVQzdw/QlGpwiHK_uCXKjpCb3jbjMR4lrSTbFealVbSvDV4QTAqFITUDtITIldDm2oc6N9Tsfzp3Zdz02YRyadNE_2X0LfjNikqCH3CktyaKun9KEJX41iWm5Sd8ZYvORwCM11CQyhwUxGrT1-LFWJRNJJJm7OhlSz_Qim8s54dWXXZR2E/67pkXaoQ--nxQKzz8Z_UqUfPhmFfbV9hAfJFETj0G8o),SP Curr Mine Gas Tester 2 28.pdf (https://v5.airtableusercontent.com/v3/u/48/48/1766800800000/xwKHvxPbKfdYU1oFVj9DsQ/rMlR4QpqMdfDZya3nf4u6ulvxTJuWRTnJSo22djLojo3jhb0_9l8z3d-ivZKh2m-Ep11vIO-6JY55J9ij4y8rtGosnEYKOfKVZ0121BcmzewwvUoosjbeJ1riiKkqsmUcLsBzkLtDrMWe6EOjSoeMQQkaLDBg_4aPQD93_HJZZCnohH5dEP1YriCpN5cQBrj/jMYni80EdHirUuV7-b4ldgWGb-8Ep9EKf53372NZd3k)"
SP-230328,Mine Gas Tester - Underground coal operations,2,28,"SP Doc Mine Gas Tester 2 28.pdf (https://v5.airtableusercontent.com/v3/u/48/48/1766800800000/ap4di4iHuKgSyPv7qdLHfw/J8zKaJxeHq11g2bj3W2Ru5xFcjGf8-qCxTkziHYcpWvcv0HsDPqfJq3o6fqa574ahqOZKnlqNQPxyXJyfMlCivcLOBGexExT2jWMELvOXvaIcLH4-h0tHGb6NYyFyWXWu-Af1_wuBmdeBGRbuhbCR11VuSpGUBPYDGe4BWjEZSI/O-pNvWxdG-a-KXEtzXKgi2LugDb6obsQtHchvbokshM),SP Curr Mine Gas Tester 2 28.pdf (https://v5.airtableusercontent.com/v3/u/48/48/1766800800000/59arWPkKLixjQfgoE-5o8A/4C8mVeC718wNpOHwXvS3jwxN_ipqa3DiNDU24Trt-TNol52kav7k-lun1-qF7aEZ49tBzMiKvqMVZsF2JAuW3J21OcgD_zGRZeRwPsydEGaIUQTUAovj9rP8J30Y8OCVp5kH0twwvKiaiL26tKor-qjvd3HQR09YI_xExuSpKtZEqy4xVb5mey0uhw04zHTR/_6HmEcqQf5pFRRtTd1qiclCBUVUpe6POXYTgh5MKHX8)"
SP-240503,Mine Occupational Health and Safety Representative,2,16,"SP Doc Mine Occupational Health and Safety Representative 2 16final.pdf (https://v5.airtableusercontent.com/v3/u/48/48/1766800800000/zEdjoW1T34EpmpqRAmD6-g/fNlRqOUSgv5h44uzpv8FkQ5nymeC9pLLA3Fiq-obCq3brsF7Z8wUWLEZduVBTeRYjZ9qTZITAzg2r7IkaCJ4ogsqPYmru4yTRdRGozBAsTnQLFogRoLohcE67nKdKaSYIeJCkl-_DH0t8zmoEBmOtnSsKW40kZzYoTwENSD6lQD0RwKUUeM0gjgf6tki4JqH9TPTrbpB6_629Cr5feh_FeR-_CLI4niGLUVieM5XQTM/8_bw-X5iNgvz8JSG1PwOruwKUcD4e8D6QsGJ50Y9wgo),SP Curr Mine Occupational Health and Safety Representative 2 16.pdf (https://v5.airtableusercontent.com/v3/u/48/48/1766800800000/jr1LnD8yxZfFVf_DIYyuwA/2Kktdk9keKmsVwaXqIHloY-U89mp1Io57x-IgjAgxCJJW3utE2tvk1dyb3E4xe-I4YYsFOYXwwUYqQhtaFJArxILbmLkUG4G7P9B6vKZD0Y_hHQ1TkcI3yl80c4TpynmTIcW3Ty_Qu2tkvuH2gwudPbc29Flc4adBsfSMhZdnPNO1DUUG2jwYvMev4ipIs9LRYdI-SJ_T1cCaw4SfGUR5F-KgHPe80xUE4mCBSWEZAs/e1jZIBWLo_CY8a4hEYkbe0n7BQLUP3huRRZSbTbEf4I)"
SP-250106,Mine Technical Support Services Assistant: Geological Operations,2,56,"SP Doc Mine Tech. Support Services Ass. Geological Ops 2 56.pdf (https://v5.airtableusercontent.com/v3/u/48/48/1766800800000/5JdB-TYnIbhxk8yz8Z_Pyw/eZRen-y8Nvv-DhkIWE6KEL-B3vvBAAYCCoyRUWbQm05ybSsgpnBuvHs6gwAtcTfd4ZoP2QhJBBNPs3HHMWccIriIQm2wOrBjv7JTqafOe7qvw_Qo2C14H2u6egqfY1MOg39xA-3K-SmraadXcieJ30zOLS8pquhIaAdBV0tFWxFNMHU5O6bzBeMLSXgDuIZD6NaS6rL1cL1_U1ZD_NqtsA/zJIf7qcubFmf6CvkPU4GtOFpfKS6SXPMtWFeOrSqdeo),SP Curr Mine Tech. Support Services Ass. Geological Ops 2 56.pdf (https://v5.airtableusercontent.com/v3/u/48/48/1766800800000/Soa65tEYPIXy_MjtFDB4Og/Lv7Z8-gV_me2Dnw5xWL_HIsLadXJkhLvJd42xb-ggt71nGnZ5GDxpD6l5ORoxe3NY9VN2U7kk8NNEH9D2g4tThzauhvhZzUisdURgzLt1KMZcwfu9_zZutuSUg-Q16UTSZaFugN-DQSLhHfblG4HmHic3_Pxn-muQlLWVj6YsL-XgjHa6R0Wx6UMxjFNETmGG_SHgiDbcGwwdTyeiwHNYA/qlIokG-S_VYh0iYpMBx12k0yMhsPz1GxsINJJrcQIDI)"
SP-250104,Mine Technical Support Services Assistant: Sampling Operations,2,56,"SP Doc Mine Tech. Support Services Ass. Sampling Ops 2 56.pdf (https://v5.airtableusercontent.com/v3/u/48/48/1766800800000/CEmov2pUCS_ZCiwuGl-2zg/xX2DuhuBIhbwzsj337bEcyXnW0ty82qDr9cTw1o7NDAiHxPS01ndbpoua9B7mvWy738z1Di1OI5cF5O8NGf8xtcUgHEUKFdiTln35QUjG4Yo8WnOwzuUUooNr_r3dhjF3slfNqyDm3_uNpb05F1O4WvGEY6uihHbI-jGmK2FOvI-O3AS-0vtf4MqqXr7TmtY0m7cYrDm1m2--eJoMjCgAw/gi9vWx-ujdPQxZ82iOHXoXNs79PXnahPEpdBrIg_-FQ),SP Curr Mine Tech. Support Services Ass. Sampling Ops. 2 56.pdf (https://v5.airtableusercontent.com/v3/u/48/48/1766800800000/Hy0Ph5oZaZA8WjenJU1ZkQ/RRHnEdS9sIlwPFBQF1jJuGcjyMLLsyEcQ3IosqPbKfZm7DLDU4jmjnG95BJz3_YPWvRiNEpi0EuKKXDQuFYbs7If63aJKuFidd_WwyY_O1JW5uog7n9Nf2Ih8VAh7-S_ZgBUG-K3AJ-xzTiols4KgbMFqL27MLZtepa1LHM0CCu2-87I3yg8J2wvk183oiTUy1PQcjKzmSpFoCr5QeMNpQ/yfd9nFYZtKhwIm8p_GtFb4ImgunbWDQjW3fxI7KuNwM)"
SP-230371,Mines Rescue Services Worker,4,24,"SP Doc Mines Rescue Services Worker 4 24.pdf (https://v5.airtableusercontent.com/v3/u/48/48/1766800800000/46t-GLwz_wXpZ0Gnni89uQ/_6BuzIAD63PNDyl7DdGf_qQUH8jyFIg5PWKExFUCeuk9uE6XpYMOI3AjM_gjVBvtsQiru2DBQxNuNyOGxT6oGt71yZu7PbvAwE3oyNnnCxnrUZCMEKA6U7lYteVD508XDrMiEMGGwGQvScO3Aim5ZjHkI0O9IOBaTaag3sPl1EhfNU76tItTtzJWF5kqYjSx/PPSkLyW3MTcGjX67nA4vofgI_RBvHI1VVjxTRd9aHrI),SP Curr Mines Rescue Services Worker 4 24.pdf (https://v5.airtableusercontent.com/v3/u/48/48/1766800800000/IfKLhRvgtOFqBwgvfl1dmg/pd6Pjv3q1gOZ_UP6NDWPKbncCqrc1ukVmqqEVfVzWJaDlgh_jS6qy60gNvhv-8A8yHEzRC_Et0P7v4_bWWxKRE-yo-RT5NAEO-uAs_lz71GIcN4ZN882I9KInI2v3on6TO6yzSOkcKB8tm8hS26I2yfeEn8Ekv75AyZG6GjxCYsnvw_gGSGKlzt8Znm7hSIV/w3_i_R1lvxdE97pW9gWT6MCIz72QsIzcH_1tmfkGs2s)"
"
  SP-230343
  ",Mining Firefighter - Surface Mining Operations,2,24,"SP Doc Mines Rescue Services Worker 4 24.pdf (https://v5.airtableusercontent.com/v3/u/48/48/1766800800000/NkdTvNCmmFYz9ELDpOJEUg/TEZRsfD00X20V_Z2iiwlsl5DuxV8muY96gI-PDJtEQnCi9ColvPwQOxYhVsb-UBXB_G8t1E0ig0UCaZHTp3kKyyqjNtdPJsNlQ3G6dtpCUFS7Szk95PmyqwC0MbqLtBakwo-DIGzp2ioCxOKBOwvpP8ZCQWSMZWvfKRK-4Dzj87fogGt8piurlPz2M0JI-iU/CS-GFH1-pzkRWjj51Y3dch_qIsZ_KesuOyP0TOMMy_A),SP Curr Mines Rescue Services Worker 4 24.pdf (https://v5.airtableusercontent.com/v3/u/48/48/1766800800000/TCZXP0ipeVMbcUoKbZ4anA/bUV4vllvzTNf7u2F1k8cPDJ6k_f5hpdoMHqRDdpdy5gzmocTZ4nriy9E3eQWFWayBotV1coMwDwtrqpTnr_kreudfE4arexN01X5KZTihzqlGbqeaaSd0dEP6ALj_bZK-cIFRnpfb0juXS-aC3jLzt1ifwBksoG3OUxiU_yGwDBdJvo7GSZ5GGCdGv6Sv6CK/2wuemw1JNb0-wL3wvz44oeFjtSGQxu1eCDz1RaI1xsk)"
SP-230330,Mining Coal Cutter Operator,2,36,"SP Doc Mining Coal Cutter Operator 2 36.pdf (https://v5.airtableusercontent.com/v3/u/48/48/1766800800000/_wOlIOnOpnKmMfzxQ3CaUg/ws_2X5-3U1noHpkYH8KtmlFK13OBjewwFQsASdPmgMHLCZfaaVzGsQQz-A517ssZ1e49Pi3xOkvGcFGa6HJ3u3GTakBULw5LWQIXIuvBTjD9IK62xzsm3Ctf9mBYsWeKrEzrkv8ozNNFEktwyskJIB-T30RkXSgOc-sMSWhCMq63h62x-cipPee_GYze6XR7/lWHp-khKOPf2ygPpj5cjEILqfRAWDJqgaIRc2eZdNP4),SP Curr Mining Coal Cutter Operator 2 36.pdf (https://v5.airtableusercontent.com/v3/u/48/48/1766800800000/whEvmHVk2yyKF-thNdtbZA/VDDHFonS-BqcPVS1a8hY7UoIkPvl-SIz_GO5j2-KUW2qfSG1wEJwYzh90cs4d7VFBOV4jKnMqB9YVNFMNaTwYCv4CXyrIUpI2XTNK_dgyGbdgZqjBtSy-gD4iuTxmns3IWlKtEFjotKI_c3es1ikDxoecPZGB0OeE1MRzk8exI4BdXEzlTpw5p4S55NY1rVw/eUEmgn7-z3Zs9nuo6tSkJWrvqjFx_gdTmwkIi7EDHgo)"
SP-230314,Mining Dozer Operator - Underground Coal Operations,2,24,"SP Doc Mining Dozer Operator 2 24.pdf (https://v5.airtableusercontent.com/v3/u/48/48/1766800800000/rONtr1dPkEVHSeugUT9HtA/AwhEC6ON2dYpiQPGVQb8eH9w6Ha0HJ0iKrBqt7k10RKafKl4fYIlq1WSDPYxYOdn4eYqVIOX-yGQ31oShG5ttWGzgKNGJvKBByB1GQEIYYKxJ3L_wGGw0TT5kDoqVOyQ0vUjPpOd1WuDMANHE1P6eLA1ezY5iigUXksWYcyb4_TgbtTItRxwR-fFWvhN4BDh/vn-dw9bFQCv3Zf-Nu5sGfRXong3tVUUaLlMKqxBIS2Y),SP Curr Mining Dozer Operator 2 24.pdf (https://v5.airtableusercontent.com/v3/u/48/48/1766800800000/gC7h7MgTEQimngGebtfRuQ/XaX2cEFCvR-2VBxbewspEyScuEjv0HWjtWSEitheQ4go5crhEMOVmdFXcWZnETuNWdry82xCZRqeTF8zg_eAcTEuN5MTNi9MAzsnirp7UMS5SeZxNJS9Qf-AJsqQE2Qf7FWIYVcSVYUxpcwBFutZ9IZI6x6iJTk4mN1gvkFaMGUKOZtT3oEX6ntzyL_B7qr2/hpqm3poWIBUVz3SeWSQgTF6G6awuw9LnqfsGAPIcJNg)"
SP-230313,Mining Dozer Operator - Underground Hardrock Operations,2,24,"SP Doc Mining Dozer Operator 2 24.pdf (https://v5.airtableusercontent.com/v3/u/48/48/1766800800000/QffCBho6v4isS3Y4Ik7VZA/89e3AY9cGI76ekH32frJqe-PF4xbMAPpQtBMtfbxoMDarfkm7llRfjmBCDdzCt3c4oL_-pGAUu8Fv3uRLVQv8XjNskRfYGMH6uBrtb96WP2j79T-8Q1zClR8f1eDPZOslM6Q8ESsvQjXQEL-8tKF2CZ71uJUgRlZAJ_4i4ncDFyKYEqBOGJLxYF6EzYnKWMg/RzLJ-nEbXRs5S0ppxNatnG2h7MIkRD3w0wpO5Mh0xWI),SP Curr Mining Dozer Operator 2 24.pdf (https://v5.airtableusercontent.com/v3/u/48/48/1766800800000/1chR0Bpki54Yl549UOKTSA/FltcO4jqUKtQdITnntjTdX6TWz70YKL73yk6V7SlpB7_uECdj8zjkyVYe5m9_SknLgKI9THO2uDsA-UHp4jlVwbJJVN7yyByQk29WVqaD-nqUfmb0L17H1pv2qKj8llhezuliTz4Dt_18nfMiB8KtXYHf8dD0cAU49I-cyc5DsHA7pkqPDhOncl-158MqTmA/6RRAaitgi8UeE9AaK6FnMQkf7EBQwwaF03PEzv3PPhk)"
SP-230333,Mining Drill Rig Operator - Underground Coal Operations,2,26,"SP Doc Mining Drill Rig Operator 2 26.pdf (https://v5.airtableusercontent.com/v3/u/48/48/1766800800000/46Rdh2o_d-ZxTkwocN0YLw/8QuZ7s1TSjDH9JzaZAXj65d3x0gsxgbAlhdk_Dc3sukv5VtiQCcaPe8URcyIl9EPn1v-DqdTSwPjWqTvKyCR1woo2YX7JQrJrZedmq8ewF0nGvYUkpflyy8v_t5Sygxrzi34N4TIIi0USkUyFGdTGqukpxsfGEGBlxI9qZgmYQY4Qgz2teWAWcJR7aES4NFM/Hf740DkBmureATZIef4thUSFHzLC_gKfay_wSJXUPxg),SP Curr Mining Drill Rig Operator 2 26.pdf (https://v5.airtableusercontent.com/v3/u/48/48/1766800800000/5tW0UBqF_Svq0Xf8cPErIw/_X5BPLBSnWTnQhNZ6t5EtMRmx7pwX7OLfFcaMqrvd1sZW9bBFtN-a4de3TBS1zdMGmmdLEvhXHJ1-cwDyxJ8XGWzQiSVD0xpGbt6oTJHzyxOSgahq9xn1EHIvrgm0__9DTabfL-PFQJhOSVPxkJ_z9MXVfljjjBn0NsWm06mvLqDrdfN7o3WO7SDta3QL4ld/Q12NuFSq7vYk8xr3maCvsPyYs6OXI6oSjUmasWI4YbU)"
SP-230334,Mining Drill Rig Operator - Surface Mining Operations,2,26,"SP Doc Mining Drill Rig Operator 2 26.pdf (https://v5.airtableusercontent.com/v3/u/48/48/1766800800000/d4ngArWLSxknJ5Egs02a9w/7RJI0kS_XMWoySfuVmuhRTo44NH2A6G85wr7UcByQpNDyP4S2n0XGN06UO0QT7BwfTRENsuzAuWXhEtdOBploXg3hhcTazgGkO9MGjdRaWarvHmAWkdczhPBxMSuflEa3k7B8C6VQ6R8ysASJQzOXWd5Cq_ZEzvbJ_XKZRnzoyOH_cnvIQB8kzf9o8SOE7xL/8Q8hkT0m_ypjh4sqK73X4fm6MbouDIJU7yjeNCrO2Lw),SP Curr Mining Drill Rig Operator 2 26.pdf (https://v5.airtableusercontent.com/v3/u/48/48/1766800800000/yrw2KzoVXi7Oj2BpywQvvg/umMCttYNUpXmciOg_yybGAM3CN8y9-b_LTjRGZYvEzUEZN_zNSk3awPlwtYG1CtMYgBeQ934PPjtX1zM3tdXSQ9ZiNArmjJrIgJtgvM0LeOsrxhHYM7dbzFmGef91dNOIymRS1eZZMGZp173n-CVV_T5uh3Mpjcog6digMowcAi20J_QdbiU82Z_hfTSR1T8/YoU6o7QlaTeV1H4pRqGlLLrEMcV2IXn8fCxUWSo5p6M)"
SP-230332,Mining Drill Rig Operator - Underground hardrock operations,2,26,"SP Doc Mining Drill Rig Operator 2 26.pdf (https://v5.airtableusercontent.com/v3/u/48/48/1766800800000/1OkAKHPQTWEtzl1qPh9OkA/HuKPViNQbyldAstFXXoXoisy_rPN_Qz0s8fEFxxyF-pQef2vGHoQTzHmwj6kQCBTXk_N-NVmdDzRw2MUhNwKlEQ6RrfjhOYd4Sc4_gB7R8iW3UW26IYoUq5FTL6C_7gwOV9ixffEbWUcZCk3HAIfLj0H_YlOmbrUnhfW3xBIOlBDhdPyjiaFE8lFBDGk1ni7/MmkzTpboigKc8Nk82wwod-U3W-_2YXvPd4WreYb99Ks),SP Curr Mining Drill Rig Operator 2 26.pdf (https://v5.airtableusercontent.com/v3/u/48/48/1766800800000/v05dUDYdlFbStOOeo5618g/eHzTPd_L__xHFQdeL_VZav1ZFT3fud6yBlzUyifPmTfjlOtn1BF0ciQWwOTrll5GlCd0QuWAjxLIaVFpgvvz3SyCd7sLDBWLYIIbnViYQ45if1vf3ucPjGb_vk56ADm9HCP9a2QuUth33Imvx1AA620U-eUIkS4mam3y6EJMSBJn7dEjTMipvS62jgseevyA/IwczvtPDc6dhF_Z7hiP0eF497lOoObNntZCJ2vrwQz0)"
SP-230337,Mining Dump Truck Operator - Surface mining operations,2,24,"SP Doc Mining Dump Truck Operator 2 24.pdf (https://v5.airtableusercontent.com/v3/u/48/48/1766800800000/UwscQ9FY2xmyYP-Jtwns3A/_bZziHQc-abDsdUzF7__hrXN9Hr8aD7HsZquBsUinE6gv19qjV58IyRLdu6vPAkyfhbj4KqosckfVpZLsY0ZvlCT6e56bWwwsP-YOsUUfj3mnEbVsRpZr_ywJNGp_8UrqxHIlRdE-tHTMkLLlM41_YgtfkjapA0w93gJ_klmwTcBca11AiaCvQFhzxExCwGm/_-2cXqTanKBnzxmOZvcxZQiOF1NEWkhVILjoK9-Q918),SP Curr Mining Dump Truck Operator 2 24.pdf (https://v5.airtableusercontent.com/v3/u/48/48/1766800800000/Rwykv7bOWcldzwI4obRBgw/SBj820pyY5cfvysIlAgjWfOq4Odt-A6HJyM_0E0H01SXjVZng1gNygFK_Y4iAQluhfp6O9m8GW5HVU4iPXurEIoQcMpKpaZxrocFKuIKi-c9xNeaT-BwQU144AvJK4XzeSY53gvc2bVNUPdNAhxxe6bCk2eVPnsMk4MeD1B5un6P9xhu8--jhhPGbGQ1nOXr/BcQLv9HlY-83JX1SjO1OuQFaNCA0CJNbhyzor1jpuMo)"
SP-230338,Mining Feeder Breaker Operator - Underground hardrock operations,2,24,"SP Doc Mining Feeder Breaker Operator 2 24.pdf (https://v5.airtableusercontent.com/v3/u/48/48/1766800800000/sbXlHwUgIdZkHfACYZCE-g/LLEcbmtSy6Y-pZADKut6ebyEcJ3MkIN1TLxOIyf9i2L-Tpc7Nrtq8_O0dVbR2_hYiCEyF98fOy3IklRfpF4fg7mXpnUrTQMqrfuSdZb6Zqtwy3QQdxrCCzaDW888HWH-Jd4OJr3fl6j3bUyZlJ_NKwLwEemPT7E0C34bGxzBRlAphYKU4cYxGvPIKTHEgWBl/eHl8dSml_xcJMA5GfBiAS8aZww4_9QvofsLIoiq29CA),SP Curr Mining Feeder Breaker Operator 2 24.pdf (https://v5.airtableusercontent.com/v3/u/48/48/1766800800000/ZFpsK5ip-Al4Wq_u4RU1WQ/1dz3rRwupgG2FEwGLumRwNOMaC6xyP4-JamDxEtX3EiXXF5QOgp98pYBNak0GbOoRkvpiK6pLgmIlZhV2b9wuWT1ZLCoPtD3hM1ub3zYglNN7iSFsMl9LPM1OTPjmgN-mil4a2Nc9NE0qZ-JfY5u4x8Bg6QetafDxFfv3McVdYmqg0QaMNu-WmWYMmdqOvOC/GPFFoArdJTwZn5MJRnRf4JCl3RuA4jkN9BbvHgXjn90)"
SP-230340,Mining Feeder Breaker Operator - Surface mining operations,2,24,"SP Doc Mining Feeder Breaker Operator 2 24.pdf (https://v5.airtableusercontent.com/v3/u/48/48/1766800800000/Kh-ndZzdiwuEZVtOZfoqBg/iLgFlnqlHgUehbkA5QjQiz7G9MiTLlGlJAi9Tj91zX5sb0kJiywXLLTbAfvcVh3HOcoSBbcZLvNTp0JKt8p9eRFcSlLY2VqOjX_Hci-6Xo-ymtyjHaXcRWUEfEr5dYStODRzJSBoB0GFmP_thx9XktqcChBzyMLeRmSz1pKknsTHwEDpyT5dSJmkYya3NNQ6/VMMF56LBFLzbmmwSJ74_kg2vMs_TCxU4SBvmHG8Zj_g),SP Curr Mining Feeder Breaker Operator 2 24.pdf (https://v5.airtableusercontent.com/v3/u/48/48/1766800800000/W7JhxRlmgMiS9BghMpw7jA/VXo0dRbhfw7abmsJCMSicv_TwAAbxQ5MdjUB3Y_8JXM2mjBf1kJunTQZPH2Y3NsetT9GoqE6cogItqIN4NG-7PQZuBdpBMqd9LCV3KfVXj6h1xkv355t8g1nRIlbXjVUelO58fnkXmVRhqfnzSOPchkQlsBKWDUr6nHfUNwm1PIQ9vjYc10q4EQUx7GFzzHf/T_XEKXxhpABRGJoHhg58ndZnMdQJoLnE1wF4JseUDo0)"
SP-230339,Mining Feeder Breaker Operator - Underground coal operations,2,24,"SP Doc Mining Feeder Breaker Operator 2 24.pdf (https://v5.airtableusercontent.com/v3/u/48/48/1766800800000/UWA2yQeIVTH5WH2LUktCFw/Su3PKcI5uUx4XCugd6M6CZBE_ouYaA-4OPK46PN6nM0w-2c8NOZ13ugSyDYocCy-WDT99QCKU2GmC2nN91ParvjpkkKlXeciOzxO4O3WK8726Wo7z875165YHXRH36NZX6njvOGRi3rtOeTHHLxwg1prlgt1FKuQauGPBOkZ4iHeO3ffssNWvgsIthvYz_oB/w1AVcfU9NWa6EDX4nnMH6iGSQxPACc-o2GrjAz8v-L0),SP Curr Mining Feeder Breaker Operator 2 24.pdf (https://v5.airtableusercontent.com/v3/u/48/48/1766800800000/tL95rJvY2Qp-P2uIhWAgcQ/cuFs6LhQ5KHipiOHZasp6Mal38rkkhNLNdMkhFRMQ56-okjQQDFINktwQuU5SCpwisB_0JzLSBJzhr3nrwC7AejgqdSCIHwWfsFYyPgZ4urNnwNbRj7b91oIxbjELPPEVJkDwZCB-F7eVFGy-WBw3voPwfoQuXJoIVwhKx6oH7QEEre5I2K7JhzMQSsSBTbU/Wr5Q50g66vY6PnFQDbf3vgdTtjYBHX_23QRcfnz1lsw)"
"
  SP-230341
  ",Mining Firefighter - Underground Hardrock Operations,2,24,"SP Doc Mining Firefighter 2 24.pdf (https://v5.airtableusercontent.com/v3/u/48/48/1766800800000/Eu57gjk1WpODtDbok2ZxYA/U2J7HtfZJsvPcwWnaBV2rjN4S9PUuL5zQuxV1mHXOcLLrKtX1f5sD1D2ZQk86sj1eBMLviM7RRmbrgLShWJ_W4YMFduQq_QGLysw_oqoboNM4axi8FhsC1MV9DFi69NylbOVKDH2-kg4oRzKIFRRrPwrcaiWC2Ik4zRjSymE_R-bkJPKTnlfcWdqlMYkyonV/g2pY_VgyyL7lseYoDzwXGiuATa5ibCI5DLDKoJHKZ78),SP Curr Mining Firefighter 2 24.pdf (https://v5.airtableusercontent.com/v3/u/48/48/1766800800000/tPdhPqfAF5sC-3ujjsXmSA/5uYeInh7j5_jdSK4UEdYidqR16_T4AKdJQPNB-etKVjiD8V0IofHI8TZtcDg3zfplg15SwCadPMIR_DJiVLPxIAfipeH0lI_VUd9V3kLIPg7nrymijey575BSJu_MIImsrrDGRKqgWLslb_txAVXJTvqTIUumdmwa79MOeYWiaKsJYzAbk4c3DxpBhAPVauA/hP52NoL0PAdBpgul3HMbCGamgKmu9zk6UrbVLJqZ1jY)"
"
  SP-230342
  ",Mining Firefighter - Underground Coal Operations,2,24,"SP Doc Mining Firefighter 2 24.pdf (https://v5.airtableusercontent.com/v3/u/48/48/1766800800000/g1bm5sSlq-zfNhD5S6NvPg/w6DCk0SA1bjD52sN7WrefdaV6a9DglGLq7dFsf4CVtho9Eccdk_9C9H0qvPhPqIG49M97lnpY3bo9J3iga9mWmQilrASfvAgSpEUq-VkyH2gqDR-H633QYV0Vh6R1RKD80RDQU9mn93DUnbpXjK7Uxnzq2Dz35T0vmChQumhY7aZeEhzXrMt10em3rDm4_SP/HGluHu4n9_Z8z4PZ6BeTxdbwHFJQo8BElkQIXvUPzvg),SP Curr Mining Firefighter 2 24.pdf (https://v5.airtableusercontent.com/v3/u/48/48/1766800800000/UOHInNe7vS-UJGs5Lp4IUA/85zTHaTxwo0JxmD6e_fFcvHQaajz4dnwT_WFNqhwsYVUiKYsSCXJpunxbq1XfEk8roSeun4jtoC2TOhXcjcCohMeCEN9X1AkDqYzaZJ_2lEsiX98HWL36zrqLwgvlHNFV94CT-u372QMFBN5_KiFgUJ75ZpEvrIRGq3Ytflsx8aZXtlVV7FX8Qnrx8eCdKF7/cB4J80Wl3KKwMSyYU1AcCCTwnZVFaOiNO6Dj9uUr-_A)"
SP-230356,Mining Hydraulic Rock Breaker Operator: Underground Coal Operations,2,24,"SP Doc Mining Hydraulic Rock Breaker Operator 2 24.pdf (https://v5.airtableusercontent.com/v3/u/48/48/1766800800000/gdhnKYCrU3WbHj35ivLdWw/f0fG8zhTkYaJC9VaFTk0vm7R2UbFLf0jSVY8IcsfyMDchtUH1R2-siXB7eOcX4BcVn5BQYhOtvZ0dHYwvVgEa9pyHvK5Qb8lYDDXovx3PvfbWoII2o-_nTnMKPxBee6kU8aqPMjci0ObxoI8d-aceyRhyynzufJvIL0oyPhsApoOWAmorRVRX2Ttl2bCcubS_oPQ4MBSnfTs8xAhlg97Ow/bYnk8lOUE7Vz-3JjnPdkdvqqTK8-NQk1eHqRtThCQcQ),SP Curr Mining Hydraulic Rock Breaker Operator 2 24.pdf (https://v5.airtableusercontent.com/v3/u/48/48/1766800800000/dnVwBVOdl_B5087KA3oXWg/zWKzR9lSdvflgOeK35AnZOClv7-tnJhTUaVyytOVI1AUo678piHjmQf31KgqozM5iYQcLhjwwi5tTd9Fex0314UHBQo2WuMg5OMiUom7RyWDv2-fJUbFhWB44RZmiEc0ju-HkNnj0iz-uy4URmXCuoWnw0he610B-gqeiuQwcOoqHn3Bz0lvED2ejxJWz3mnFIwRhFGje1TIuQGr3JuMRQ/PtOt1-B7Sf94oQT9FwPVVbRbm8rJPLKW_cCginiYRzA)"
SP-230355,Mining Hydraulic Rock Breaker Operator: Underground Hardrock Operations,2,24,"SP Doc Mining Hydraulic Rock Breaker Operator 2 24.pdf (https://v5.airtableusercontent.com/v3/u/48/48/1766800800000/HEFS7qhHKww0_a5j5f_NvA/yDkx8FraxAk8xj8Z0gVcw4VQRwMH7zfQGE_M5uFo8GTmGgRwCEKLbF2re6b8VeMhGMldrAbedXsIpzwarjF7_cmdxG79gfHde0g3wHOVMYAoX1lqGfiHAD4cLZVhPzgrCahShyl6MOqqNKHOd0cfvj5hUQFh7MuMqkgGshxflMoMwwV5___nQ4XeTEAZUOHswgrM0fznjKNmkD5kjXD-7g/h6b3oMGVbfyNYJxPWQRiplCFyxr1loX3qS-Capazsw4),SP Curr Mining Hydraulic Rock Breaker Operator 2 24.pdf (https://v5.airtableusercontent.com/v3/u/48/48/1766800800000/J5eo7vjZl3U2-8pc55qJsQ/LdaFXYofL2LHWxfW1FtSfRr81dLGrKJgpRj0UPpuZCWafbJJbkVlXgBi-9G5fi7wgBzUUV52gHyh0Z0BMabGYK1sHZBr1qxSPXsRMluCvI8vX-9GVzvZ64guhYJ12wNVtOLxrZY-Y94LL1BrpTt7FxjOsyENZIS8pWMt7BLuo6tGmb6jY2BPLY1Z8z8RINFsNZsonow7WEnkPWo0NB-AMw/FzKLYNqoUYPjjfJvWHU38wvDkLGJq5NCcWYxjq-375I)"
SP-230344,Mining Mobile Elevating Work Platform Operator  - Underground Hardrock operations,2,28,"SP Doc Mining Mobile Elevating Work Platform Operator 2 28.pdf (https://v5.airtableusercontent.com/v3/u/48/48/1766800800000/5V3H9jm_7HtxnHwmIDdEnw/orL8xAiGBvGD4LgSLHGmOk6gLFcoxv0TDnclS4eLlMnHaJ-wKcLZMYfvOOgTWg4JQksDiZoRtg81KdO98rWMS7dkfa1cyMPbRaUn3Emwl61tR4I7nf11uGre0QKyGSRwB7EdT5kX73OAM0DtK-IKx4-4m9-KgE4bHztk2bi7Db1fnpImF0IaoDZAkCq3jRPNP_CskHQTW4D-IQg0-ynusA/u1tfv5U5Q2PKGo2r7gg-kirqu_QLWAN9MCdCS2tTMpU),SP Curr Mining Mobile Elevating Work Platform Operator 2 28.pdf (https://v5.airtableusercontent.com/v3/u/48/48/1766800800000/iKRnqQkI4EnN7CDsVLC9qQ/eGgqteHC_jkvmE2xaFpzkIgpfK2l-uHAHMERqLK-T317xrcpbtdEOx_7wyzGc5eUAx8RGqOmqcl7Gr7vqA7jsFFRdluc0KfBfBwyvzXfsUd19ECHJithkweSYvd1JfjJkEJEzS81L21ihQ_2J0k6xosPtj_1n_Kr7XJgNpnCcVcBGozb5rBdmaCOrJpsQ3lR1yhlQfzaoa9coJytcwJbsQ/7v2Wzql_mNHTuGPMkHCO-z-tyDWSWQM4R_Sc0TkjwRw)"
SP-230345,Mining Mobile Elevating Work Platform Operator  - Underground coal operations,2,28,"SP Doc Mining Mobile Elevating Work Platform Operator 2 28.pdf (https://v5.airtableusercontent.com/v3/u/48/48/1766800800000/S9kxLNasu6PIzL4K-K6zpg/yWnhtUnJCBRkhExonlr12DISalWZg87iN7-h6IgO6iR1M7QvX26YL5aTXI7786GLdae24qcI2-dXSJxu9B4ioLgxEEfofdjPrXEnjYugMB-ALdiUVl-OuWsGCxd1O4yuMAerbZPzBx41QWLevhtfGdgmKhBUS0mzb-1wb8eoke4N8CHd3QiZupPHpicaJcI6FcXDHZnAF1C3Lr0K1kM41Q/8CYpek-OKEBl-FJDDOLOQZ5n43pJ0zdr2p-NlZDi0Sk),SP Curr Mining Mobile Elevating Work Platform Operator 2 28.pdf (https://v5.airtableusercontent.com/v3/u/48/48/1766800800000/xLhRSeVbmOrBvukosU0AMQ/Rymeka9JfJlVcc93mhxT9yZPLSmvjUeyBVwV5FU74E40iASSqApzFyZteQjTEBAvPwg26ulPJtJopB7YHLolz8-XDnTYFl5vD1Dlaqgyf3NrbKx6yyWPhaitNRFKz3ulPW-zuQ-OIiSSCy0A9pjpGxA5NKW7ieNuAD2l9V9zqtBdCWch1P1QlrGYWQNWT_vslNe9iFEKJ6FNaIo0weFkMQ/XShsolFRdvqMn7uMzl5xo3nvlODPrwMZXhxX7As-GEk)"
SP-230346,Mining Mobile Elevating Work Platform Operator  - Surface mining operations,2,28,"SP Doc Mining Mobile Elevating Work Platform Operator 2 28.pdf (https://v5.airtableusercontent.com/v3/u/48/48/1766800800000/7205nYK5K3BBu0dmmAmuRQ/MQHmxUY8guBAX-4-dqOZ1ZA4HKYK-9NzjurWckmA8f0XI6CWmVbdTDu9w87pomYqMf-YEjw4VkIBHvCha0aKZ3WZZa0WHnfz4tvBbQGS8QS2Dpq5JVgnMhBR--sycjEGQ4rdp6vklFI5Ij05n88xULs85BzPu2DimBKNycyK4bigjxtzD0Mb6SJe8F3VMURJXX2LDIHkeMDpwKOkyXQhmQ/ZCfHyX53Z1xbnlwBXfFoZnA7oSJDA4G08wmCjAoDsuQ),SP Curr Mining Mobile Elevating Work Platform Operator 2 28.pdf (https://v5.airtableusercontent.com/v3/u/48/48/1766800800000/mSWP39cZCEsQRFC-RCoNUg/Ah-ojENZ1HWazyu5rpdvVEG-5YGWkQuiyopUXwfxNv3z03-BnvVm97LZkhM5o3l1UDgXtfi3eXlpDylirF-828vIDJ25TDPw6rMrwsVz1ab0T9ro2VQda5rS5Sk-2tzcXEUDAIPiIhL7a781jOnaAsX7eZ92Z0WAmTXt4ScJF0j77hKR0F8CAgD1iIkHQ3XpH-sLY8iYsxuLjVlenibiZw/n0V1mWxDnq0wVFOgMIz30Z1ub9h7LWJqwL_M0O4qNrA)"
SP-230348,Mining Mobile Telescopic Handler Operator - Underground coal operations -,2,28,"SP Doc Mining Mobile Telescopic Handler Operator 2 28.pdf (https://v5.airtableusercontent.com/v3/u/48/48/1766800800000/azG8CDGQGhxMdNGZx_1UaQ/gSiq3ZODwy1sCtx21EvVilw-b9pLknrBPJVxAdiu_f5WhhKhvh8j7SPExiIGZOsPp3ZNjKFOfowvvNssOjcmXnWjuee613x_LpQX4uZHgmNivS5K_IMrrJo1m3-NE6VuHqKFUNCpT23dym3dYisNIAoQ_44veOoDNyAJMZpUyqtW9Y3mfnlU5Wnx3lh8oPPtmrdnmtn0qxkx8RpOt7e1ng/I9EeUuFYZ2Mn2x-QbSsDotn2MFltizIX-03PRe4VWEY),SP Curr Mining Mobile Telescopic Handler Operator 2 28.pdf (https://v5.airtableusercontent.com/v3/u/48/48/1766800800000/r8Q1U6JdQ2b4MOdioyPexQ/g1-aIt-tKJew_Drf3K8Aha9tNQrfGALqKN50mP7bjQbHvq31nW-e1HfzmJmdHmKV_uilth0Sjnb2onn16844xjS-_Vbgo-ZMPGoFXBmsjvqOD3XAASKrM5sJYrv3AMXyW0t9JXjQjZaFIazod1AdaFM3HGN6X9RChGt-_s0z6Mu3MbDrMyArTPpEjzdBgh18cxEsTm50dMjpR4UhKTYVcg/YuBbSruZLg60l5KANWiCIUTBMiaM7HnJbqUPgoy2cWI)"
SP-230347,Mining Mobile Telescopic Handler Operator - Underground hardrock operations,2,28,"SP Doc Mining Mobile Telescopic Handler Operator 2 28.pdf (https://v5.airtableusercontent.com/v3/u/48/48/1766800800000/5x5ZsfJOXom2lHuxIg_AiQ/qD0sikl1eH6yNvOEYs7v-knothG_0Quc6udmQP1cWCeogxiEUGxTYoKQMZJ9iXBYPPr0gWNMiBHSO-LWjtmg6LApDoVWs69HrAWr6OLnNaC23lOfF7SVOtSklDZLDGpWpDuj-Y3KJn4iRFqFA_dlk8tVwv5yMBVR1j_0DtAq1G9xzAptHUMXgSNGqTToTvLiwvtnTnJrJITstytGmkhklQ/ffmKf-wmT5nzssimq-zMD8SnP2byiOtqtJ6O5Wp_5lY),SP Curr Mining Mobile Telescopic Handler Operator 2 28.pdf (https://v5.airtableusercontent.com/v3/u/48/48/1766800800000/2ytizGTjsnLteTptYq1b4A/XOoeaxW3AJHtPIbB8-wJdQa8QaLbU-L_LqF14H2Gq532J-GMdZTb_YKhp5OsZpmvxFFAfT4iOjLZEPsEfZdBch4WQgt16GKvXjVPU0vzFtykmQ8xcnoglpPJHWmNTfepQ-nQTKwhTiPIGur__MGiCi2qhp8GbZ3IvvT7LpZQ9DYzOQL8ZHv6NNi15HZTIdSZUHoCxVOvCCJ6O0vdfdh_RA/dCv2ymJkfXhwhB5vbPSIgzhXq-sIQCxGbPQfl4RbgWg)"
SP-230349,Mining Mobile Telescopic Handler Operator - Surface mining operations,2,28,"SP Doc Mining Mobile Telescopic Handler Operator 2 28.pdf (https://v5.airtableusercontent.com/v3/u/48/48/1766800800000/y5WXu477dGjxnoU4L6K31w/-9mO1qe3rTMlhaltnM3vFyXuAYtA5-3tp26rcX7kSKpzipgpipMh2ovMAJdpi7GhbvZMHPl3O9g2dACpVMqefS6aZJGx6gpuQm7J3dEaGEAQHO_RIDKrK5w6Ouwu6aOxVLlbyO20R_Bifg5mWLFqLluItbrJG_cI-dBK1_kpXctdb7v7-PFZu4pFov4quUT4zGoI4J6Uh7fWWdoI47vIJg/HADZmTl98uKNSwPht1AmXUnwCSvpLezGNakL8HyEczc),SP Curr Mining Mobile Telescopic Handler Operator 2 28.pdf (https://v5.airtableusercontent.com/v3/u/48/48/1766800800000/7gYZBjAxqRg8qiwcYLDKMA/8ng_Ld_t48p7js3qFVjt_74HA1ReS0H2_QuL-DzgrFLBuaf9NJGSRjUSxoOBxstufKjN3GG7Yv1luu0RE4-4Ex6ZyBG1mKPefoQyk3qc9Cj5oHrT1TfUxv63VuF2rZt1ls-80FDPS5kq1mGA3ocNkUka15rf3AmDjBjZhCWewLPA8xUp8BVaBJth_9IbiC8nK-Wh7VCrmqgkCCGXxFZ8ag/A0JlEDcqnQLrANJymcshfIpsTfKUckp_Ej9X6CfEMOw)"
SP-230350,Mining Raisebore Operator - Underground hardrock operations,3,48,"SP Doc Mining Raisebore Operator Hardrock & Coal Operations 3 48.pdf (https://v5.airtableusercontent.com/v3/u/48/48/1766800800000/yVTLIj0G3221xRqCwG0mkA/QaR83oM-RvZs9N3uI1wOYdhtnphFODCozfop2C6pK_UkUN4a5GVn_3pepS92_QD2WCqgryACAYMmmAa1MQ7IPXfVforFDJS6YMv9tN6uiURMeqJM9KwFdFUgbSN3fLQv3CzlwUxP8_u5HaGOqX6NrW-QJvmXtT9TeGYcakjJi68i_jcakXNBL9Fv3oTWMTLucmgf3QkVSM-EyNbBI8ImPQ/2rzqORiDleEIogsXn6AfVfyuwO4A3qXVql6xPLVNdzQ),SP Curr Mining Raisebore Underground Hardrock & Coal Operations 3 48.pdf (https://v5.airtableusercontent.com/v3/u/48/48/1766800800000/BzC9-YM7Uh4L-wOmb3qIhg/dPXx5DsTN6mBAyte60Hv7YuZiRAZfXYcO_-x89YGYv26_oPBrC6aj9CjMDPMUlLsUIcOxXlYugPYaQ1Fd1BGre3AD_QYjztvSrfrlCUZVxBs3tohON9zTOAsVboZHKLkdUqhzDF6dP_tKUdBc5uYovXXAf5A-PPARgiFl3omJ2Zj2lvOpEGLQo7N89HaUETAL9CwBux32y9seJnSFJHePZX6xDUEjUQ4nXQqkTSQGOA/BZgBaG02HsA_AbUnXG0Kten9wyFEe8qoldSUpTCtrbo)"
SP-230351,Mining Raisebore Operator - Underground coal operations,3,48,"SP Doc Mining Raisebore Operator Hardrock & Coal Operations 3 48.pdf (https://v5.airtableusercontent.com/v3/u/48/48/1766800800000/8MjA_x5r8ES6SQBbAJ9piw/YgPrWPlc2QuE5OJpCtDZ1G8PqcF9u43Kxv0qW3Sb4C6kYSLl5dR1dNNMnZ0XudwfXDlW0r5Vyglz1ZUEE5A0iqz2x3IKXInJyWdm1FVg4ISZ9ZPdWs3_-Pqf3FEhIlsALylut2NpzZlsY-UmCctRGsKX88y71fYciHQezBXhDs1nFq_6JwLF3qieCdyNankps-zoNnF_jVX_XFFbHl3JxA/lkDfnZniMNzRjyUPFlldNF0ZfKuPpZesbsoqE9KTLKE),SP Curr Mining Raisebore Underground Hardrock & Coal Operations 3 48.pdf (https://v5.airtableusercontent.com/v3/u/48/48/1766800800000/YnS1-3lghjIrOgoxpy9ssA/yjCu7JfzQelZcqEuidUImJzI54cuvF02lTzQwXoKXJcD9HS6-Dob4YSfbkJvsXy37H7xT0dTAFm4305kbfs_ofzb8JxzpapAeMq3bANV6Y1R5TJMi5acn7yWcGgfRQXq0ZtOxLEhUEesJhEqNwd0a6DFNbG12U4eAhN_4D2lna_fw4x39PRj-e_nUIpM5QJ3B7GshbHK-yHs858avpRGOLgtATzwnWpXlso6U3zs1Cc/uvyk0xyZZFcfdr7GTHBSh1I9KpI-F2SMHHHeUWOPyK0)"
SP-230308,Mining Rock Drill Operator - Surface Mining,2,20,"SP Doc Mining Rock Drill Operator 2 20.pdf (https://v5.airtableusercontent.com/v3/u/48/48/1766800800000/67pKLyltBZUjbPWsCaRTng/w8qUkZhuAD6Ty3EDgQyQB2-bIEsOOpVgk5JHdvOi7B6SveFvO3SDk-mJLvwpFXaMLrxktghH7ImcAYRpog8D9oNJxbwhWAzhbJN0uCj9VS4sLpNEOWaPcUywProZIE15knbwCZyAaNyrV71SXe7H5tZhm7hNP6MFAvqpsoyDXr6kY9nHP-heNeBD220ygk81/hJ6cykRH88by323WNmWWT0OJ4VhGXynfrDz_0Ev8srk),SP Curr Mining Rock Drill Operator 2 20.pdf (https://v5.airtableusercontent.com/v3/u/48/48/1766800800000/TS3InPU5GFwHd-GHrtnM6A/Dj8j6F7UxJNinIJWDoUQFQIQtSa36LyDa8iDA4Clmku7U2z-QAreYm1lk1tTHD7MsY4rRdM_G-kwLNaC3ijr6QVZGgN6aE-bcE46CRJvmljypwB3X3Zp4Q3bwAVOuVZnidtJ4nET1C3nJat0L6g5ZS3CymLtugLBmMBDLFS6A_5rJggrpQGXIZfZ-zn6cFLS/m7HzKe7cRwpcBaikn5-Uqq49W5-ewiMLR1TzVUvVUuU)"
SP-230353,Mining Roofbolter Operator - Underground Coal Operations,2,26,"SP Doc Mining Roofbolter Operator Underground Hardrock & Coal Operations 2 26.pdf (https://v5.airtableusercontent.com/v3/u/48/48/1766800800000/nfDpwni1rpEr2P1Aa8U0wg/ju0SDyynkmiXpKTE1WbSkpIpCxtlKUxitM5DLktm3dxaYiMbiashJuIisINmxNiM5e5R3AgxakQFnq6aQ_elgKtL3NVxEWCWwlt5tnb6HZWrDXgxYNPGIveaGMAwZUUcrO0QiPNtK1G39c6Mexq5LcTDBIy6jYLyN49WgB7WkoX6VaCJtLT9CiePa-adfzUF0Cc7J4-UVLw3r3lQuozo6IER5h56toIsSGm7b5Cay3M/ZNdhoV5wMEva8uflaRVRFaCVWszOB1QsNxhD5ayb4LE),SP Curr Mining Roofbolter Operator Underground Hardrock & Coal Operations 2 26.pdf (https://v5.airtableusercontent.com/v3/u/48/48/1766800800000/tvHOcb5xkKqeoTpqQ3vt4Q/JkfN1zBemGxsE84jP_e59NZNb1Y0XibUrK5GeQjq9cyyFqRLPJyyXZNycHLguH1MTZxyhAEO_hxhtE6ZfGi1eTp20GgozSiWfLAmsvaRHjSLCZVZtDlIg2U4Vu1tD0FrV7NOYkW_C7aXrn5ovPst20qc8PeLojHh0tcHFvwgPRjOqv39Lu1_xCul_k44APAoWfP0HG38VfSRIkW_HZ1kJABZc9Ir7jEXYLWd108jlqQ/D0zlxL7GOOyXBu5SQUnuUm63j1vIMfMMBgzA4o3MbYU)"
SP-230352,Mining Roofbolter Operator - Underground Hardrock Operations,2,26,"SP Doc Mining Roofbolter Operator Underground Hardrock & Coal Operations 2 26.pdf (https://v5.airtableusercontent.com/v3/u/48/48/1766800800000/gNUVaCir2owyzUUIqnr56Q/LXRhaOKFaFIQDAaJnCUTJ-px6qEALnqlnpOWDItjD23-ZOz4v3C_7JxkEdoghPhizknEkttiknSJP2G-TSEn_V8hdGRg6kjrorslcIALzZ5xdj-HNFvzaXikZc-NwoJl--uVslKSjmChl6q9kdLqxEM9i3SJC1J6QDMgKwLm5E6ZVkBbkGn-ZQXNxbSFM2IjAG_8Mz81KSozC3Yek9riRhf002ZW7ZZZnXZEXAFmr_A/JYmzpQEEJnfRTi087ZeE6dbjvD26eMUO_85BxTAbY4E),SP Curr Mining Roofbolter Operator Underground Hardrock & Coal Operations 2 26.pdf (https://v5.airtableusercontent.com/v3/u/48/48/1766800800000/qz60kMHLP5gK2MvI92O4bQ/AbEX0Sd6dRYK3AuFyG4ZKD_fm9ybexsKkQgkYAb_N9yRRoiCQqXEPtOHoHEAS5GzMyIwTCKBGO2rhNW4wUJOxTdcyU6jJKSFcIASr_7RE9enT0qLne2S79BspX_GZSzCWzlut7Ik2N97ElI7LNdYu6PNKvcjbvA49oaeKTHG7FdSjf9GVFEi-PTBKwjglYAc8IVNGCD6HMZxLN6hvYZe9hMHjZcvoHBirJlwl82-N44/dzAvmi1CZuv0GsoAVTsr9Zt-OvMVw7lyR2SurcQiyeo)"
SP-230362,Mining Scaler Operator: Underground Hardrock Operations,2,22,"SP Doc Mining Scaler Operator 2 22.pdf (https://v5.airtableusercontent.com/v3/u/48/48/1766800800000/_Yq9VVVcmnRpjKgP1MEUlQ/M651qFzd94O_lEEHKzz6Lv324n0hy-8c2d7_1J5czbQ6viJlJ4j7JUMZNyjqE0wIDwpmw6NkuMQbHd6gtpZciUcjyQi4OfyqB1D-5nakAG-qZljF2sXdtZNe2okSVLAz-qIfgS06_NebW4Mavd2KJ2xE1N84aPwBdGDkCbqQQgBimRNpT7fcCoXHjbUFWODW/VNYkipOVHxPQ5xfvFJ92203LnLxgVS18cUxasu7ZgdE),SP Curr Mining Scaler Operator 2 22.pdf (https://v5.airtableusercontent.com/v3/u/48/48/1766800800000/BBHixoGGAbEuvGI8DOhYrw/G5gefSySEY3EmLzmoNtf2zbTIgBi3XY_4OmegAw48BG86uNR3pPLovT-apzQKV7DZmLGhXyYEG4IC-zApZkcNCYYaN0Y1-1b2ej1bz46f9LzUM4_8X19XQQJZ-7938TXgvrcq6ylGIkpH3hEP-QgprMJyawevCy-f6GE4zm0U7U0Zn9mznluzaaEdYDq9QSA/3ZZjuFxCy7I5lU5zGxX7YVi6mMZmzoF7ZC9EpV-dKDI)"
SP-230363,Mining Scaler Operator: Underground Coal Operations,2,22,"SP Doc Mining Scaler Operator 2 22.pdf (https://v5.airtableusercontent.com/v3/u/48/48/1766800800000/03wW1YvI5pVQ6RFiq_dYiA/adbK1HjueAlCCJtv5Y262ruXm5G053XupMJa0qzHbBAw7-PL6WzS4R8cHc4H6OgYuQWtBRoQJ1gtHr_-UvmDRbcJJQs_aePE5Zf56j5WV6IYNnrgAd6ZfyiQuH9SHkhW6TjNWLBLJqcNJeyGtjvwig9pQeMD4NK14fLS2JfJeNNpZ646jqEJGWTE4MMwpwvc/sq9yIXYbcOXDyto3_HeiBwCAXGTEx7WutkoXHoz2h7k),SP Curr Mining Scaler Operator 2 22.pdf (https://v5.airtableusercontent.com/v3/u/48/48/1766800800000/KzzGlpZcpEoXsH-WNVmWUQ/nJMkYzpkpYuciGYvB0Yz3OxI6uG5_r2INb22_Sr2rpyLGY4HIECp9cxWpA6iweHy_1buwVvQ0XSr9TorUJ2UPIvgjinzfOEyzijxLppYNbsKutapqEG3Cy0obXuMq3ahXKdb-w9QZJp2sp_bfp2ZEgJUX603xABAW8ZhU2Q9xUClhn5iWY2luKW0jvzjovTC/mkfjuFuFO8gi1QPA7Hl5RJ6SxTy0RusJ_VwyrO92KUI)"
SP-230364,Mining Scaler Operator: Surface Mining Operations,2,22,"SP Doc Mining Scaler Operator 2 22.pdf (https://v5.airtableusercontent.com/v3/u/48/48/1766800800000/rBWz9D55d8p9_vC15kGTlw/GIHbNisWHqN-Vh94KmkGfu_wjvredRUw-ZtNwqbx7RMj0vtty4ihnPlMUUZ8n2KrJkID61j9Mt97LlYfjol_3-UzMUjXk9hBSmG9_fcKzSi8yoew6MDYz4dRraaV648X2XatUzGVRwCLmGC1hDGLJAv940SZRQFc0QY0ViEaHOEht1M-8dz_xsKUEH1a1tap/jrs8RMCvzR5Rfn-5cfubqegW_FZ2FCyOuwjbpKbQuyY),SP Curr Mining Scaler Operator 2 22.pdf (https://v5.airtableusercontent.com/v3/u/48/48/1766800800000/FwHFclPHtSNsoCLFcKm2Vg/4R6i5AzqetYVGfje0uMmDIMv9sCyHxNUmKlJxeeLBKFC3SkF8wzu3He2AB5IZ8tzoNWImpv35EbeeuG4k6G6SnioSPbYcdrpoVZ31v1MHvEMERKiiYAx35enynv2haCdbOL5wkPsHQB9iR1Pg63qwkKynogvI4AulWxGDhVHgRcRYZnWxuigfEEK1-z0JkeP/WRdiXJqlkOp5LQ2TBmtjyBQ4B-birKf0_-kCpJKuxPY)"
SP-230354,Mining Scraper Operator,2,24,"SP Doc Mining Scraper Operator 2 24.pdf (https://v5.airtableusercontent.com/v3/u/48/48/1766800800000/4AYDDz8BavW5CsyTchubxQ/IEVRs-iyhMGyA41MtSXlyHFD7qhNcDIGsCGHdPXI--HJnsZnTRYIPQqKo0r2F023i6h2bSS8H3APDqKkxjwgqqV9X4PxaJk_SLN65bdCt4Z-bZMzHPwdZY3JS2wrnTgP2jB65BQEh83oY5XAMYeMqioiN49Yueq8IfTvOCixKOJixRPCyfBxtxNpVoZ1Q44-/3MtlDc-ft7zVIg4Xx4oWGdhMY_b3mJSXxWNwL-GQRLk),SP Curr Mining Scraper Operator 2 24.pdf (https://v5.airtableusercontent.com/v3/u/48/48/1766800800000/ND90wpcwWv5so1lgBjs0sw/PKiglh7VElpshjtCTQ_TLEsMNcdLWASVXlT691QZLD5G4vSlZxE0-K6JV7ZyzjRrZKtGZj-qzEzymRM_q6BKXMT4fRVk7KXd_7jD2mVkMmtCQumZnK4rJ_XKMn288GQa0Gi7cE8PSIT6rcf__zXEVeK3OPP-0SK2p2tdjOnupCvNZdrp6LyE58ZAM-PHJLXI/QoVr94bJG3fkIPGL-07mk0-vmfMOGRZrqCPw_i0lfZc)"
SP-230361,Mining Shuttle Car Operator ,2,24,"SP Doc Mining Shuttle Car Operator 2 24.pdf (https://v5.airtableusercontent.com/v3/u/48/48/1766800800000/x_8tQGRXwCNRtfWmwBVA5Q/9Yn0l-QsmxjVVgWlWQk7VedPj8Xrgli4pvgwDZxPfQZYUmpMq3QHXk1F2RnglEZPAWTKn4ZMg1Z36B62cMpN6ixHzXiAWtKH4_V8hwhpH_Y7knN31g6fdADkkNpkleWgGMe8vHEZjVuy2VhEiU8_kIJcCC_vt-9DOpcV6-a8grmtWc2N-LytwcJ4pkV3c7im/1oCiqnU0cJfnl7WtfUIUVO_7AIXxZMtO8XPrVc3tWPM),SP Curr Mining Shuttle Car Operator 2 24.pdf (https://v5.airtableusercontent.com/v3/u/48/48/1766800800000/dEZDdqagHAXgR8DuKbbVtQ/oVIJUxIXk2t60L3I1j_ovREJlrDaJggpwwywZB9FRoVzGD-lNmZto8Cbl9AyktXn6IOd4Jb53bKT8wQMPm9dW_27iu3dJk4NVps2Mm7z2GSFQI3llluMPcA0roo80McrX3ctd9eBs2flzWwKqHG-7DNlQppHuQg01ub-QoJ-HIvhp6AVunQBtzio-q7BPYLh/Lt_Pzm0CsIspuJyxQIGR6LuShA4Dt1Hm1Sb6eJnZ3oU)"
SP-230365,Mining Skid Steer Loader Operator: Underground Hardrock Operations,2,20,"SP Doc Mining Skid Steer Loader Operator 2 20.pdf (https://v5.airtableusercontent.com/v3/u/48/48/1766800800000/oOUxNui67imfRKCj995QSw/AfteacZWb1qc-ks4Jcyrh3LVD7kZDP8GAoS_eA_CPEZnpgVU6ycdjWWBWIJi6i5BHMMqHnS7668YlWzZ1hEfDJE7aTtqRfCS7vQLmpQ1zsyKk-hCfaIvODgD6awu9xwHOOzH4VM3pV3vuag7AX6lD74GgWWGl75FvqOyMKuymQj9gf_awXznOS3utSaGWOLH/3p7YkCv0pj_kHuhs70eJ7H22Kwex_k7Eh5yo20sWjHs),SP Curr Mining Skid Steer Loader Operator 2 20.pdf (https://v5.airtableusercontent.com/v3/u/48/48/1766800800000/XU8iuRKZqDChOVbU0FnYxw/ws-BdgiZEy3NC2m-QOvAi-drcshuNAckejYw_QkbobuRJJybN5mD00gcRTXirF05HyDoP_xz-b4cTL7sRTuOdH6eAlcAM5esfTw9Qdpjdb_9aEjoy2y85001jjrPoh_aUTuf69Et1m1FtDkMbCurcKlLctG0AygXtAEw5ugsMNK4NUXPLmTxIOf2A-B-JPgfJUBU4dibYnyGb3EWfdL4Pw/KzHJ0T8jnufZ2ggymLFkmjfBqXcAWLmQRmXh-XgP69I)"
SP-230367,Mining Skid Steer Loader Operator: Surface Mining Operations,2,20,"SP Doc Mining Skid Steer Loader Operator 2 20.pdf (https://v5.airtableusercontent.com/v3/u/48/48/1766800800000/9_lZpu1mzPLorJev9CdEkA/MvL5PPY0_USYxXLWckZjbspyTPDoy0tegKAMo3ApdctuxvuWU-kFwWhI658ZulsbEuP0jjfBYDMFhonhr2bdifJuqvd0KJYJtjtxMNhxHLA98zgJRAGSHTFquDRrgPxueO-jag6toZjU5IW1Br0oTM1vMDqzXRBKc-Rk_eQQJPWASNWRqeE1_v4MW-3O5KMy/BWg_AuJ6iDZLW4aASMEbx-OFn_1wcWJuRU6DkwxoZnc),SP Curr Mining Skid Steer Loader Operator 2 20.pdf (https://v5.airtableusercontent.com/v3/u/48/48/1766800800000/f1BhniI4mJX554FDde9yMg/Ixq2etQRYvKGt8HnWzaxDuAIdC3JN_G2yaEZBRrghLEPbsROe_eCOUY48N3owoh0xYV0wIOa88eQ6Ka38Er7PLtDnKzsJtoSw1Hj6Yb7j1k4VDMepDojOuzrkkktMcOQ_F3_C7oU5Y-89b-lk-bKjQiYbpSSsVCrZNS_hKPdGOKJvfcSfz3YKqhE0q2kvnG9KNq6ZU4bcreI3yUty1YIPA/JWtrrBc25pajeB18OIl_LBP4lfqYqijestSMTWBs4Tg)"
SP-230369,Mining Utility Vehicle Operator: Underground Coal Operations,2,20,"SP Doc Mining Utility Vehicle Operator 2 20.pdf (https://v5.airtableusercontent.com/v3/u/48/48/1766800800000/843_C0LUnKE4ZviI8p-R-Q/Ro6oShTBODdr8dyQd2ADe1vOZRq8dCI2RSl9YMct3uVgqSpq2dwL6_8u7CdUdw0tZHq9G3dBaw0-UXT0cOwyxOKFi4_tcMlY2Wmv4E4exyTlO279fOAdp02MYBege0rJzVa49GkosOOd3EbXxzxS8MI_1yx364H7GUhZ5SLLiKd0g10E7U64IWJrWWiC-_Kn/ZvaNIIyXT1zsY1qvTMzFKStR9Vf2lip7ToMukeZgZi8),SP Curr Mining Utility Vehicle Operator 2 20.pdf (https://v5.airtableusercontent.com/v3/u/48/48/1766800800000/2wtewlbkvW6pRJ5IQX3PxA/Xfv0doHbJFmX39xflXPNLwz8tW4qUjtwBiY7N5ywK1fV2HdmiY-9Tf8O7f4l9oalxZn5xXo_qGT-IPhZPuNNWU8zNMpB9gCJ_gaLvff16hINX2yCiGkASLW9ccnZXszxpX-2dYpr1xalCw743rW0me6jEZHeF5EKFPgWTFmA85EllVZKS2NSA4Lj9WwMzB4-/sPP2K9QO0r70syJyvDL3NDuGvTlzvS-K7wQ3SD_4Ayw)"
SP-230370,Mining Utility Vehicle Operator: Surface Mining Operations,2,20,"SP Doc Mining Utility Vehicle Operator 2 20.pdf (https://v5.airtableusercontent.com/v3/u/48/48/1766800800000/Lrx--d4ZvuVmEeF0QWuEQw/cYmTL78Zt57qt-yrYNdsDscO3G2rAVb35ovV7mv3nhlUISLCXm4YTvB7H0sYWyBOIQPwxgjhp1PH8OH8ympkt_Aoha8YlYQcErY7MntbRr0c_BzTl3waTW2hR2StOhMsVYo58Z31XY9RYg2I-iaFWPZ0zozO70s4XCBrDpDOWh_R7aIXIsYcHSvbOrP5rH1A/EGYOvkt_KmpnCRCE5D_j_xT0EghaYii0CZ1pNmWqf_o),SP Curr Mining Utility Vehicle Operator 2 20.pdf (https://v5.airtableusercontent.com/v3/u/48/48/1766800800000/qnkmJaiotQqopr2B5WPofA/lhRbqTmOHw_wPCqe2gcXcUzbZPAjxBXw5qETDizwUSnHZemoAWSGC_hJGl7Bnll_skj9ZFPC2bkBAC5qiNZKYYr0CIvefgBjuDKZeYIEE8Q58tR8mYsy5NCO8tkp5R4SMdHyZKlWhYZO8ZJoLOqPJea_fdhrF7nc8Y4hFw__P8ls9sDWd3A0q_wov0XByGX4/NoEJSTrNOEkUgoEA9Hex_o4-eB6mBHmjLmOvW2jA5Kg)"
SP-230368,Mining Utility Vehicle Operator: Underground Hardrock Operations,2,20,"SP Doc Mining Utility Vehicle Operator 2 20.pdf (https://v5.airtableusercontent.com/v3/u/48/48/1766800800000/aTlZzgdyJCOWABt5QXoJaA/4gznlZN5NJ7QvN6hQ4vws4QwkMGoqLCr-fUuxsiZ-ioxf0LZaKTqR7G5L1wdmnhj1c1ceXmaNym3XJ3uOqdXi-e_UnY2_pCMR3OASlHbE3iWjJLlK6CY4Mljrlo0YFG8396EGEfxhBuFU2Iv0-UYyhi6Y4VJ0WSHP_cfsErRKPl-YeHvQ5cZzjU2nwH1k0XR/HjsspD-d4JZrhi6AcZRyysRRkG0pRf4Ze9Y_Lek1fAc),SP Curr Mining Utility Vehicle Operator 2 20.pdf (https://v5.airtableusercontent.com/v3/u/48/48/1766800800000/1tm2XlcusXSETTYL66NhWg/bgMAxhfXkQGvXKV8_5TKYJVWv72do-7C_QCFUMRsVXH4XSP6jquZp3fRbBsk_QL5W_Hq7Qbp6t7H_zFk9rX8gzo9qx7oHH9_pv5mTbZl2vKA_G4rL9HiZ7ZLgG3zH95c9ke_8I7qrCg9SzXEJgUC0RNfjdpmSuo_7D5-u6QAuskXT-AsIZzjgaIASqu1doCl/rW60YJnkDIc86RdrfONNqwQoYQBsco5l_3zqFj6yvrM)"
SP-240204,Mortician Administrator,3,40,"SP Doc Mortician Administrator 3 40final.pdf (https://v5.airtableusercontent.com/v3/u/48/48/1766800800000/pM4wKA8lcxB6eLLLu0SZTw/ZHCmRRkZg4lLgZ9DR3DvrM7QuVudIB2sovfBBxV_nqmdfNO1c_BwSOrxi4Sg3Xh4CYQBkgmY4idXBz3VkMQ8yiNVAUVEvju9ut3f6T3nHvp21K7lehmU2f38lTHQrN3q5-3Vhie-rn3CJdnD7RF467RS2W2yBltp1hj78_SPDpuEiS-fvSWZZ_YGbYA2akct/CCmctUl9X6u8z2Qb9vT70WqpTsks0OJoxWwH7vKXOzA),SP Curr Mortician Administrator 3 40.pdf (https://v5.airtableusercontent.com/v3/u/48/48/1766800800000/Gdzgf21-IcnZAFtT9-7Idg/NGMd3W5huKiDBx3jg9HIa6ilH6XDciWC8_i6hDhYXrvi_AmHgf_hETkylNzGLpwUBDpKknO_j_4U7rthQW_5XV4S7p7-ItgBfWIzWKYxCKNUVKqEKRJlRqvh-PsHLLTZ8NzRf5_mWATrhPZROC-qXBGOS-4LRbjvC0vA4Ih3g8e21OH-a0ysxPQ6vSk-Gadj/IbFEsRpliWu_VBBtbMkqGRKxHgmbRhjU-f6XW0_CT-U)"
SP-250701,Motor Vehicle Roadworthiness Examiner ,4,57,"SP Doc Motor Vehicle Roadworthiness Examiner 4 57.pdf (https://v5.airtableusercontent.com/v3/u/48/48/1766800800000/_qw-5ZH6ZeE8fIYtzxnquA/URSepalG1lQAgLSZcDQ0goYnib6pEpyDw5nfacA03ML6UZfnhVDnlwNqN4lpuWZWCGeD1-nY1U_XBfIA36OqH9bE5nFLaUeVqSjal5XjY9CnR205yBpnDtqgi_gUZF1ESyz9-eYys7xWxXCVuqpkrIx0HTjtoY41khq7XKvuyJaxTi8Axl7UtnbK9Gi4Rj9I5pT-yFTarJYNDfSc8Y7cUQ/BSyUkjbIOojyUjOAaUC3ZD-LadJZwhehzjkKIJ4Z3X8),SP Curr Motor Vehicle Roadworthines Examiner 4 57.pdf (https://v5.airtableusercontent.com/v3/u/48/48/1766800800000/sB_-o2vDofeLgqVPLBqO_Q/ID15TiV0uTGc1TyZxgCcUnEUY4iIKqakJqPFguN08XcoB6PeaG58379dXFP8YtU10eO62IG4_gCMMoaaEgs6bz32XYCNJX7RLOMMYVS3O-w4u6rAQDm8cVvFJms7RJsdWo8y_kt_QxAQmg3QOc2HSxRCMbD49l2h7zv7mol7veY1oegN-NffrWpBU8EtVFHp4EaSRAXCCosW5aOu-KrmjQ/hN8EFJqMXBiD72KU3Lco6vXodU8n8Ndqi7Evk4vIFA0)"
SP-250805,Onboarding and Resource Management for Team Success,4,11,"SP Doc Onboarding and Rescue Management for Team Success 4 11.pdf (https://v5.airtableusercontent.com/v3/u/48/48/1766800800000/1-gvRWXO89xxXxrOh1gYIA/ilxXl3Rfc4dkQ3QnZcLSYTgByZcaLnLqEKlxYT_os-L08GH-KgLyxTVIJ8d_pWTO6Xj4UDl5uADVQz0tJZST8avExk2qNhMFAG7wHUMB5YL8P04-XiL_vaDwGNrELnu4UIKFru919r9PsEsLLVEN0R6qzYowq8VOzYwYnmEqmelniTn17HBWmhntN8patTGpNdiM9caM8ucHTEkB44Bzrg/qmwiCXheoX5x6L-oibpG0FyBk9xeEZhbX2hobXm5unQ),SP Curr Onboarding and Resource Management for Team Success 4 11.pdf (https://v5.airtableusercontent.com/v3/u/48/48/1766800800000/biG_WL7xBdrqczEPfUHJjQ/OdluCgDqKO_Kx3vq-Jub6sxz00VO7UvsmWEAfZBVGh4_mE6HvRK2TDFpDAgoN2Iq8WbXFAxCBnQoBf9Xtle9VrB55bpUOjdxDbzkMI4lF3MjgHyFvmx54hXija0SKElGPVtQTeBvLiAY4cGr2NC2Ay-apJQh2ntRbnXH--WFGSXc6AwUwY2Vm8xOPyEld7_GL51nBGoWIX8cNYBqSXfjA3uw2bnFs49gprqInuJ6JFg/2hOKlDL7G_rcVoWVUHCJWUr1UYCgvmkiqT7OxgruIRI)"
SP-211022,Overhead Crane Cab Controlled Operator C31,3,40,"SP Doc Overhead Crane Cab Controlled C31 Operator 3 40.pdf (https://v5.airtableusercontent.com/v3/u/48/48/1766800800000/ukfmYQ1hpvkxHmFVKHaaCA/MO-jIxFhYncVFLrOPNrJdSKbN84voWEJXOwLUSACE77dRgL8Z1pTYjWumvJAaLtsqx7r1hCFWMyDlxOuZZEmh_piA0lDvwZuEDcNOwjAPAvOlChbHyqto73aPa44g5TKYyrJq8qxqVSeyMkkCrv0Mpx251M1zso2tz2GhQviNxpA63B5UYYR6XUWZSinUNPb/wddEpua8ZQ4bFv_0zQvsfccvmc_QjdsDc2NAYi1aAEY),SP Curr Overhead Crane Cab Controlled C31 Opvers1.2 07092023 (002).pdf (https://v5.airtableusercontent.com/v3/u/48/48/1766800800000/wDD-AxEPoqpS7TRae3g36A/Zwid8i37YsFv2Mk2Xh0otoOL7UqvVr4GwzVUEnhq7LQlNfvXawc4ZHpw7qffcrlzMM0u9BzkNYBBDcij_VqJU9IsDcvZuexmZ1x-XnEIGQuSIDSsgTop1MrhWS9d9FnsVHVRzyyHp4vGm5590ao5IvGEsQ5F6nCkn2ghFZecVWDPe7faUotM5MzoRueFnc4r20dnU6aFJyLma1U672LCDA/mmyrHXyjrcEXJca_SLGQATt9k4wwq3K6lWNmOAo-WKM)"
SP-211024,Pillar Mounted Jib Crane Operator C54,3,29,"SP Doc Pillar Mounted Jip Crane C54 Operator 3 29.pdf (https://v5.airtableusercontent.com/v3/u/48/48/1766800800000/cM4QGntdUFCMhhgsP3kxzg/HEwfxgQcqJqos8-7sMwyF085Y7MvotG-sFxGx4nFk3pydp9Wkk-Uzg6fPsgbws98ITYi2gxhdt8vQSrefXmKmM3jNjY8KQbuaL5BBshCLS20BQTvH5WrWg9St-pnfcdJHtXJ0TX96y-9QOuYEIc9gN_zDreNqRlF2vfscPGtsIwwd9xLwCRgq23vydc-IhIq/8G_OF57Dh6dqID9s9WGu0HxBPsxGW7eSYSM_ai95OHU),SP Curr Pillar Mounted Jip Crane C54 3 29.pdf (https://v5.airtableusercontent.com/v3/u/48/48/1766800800000/dZPHutMP9pNBi5ZYcXu2PA/PfJn5sGULFfJYaetiU6gd5Th_VIKp1NvlAJtrNKblagnHrb4uXgy-py-UAtB2d8LtvrfYX08NdfQbeLeeti-RTCdEgX6B1-mGBWLWcz_9o9UOaJwVAHpchPnQ3R0ZVwXEdrKlE-ZVPoR_IMBrhjTXhMmVS90_8HGg9vwKYPdr-_DgNUQCB0frbWf5_JpKSv6/2C5YrBPsxBL8Y0B_gd1dkXVNfgGrXumgLT0TNPMrtCU)"
SP-240504,"Pothole
  Repair Person",3,31,"SP Doc Pothole Repair Person 3 31final.pdf (https://v5.airtableusercontent.com/v3/u/48/48/1766800800000/D0Kg7Dbp1mMmkmmeY1V1GQ/psQLXO1E5ct_f774v93CAZpulFsbndkMybGY3y5_hDE7ir147VzSTg5gwz_1S0JfllYaeOWxyj4vxFNZ6rYePsmtsIcJQzC98wQWocee9jc0j5b4LNuKtYSBNt4XwON3nR55z6av0SMZGqEUtDynTw1OmWiEmcq_ZNR-1NfD0xLytAKAOzzcZOn_s2-pWYXN/aUYf934lhrIrLJy38Q9prmpbynQ2OZ6-14IaFpMJYPA),SP - Curr Doc Pothole Repair Person 3 31.pdf (https://v5.airtableusercontent.com/v3/u/48/48/1766800800000/XWIRXQiW8V7nt5SsyeiAwQ/6_EjuAAQMEwCzgmRkN0uKfadgncFfE5GyQYzJsW4ObDJoQ5SdcrOUVtCjjkRU6FsDtaCuQBIvBJY6kFXoeD4sJ-FUHuLKW6d2akg8tRfwBP_oXSNfzx3vytMcTyhMb69cfg4sIRb7AipL6qmplSaWYMtbxpEprTDffRcWuPFBX3niZ5B6MWDZY_1YABoZkyN/BBVLxvrMDcWuT1Ugup-45Y2IonLUBTTrBqNqD2277kU)"
SP-250302,Power Marketer,6,59,"SP Doc Power Marketer 6 59.pdf (https://v5.airtableusercontent.com/v3/u/48/48/1766800800000/JluGoHF73PLAYqadfl5Ugw/WlFYSPKDfk2_4SiL_pUCA-pb2LxmfNfY3z0KZTDmdHZnbdKiUbRV6owUtUoXcMJ-Q5aaMQfLDR-R-YZaTfLqP1t13NGqkhuFtzctWxZwmRrHEe7OD3OCOuZgOlpyOeR1gWblFTH2OBAYz76XNJh8QPQpd7zMdg1N9oMkMMMj2xA/a3Sp2V7DQkjxAb0oNqXxFXmN98W9-IgYgQVM3LcSY1E),SP Curr Power Marketer 6 59.pdf (https://v5.airtableusercontent.com/v3/u/48/48/1766800800000/C80a987HdK2TZwuzij9yWw/-3LEp5PEAiLoX64epwPF1I6aUfqHm7rQYJ026nbmKXRO8karRjDoOAQ8TsdKHFTzTH1kAhSzE_9iOBptN7rjZYfJ8prhINAWJMcKGdrHqjKFG8CuZQwVqjJIC0oKEInPxcLmwJptdMIQ7rBvlT_yHc_L7I8560MKwMjetzw1v84po4Xul80vV8mTkwjx4yNQ/lptj1lfU3NSIGVn2pEgpZfmQObPD6VQOAsuIBZbKlGc)"
SP-250710,Project Management Facilitator (Project Management for Non-Project Managers) ,6,60,"SP Doc Project Management Facilitator 6 60.pdf (https://v5.airtableusercontent.com/v3/u/48/48/1766800800000/uYe9ioB8lg9aBivvyioweA/Xu2RC3dTDUr96kxWGglW9aLFD83crbDz3CLrC044Go5cb5xBAVLWmuloZT_HRoT1WEyL-k3C-ZXhpCpXKI__nSQbzHI1yvqe4adx73D_-KXq8gGQfXkT-YyHKbi9whcf2q4eba_NVSMJgs-WPzwv7JrqoF2xPhu-uY4xFaKivf8NLnVUIEmk-G6nGQ2a2ZpI/Q9TbLqgBbvGk13hsXIowSfP36gfbGXU-DnLlxfjPp6M),SP Curr Project Management Facilitator 6 60.pdf (https://v5.airtableusercontent.com/v3/u/48/48/1766800800000/cLWCisP2iV9a2Sr0B1FBOg/LvsIZ6cvTqOtd5lAWfWcwacmpUW3uujQB9C2YnnZntdHQXga11FSRiGQgfC1Q3YDDUafGra4caGBHy4LbjspewMLuBoD4RsOFxUGgwTrGx7p5nQ7MqjscilcRLUXwW_gW_JhTuVbfsnMX8e35sqXZICrbWKT2nYZu1UY9GL-lKR1KnZS5K3ay6p_6OmSk0Hm/AV7_akBkIvDCVJ0BDTM_maCAW5nh5VKQsC6TRwQ6fIg)"
SP-250107,Pumping Plant Operator,2,24,"SP Doc Pumping Plant Operator 2 24 .pdf (https://v5.airtableusercontent.com/v3/u/48/48/1766800800000/3oBod9An5XgKGQ8xhM7c6Q/fyB3p45ZtrIr85D7C76Lq7m4obpaNQakv0acczNZALYtkB6gfJUhp3SWBJeswsreYBvqA9Llpy8Fk3PAFnHxI7GK0qBJjwxUDXVQWlVJLJMKRsWeReZxYnq8nqGtCWK82M5Om5CoJxX8QCzo1YN_-GQAC1HXSiF9z9InL1W9jSwwNUUbbbEdcWMHKqe0ecUF/3mDLqK52un4aAYgV9oXAVkBNbQ7Ee_GRn2E53_R_ehE),SP Curr Pumping Plant Operator 2 24.pdf (https://v5.airtableusercontent.com/v3/u/48/48/1766800800000/2W8BJBVP87ghZDNq1zTtDQ/3swlOikLpwVjG0szYNgoHefzadJKBwP-M3st6OX1FcPm7zHoI4IpLvRdSZATyy7WqNv78iRxpY7iAfTiGlKUYiq_AcX2Z4UFd5PZsPpnrnx4aTw3RJ_VNxQFpmKH_6SrRG-DEG8Wm9SrRR_QYGbvGco2-kggmAtRh0y_LMXils_hNRXnza9vJn0IAB-FhmXa/chA5IZkXtwPPvzDShEArLASRmPTsytcBozSS2ZhFKgE)"
SP-230375,Python Programmer,4,60,"SP Doc Python Programmer 4 60.pdf (https://v5.airtableusercontent.com/v3/u/48/48/1766800800000/yf1AGWML-UiQq81QYtG5kA/mn3eco6gWB2TeUzhnJTeEleE0veu4wP9IBJ3Pz8fSro7YLE81vj7XajowJRS6N96_LcAoy07gUr2cz7hyaYgb0rj67dwvDXC908Ns7LOMRsrIxDwZI37Qn1M_i26IUSrL6oP98Q7--wHdes13uHdPej6HCPh2hT3VfqI0f3-SFM/vaKpZHY3GF6DBruSss76soWSlNMj_6Px2tDLYob2zNs),SP Curr Python Programmer 4 60.pdf (https://v5.airtableusercontent.com/v3/u/48/48/1766800800000/Dz8DvFrAEfFs6QTVvFRdZg/KgNaabOmYf1tVex8PKO-adaU5jEUz2h-qLI39urRJJWiRbTzf-T_xZxcNqGBR6W8VLz5t2QRc_8mHTt4DIrLbVFbrUGtCPVcTqqHTZKdAIqbfc9UAfvhwp-8YQ7XJWv9RxN5Wm4iGV5y3XESgDGgHXrLHyOb-WMXVtMnnX3J1O4/cdbh5gKNEC6mg4wEaAn9zqcERyk3VGtPx3UmC8E0OlY)"
SP-211025,Rail Mounted Gantry Crane C52 Operator,3,40,"SP Doc Rail Mounted Gantry Crane C52 Operator 3 40.pdf (https://v5.airtableusercontent.com/v3/u/48/48/1766800800000/PxpbkgGHv4eO1WvqXcDY6w/TjDqYYiMcPyYbRACCy07q0Mbp8-7SVnsyYdVwxkr8zx_B7W9YUlMvyPmzCuN1HyIjvkreAd4xbElOwDESMwk2p4O82Sde9ctnkMZ9K4HDRN_HH__i9dzEn2uMpE4ab4aQZtL3HTDGMOmFDGKK6vaf-77dYR1FHFzKkatlPe1pWoG4cW96q0YAVktemLa-OuG/-60309aJxt0POIbtIbOXJsvKn5FFTj7tzlkf0rjt05M),SP Curr Rail Mounted Gantry Crane C52 3 40.pdf (https://v5.airtableusercontent.com/v3/u/48/48/1766800800000/SepNfBEnfeg0zM4RZiH-sw/hMZZyhnPQIFGcb0EUIifKlq0L281n7VZmY8iHazPyvdyohtwrF120lWwggcIYnIExq0yk6siCuTzpKSMdlidr-k_Q6DQwNgGkFjeXQ8BVO3wva3Mcokwad-dERze4F064JZVRJNiLV8XftyhqAAGtAmMCmjjB9SfBVnRQqjJLl-x-YDh-k3wp1J0lAVfYzIH/XprDlL1d8f2EUSQzTvQt8DBQtCVtq_qDLSjiThAX8bE)"
SP-220318,Rail Mounted Stacker Lift Truck F16 Driver,3,17,"SP Doc Rail Mounted Stacker Lift Truck F16 Driver 3 17.pdf (https://v5.airtableusercontent.com/v3/u/48/48/1766800800000/aQppBG7VzhLTc0x3l8Ypiw/kgGz4x2VkFRXXbHIFecUiDbKrNURXyahicex8spmMVASnzfkoAbILnaYfBIXhpUzCuby4BBHj7YpNE_HJeHP7FOzJF88M5E18ijUVEv7adOnPUDKrLF2HQVsLNYwLPsPJoFzIx0kEhd7mdqVgdw9PVQGOWhZIbyxQBnb4TOpvZ2vR4M1LbEmbcVUrvS5yMCZ/eI1OpgVTvxssfTTtGHtcBA7hJnDlgNl0lrRYPnR9ZXU),SP Curr Rail Mounted Stacker Lift Truck F16 Driver 3 17.pdf (https://v5.airtableusercontent.com/v3/u/48/48/1766800800000/tBIRlUAgxj-UUOZ01w8Ogg/2Ywh_GgduCGOsqS5utnoiooqpDPYH3ugoaoJ-NHJV5VPMkkzqcWnBpjxaKvBGnSnoL8_6UN3Lib7-a2gI12O4hTSaq6lyMrj6D5vRhi_dNv9ssOXJDIcy79rOZYzekSuGLHepLyP4qeerSlA1aY0k0lgYhddX6yqQr3J8uJxkPHR2RV7Qy1RGrehf31x7yX6/B1BYMivmJtQ4MRaWF-xnnjzSfYlL4lqV2tGEYnW7_Rk)"
SP-211026,Reach Stacker C48 Operator,3,42,"SP Doc Reach Stacker C 48 Operator 3 42.pdf (https://v5.airtableusercontent.com/v3/u/48/48/1766800800000/N960znLwu1RsY_xDcJijRQ/WkJQ4U6FwQm2qpImyf8T8VRmj7PQA1UUV9ho1RtGJaFOlYDRgHE-RwM_taP47k1xJQiAqgpliAVHecqxeGkuL1H-jGBkk0Vki3akzo0NuQ4WezlZ19F99OJrYP_D9yR6s5qlOSCXe3Jrrm-pJWydNR5oIXtHtPW9-oUske5OQ6s/qfZgcqWyWmpP2BDakC__xkRR9_hsf7ilBHPneA2k-vA),SP Curr Reach Stacker C48 Operator 3 42.pdf (https://v5.airtableusercontent.com/v3/u/48/48/1766800800000/3CL-RzUoy3rHeUCgwk2XcA/zYquOEa3UnpX4CEjJS7ha9Gl91sUijRAdyEv-GSK-FQ2bv6p5XlPREEOi4qUwARLqzu8DJmVE0O1ixQ7Kd7iWB3y6_fz6mkDARnzZj48hdge5j_6iTlBJ8vptCwzn2RwAWUNinJ0kVQz6Wkd7RcSLCGeReuEZtBpd_1AJ5Duyk8/OBW8-rAjGF629WkrHt-Qpnjy64nAcq2-KtLg9Ah-6vc)"
SP-250306,Road Transport Dangerous Goods Driver,3,4,"SP Doc Road Transport Dangerous Goods Driver 3 4.pdf (https://v5.airtableusercontent.com/v3/u/48/48/1766800800000/BX-5mWaLdw5A52AAkIwn2g/Ax7tGl--FUunCcXLd-HJ0zcLrX6BkZUwOSXpHgiq_4V6S26uqF3w3bmc3wCsgCwz689xs8EzVOsNETUKRxoGtRS5hv5x1GuLc7qvufqidGNrrFhGcn1mtxZ5SZR06UXRCJigItYf3i346I9q_K3QNTclEXfmol8ujpAzctOYaj3jx020yZPwViWgF8DY5FnkMEBKDRbc7aBYVoMadqInJA/DV-hscsRRop4-BMgTdxiwX6-PiBGqJGEDJLmgmhvakA),SP Curr Road Transport Dangerous Goods Driver 3 4.pdf (https://v5.airtableusercontent.com/v3/u/48/48/1766800800000/v5X3LXb1t6WvZhPx5ijsDA/IXB_eof0t4uhdQ8u06FyfHqW3VNLauQHsdCL8KiYaEFRBo8TECl1EdiMxvkt6lEg9VUQOkIAoFODnQynX_tgJ8puq8DutfCdoolvCr2pdRQ6JfKY3_LZlNKpXELIsFWdfnb2VvnfOgn2i8KhH4z76r6hPrDyZwstODF4cVC3PXFKMiW-Cs-nSq24JVZV0GY8XfjNSw3bhVmZFgfMSAW9Tw/G5tmqEXVzlWL0STmEw1AuQQXW13CDkHNk3M4YUC7x1A)"
SP-211027,Rubber Tyred Gantry Crane C55 Operator,3,40,"SP Doc Rubber Tyred Gantry Crane C55 Operator 3 40.pdf (https://v5.airtableusercontent.com/v3/u/48/48/1766800800000/91lthHjQJhA5SpHO84R5xw/WzH7Toq1qr0D-g00sYx4d7ZjubFYaVsAlVB7nJRpHs07iiuDLcfXYasQV70FdWf4Uhq47DzchkAcMKMwfegsGqN7-AnZOHIJtjRHOld1ZAJlYgCPQ0CHcVYIAvIM5ZuROXp6AmIiWLDcZidNAutuzDgbQNlOPNb4jBPLT_3Dd9w8g6t-LLXjFg4wzIv9rBx7/7DQys_BZW0wnLmKggaemO9jznCO2nqnRjxhoc8VxOEE),SP Curr Rubber Tyred Gantry Crane C55 Operator 3 40.pdf (https://v5.airtableusercontent.com/v3/u/48/48/1766800800000/jbcHIL9V2llKDQU_qTT9aQ/5t7CW3K0HTw-UA7-5J16TVWgVYzMCM9j4STiqlMMex0bcWiX29NXKK4K_D-JyaZYmT2N673KN8KuIx5DbXR_KQek2HQWpx-Sm-Gpq_i997Q__kdBjFXVNr-rQ5XTAe-E8OpvRgTXPeJ15NO3xlL7FR7fjIHW6WD3K34M38BeM3U3SsnDkWb13DJddhwAxhpT/-DdgS8wC3bBcvA39_d26EtPMxYSgYbKAuHw8d9OUseo)"
SP-250812,Scaffold Fixer,3,24,"SP Doc Scaffold Fixer 3 24.pdf (https://v5.airtableusercontent.com/v3/u/48/48/1766800800000/DCftRclIJtHNn9O4ge_mAw/g_dSH9sCt1XWc5uXZAdXA29bZhEUhHrcVKsuBICEaQFtsvd9wrxZ9kehwWacjuLl-8AqoBR-xYqH_5eNBKjeaWUpTSLNWnkp6xd5DWINT1em1pm_mD8OPg0k8KTRTjQkIetjLt2Why63tOUA69EneNDlAGzOVSbs0PutNNI7ta8/3YZ_6PmkGMqzvZiF3-u3i3w55c0Iqx6wrfGWfPTC2dg),SP Curr Scaffold Fixer 3 24.pdf (https://v5.airtableusercontent.com/v3/u/48/48/1766800800000/Y-4gSssPzYtqefzdtQ3g9A/M-3M_t9ThLcI-se9_AEkjJgm487rhBH-Nn0ZJDf-jLDH0VOcbsqZiI8DWOsqN4AvFW1xjqlvufbnD3H83vHofZC0VsUf82V7UQhDIqie_rWC70YvgecdjJtlXWOmXK7T34A_8_e88l8Iqzm-k_DgRfKJEvoSlczN5DiFtYh3lVw3y-HWgeD0t_E61IC7iHxg/Dn-uwP7RfRytcS9Mx-v2czsiOFoMPSV7qPqj60iTVKM)"
SP-250811,Scaffold Hand,2,14,"SP Doc Scaffold Hand 2 14.pdf (https://v5.airtableusercontent.com/v3/u/48/48/1766800800000/o-65rfYUjKD_ngCWEpExWw/peHL67ncvd9BB-6PdAkyoqXCE4tTa0qY9i85e9wa7w6aJC-Ccy5I8OoxgQUhNa9LH-MJhVmIzOdu8EhVjV9UfpaNz0qdyZCdh-fLUxkg5n-wJpQF1RZDvpB7BJkWvqwCkD1uATOOQaRw-AqpnrR9rVvwuNRID1veSsOcLsdbHAc/xfPq2Fmh4k6ONom8HUmJfgfxpDUaAZHfJP26STt0g2A),SP Curr Scaffold Hand 2 14.pdf (https://v5.airtableusercontent.com/v3/u/48/48/1766800800000/_fWrI15uOJhkju0Lts_I9Q/cm-klp4iDJCxt33dJR4H8DMeeGTWD8NUNsaY6pfuoJXvFBBrr5ngYyIvh_2YU4zrDxZNIzMX8wVlbxsvn4IdTyq7jX9uLwtUO9RBzFnxoLyBIz8nOh7m6XTCAb9Sj8pyf9RjT54GSfKTnNdIhw2w4_FdvEajc-LyW_PL45tPLB4/hWBE4nykzd2kOhw7eTQMfiw-dOC2riQFa9GgyACDefY)"
SP-211028,Scotch Derrick Crane C51 Operator,3,40,"SP Doc Scotch Derrick Crane C51 Operator 3 40.pdf (https://v5.airtableusercontent.com/v3/u/48/48/1766800800000/7JCC0xpqqm-zC7iBJ0V_CA/4HkdgmvRZQ_KLpXA0Tcb0AhycMWSQVj3blSwTXJVg4LKKB7hQqKZOdsyVQNt3a_wdRRaD5ew2f82IVwEiLg1quu_Db4GpFX3LOqTdEJ9ebb0upbbRVdianYsTgEM2C9WQ3PHaAV8UMJrkSIQVMxbeQJKIowul7uXrM-CZmmqGd-mPnprDOMd_vls-EikALz1/KDACqYx7upBTd5OjUalcwnLcHpzP5joDP4w6VI_nPqM),SP Curr Scotch Derrick Crane C51 Operator 3 40.pdf (https://v5.airtableusercontent.com/v3/u/48/48/1766800800000/PyNFOfKYCc4ldUlpx7wQWA/deRajVfcZXz7LxaAC0XP6znu6HH04CRpvlDGgI9PLDdFNjD_TcNjYMo13jrq8lvwRC3WVynmJ29Jdu1J0PhH6kEz6fsjI3G5d6j_ofbH1MeTFuCORaHIy0F0rcJ6OPDGZaMQH7v4F9oJ7i9-zDHdQOTBGlVzisY-6KVywV_LSU_M6oFSupHHCVeXfGmWnB2f/ag_p48aB7HeQImt_F6nAAtgtybNZFl6Rn-IfOVeeoAo)"
SP-211029,Ships Crane C45 Operator,3,40,"SP Doc Ships Crane C45 Operator 3 40.pdf (https://v5.airtableusercontent.com/v3/u/48/48/1766800800000/n9RXfEdkIfSMeoBvSytoVA/qQJMDS2X76VlqHrjlXTy-Z_N6TREo1jSCu7L918bh6exM2qaVVOOII6-7XssQXbOmNmCgHOt9WUoC-LIi1t6dCRqEuci6NgAffN1HyBxE5mqGPPJRiI8l-dlL-kuGCoCLQ-1SoG6Oy0h7PzuCNonSHGIF8VbdkMgxdOZpekzKXg/dUL64XMdeUkgBMmyjBOmpUIsFYjX2FHCHP8Mu5O7dvQ),SP Curr Ships Crane C45 3 40.pdf (https://v5.airtableusercontent.com/v3/u/48/48/1766800800000/wCyXKBwUzCrB3J_ivvtXGg/-UrmAUYjIxg-Rjsi8r9QMHDjcVx2Z818Fsh1K8sfYW6aBApsCfY8i-SRrNQwjpbND4K5szEl_so_4GhLP0wHC4M71g3TKU5rO_ndjA-F27eF6QXWy8sw_Wzu5W9YaKsPEVz0m7AvsPMv26QxR3EzKkWZ5vVk65R3EjHLLdnvWEI/UT31ZeVvXyixT-T8_zuBS-eqaAUivNJzPAJA9CjUFT4)"
SP-250125,Shore-side Dangerous Goods Freight Handler,3,8,"SP Doc Shore-Side Dangerous Goods Freight Handler 3 8.pdf (https://v5.airtableusercontent.com/v3/u/48/48/1766800800000/ZyNZRf54U_lnm4P9m0GogQ/osSujv5tgev4k4bNR700e6O_YbeEcq2vITbdvkNTGBgFjr6nLpQmAJrd2lSvfVXFxgc3sSanwQBfiT02YsiSnwEVEX3fRhlv369OXLVCyJEIhV7Q9djVkcPP8H8VlrCen3BkLRs2N2DH7NS4cd6q3UOyoGjuulCpxjXtbL9JRidwDRoiXK90XydBEroA1WFTHmUWbtN7xg2DF-1JaFJWnQ/LeMVOAtgno48RY7NYvv76nNzviEHAQU_5AtLR6sKOm0),SP Curr Shore-side Dangerous Goods Freight Handler 3 8.pdf (https://v5.airtableusercontent.com/v3/u/48/48/1766800800000/yEvQpIci3B8CJ3WYsmYFSA/bx25Ujv_-Y-nsGhoO6j7bgVfxW42LRB43VN_x41_rikoIztMsuvjgObOpN6EIj3XPghW1KWJCf9Re6jjwtlQb0pf1fsixFNAvYi3DcxdEhsb6EgVgsJtNWSVxd-_hs9iiwD-44hONS6x80jA9WF2peHWPj7geMl2ElNSc2wO4r_J9Ty-h0uP3JAJch15ozlm5AeNexwBHPMJWg85eHMybQ/9O0vyJU210ba-z6Q_sa9aBVzzCCwjHKmrN51HyvLIqo)"
SP-211030,Side Boom Crane C60 Operator,3,42,"SP Doc Side Boom Crane C60 Operator 3 42.pdf (https://v5.airtableusercontent.com/v3/u/48/48/1766800800000/Ohm7kVHRaB9R9INFMP6-Cw/ePlY0dDHaPObZjY9jW_1nTvxxiqoT_DjnqgxUXY5nPWrz33CuWZE6rByXphFKn2q9zGWbu2bXDREQKsF97nuZRWwPmvg2dku4qzH7K4UEHkfha3WqJQ5urG2J8jnJDJxh3jAgKzJ-7HcOQeWIbYOaLykENFDsbhrjpB5hOECh3g/WNydpRYE48bnziskcFjhOpK6hajd1KZyuMeDSDNuN44),SP Curr Side Boom Crane C60 Operator 3 42.pdf (https://v5.airtableusercontent.com/v3/u/48/48/1766800800000/zsqITUTO4odN9RcnebtfhA/A5LqjddcoE3uZfq2isE7-wbIHE1GdwogAqHCRWGU6M6kwZvs3dAUgq2ZnObIOkHQk5qh4gzp5zkZUKX-UgTdeuns6BMSv6LViOUijmvNR4OpGAlmzTc8crKuJ75eHowOLP3GoBuYRHkSmOr_SKEl_V-Rc7nKS1eqXUDpBvuevGqUuwG5UcZ1UqCV0wMlGeaP/JFOg85X-X8Ywv-GSa-jL4fhxN5RWZlc_eRqWnyVAZ6w)"
SP-211031,Side Loader Container C56 Operator,3,42,"SP Doc Side Loader Container C56 Operator 3 42.pdf (https://v5.airtableusercontent.com/v3/u/48/48/1766800800000/BSXFuvfItNKE7HReEIbjwQ/PXyFC9pz9rPrBf4qSkm-E59R6lc1sU9iW-CtmLHWVWs0OuasoQ2EEk-IhFyrHrcADecWaMA68AUm_iF-sKRex0jVfHoakvLhKVW3atro5gIKJJN997IHYAgM9BWtedJzFK7B0gC8F2YvWHutoW9XyjrzqkUr0Quwcc2C5Kb93g-W9V8ojdngaYRuc3YFdlmu/x6waU6XVnV1SIA1nm0p0NgchWeqhDrfMCXH-NyqjAb4),SP Curr Side Loader Container C56 Operator 3 42.pdf (https://v5.airtableusercontent.com/v3/u/48/48/1766800800000/-aEIunnS14UgskqFdxFOKg/_iWbRq-c1iXVng6NnuOMLMRgVyjW_jQRVEO7SPViLFgbTlXRmOrVk42dTXSyyJUwWuHhzTS2c6G3UYFTuwS7U85tNCBuZ3AoyIJpIGWWuQqGGkm77J0KwAGu4TozSmFVnfqk-IVuLJY8mjF4uI3JDNzACkA5SgOy-Xiw4sJPHcUrUo8tfMJkEik43eK3uhJv/wNfeOlqixgWiKIv7lCNh84VLiAmplHSjMeXPCc_fanw)"
"
  SP-240207
  ",Small Domestic Appliance Repairer,3,45,"SP Doc Small Domestic Appliance Repairer 3 45 final.pdf (https://v5.airtableusercontent.com/v3/u/48/48/1766800800000/6Hv_ImfqGhTJUuOEfPn47Q/ERRgKfYDJJZk5CqpNOjlEQpExspKmSA3RgwbeBHkK0Poxu3k78PLV5Wqdfdotmj_PKydhODi8uCTc5_EDUAj0Lnz2dc-W6GJlJVGVqm1YkLqllt6yR34OCjnqxscO39cdh6zABLoRu8aGEo-v_m1qU-kpnTayEKC7PKGbJQ9dO76NsaJ4ZKeywUDrKia0mCYMTPBgrLzYCVf05k3QYrhuA/Z4sngnwcR2L2yVAOAWxk0YrKiMeD_WnbuS1X5Fd1aBQ),SP Curr Small Domestic Appliance Repairer 3 45 final.pdf (https://v5.airtableusercontent.com/v3/u/48/48/1766800800000/M4m1F0TPdgrD3M104wR87w/d5Gz3u4ExoY2YXRJCjr8HyfIu6grq2i4Gpg6FMwMkK5N7okpRCamu11sPFA9VG7MF1aEeWBb4aDAW2DXVIiHmnZ2ESyzYoaG8GurKxLXVp6R1kTAIwOnPQbzWKQuO-F01nhNlaWl9-i4hbwniQ8TNcdyDXOF3fBccA2kEUgDwL95xE-fLLvVCQpmFL6x2a2WsYU2OIAovGzOLTrO6XTdFA/jHqlyCygNsmbitrYunO-0c7iKk0rdtJ3XtDiwD51Qi4)"
SP-230203,Store Person Explosives,4,19,"SP Doc Store Person Explosives 4 19.pdf (https://v5.airtableusercontent.com/v3/u/48/48/1766800800000/0DSr2A-TS0YlQE-y8XGvcg/SLEQnoUNJwLVoyvqyslXxI6DnOXXfyunkkuyLMfHdOCJMV0nshOF0GkJP1E3MWhnwhM-XoVD5BNIjBzNsD790TKjbDVI5SMjYhRDt_Fsp5WHb5ZWnBb5-kTKSvK7vj5DCw_KybUfBPmJtRdjXXmjLR2lUBTCLM5PZEbC9PX_A9U/i5tgg8iW_aR8QtdBYyoA0_RgkTqmmnaZ0mgvsRPIXvY),SP Curr - Store Person Explosives 4 19.pdf (https://v5.airtableusercontent.com/v3/u/48/48/1766800800000/oIQ0bVLZJmiWXwUvIYNaIw/MzRE6g0O21bHJDj6MDfRok0uNrF_AvX2ohv0YcXSxf5MJEMK-MCgBbxwyMJWkbCGLnB9DMdjJ2IxYpwGNmYnGq5FT9kaDLilxyWBl2gfqHsDdU16GzkqloNBNorosHQUsnCbQmZd29S_HhnxhGM0DwnEibddPCduKsVWB5HCW3o/40e1zILQgpIuI7TzSRYQpB0x8LV8F7lEXii6IPTm1EU)"
SP-211032,Straddle Carrier Operator C49,3,40,"SP Doc Straddle Carrier C49 Operator 3 40.pdf (https://v5.airtableusercontent.com/v3/u/48/48/1766800800000/BthmQKad025Ud71Lq6IBpA/682u3hb2dIuytyxZMpm9JxJHakpmOWhzBBB7WsXkfr0N0bekvBeTyfEiLBtNvnzXDIzUW313cgGUytQJuLXz6n8W9Bjzo0BfIGG2y8ZfqrBWa90aZ4u34WE-y0Jcx3qB82R8btrtaKyOEyditLWCjYKK25O3Gl5lHDt5eNcjIXdE2fekVZoOV9dAp1kZvoId/IOEuiaz-2Elj_bADXxmISUG9_be47bfe-Sr-yNvyoNg),SP Curr Straddle Carrier C49 Operator 3 40.pdf (https://v5.airtableusercontent.com/v3/u/48/48/1766800800000/yEy_u9HK58gOyqpck0lc4g/_uzBfcLNUvrd5nlSRduy3mjuSnKrFn5yWQf3xqU6c8TbqBNhYHQfFIR1SncNK9utvwn4oxiK6d7YwwRZdS3_WU8TBclfK-6CQOHaZqThFS1rYsSzAmPq_p-IKDn-DpmLgZpwzFjDFHNHDySxhC72wJkSAsv-pYCV_XggytBvLWGlIAa25pg4EuNPpTooagKZ/1TcHVKACn6IDE7Dt0-WjelC6sZ_r6dpBA_hQ0aFRmqM)"
SP-250110,Subsurface Utilities Surveyor,2,28,"SP Doc Subsurface Utilities Surveyor 2 28.pdf (https://v5.airtableusercontent.com/v3/u/48/48/1766800800000/hs2R4iSVEwNkG-MJkqx_fA/k7M64B3Ht983wDZw1ktxoC1xewJ0N_aY3aXYdE4EYe9Jy8Pc0I2janEnIjbrrR_91FHdSLTQsTE4QY8Gr4dNYYv20zCkugGrGg5gsTnfO4cPoWsB2QpcWpm2TiySDpOopry1PDc2X9tdQjCzua1KanioR3T7nobyIdAQU04E7MlgcGGm10QV-FvmmA-TLl1C/jApOj6I5T1P4eo-dj2kTb0bjqSGMppUBKolP1K0RKVA),SP Curr Subsurface Utilities Surveyor 2 28.pdf (https://v5.airtableusercontent.com/v3/u/48/48/1766800800000/jRUOMQ69HSFr4urBD_bG3g/gmrS85KxKmnAwd2HMvtybI7h7Ice9zNmH_XXkYl8qpOled_icpJSnHgE2_lPZCIw0ch5KxAGZYkLZ8M2UuVzH1-hhBQfaaEXN8Grya3WmoXsrwmFXX5uHU4vDq_4eIEOTolQA--fZPAd0ZsOLbk9LQ9p0Kk7_EoLl3ERLtHqHMaC0HWL6V89yt__aHC9Lhx1/UbqkAnjjrhl1Rec6_40m3CePw0CVsv2jebUetKYfwVk)"
SP-211032,Sugar Cane Crane Operator C44,3,42,"SP Doc Sugar Cane Crane C44 Operator 3 42.pdf (https://v5.airtableusercontent.com/v3/u/48/48/1766800800000/xb2KdoWPONmzk9abRqkEEw/5kPzwmhJwf1GyP-jtBv_mbHp_qSyctVeGvqBGW9_VXPHqr6DcWm42fOA8z7g1qRtE3Ol3yapKWlepxCP74FGuHsNcfiLV5fhm0ok5063pGrMJl9HIlQwv72bNtFy90Fgk0hijPCjhT0sqvgJBdS23y-PIKWFO9naHH22WYUFBbKskztlTHJkIgIeH8ALMKq9/cqK46-pt2Z8RfSjO_IQHJIjui1gL4Om6WGjHRY7lh_A),SP Curr Sugar Cane Crane C44 Operator 3 42.pdf (https://v5.airtableusercontent.com/v3/u/48/48/1766800800000/ThyoHJdH1IQ68ZxbP-g24g/jfWoh7cCCqwaXnaXyatbM2aXwlRW4J6gFBJVBXqkmmskIkFAFG1FDQrQSyf6qckoJSNEIeNgltbdsWabvr_CUgmQVYfpmDCXj8TA4ppTohoYe8rec-K3AeOUToMvq76jVU50MmzJJVq4E9iv2HM8NcL0wNRwBS4VXmCTFp1Bshhi1s6vuAeMQMLXnyGvXdQ6/TDGaZyFfvNgJXYCNwEkAuDGea6izzvqNCrgWgymXugA)"
SP-221124,Surface Safe Declarer,2,12,"SP Doc Surface Safe Declarer 2 12.pdf (https://v5.airtableusercontent.com/v3/u/48/48/1766800800000/MRu5gv8AqeBg4a_3dvF9hQ/xsoiHyFx3h2lXl75CldsQpR_bJ7StDdDN0SJgTLQVHWPcA_r-LGxZA4IPDjL-BzHWobV7tCB1-gZe3sVungUuiVTf6bdFuCZ5H7C6lci4WSU-Ew8D59PsiaSCRMe9jg__4DMP0uXTwVmV6pvH0BkWAaD70igjqeJ40UGHEpAQE0aunluGXZi6RMziUmva2Wl/dMG7E5tShqbf123tqQNpyY-rngCJ4-b-FdR-ZGloFn8),SP Curr Surface Safe Declarer 2 12.pdf (https://v5.airtableusercontent.com/v3/u/48/48/1766800800000/Yw80jbuJHXG4K1gHSyXaEg/QA5_qdTtZSpeSjt1hUUaIhTpH_vfRcj8qr7XrnIhPYteKXAbvHVUnu-TcWewZhQ6jiGZF2v-psQlqFA0AS-Ug3mCCEvdHmtUDwsk54iAECKWF9FrXO4DDRpLxNfWfpLhkpd5x8isY772icr9HWRN8H0fo8zd7z0EY64TC17WfaR_jBIK7uC10aTJUFRT7DVT/wqKkrSrvNhvC4pl1oD0mwfNQnSk9dVlJl2Stl3d8PA0)"
"
  SP-221127
  ",Surface Support Installer,2,20,"SP Doc Surface Support Installer 2 20.pdf (https://v5.airtableusercontent.com/v3/u/48/48/1766800800000/efyF0oRS97uxRDVxvqMfhw/nEGeon-6ghJZOcePG3oeY4zF-fRcXfoRnazpjO7fBav0Xu4AtNYSu5s3dMmftVFiHnWgjwxJe_JyvnC3b2-yiryxdZUbOzgNa2fY474ZOlyf69qrW3GEOU7XRsxkESYtrj3CZO_jwAtg-Xvlx_7gwhFTrK0NMhJGzQecDnRHyQPa0A2VosyMArEEVu4ouyqE/MwwRmnyhfjTDz4IrV0MzlM4cbXeq3AtWdD1olyHinMo),SP Curr Surface Support Installer 2 20.pdf (https://v5.airtableusercontent.com/v3/u/48/48/1766800800000/YSfrBWK0jSr1aLg_lSX7cA/voqD3bJjDPK9ccTSRPuI7WDxYOvu6odgdCLfY2Ff9l6Vvs17jOCqQftD8TncUEfeZpTqv0HK7OMP0zaHXG4dFPqSKRYoMLYV3rWRBIGJpnCMrD2ohn66kNotBI93KwgllZrDZDuLwMVQ7hC2kRs7awaY3K4lxA_GVsQWFKlenwimlNPXM7G5lNiPNm2TZYEG/34m0XXGs0hd2GLPuP5YND_7UjZiBYCWx6kNQ7G3BnwE)"
SP-250119,Tailings/Slimes Reclamation Plant Operator,2,24,"SP Doc Tailings Slimes Reclamation Plant Operator 2 24.pdf (https://v5.airtableusercontent.com/v3/u/48/48/1766800800000/tvNnGojrO-SA0JSxY7kxoA/Zn7KB4XSdokBQKuk307iFfMy1JVTye9OSL3vHHZLw6BYNja3sN2dZThFi19RXjvOyb7m8m3uHZ0FUp4MEuSyeSxMgC-8sHGX9AB7LQarvx-Jpqz1zhm2YkB3tispmjjSrImpEXag_tZ7lmeRcj1FPxCJlISSTl5SeKy3eKOra7BvKBlPN-psF0Vs94o1Zmp1a5CSuy0HhF17HEUe1Ko2mw/Hf4ivHouUL3NXGbLJGyHmXVVYjTE_zQw9fYxyzFK_tc),SP Curr Tailings Slimes Reclamation Plant Operator 2 24.pdf (https://v5.airtableusercontent.com/v3/u/48/48/1766800800000/bc0UVYcAde37TczJyZpqDQ/YUZH11AkXiYmmiS4pZasSJTJ8zolQqYLNtHkSLvaAV6c2qtAfP0XkCfedTjMmexBfwoTQjmNDCAsMw1lZ9Q1gEdoCGUuZ3n_ecGGHOHyrNdK0lNLU0vKqDCY6RK-pvd6oMUpabIOx5pXwNp0tZzCfSITcavboLcV7QKc9pKkMnTMSL4lN2e04IV9iv5RlDKRiYKOBeK6Nu4xAJEiPXJClg/1GFsuLh99-trZeS_KveiHki2wgK5L0aqLb8eU8vLIT0)"
SP-220328,Technopreneur,4,60,"SP Doc Technopreneur 4 60.pdf (https://v5.airtableusercontent.com/v3/u/48/48/1766800800000/_YHsYkF-CfCPFpqm8ysa-w/E5jFa2uvO9XLGV8X_vRtvEUOPPZbq-CaOdlmJAQnP4LAhpuCao56K9XWo2gk1iMmdGBrceHKx9hZkTKL1rFks3s5jw5a4VXC3ZEQpkAR4yKj2c9UVH1JjBZ0GT0Gu-V8RhdLx3jaZon_3cZHi6ZaiRC6GEVYnWuPOdK9rsasEbU/kaeioRPvYQoQGSOQOeUq8iQWhjIMfDaX9lsya-8-hrI),SP Curr Technopreneur 4 60.pdf (https://v5.airtableusercontent.com/v3/u/48/48/1766800800000/dJchPB99kVb3lIeiDRplKg/WACE_2gcELw7OrMMNT9y-o_xLnvVq_Hsc5kMc9wYFIfrdj-wjm0glbJhwV4-iTafNgyMccu1r-KUqhEJ4nLLItzpnWHjpXVtAoqmgxRb6UHi7HxuFyFKDnhSyyinC9QoBOV9RefudTZ9Y1EmU0Sm6I7UijHhASDoiPETyRRIP70/ETHW7Up00nLjslVfrw2y9QD9H-lZGEeJ3VWb0VBdLLM)"
SP-250804,Termination Assistant,4,23,"SP Doc Termination Assistant 4 23.pdf (https://v5.airtableusercontent.com/v3/u/48/48/1766800800000/yhEBD4d767EZR4okdBIMDg/6QT-yEeKU9zHNJB0QyNCl80LOSpimmjfFK4ZJEWhtzlXOpcYjamBhmc7reRw-aBwmN2GoEwfDrDCcIuuQXYpbUlwkT94BhWNJ3446_49po9tXwOBVfJjcPv44eXbAJi3UiJErZAZA5HvM9gvng-5ugfI41S26NaHR3MktbncswAXV4gHNdL7f9QEBzx7BQkc/EtlITRkdXAY3C4JhqdXnR2XSE-uie5A9ICoc1mTwV5I),SP Curr Termination Assistant  4 23.pdf (https://v5.airtableusercontent.com/v3/u/48/48/1766800800000/41p-TEddi8e7M0DvDLZkug/C7HC0OCGdReErCXmq3FiHnbGs_RRxiYhG1_Wgpg3QEEVNcMo5MK6gw2avt3HgYZq0eKNf-uBDRTA9y-3V87Kj7iyPWJv7gD46i8q6U5sSvK8Tqk0CqORYhAsh_33-CWcsSxJoUxbTrUhmaX1okVVK_cSheOoUSK4FTJnC6KIiia5SS96f-czh9JO7o0_z5RU/0RZUXk1P92rjwAO_C2BYYZ-obz2ZI4fyAHKZbvxcDUc)"
SP-221111,Timber Processor Machine Operator,3,25,"SP Doc Timber Processor Machine Operator 3 25.pdf (https://v5.airtableusercontent.com/v3/u/48/48/1766800800000/EjCnI7AhxYdSoqBMw9Y-3Q/Nbf2Km7Z7LSn21yOfMGqWxWrEEaC6OzWVAlK2vbaH7uNLyhFloWr84sXh57l0LT9xeJJD0YSn6T3zWTkcFBzmRXS6PMJMl0OyBrMN9sOvCBG-nhDACjMaP2rhlyexmJvBftUltTYupuQ1twGcwVncIHGSxUuQyW-7AqwtI64TYAurTzvdz0ZQlRL25LqCDgpXuUD6rcDjFGKjlaqQbT98w/5Vyk3SCCM84Tf_tGoCBKlSy-ae6KjOzJdTIzHR1IUtE),SP Curr Timber Processor Machine Operator 3 25.pdf (https://v5.airtableusercontent.com/v3/u/48/48/1766800800000/9UY3iba92hMfVHdL7mdHuA/EUSOz1SkuAE4Y2tX8zkwO0N4eGZbkw6Y4ZJwAgWdnZnA-7-YXw9-OEVibqmAq13n-MjHA433YQJm5Em0blpKpgdSALTyiYsTH4fSGQVUpNUsiixT2GAlZ3gu0jCdzem3hGxvI9Vviqoxoh4aa9ZW72FywoFuWpE0-SolN3d0F54x1wzTryBI8m-Nr0CVgS4Nn9ZZe6M-z03TAI-YssmL6A/qNkdXtSceRBGSxC2p9vxI3eff1uG4WYg-RXhoodL_To)"
SP-211035,Tower Crane Bottom Slewing Operator C42,3,40,"SP Doc Tower Crane Bottom Slewing C42 Operator 3 40.pdf (https://v5.airtableusercontent.com/v3/u/48/48/1766800800000/2hDxSNhXvurVibM-pWcbeQ/f-KL-kO6ncLOM86BLeyAqKgL3w-Fz0d8h85b1mSJFzr1L1TDge9RLUSi5Lkd6rbK8mxgX0oCYUO2pfUBgYjtkWW9MXgBWVEDkygA8CiJfpj_T0wk5bl-Zyga_NbZ3Ct0t39FmJDGBW9-lgYJBlGHblq56pWdWkYR3mU927h9wNpaCFqA2VxFJINv7pO0oltW/ZSAN6bSzSXT9G9O9im2ZlST8MJLaMSRSVnYnRlz7EvA),SP Curr Tower Crane Bottom Slewing C42 Operator 3 40.pdf (https://v5.airtableusercontent.com/v3/u/48/48/1766800800000/eGx4D895utVeyJenM7Vphg/7fhwDBcXY8dXAw8EGADXcWeiINLtrg7EjWYTnubNZP-GuJcyEbaOCc8vqGnTUUvFJOizmheOuuQwJjndcwiyzl5Upx1KAYkPhnDjHtE0eQruyQb5SIJDFsFeFHWCBWsM2M6cEI64PRS0KqIBBw1RseIJyfoIlcYuEWaGEn1W1LDpgzf_Sq5kz5iRnQZAvpd3/KU8i800igJ6KKDuiRmg9pB__kqdMA0_LHFb32MKQscI)"
SP-211036,Tower Crane Top Slewing Operator C41,3,40,"SP Doc Tower Crane Top Slewing C 41 Operator 3 40.pdf (https://v5.airtableusercontent.com/v3/u/48/48/1766800800000/0-5NU0xRqoNK0Ym1Q08O6g/69rwjHwvxcLeH0lJaqHI5q9u-rBKPR5GtovVHlllTj5HuhRTXZc9US-fXkPAycZesNkSa9X6zj7WPMr194hFgvo6tbg9ZujfvRI6uZ9OX7bklR2HV4deOtanvPLDvZiG17KfBjU7pwG-PsKDa0PmawK5tQpAOmJEKAG3vgrWR5FY4Qp0xP0OZt6CN3RMN7lE/dvauytYOSAMI3NIzUrri2dEY95R5C1EPreuZW_NNBBc),SP Curr Tower Crane Top Slewing C41 Operator 3 40.pdf (https://v5.airtableusercontent.com/v3/u/48/48/1766800800000/dUNvNdNdiFb_jEIelDzeDA/vkAC6j6s5Y-kd_XJcooROnxL01Z7LLmIIuzC5xzqEHOq1HhQavQsLqVdDpg5eteeFgBI5p-0ZMQgss3udtJ4-Tkr8fSKkp3Tp31xKD196c2W8elrbWQwtN2BZ1JU6cTSHwzs3eKs6kLTC-mgE6bbBh14l9xg4lU7r91VNfAegNMM1cR4G27a1wXVMl-Hx-bI/LLMzEgJzXfNxB-hV-EEXXzIwL8rywQmNka3I5540KAE)"
SP-221112,Tractor Drawn Chain Flail Debarker Machine Operator,3,25,"SP Doc Tracto Drawn Chain Flail Debarker Mach Operator.pdf (https://v5.airtableusercontent.com/v3/u/48/48/1766800800000/n76517O72do3ikg44L3CEg/Ep7JCJ1nKctFbEmeEUwF2D9yTEWuEcGY2YE8tHzYUvdqB15xRe2a-3j7F61a6tNE_-Au5GT_fTAAIDdR-BdIv3Xe5r-1G32Em0JMARJ5BxgFBvS1W18pItZ-gcp40n4MB0kRtu3y3XeJTd8Ad0bMKbDo0MPBr89PO3gJESAJA5KTjDme-j_TuZfKZ3_qa5iA-4YNmrnZwhc_RPQSX9v0gA/9JD4yV1hoqnEiUspyusmtTnYRzg9XXk0JU2NlDqnnzY),SP Curr Tractor Drawn Chain Flail Debarker Mach Op 3 25.pdf (https://v5.airtableusercontent.com/v3/u/48/48/1766800800000/pip6TxTjzuc_PludQIcOcQ/JoUpB98sGv3cqkqAHL5ZlNi6FR6YXAFmVkF1s4lPyQgiYZzQbl_JnlwOjbH9FPjMzRk_x-yLdcWGPe6cMaL43mLb_bkCMcVx8JKZLKObCmFJ5B-lQ0wArnoKOqaNJH0WiOpl3l9a68Wl5Mckp46J1ANus6u8FNeaDNpwv7bAPFgGONgUJGFj-V66K6vG0hsCRYuaoObJqnjdj2nGH6Z6Uw/eWe-jf6qxIfP4XO2sRwz0yIxGMieaTTAXWMhJ6GvziA)"
SP-221113,Tractor Drawn Chipper Machine Operator,3,25,"SP Doc Tractor Drawn Chipper Machine Operator 3 25.pdf (https://v5.airtableusercontent.com/v3/u/48/48/1766800800000/GfMRkeFPAvf-qHS2OCXYzg/-po1Q8zHmxeHf2ZAL9qn9wec3zEmZ42UfAUV6fqo6Fz3BAhzckkS8mrG7CwZXgkRakE7IE7NtOmjx2LXPRtVSgEBZILpLxaOxHtT4E5POOCKmzyzfRAXDH4HWsWqPam8XIL4aUAM37FwKYGzWIZkKObW2uyvir2lITWZN9wgRoQXXOhGgVjt2M82DlSHGo-VXMNhtL_gB9EAXexZGYZyqg/odhpIWKr38cv4tJfpmHG9uPLS9K-GxyQ-2nUWewZ21Q),SP Curr Tractor Drawn Chipper Machine Operator 3 25.pdf (https://v5.airtableusercontent.com/v3/u/48/48/1766800800000/1daPKtFwvuPDftzB6HnwKg/FQmN4URHRptn8mriJ-kAlt4RmjpHjhh0ghzQzy3_s8ivrhHG3ucapisGsn2CBULTcI9rhTNlrN5JCz2Ris1CP2XExufTFNjlPCLclDWapfZK7zzUQIn-lsRE0vdMN6vxb9fJLiuFZ71DnXj0ZgXCHH8BT5f8vpY9gGpKja8pd4luLf60w4JOvgGrHwwXMX0veG0ZBYtiYbiKkPVyK17R3Q/Y3luTvRhtPsRVqywyuurPXlUMJ9NWJ-DjUBNBJ6qQdA)"
SP-221116,Tractor Drawn Timber Trailer with Crane Machine Operator,3,25,"SP Doc TractorDrawn Timber Trailer with Crane Machine Operator 3 25.pdf (https://v5.airtableusercontent.com/v3/u/48/48/1766800800000/9P8JyIpSGjXzed09roQVBQ/u3TWJoUZCYa0vlTDjnD8dG9UD5HaFZP9-IlO5VMoAAOgOrZCgO8Cci9AQMPIaYM2Dpd234-bjw0cudGFYIwgXqwTPFYp4sI2hZ6HMmOBrCK3RWUA79KgqFgYtHitGQRlSM-JYd8ByCA8CJwrmIT7_SFB5028Y9U0a1PLFMs1syaGFHmXLkUurrFKhbAICG5GquE-xj6FtxJMdcc-CvMCOxMS_bbl0dcE9fv9ur-6R2o/7Fk9zrrboKwPnWyGr26x2Mc9nLyAAojLNOVESoLJipc),SP Curr TractorDrawn Timbner Trailer with Crane Machine Op 3 25.pdf (https://v5.airtableusercontent.com/v3/u/48/48/1766800800000/ZWtKzbrKD-DdMCWBwCiEwQ/VI4bx9Bu3vEfGeJ77kXM3yygK1zkhATgrfcGf5CxSaCfHv6uPqKH3t-3pErRHjS-e0VUbThbmEO7xgJ6bCTYV2u9gjMAylKPw3RH512UJ2SNcmtByUdJXm0iPeh9nncltpOAVfCXFBRyer_Y7on8d2-F4n-2wsiKdCfNTg1B9PNR86Pi7MPtjpskIELmS2k6A3Lzg76c0XNVJ-7bUmrKUQ/iJCdFg8hV3vdjds8zCX5IRQkxvNcKBAAgNEkGYQZg5w)"
SP-211037,Truck Mounted Crane Operator C32,3,42,"SP Doc Truck Mounted Crane C 32 Operator 3 42.pdf (https://v5.airtableusercontent.com/v3/u/48/48/1766800800000/99w8wjo2qePR2_WXX-AKMQ/i4PlXeE99aYbE5bafmasrdZrBqcOAAY8ocrXgEwWHTeZVwghrjta3HZE-D08PmDEiikW_IwVbAoIPay50Z2lgOV3HyPqa0WyInjOON0VTIgpTXHuWSFab0bpJ9RvG3bjK1lYJZd0DANhBvwx5zrQKArJVgQ3NY_IM9Xh0qG2YyXMRuLxaIkSUGdP_ebMv6nQ/umwV3nBmw5A4wGqq8lmHjYDWyh40Pi5oqM0BOW_MlBw),SP Curr Truck Mounted Crane C32 Operator 3 42.pdf (https://v5.airtableusercontent.com/v3/u/48/48/1766800800000/u2R_hvV5PrQzOV6Cc0aYgA/X2pms8bvnqf8vH4Ks8n9OvMeJgKuCn2CdeNHXS1M9mNWV1EWLqnFUSEQzeFCdr0Nyi5I8EoEzJFh-SR0o78UwnQcjXkNxi_EpnGDHBe4Xn-hpGUSGdoTCfW2x-Wkci7OTZP_8YGuvQEluRMk8x91QCQdeXLNlpMgdt6AsTFw76FSAXEoHGKQTlzZVMF3_xW7/eR8-5n5hQ5a7qplQsawTbzIUbqRUqYcFTKqBu7s_8eA)"
SP-250303,Turbine Fitter (Steam and Gas),5,42,"SP Doc Turbine Fitter (Steam and Gas) 5 42.pdf (https://v5.airtableusercontent.com/v3/u/48/48/1766800800000/LQwIozMxciF-S3-sThFUgA/yvOHWxi3qwVJOcbBStS6CQOZJJXz5wYbcoYynBEatGryZ7gmygsTYqkGlKY9Us2IDHlQhvSWRUVg3cBTr1ysPW6zeFHpthaFNWs9-KDGg8jTfXn8EvXlG8uRfBZLWfv6SvEYw16ht-cg3mjT0IsizB7vpE5FT5x6KKC3fbBLXps6-nekH8A-6GidSOFkhfth/o7gAu5mhYJUqInTnHld-GwBXP9FzN9Ox7U_lf1agOVo),SP Curr Turbine Fitter (Steam and Gas) 5 42.pdf (https://v5.airtableusercontent.com/v3/u/48/48/1766800800000/xQOIsW36UGS1C2DHSeNOvw/GZir8mGPA-LONf-pSbwsBpqXiwzJSsznILpV1PIxI1e1H7eRtQB_sSYihbl3yNDQpEDcJObg38RCmeq2gLU9ZyIyb80dBXRm_USplla-XyynweACYlL_mO4x9oNaHe12EuoWG6LEnfrhBA6qsScvokNK7Q8AlbyF9EsSffk3V_k1XTmOzQuetDXz3I7Z3Y7h/Eoa1ZwnpTbFNhGweWpuO68j6wMWSYNkIPzzvw4-tkmM)"
SP-221123,Underground Coal Safe Declarer,2,12,"SP Doc Underground Coal Safe Declarer 2 12.pdf (https://v5.airtableusercontent.com/v3/u/48/48/1766800800000/xB_AKkNLxkDopDL0aRlYcQ/NjtBrsZZMBp9EqoNTzVc3_EJC122o6JQk771sQImmM2JidY5Qvlb5YupEdQDSDI1HqLx5vzFayzm2pHB88t0D3aI_SZg5-sh1WHRe4QZBlGLIs4KLuSjrArqEfnjmnKjZdG-bU6oeBDi8YGqfzltPYB9Ly0dmPN7EDu4whCgKi7D121oydxsNsNeIY7c4XgK/e9V6h4R1Z6Zh4HXn1wfAbkbxUd-tY_2rEo-dc3Kc3ak),SP Curr. Underground Coal Safe Declarer 2 12.pdf (https://v5.airtableusercontent.com/v3/u/48/48/1766800800000/J1JAyanZ1Z0kKSkrU-YLqw/eTUc9xOewylmji9WStr7Wn6GE8TlxQcgUCfjz2HDpZH0OmiRLL7b7ftDb1xA_q72SqrFKjHABcfddkwCDR_EJm-OhdjEV3QYdU3zeaMNm7xNvPTjbZaRRORiOB78d4hR67ox97cSVv3iwMZ16Ls8dBqPx9z1JdeliXxVFpjHBScfmR7uCrTYTx5S2NoQo3EF/qcOTjyzXRMqa5fAHusK9cx_AggV4YRF-V3vE0eiC6bE)"
SP-221119,Underground Hardrock Blasting Assistant,2,20,"SP Doc Underground Hardrock Blasting Assistant 2 20.pdf (https://v5.airtableusercontent.com/v3/u/48/48/1766800800000/5YnRshW_VjXV1agxaR35DQ/-aBJj6kbg78PXwyIPrFat5C_ie6-HjVtpRUIJzkdA5Zl_WCya-lxn3OtYAV-8KFlfG-kiiCHD2d6o-Ni9e8nTLbziPJukGGJ5MoOuVRIXEGbe-0VoBAn4-o0KxZiI9fQojWb_zFnyk7jwKZnkpqlHY2Jfzm3x-k8TKOPo7Zfbr5IflppwFBphakJlVxzrx5jvYqSva9bYJsVQXpVPJhIyQ/U5ww9qdOt11gLpk3gDC-qUp5f4VTYf0iEOLtu1RvZEU),SP Curr Underground Hardrock Blasting Assistant  2 20.pdf (https://v5.airtableusercontent.com/v3/u/48/48/1766800800000/r82LWlAdjVfSpXKZJAGcFA/9D4Oe57PVJNGi0jqdLlK8_2cGmgci2Nzx3-4RLXr2kmg8s9f3R9NYiaPiRAHL7_fjHI9WPRKApxjI_tomuAn8U9mESfl9HNBnXOL1NdstYDAhJtoRa2S7Q4N3t3_oQtv2LoMrAEAcz_1j3hU7ZrUAVAzl3yHfPKqmIrjf0tiknIZaZ_VFj1d8Zs5idXgVLUt4yKK_g_w4s2eHwraVsnWVg/H6Gp4f0C53d_4fzms6R4q_Mekg1pcvf2w8Pmqc-K2kk)"
SP-220315,VNA Lift Truck Driver F13,3,20,"SP Doc VNA Lift Truck F13 Driver 3 20.pdf (https://v5.airtableusercontent.com/v3/u/48/48/1766800800000/RbH6DC_EPAgrLrKi7B2WQQ/pAGFmnAemAvz4pC3r48yCgcMGQb6xH0lDueoZ4AQTzRTyClIT1gagj4h223xNphJRE9Bdqy6UoF1gVvJ8UX7CWGRN_2Egz-pUg1hrKbHEHKEPHnTWC9YHi6AdSoZEkwwOkO09R8JMvQMd9zoMqOJoFDW1XTP7Aoo7TAcBnZu4L8/3MeQiK6hYAtBDkpqNyOBeo_e4y7nHd3pXUfHffI1dwI),SP Curr VNA Lift Truck F13 Driver 3 20.pdf (https://v5.airtableusercontent.com/v3/u/48/48/1766800800000/tbOoIF78tL9Ojt91Dv4JGw/upllejAj7IKWoYUIUOJ2JYd79BRtcQPEgTj79I7697_WQ3UinK1oeXXALELWNu5aga6ThDDDw17ulNUzgMxXL77E_yLjY1yLKDwHyTPTXFuhTsOeQ2sUKHsk2jMb62EMSRV-TPV6HjrhL3FzkLTEMvwqw46CZZycojsSqWBi33o/aAk-jctOOAl06qC48rTqtb0ra4devqcXqI01pAaeWsc)"
SP-220316,VNA Lift Truck Driver F14,3,20,"SP Doc VNA Lift Truck F14 Driver 3 20.pdf (https://v5.airtableusercontent.com/v3/u/48/48/1766800800000/QfGZpSVTOdq5wt47BvetWQ/KkXgHu4R0TD6XzaKrHkaQItPvpewFP1_hECg1gvnhCQDO4SK3I_z-GIadfjYsV_oU71ANOSQpLvkgR0OwWVJRRdBgfz-70Y_WnZvcy7WRcHdY1W5WBtuEuKc2C5T6jp09O9DCw_Oxz3s1s0G9Gs2kIKUQz_mQO6ELvnfPTXOUMo/n5QmSiumkdBrjWvnOmWH4EEd_ASWPTtpnCZamKfZKrw),SP Curr VNA Lift Truck F14 Driver 3 20.pdf (https://v5.airtableusercontent.com/v3/u/48/48/1766800800000/hq9XkdfG3yB4pNN0Ux3JBA/sX63reyHunB21XXZFUBEfii2Rvuk-4FDlcbe1U_teddZ-xQ8w4jiKmEHnoEAc8Oo53bfpH7rFrC9q0MoaKPOBq02BCViJ0Bgf7BU-Mbt0zT5dVwtsNiWSYTcqKobLid04k1aJi3klFF0k9yKZnIhlxdmE34SKIX83X70tJAf5-A/HNEwgzwQpxxoBRFR6zR1lmytPTu93VfKmnmFUBvfcew)"
SP-211038,Wall Mounted Jib Crane Operator C58,3,29,"SP Doc Wall Mounted Jib Crane C58 Operator 3 29.pdf (https://v5.airtableusercontent.com/v3/u/48/48/1766800800000/aFeIFcsulDsRVI89SIXP2A/dxQxte-oO9M48kVTgLw5UFMqvd_mBnkTlcTXNvr0cRNmSVqmPRoETcs1_OBhYqbseBsK_dAkacf5O9jgRIiKNmcnK0IaaUQGGl5VNPTM162OErj7ZH_H7Bx0siH86ngb-HW50MV-PMqAUSXzZS-1l62BIJIQEbYMNd5hAZCPUDEvb78UO8e-DKNZqFZc-TEA/DDGR3pmM9hqBBboBOAIf5xK_tFGr3dpmjngdGB53REE),SP Curr Wall Mounted Jib Crane C58 Operator 3 29.pdf (https://v5.airtableusercontent.com/v3/u/48/48/1766800800000/sjHErvI1TxrghJeS8j19kQ/s2ewKcozh_dRpVCiSub2EgrSO-66CrB5wff-spKnwsFLrkoe49zfvIgc0Ye9pByk5_8VKclp98POqKi8alXkmNTn47_OlGv_BNEZA0ncTBRmlFFsBsW4k37PATF9wszI24wN1KjQvb3qPiehMongRtriMTFnz8U9hzW3bHvrPkI1drlOLJUv4SSBwFHw4FbZ/sk4V8B9gcqKBj_yJDwR7jf7yy8MHOlCUZU5xASASBXU)"
SP-250111,Water Reticulation Plant Operator,2,24,"SP Doc Water Reticulation Plant Operator 2 24.pdf (https://v5.airtableusercontent.com/v3/u/48/48/1766800800000/4A9Pie1kYTJQKW804Wu5Dg/JEPpGjMJ3zyMwDSlVBWCybyUUWy860hg8bFIrzwkoI-wrSfavzV5DvGVWDZOTs6svRTZBd0lo8Pn42CyGOaPpYgMdetu38lNnL7SABtJfx7KALunJkVcK8IOkSnNWbBnyAI5IveWt6Z2GwFpNO7N81ggY7kdQoTLWMmSxcCKXKmeqnYBqKtUO1EKgqy_ufbErD6M5dIxLs3v2DjwaI_0mQ/NNpJ8YWl9dGQu8LJZbds9x7FF7-5uRp9R1X6GAiBppo),SP Curr Water Reticulation Plant Operator 2 24.pdf (https://v5.airtableusercontent.com/v3/u/48/48/1766800800000/n50N4mnudM3rsor8X_OkUg/jh8-BTq2mNGuZ6RfWmDI_0uxItTWmKJdBEObe4J9yUGmHnMyw7XRmB0CvlDcEpxQMxYQ0ZIvG8NpCSXIIWp9n9iswu2cniLe2wkGeRyQADVWuar7gVEYH9jx4Jy4v8RUNAA-8KB71M_FyTFe-fit_LfaC2ykx2jtSY3WBpXZRqfl-IB670Mjb8nTh0vdThqwt9VVXrsIIcaWZ9CL07YgiA/I8mCysBtfMqxjzGXDrbtmToqrcbNVEc_NkqPYnGao2A)"
SP-211039,Wharf Side (Rail-mounted) Crane Operator C47,3,40,"SP Doc Wharf Side Crane (Rail Mounted) C47 Operator 3 40.pdf (https://v5.airtableusercontent.com/v3/u/48/48/1766800800000/7cDiUq3TUlqr7nSK96r6rA/hUOsYBPGEKXJShMqS_Ve_EY6Q2aA-h3UQO1ihGgqtNZ8yMjQ4tvX0vDFR9wb3qhygQoxdolKvoR7ns3zEWFFLj90EM-suFtIVef2tx41az_vTnjRPPIth_1fMoXL_5F-CUab2p6br_uh9_i1PhXxK_zaCwq31BFkYPlSU_Xq-F8dVUAdBIzGgniXHwKY77iU/xjGGzc9gpr0ciOuiwc7NtkzGXvpqw9J7dpfSEkwQcrU),SP Curr Wharf Side Crane (Rail mounted) C47 Operator 3 40.pdf (https://v5.airtableusercontent.com/v3/u/48/48/1766800800000/BKECZdwRnt8FdkuBr5HRxg/6ViwtQ8V4C3X_92RW4HLpQzzO4pCC08Em1b5Bck3fQ0Ttgzt_vVK54FLUQ1Zm_3JcqFHReJqOcF4wltryfVB4nAhmkVeqsayToJ-58LWRUYzslu3gboi6RaLmWrDgDQVc6rWfThowNZqZTK29x_qObdUN0f2WgEpvEnz6W4lj6B_S7pKWpFY0q5Bjrc_slHv/bGowU3HAl44rUjIB_A8CS2yycfogyhtYYjf3n3QZgf8)"
SP-211040,Wharf Side Jib Crane (Rubber tyred) C59 Operator,3,40,"SP Doc Wharf Side Jib Crane (Rubber tyred) C59 Op 3 40.pdf (https://v5.airtableusercontent.com/v3/u/48/48/1766800800000/WjGI8G1dPo0bwtioaho7kg/_FVlY_m8ygkKzOHkQsgyknws5SSmLb4KkRKWEY0JiJ_3LwRTULmpdzliE7SERPP6ZqYo7054noAXvQSesNwkmt7uz4DXn6enaDVqMoxqPa-0FFXcXwM6YGgHr1tbXQ4-L8PbY3AmsbKMR_aE74sB8QBubgeJeWX3ErCZDmKLrQwIER4pFLZJuQxyWABNdU-H/axGY5Lf8PEw5Rn8MsWiwqvZVcxycx6gLntJOjdLZi8c),SP Curr Wharf Side Jib Crane (Rubber tyred) C59 Op 3 40.pdf (https://v5.airtableusercontent.com/v3/u/48/48/1766800800000/ANkZoB9-wDCfGTNR7okOgQ/n3QEehJnTx_ztWhK85i5FmHl-jeCasR2qgy1vIzWadhKjFbLlQ_YYncNQPT_YCELTd__vlCJXwyZBJM93C_PxTpSlprZXLyf-lCm2tsvkcww0JSyl78nqPDEpF3ZQFNlNNU6xfl88oTcCEYlTOL6U1NaaDW7Fp46R_GO6xPRUwrBHEPD0mcRyuM28lmMynMw/zjvZ9-_l-3a0HGCbgoxOY-PmgSdixDByJxrqNPyaWPI)"
SP-191209,Wheel Balancer,2,36,"SP Doc Wheel Balancer 2 36.pdf (https://v5.airtableusercontent.com/v3/u/48/48/1766800800000/QbJ0Xn8NbKlupFAFv00CPw/d0MqiUxt2LbXnlozC8F_4bl_wbSktJI_FvIlfr49G7Pne4PZFKsE8FklK6KKcWYTIKmfhZ829_ImfXi0jPT85GhX9MRnDsE0QdlfiOhl48TQs56rtuN6-7YD5-ls2IbGSKRQQOsc6PGhrk-d-xkxthsqXhZgnHKInfYftJNERuI/aAWAWiJeI1FcZQw4upod5WsYq0hkPXgX77AEqarOkpc),Curr Doc Wheel Balancer 2 36.pdf (https://v5.airtableusercontent.com/v3/u/48/48/1766800800000/c1r3BD_6jWY73VHpdJLEaQ/hRoYfyiCvidXE9ouO8OnWgghxBCUXX_q35VxM75SKMAfcIqJbbC9LaO89P76ybTjY1VpszpyCbn2o1NZIfMYlvg3SP3rzFzCny63OhYKeZDMke6oCyTYI57VNJJCc91qna5XVB5ZPRiBsMvCrsW5YXI4rBtN35eEzLb1xOL6IMs/fwaUAgY6FZQ5H_uAwFCc7qvkybb6kCoSfFE43tedyE0)"
SP-201201,Workplace Preparation,2,30,SP Doc Workplace Preparation 2 30 vers1.2.pdf (https://v5.airtableusercontent.com/v3/u/48/48/1766800800000/bmGq5WaNPJ_ihsYmt44viw/KNZGiQyjyuHNDCTgg40S5WT118by-HDDJcB0-aDHD2zdMQU8JF26RDVZp9ryfBmbDNthqs7BSK1q7l_ljs_WRQ1JepEsSuqbFVQ_zUr37sAEZnVGofnAnOn828tjidN_XD5w0CePd4f37dFqTtYH5R2--kTG8pgTFV7Ul_SIxgDMirB2d0sBR4hkm9s2IlN2/y0MBVbW4Fsb5-OExKwKV8Gmw_8udFCA-MPwb9_mLhQE)
SP-191207,Workshop Tool Assistant,2,24,"SP Doc Workshop Tool Assistant 2 24.pdf (https://v5.airtableusercontent.com/v3/u/48/48/1766800800000/PN6Z9SB1ZDr-A7q0J_cQ8g/ON6XHtBwp1jHlFuzP7oPji4IYZ5Tod-W5Kz2cPcUc7fiSNqqKeq8Uuev0h1MSW8VSPjrP87QxnFQPjJF7VgwxHpYlK2NwaYwrLkFQcqlcj8J61O78FLUCgQ40B3OC9bzigzYqILaH4SBNd3G_96qAxcohxajGuhU926oTK6K_DY/0AwaP0w4-xJSV5ss9Ltfs-YmHQ5CcsdUwEikr60KhAo),SP Curr Workshop Tool Assistant 2 24.pdf (https://v5.airtableusercontent.com/v3/u/48/48/1766800800000/RjyolD-Gt8ePHmMzlIHHPg/CNyPgUlRFW4ZorORm7AgPVRxGQYbBBrsFDYMC8KP4UNYGxHKZqFGMqJZLFvCTnlnKcFaXKAYsYtBhc9mI4AAMVoh9A4hYIC_DVV2YcSpu__bKmXafukkwuMzKKcTUjWya50qDHNVjTbolCMkA_9ssufnIbc4HVRdPrwlwoKv6kc/i5TWlNdxKhp4SP627OtiWtgvieGU9ETWI_aoxe0so-o)"
SP-211001,"Assistant Life Coach: Communication, Integrity and Confidence Coaching",5,30,SP- Assistant Life Coach 5 30.pdf (https://v5.airtableusercontent.com/v3/u/48/48/1766800800000/NS2PjzRF4lkowyOggHJ0eQ/2H3s7REeB3-rkhWobNxWxpHt3psp3yJhnr5xty-ZtAQdBU48MVFxF4nypUjrPE-FeMMa4Y3MaggsVVSfdkcI9oBynk2ZpaFGVqxnVuTRxgrapA2DhLCj5fC3J3lnBziaI64xyUDKJqo-sOMi6oISbJgyGkh1OXKedRLqSJ9jPoU/jhW9byeIYSIYQUFzg9qF2QNDwY47jgakYna3E2TszGM)
SP-210501,Assistant Handyperson,3,82,SP- Asssistant Handyperson.pdf (https://v5.airtableusercontent.com/v3/u/48/48/1766800800000/t1gfyF64CXhQ_Bm-W69pcA/hgKlZKVw-biLLmpwj0IE27ljU2nKJjep7TYTndVLi4JJH84SY5R2Tgz8nSsmgU1AEOskiGKofWJCjTmQHmfPHCzF-czXPSPLCRQVeCyCuqmwWLXtLVMPC744FdOPbk-1ZMmMF24-reQsFBOMYNH727qXV4_15Khe8Dmc3WfQEJ4/y43-zwt0KipCpKddrhrV7qPl2Jr-_jpeK12IDxYEA-Y)
SP-210601,Auxiliary Community Development Facilitator,5,70,SP- Auxilary Community Development Facilitator.pdf (https://v5.airtableusercontent.com/v3/u/48/48/1766800800000/sYSxyIMA1JZvjgeKmVwAJw/9juwyCerkkG-Enn36IDbdvklMWWNSBQs8D-B5KUMdfpdKrr2EgcWEwPOKVv41NROa-A9x-wiI1Y3OSbaeVEa-rBR9R9mZPw-6bzqCyi9_g1rrInrbGdH10l5IaiCfitoKMwV2YuJYiAPMnDNUCrZpGP2h2dep-l_FulBRWp-RabYGjPbMRg-SvAH1eS_aJMd/FtSpJXY4pDcTTHs6ToVbaMnbrWU2_S_vYparcRkmB6A)
SP-191215,Barber,3,36,"SP- Barber.pdf (https://v5.airtableusercontent.com/v3/u/48/48/1766800800000/nM1i09ZkoQweJfyrrM53VQ/7RxSaVtkva4ziJAjYUo8dPY_7igP87nuqH4eGXOzs-g-dbCa5ypahmdztebR9MAG1c4J5V9opk5w1t9EqU6nHZ297CzxVeoVFxsCZ1vayaqQFbxECVSezi6NeN0wXi_OSTjacqKTC8ukL13di6tIUA/Pzb3TCRytzBSiScLj1BNf7VDX1oQq59KX4NUt2tD8hw),SP Doc Barber 3 36 final.pdf (https://v5.airtableusercontent.com/v3/u/48/48/1766800800000/x8DqHr0rXKn80DEchZGNgA/f6Nq2Ner6tzn3sT6AQuXrp5kYk63iB5FXWexhG43w5QWfz7UHJf1kHTf6LZLMSYcpM8mYyou2WZdsEKc2p7oqJMgTilRIx9heeCqieBQZIVw5U_Q39jjCCKqAr8LqwtuhrlQlQQaonaF5EU9gcGo9kRkNqj5PG-m8drHkIOPllM/GJdtYAP_3Q8jCGLGq1UXW4soFQDOtxpol0s9tQt_q9w)"
SP-210402,Coded Welding,4,96,SP- Colded Welder.pdf (https://v5.airtableusercontent.com/v3/u/48/48/1766800800000/8Zdx6p1HvqzbTSwT-GBJZw/WdGdlDBBPqMDxwDi0Rz3IA6T9pzTE-dn4TZda462y8fVZbh1HMhElI29hIoheebVCgmUsVeacPxHwItxThOKoRtM_c4sKgm0jpp5nFBnG4c4SDnZxlSZdg9fUIFm9694SlCntgNry_5-jQXtGvGwVA/w-1QM5RzMD4Xx6fUSZ68xt-7O2DUghOqJ6B6rQ2h6zM)
SP-211003,Community Counsellor,5,25,SP- Community Counsellor 5 25.pdf (https://v5.airtableusercontent.com/v3/u/48/48/1766800800000/BkKM5wnro8pJXGYirzUAzw/RYXXmp7i1W9J6bUZJ4r8dqz6eai4laFJgohNfa9RyV5yVWMh6XR2T-W7p3lN1pJDNVtGZxe_MVPrRiBnv8BfOwPYS4BT8dr2SdKWszQi4yl101WqtbleTRJM8Lp47Jo1otJPyeHMF_PigjdaL4ygZihF5fnhwYxRx2HatWtOp7k/vZcBRDVewaRbsANTf61McT0Lw1_ZhVn1uCGmNHT77Mw)
SP-211006,Community Development Facilitator (Drug and Alcohol Abuse Awareness),5,25,SP- Community Development Facilitator (Drug and Alcohol Abuse Awareness) 5 25.pdf (https://v5.airtableusercontent.com/v3/u/48/48/1766800800000/oaymJR-OkZmUgmAx7X2WoA/Tlt1zJyMcLVhXKc8YtkaZ0foO1zgXSCQXgQp-VF4a8ItHqexlWwrrTcyAJzwAcVXtfO9cszUJJPd2uRdqvNzEN3acX8tYjdEl_M-4Uo52aWDhQCCLwwbULxAQM3X7OvQcKRs73NPmSIyiRRzh4fmMLVkoyKAcW61OEfh_ABSKtet6Gci9DyzrM9sJ651UqH11jrF8S4JlAz3o29fgpjZjwPS6nuDA_UUCWTvE2s9jXE/UonumWTpnw1gR8mYU42o7DeVb6vdZe8nlgAp3N92tQ8)
SP-210409,Conflict Management ,5,8,SP- Conflict Management version 1.2.pdf (https://v5.airtableusercontent.com/v3/u/48/48/1766800800000/2kBUpOzN3n-QHzJF77U_Mg/qdYitwk2aOq8I-NNa2BI78ctElerEVC5FLmY1jibaq47OjK0hDc82y0pyBFQsbt-rWkwKrztvKoQ_-N3U5g64784el0O4kxJ_1vv5l19I9u0E5X7JUBt7ki93gUG41Ok36QKt4cR4zrPbYhG_wWj8b0XUaWVelT3QLrtiHL2kKE/hDERs8QT20xxwoxFoBdin-Yb_RU9cD9cSDaXOwP9VNc)
SP-191213,Eco Ranger ,4,60,SP- Eco- Ranger.pdf (https://v5.airtableusercontent.com/v3/u/48/48/1766800800000/FlJm7oa5nmXiNqzF4froUw/PXSaLGUaYM52f_O7yWMflNZgmfJDTLlRNYLzISJoXZkW76KR1kztKo3w_cIX11214kTZPXoeZLkpxryE2AAejMh7PdSm6JUxiE4iGlnFWu0PCnGDlOCDTuUVPsXwPGyPQQ9TUTHSiaUTOGqsxie57Q/0EZXfXhyu0hzABjKlsIAcWZjdc4P2Q_HaETukeL423o)
SP-220323,Energy Performance Certificate (EPC) Practitioner,5,25,"SP- Energy Performance Certificate (EPC) Practitioner- Skills Programme Template .pdf (https://v5.airtableusercontent.com/v3/u/48/48/1766800800000/SUl4uMdNSNBMzmQk-qMOoA/sZEAoB14HSY4NBsxkzpApFxw9CBDdsidMJpdC-ZfD02h8E-AOfvm8BgpxP_SY63Q82dbHnHT57w2yDXHDLExKPRDXfVUgwTvoiuwfSO3UkFT5HHeFpHTDwxkHzwzRhSo3mvr-0o3PNzFuACrZykTRJT3YUBbOJpG9zXJYiTArNEZ16beVCbira2qxmJuca7TA2W9cwD200YykZhx33UZCfFAujI7Gpkpm1r-J8Vmj8M/ZMJS4NC_duB7Ypn6ieUcIWCi4k-jh5EMmUHB9g2NjC4),SP- Energy Performance- Curriculum Document .pdf (https://v5.airtableusercontent.com/v3/u/48/48/1766800800000/LsM7xTpMb2RzrBI8N_-e0g/tBhW4O_xPjdiXmhawghBKcDvV_Rqo7ExI7v200LmPB4L5fXY7Jm5Fuchrqq-bDyVIl0OMlha8Zse9GbE2FngJsjSwBDAz_BL9uf9m23eMwTaFF5Z_oafZ7rb1NomyVaZ9UJmvFUy2Xv5i247pUpSBDTSIFjvZ4sS6Z0_ZITbX3tz_vd5T4Xxt6ObDIqQbwRN/Jfy8HUHky6TR63DGTGQMI4rgYeAqbB2gSpiyOR6YRYI)"
SP-210405,Handicraft Footwear Maker,1,47,"SP- Handicraft Footwear Maker.pdf (https://v5.airtableusercontent.com/v3/u/48/48/1766800800000/DG5sOXbJ4z463Da0hpb5Hg/OP-7bBcnSriA9NZCXYuuD83dupjK3extRsvex4pBiVQ-LcwWioxXlVlydi87XhhKBmNU1iEPR3qTBsiXJF-38IKEHhNehBc9a_zuVHtFPiNxAlgnxHjkSRVm8AKhR0NQnjn3rUCkCQ80Wgpuk0Tn1-7VXV6pNhb_JF_34jl6HHY/3Lq9NyVJGr9qh5oYXmJRo_Jrk6kXZLmcBL0vZw1DBbM),SP Curr Handicraft Footwear Maker 1 47.pdf (https://v5.airtableusercontent.com/v3/u/48/48/1766800800000/I9kwFUf775xGE3sBnHu8uA/lYKRWfLDA6PV-lVb2iktnnSnKM2W6zrpHvoni8VJo5xkTJleLMtCGgtKiM_Ob_uj0EniqstqzWP-LoNaGnaELfDJNVMn02lEXYAq3IwSyaWdNjlnXsU_ND7Zoot84yeDhxEhqLENJfx-LIDzCiqgcJUOvUe5cN7JTuo_rMkx_mCd0ERrj7cqIpPvg8QPeC47/X2OSh1iWqBiguoj_TqmZMD8v_Tdg14voslk4Goj6wqs),SP Doc Handicraft Footwear Maker 1 47.pdf (https://v5.airtableusercontent.com/v3/u/48/48/1766800800000/j1fqMKnbw2FmDVjqkAy51Q/4l2zngSCzQ8pwmNjpAP0RGskHynuBJR_cP2Wd701KSVddjnoPq-_wEKgpvyjQP4SXbAnWUyAJJk3wpL1cMjdAv4mLlMvdTTyWVoLB9nrxJ-2BVuIYe-yYVonIt__6dWjNWjVY776MVE-a3ahJC8F6jY5L1SeGqanvuIzJqDRehZV-LmXfwYLdO_XDmCi7OKK/KQ3sU0fpruOfeqXKxS1A5sEf1i1LEU8yiRKBiRv3pdM)"
SP-210406,Handicraft Frame Weaver,1,47,"SP- Handicraft Footwear Weaver.pdf (https://v5.airtableusercontent.com/v3/u/48/48/1766800800000/DlneFiPIGo5FPX7Pt0NKrg/cy7KiucIs-AqM9qoKDbzUyYf43mj45w-728zXXwvfSZihjp57lilh36A4-1aBovB8zArnE46m11Jr-Z3wqHEk9dFxM9PQMHnEnao4wATSR29uBEpY3bdbJRK1iKC_162veb0mVZfgSLM08Er-ZhiWXf14nZg1Gi_vlYQ7zd7r04/3GVyVnI8Qs4mPMJNaB3pmhWftK9bhDXfmSiEgYTk2-o),SP Curr Handicraft Frame Weaver 1 47.pdf (https://v5.airtableusercontent.com/v3/u/48/48/1766800800000/jlD2L1Bz2J7AvJO4AQB9hg/GG_cAEHpqj5SBoHIJY_M7ZcW5pniOfmI-3k6e15c2YJS-U8YDwmuouivoYLFXYKp_Mz1Z_Sh17-Cga-nIpTuric0mKjhgadW8gjixGMqg1eRaUD8g5NnK-WxbIhxisaTLwDFfndLBYd9EoI-eXyVQaosVTAirrmmRCrWXuBtMFPMp_f9lbpHXdPKfrtIeWpT/PvLMci0YISfZyvo4ka52bHsEuM0zwTgMYc-4tjZsAN0),SP Doc Handicraft Frame Weaver 1 47.pdf (https://v5.airtableusercontent.com/v3/u/48/48/1766800800000/COOWyS5lRiLccwJFx0lqqw/xFbNC8qK8JUkMiJF07zF1c-5oiUSTPEi5w0bxXvvbcwNdUM2rnyF1XefhZFb6LL8dEzREufmB9EudvW9y58Jj5eM2dt4zJoLDp-WEUtm3-nzzqwmtT4KxmpVMdiwclCy5kJQ97wJuXY517NjN43nLrTwYy6pKJbchzJa0sT_mTOBJSQ1pHuPx97cZ_eE4AWe/eqTsPwRMKbA2W75bDlS9_5A0cZUxKuGpala7ERDr5_A)"
SP-210407,Handicraft Knitter,1,47,"SP- Handicraft Knitter.pdf (https://v5.airtableusercontent.com/v3/u/48/48/1766800800000/gm1WZd-cpV9pMem7GyY3eA/x7_cWBVH9vwi0ohewVVQpJyIpN3mcSKXwUytytDYICAMmgH0EasC4ShNZg9kHYJFxxIEQdU_0ovaB_qZ7eOwqarQ5GWo7L5nZ3sf2bWuVh8mj7HQen4WoiN6nlVnLc8USSTbE1pDJNukgyI9dkqOUDklscZExQRDGlL8eZmi56c/HyOe-IPHMzEO8DAHaA9gYFy9sGNYfTyJz9m0Vo4UGQA),SP Curr Handicraft Knitter 1 47.pdf (https://v5.airtableusercontent.com/v3/u/48/48/1766800800000/iXZUD0Iga75z6ezalBTWxg/f1FyCMXZ6vLd_CcXk46I5UZq9AjXWCVFzoJpzXf_ndoBTUruTs_vvG61S6MOyxJlwTrz8giHn5jEMzWoc6s8VA4TZ_pIvimAez09dU_UzkzQ9mh7BqOUh-bJEhn0VjU7SIW0eMD8BivnZoSd1ph8YgS4DaWwYpGrOJYczJ1C6sDfpfGebojnjAfDy2QiMi0d/EmqoIHvHL8vuru_LHZPCsUF52j02wL4UDzaB749AmR0),SP Doc Handicraft Knitter 1 47.pdf (https://v5.airtableusercontent.com/v3/u/48/48/1766800800000/1insCqIAjLpJFhA02T6b0w/61lh7LQkX_TVh165gtQrJfWzBn6UubXEVehnUjP_sfhot943O8QgC7RTNy7PUyM4pU7mdq7ANZMiJfN_jBAgJj1OL8PUT6qauQDGW5aIPvEbddTgs44aJXylnMWe9a1evNGeg2fSfDB-r-nXxgz6BvCZC-IHrirholzeM_cgy51cEB1FjOrtAQkWgdJclgIo/HbwxNVYTiIZVtBQHavrNHz09AO7YL4UnATl7OWZVgQI)"
SP-210404,Handicraft Sewer,1,57,"SP- Handicraft Sewer.pdf (https://v5.airtableusercontent.com/v3/u/48/48/1766800800000/0Pn3IKfGqCZ16uXJhazy3g/hkBdxoIHxrzWMLO_aD7d7pHTwbJOEB-0sduud0fbgBWDT-zS7Dqf2X_v5m6NENeEbuqbE-Hv9o73TwwVx5azMYJNhysssQyzZaMyXJCPjklSw2DJKJi998YiyEBPBPg0gF9RH3KZrKqmKsT3Xzp0YxBoj1wewlROmccHzmwx5hc/Xzo5zOG3KYJ00wTG2S7jBtc7ib9pr3TohEiMi1qWs3E),SP Curr Handicraft Sewer 1 57.pdf (https://v5.airtableusercontent.com/v3/u/48/48/1766800800000/MQ3Zku7sBZzi0CXeRDlHUw/9G-YLLNeRr1e15Zi3AzwAHneXXjAIDIN7Rxv6AzmNEUnzRJqhd7R2fl5uHyoinlvkdT_nzW3h3B5cfQVGK5nrlCD5yZ59H3VKWIIH0qZHZjEMlDRP76_iQqI5gLXIwvXjNqfs6r2pZtAjKY-A2YLZcG_vt28VZrItuoI0e8CFLAMo7LrvXidpDda4qeg4rRK/BkffzSHZE2kY5ajaceOtCak1Ih0AacW6QdEBFzetI14),SP Doc Handicraft Sewer 1 57.pdf (https://v5.airtableusercontent.com/v3/u/48/48/1766800800000/1vyy6ZkIwtVd-kNniIXg_g/rEN7UeHXbOTcafVCogv2KFNhUsbo8FonbJosCjMJnqH35iThuQIQ2EO52aefBYm-l5d7yWfPGv_blROqV2bXxvV0WetqFV_DkyeqgJfJxX9E7Ez23N77ewFZkDFSdtzoldQYbgw8TShMc4KWU5FM805ipmNsum15Zzg8NeoosV-tKfJO-_ZTjrFmt8LzMhvv/Qv-jkzivJtj6GehihipRo-wKzVWGpo8VN_zi7RTgQ5I)"
SP-211004,Hot- and Cold-Water Systems Installer,4,93,SP- Hot and Cold Water Systems Installer 4 93_docx.pdf (https://v5.airtableusercontent.com/v3/u/48/48/1766800800000/batBc9XUNaiZyJyiYQG1AQ/Dd4sdz6ktMtiNnLY2h-DlcaxgUCEXd2GoVZdHt7S4svaokDd9_gqeGYh34B4ali1qeS4CVC0JzM09jCBcx2KIFxJ9Sv1vCr4f79ynfjOr1g_Q_XOdDxjRMECx44ABMpwnG6O1DkCm6Iy34EfR9TAsuQjAFS_Jw1TwYrc7bkkJ-R-ENQrCKJfwaFaEzE01r6g/SAd12e72hMx8CVkkeavcAJpF6aSLKbHJvftcfFrm-mY)
SP-211005,Moral Regeneration Education and Awareness Facilitator,5,30,SP- Moral Regeneration Education and Awareness Facilitator.pdf (https://v5.airtableusercontent.com/v3/u/48/48/1766800800000/MDHiCDy1L_twLK-ThgO6Mg/a2WZdOgQSMGYJu58GUhMjZDzsTTqZZtaGICvvx49T8o5HEhgLhJ8ZrYsvgM87wRu4KIILUsUiy9UOk9ozZv3hEGgRcLIK5xJjbBrJQHScVBDCPaPyR0cOIB3qDk6Kf1fDZt1F-VltckZq4TWmdv2EVoD1XbnJE6VedCOwJ_tVI_DiIDkYA5X3-pZeCwHx2FTFjznRAiwClGbpUyBVQnuDg/RptZzhxqfzHgTBJmG-SZJhLgTT3Pe-NbfOD0-8rvda4)
SP-211002,Occupational Screening Spirometry,5,8,"SP- Occupational Screening Spirometry 5 8- Skills Programme Template .pdf (https://v5.airtableusercontent.com/v3/u/48/48/1766800800000/09zQt6ae4cqMGJUcieOPTw/NCBrvDf2CKbsF0MGsuD1QrQImUG-D7O7CL87pfRUu6aKEIJxm3_PAtnyeG7pHianbaqA_E5GZB5GZquQGdrMg8ioYiigBpins55ATEzcoJ5e2NqXv-Qz2yM2V9wg36iJ825v1TbN_77sqkvb1j1qbdlwMr8JR-dT3YDjSufFuxmYZ0k0e-cYHWp52kccUtL7B_MlkbRVAKqIn6yqD9d75A/1BD_1MJFQdd9R6ybab_ejctlAvyG3i-vnCbfIU-241Q),SP- Occupational Screening Spirometry- Curriculum Document.pdf (https://v5.airtableusercontent.com/v3/u/48/48/1766800800000/9Mvgnn1rmqyqnslfwUe1Qg/0Y3fOeSAbqEX_wzf9h7DJ91nUIZVgNfakKmyevOfLlGxt_xUDC_JjHvQYcMqPeRxkDNIbPAsnGn42szCBJQheIIQQw_-Iw-ntJ_INN4Pl9GbiwKEI0XN6UnBmD1KOq5wfOFzac7BNpgpeGvMPMdy2AQt1wPdq4yXWuvDeu3nZjueX2lGjiEoIWtnPxQ6l7J1d1_UXPdZWIwNR22pXbXcVA/jAirRvYMDO_c2MbtTKPL_0KFtEmdMQjzr_rabqSZvVM)"
SP-210403,Plumbing Hand,3,49,SP- Plumbing Hand.pdf (https://v5.airtableusercontent.com/v3/u/48/48/1766800800000/EfGLqtcqll3oZ3aiSp_qcg/k-S1K27gwmQhZWlAWmfRly6RzUFjjKgztofffsuZVqfg9AWK4pfW-pYK-wOc3a81USrsAJkDEIJR1BSvCbIHVVCiFAc2RiS3-uvwEkLWi_c4P_tXb8Hrl-Yiw0LE-O1-Gq3ktWGWmEc9SztKgtbeHA/336ap-zeffnqtAgkNu82u4uSeo3jdkOsnUFAHMuxdpQ)
SP-210408,Refrigerant Safe Handling,2,37,SP- Refrigerant Safe Handling.pdf (https://v5.airtableusercontent.com/v3/u/48/48/1766800800000/9s4bYmEQ8zSSUgWEaqS_gg/Bw9IKH-sgKRkUv7HsOOyySfiM_t_yoGdv0nqQ_ezo3MfSuGboGPb2K95ylu5Mp6Njdx4g9s6ZUTRBzt9rWv0Tmq_JvQrwHNnnaq3B5u03ACOHkClE-2qIcD9FZcSW1hiXudrX24cXuTzDbuHxGAC5xI1dOvQMrGHDqip2B-rFls/X6F5xu6K3er8MuKqckYdWWb2_AiUdpMW0rLUNSsujH8)
SP-210602,Renewable Energy Workshop Assistant ,4,24,SP- Renewable Energy Workshop.pdf (https://v5.airtableusercontent.com/v3/u/48/48/1766800800000/KtCeVEdSHESKrIhMiTv7Ig/ZDSs5ML5LwIqIO_7YNg95CtYux72pQgwfnwRrYmuewRM5ubsIRkXgAMePb9w4RLA0_5nD5uKD4P2TW9yIoVEUKstJlF-rUhlHdEYTJc3P-ssglHLuSlCVxJa1Tm9rdP-5y75TTRa9AjKNFwdVR6EymixSF2YFPX_3exJex5ZoV0/7pQ7SYW6LXn2c-lWoFCMzKjUtqdWXtlffMt5eEMBLW0)
SP-191208,Shielded Metal Arc Welder,2,40,SP- Shielded Metal Arc Fillet Welder_Curriculum.pdf (https://v5.airtableusercontent.com/v3/u/48/48/1766800800000/5z4IAkLs_nxKwAvdWvg5yA/Cs9CW11sP7A-NcHnzjeltAIUyXMRIxsf6HICGpSR59GZbN7ZP3-B9g-KwI-YSMxSogInzdImeIUn5vauJXdQj74WKcdEwfl_3vgTpEXgukCVpCagpeWjPh5O_zDiJQkTCKMyNxzAE88MbKnTp8VOsd2g2akkj5etJb5el7-OnbCMo-JGiYxQzDxrywW3JgwM/tC_Ix6OXMPxcGl42Ts4HeHBlJ690ezKSjE2vfoxw2NQ)
SP-210604,Spatial Intelligence Data Scientist,5,56,SP- Spatial Intelligence.pdf (https://v5.airtableusercontent.com/v3/u/48/48/1766800800000/zdzUSOmomuaot6aGM-QJbw/fId5Ux0b-iXTRpT7UHEPcsNIso92k_9rEtVqgJYTdJlUtn6HW9bKzDinY8rvYxm70VSgdCgAYoqcHiK5ImYzb6ystrzkFyrAdZQ7KmlAzovzOQ9Zk4X4YAHwQ6exH7NJjXAhpeDvboKW24kg6eytF3SnbxVI_QmO6OmngFyjfmI/8z1AfOZBabznsNc4lJTS9d79eHKc2eLeoiowPVZzT6c)
SP-200902,Work Place Preparedness and Risk Control Officer- Communicable & Other occupational Diseases,4,5,SP- Work Place Preparedness and Risk Control Officer- Communicable & Other occupational Diseases.pdf (https://v5.airtableusercontent.com/v3/u/48/48/1766800800000/YM5fEon8su_wb5vaXq7H_w/b0yMp36kPGu42fmRnedvXEa03sladgatPMWuUHuRvykZiBGF4CZLsG9U4QG9hdyYmjJFz0Tr3W_-iypUHPCtwqHGtvBw_kR_aDzVJINuVv6Jq_gMvF5YO9YK10fAsLieZ8nuZsGMvCeP_M1vLKhkgXUgzzGaheCjnT8WhEWLdmTRljWPTfi4Lk5PV-Y1drxUGVfh4KoWYrOeAwgI1w-Q_oxWYWAF6JZdQAf2NeENG-rBZIeOql8MPcIA8jdfZB8l/4OBO8jdthR9DfC_ZKz9MruGYAoWyDZrFEPxKy_QGZjk)
SP-220322,Work Based Learning and Development Practitioner,5,30,"SP- Workplace Based Practitioner Programme- curriculum Document .pdf (https://v5.airtableusercontent.com/v3/u/48/48/1766800800000/sGrkPurHPFEj8rvPFkxuEA/rlCEBCzAz8gtfeXdTvCFep-eDDfHNSd0E3b-qHv-nn4XCBzo6g1IjYq6Q07NCsTosPoNposj87gMXSW8crZUoi2uYlNFohZwT22w9ohMPmtkbwr0QH2Frynv1huI4jooul0F-m4lEfynG3VB4y6g3NOGilWuVoPpG2FkGQSij6-pqE6bD3ikGpagN5pbMqPU8mkdxu1mDyMQJLrbVP9v6g/MpHzsXa2DYqOTad-h2FzUKFPpVCrKSw-QP39vJJVsXE),SP- Workplace Based Practitioner Programme- Skills programme template .pdf (https://v5.airtableusercontent.com/v3/u/48/48/1766800800000/whmC_ri-7wRt6IWAFYQ6Ig/pKGzKeaKazOT7WiHevrYY1kL3DTCcPNHXVjdYZVSVMLWcW3WsPpnB_KQKxm8FFXjrqjx3BnvlCTdHA5E6v_PYKCA8sKtwE-2yTZnKeWi_KqknP_2j9AhtnF7iUT9mt5LX9JjAFIlKLBgzCcaX4SYbMOrAgIY74nD_zVJ02DKzsZspLGLSckfilBEJAEMEz-CtmQ88cPXXD5v8uacRucLrQ/AlwOpBbIgWEOXwU90MlBtFZSTtU-RigqmZ1QTciEms0)"
SP-211009,Workplace Essential Skills,4,20,SP- Workplace Essential Skills.pdf (https://v5.airtableusercontent.com/v3/u/48/48/1766800800000/twXAniWqkXhHgJUwML7y-w/MfKa51NsJ9p0oMDapcT1AVGnUH2wu9LYEStx_hfDe-jputPPlt3gLIhILx5yAmjBNDZOLA8czBucKCa6eVQQvq0m2C2-gNsTflmjpV9SkjkuKZ-5pWq9WoxAKgrDPE5_ZyKEQsP4LcWExEGK0Z8nIQ3fpqN2rm3SfvFlBIkVCuw/SdycndiPmbXkjIKl8SXk8W4pCl4Ugn14SaJZnTZ7D1E)
SP-200901,Work Place Preparedness and Risk Control Assistant-Communicable & Other occupational Diseases,3,3,SP- Workplace Preparedness and Risk Control Assistant.pdf (https://v5.airtableusercontent.com/v3/u/48/48/1766800800000/mpHLMrn_MYJWp7NyTxtv7A/3HWTCR3E3D758mLag1u5V0yGJgV5bm04RctpoXkJuVDahgiJnGDj4rqJTGCkG8IH2fVXYDTebP9d-GTUAb9JCmE6yZbO-dX0SE-eW8A8d-9l0CYTJRIJA18I0PUqxTnrhXItei1waGk4TVpnHc8kbHncGpiyzWXdFdjZASi4n8s5JMfvNawEk01opkJL2Wq3/SuriF4XVltUdXfPW9kHOjxjlV0gQMHROtKW-DBdtc34)
SP-210603,Advanced Spatial Intelligence Data Scientist,5,40,SP-AdvancedSpatialIntelligenceDataScientist (1) (002).pdf (https://v5.airtableusercontent.com/v3/u/48/48/1766800800000/u01t8W1TQDAQ0u4_eY-2sA/Gx-jZDvi18IWcCcqsabzkXPpiHPZAHlTQ_uKlYyVOlSkWD1yxlWpqcR1hjNc4YDsr4masY9ZxpjVGm-FHEeQBRyTcAimp4NUb0_Ux8kiqM7drP94yDUhHefrJXaqs3P18P23F2w60H354gX4dKeqyAMLEZh_-TEPTaWnz7eyWl-XIUa5rWUcaoUZ4VjD201g/HCdkPl4t1XvI3MpCQ9xwqrtJLyQM0ysvw6FGzsfjVSE)
SP- 191201,Domestic Water and Drainage Pipe Repairer,3,49,SP-Domestic Water and Drainage Pipe Repairer.pdf (https://v5.airtableusercontent.com/v3/u/48/48/1766800800000/VcKDOCC08US8TnQ_p5LuCw/WKs4Txui_90gU-TXUBjqQ6fJRcElDUAwq0AbBC7YA1MFlV3I1Ae9U3uSWuqA2bG_2yU5zt9693TOJuthsHA5FRC4GeG0NfYAD6GmLiP6ljorC3OX6LPP5F-LqVpEsISeiuhSNzII9jeNh5AudP-S_96wLNEMVlC42iDsFF_AYKu9T6XYYmoTA2WKxfxEaaLd/QfBGXFeH7R7qlzuqVOtyEmDoFJhJ_dkHz8tOUxRI6b0)
SP-210401,New Venture Creation,2,32,SP-New Venture Creation 2 32 v2.pdf (https://v5.airtableusercontent.com/v3/u/48/48/1766800800000/6rzuEBNclIt7_ReOLbVYMg/DFWPUhq6dYJtUdmUI5V51WzZhnuiU8MVR-gVg322DlE9pp-9PgBoHkJsuXqrpMTiYyWjB8if0RAKAejrpBRwp0EkRRc-BFK83stU4zMa9NJTqOtoyW1dovg4F_sg62lBv49R4bJsIPUuIHDFA4dZ6gzRMFyYWH4RWIsKuL9uwaQ/AxHDD3hWNFv8d1nyUljRXEh8k-6nwzYcdJDCLW_VH-4)
SP-211023,Overhead Crane Pendant Radio Controlled Operator C30,3,40,"SPDoc Overhead CranePendant Radio Controlled C30 Operator.pdf (https://v5.airtableusercontent.com/v3/u/48/48/1766800800000/cLmw50tHvkGM-uZjd3-hZA/1V5UrVta06SEsgKp5RbWvItV6rktQib-_5aOfliH26DSZiqGO57OB5u6xvOcs-m2hUjN1BUaZfhUsc_Ci4YUfPBCfb0CFsU0Rqn4eScaY9Ki0rhVcVAa8SDCAEtvr7OzZscAG3nr8L98CccOh3_J6OtSD5vEtHTlS40PlZjPrP_GutNz69mgJWbUOE7z1szuoPyF8DS1OuCvPP8PofnCEA/Lt18J4TFqPiNZ4nulEkhtbbPuTxaF655IW4IHOZDHjc),SPCurriculum Overhead Crane Pendant Contr C30 Operator.pdf (https://v5.airtableusercontent.com/v3/u/48/48/1766800800000/RoMZlgRZoSkJayR4RoBN7A/K8ut64vnuBhf3yEvfW9TpoMha2wUm5FTm2Ye5Dz_MLXfwdewI1N0RFyFMTYJOCRttdF8E9ekYKXA2PBNWwZ7gs8ERDwyRsNFezmnvQEYdR1167Tyn7HIQmIzPkdHqoma3n4LCxYGRGcfXG2u60WeIeFv_5WAW4j9A2wq0cP8ihjIXjyYfchxqKJpwSCwnvVn/2iFiAssJQjabTONRz--Y80ymL4LSnfPHu839AzsUQ4c)"